# Fourier-transform spectra: 
# sigma: Conductivity
# eps: Dielectric constant
# 1:Energy[eV] 2:Re(sigma_x)[1/fs*V*Angstrom] 3:Re(sigma_y)[1/fs*V*Angstrom] 4:Re(sigma_z)[1/fs*V*Angstrom] 5:Im(sigma_x)[1/fs*V*Angstrom] 6:Im(sigma_y)[1/fs*V*Angstrom] 7:Im(sigma_z)[1/fs*V*Angstrom] 8:Re(eps_x)[none] 9:Re(eps_y)[none] 10:Re(eps_z)[none] 11:Im(eps_x)[none] 12:Im(eps_y)[none] 13:Im(eps_z)[none]
      0.01000000 -0.457651414089860E-004 -0.127707803761063E-003  0.133012558400532E-001 -0.511340936119171E-004  0.202785603002192E-004  0.275186307982342E-002  0.215089800614911E+001  0.543581337449237E+000 -0.609374180326921E+002 -0.103005658804635E+001 -0.287437688509325E+001  0.299377337980793E+003
      0.02000000 -0.838185708358086E-006 -0.153023141716525E-003  0.112950060496276E-001 -0.886989944457505E-004  0.323148513179538E-004  0.481835769203154E-002  0.199819404866946E+001  0.636337565371743E+000 -0.532244701036406E+002 -0.943271105823588E-002 -0.172208028202124E+001  0.127110886531183E+003
      0.03000000  0.646313270132277E-004 -0.189399585472153E-003  0.852426900055910E-002 -0.101723233285138E-003  0.292041346121425E-004  0.572487055737592E-002  0.176317682976472E+001  0.780896476158575E+000 -0.419507441092110E+002  0.484895433034259E+000 -0.142096717270299E+001  0.639531833762390E+002
      0.04000000  0.138533924944631E-003 -0.228766725216364E-003  0.564064722291525E-002 -0.838770849029977E-004  0.683702855524515E-005  0.533791300388290E-002  0.147196480350813E+001  0.961528982052875E+000 -0.290357012279889E+002  0.779511313981850E+000 -0.128723885243276E+001  0.317391449798316E+002
      0.05000000  0.207469815728538E-003 -0.261561379556394E-003  0.322793004648823E-002 -0.345210144023469E-004 -0.347277336782925E-004  0.386974658627418E-002  0.115539599449024E+001  0.115632653920401E+001 -0.164196248172367E+002  0.933923260947170E+000 -0.117741588421118E+001  0.145304942048539E+002
      0.06000000  0.259318425297262E-003 -0.278964739271160E-003  0.163691650499274E-002  0.414565983988854E-004 -0.905664769110593E-004  0.176523325141195E-002  0.844486287364634E+000  0.133973672729316E+001 -0.562181624148523E+001  0.972766040395112E+000 -0.104646410882523E+001  0.614046913632869E+001
      0.07000000  0.285363133105244E-003 -0.275582590532919E-003  0.922185927407973E-003  0.134914717533476E-003 -0.151553087003033E-003 -0.474410363642579E-003  0.566201981491770E+000  0.148729619749905E+001  0.252539529763945E+001  0.917542310872343E+000 -0.886094444654505E+000  0.296515039514863E+001
      0.08000000  0.281513898447755E-003 -0.251598709741836E-003  0.890579465081000E-003  0.234441793747144E-003 -0.206668946961081E-003 -0.245678204044207E-002  0.340414159314623E+000  0.158144884897063E+001  0.791198707203823E+001  0.792019965401506E+000 -0.707855642238475E+000  0.250558399073731E+001
      0.09000000  0.248485252989817E-003 -0.213302162916650E-003  0.122501656602227E-002  0.328468557664578E-003 -0.246483403350742E-003 -0.399240181423747E-002  0.178556741922242E+000  0.161641251555434E+001  0.109843089309989E+002  0.621418796525020E+000 -0.533431951316967E+000  0.306355532580426E+001
      0.10000000  0.191145376713694E-003 -0.171367164719852E-003  0.162253901456789E-002  0.407004614432653E-003 -0.266586595760706E-003 -0.509577993857494E-002  0.839364381832738E-001  0.160001842186867E+001  0.124693007283769E+002  0.430219482551149E+000 -0.385703772696851E+000  0.365192141849195E+001
      0.11000000  0.117467474406976E-003 -0.137206595062756E-003  0.189064572074753E-002  0.462783223994546E-003 -0.269491606840580E-003 -0.591326695825885E-002  0.530845608751456E-001  0.155141532795691E+001  0.130993231563384E+002  0.240353926728079E+000 -0.280742767841142E+000  0.386851020103588E+001
      0.12000000  0.374540209690832E-004 -0.118683928263422E-003  0.197448882967075E-002  0.491948208806307E-003 -0.263975857082354E-003 -0.662366857905464E-002  0.772917300199439E-001  0.149511859591070E+001  0.134234902497777E+002  0.702495390237030E-001 -0.222606038932641E+000  0.370339222606616E+001
      0.13000000 -0.379028009865403E-004 -0.116938280729550E-003  0.192264351010705E-002  0.494591009810615E-003 -0.261868415534937E-003 -0.735869765579917E-002  0.143693696254880E+000  0.145338384751510E+001  0.137404240372831E+002 -0.656227201274830E-001 -0.202460184175553E+000  0.332875390959842E+001
      0.14000000 -0.979012578335119E-004 -0.125752211840852E-003  0.182358765006181E-002  0.475291269548778E-003 -0.273443734387088E-003 -0.817026439981729E-002  0.235886140837964E+000  0.143960863691975E+001  0.141351292584134E+002 -0.157393397970473E+000 -0.202168678543366E+000  0.293173615019654E+001
      0.15000000 -0.134011650998042E-003 -0.133863729922659E-003  0.174938407364489E-002  0.443391624642535E-003 -0.303286235498880E-003 -0.904380438001817E-002  0.334692373589039E+000  0.145507996599068E+001  0.145701977470725E+002 -0.201084027035473E+000 -0.200862071964402E+000  0.262494485920013E+001
      0.16000000 -0.142377265531024E-003 -0.129348869993757E-003  0.172941608558726E-002  0.412333906844107E-003 -0.348372600545796E-003 -0.993611102844998E-002  0.419963475279098E+000  0.149006115959550E+001  0.149772820389523E+002 -0.200284315519809E+000 -0.181957068730999E+000  0.243279652589840E+001
      0.17000000 -0.126288839824199E-003 -0.104276114036593E-003  0.175594022976009E-002  0.397365861121701E-003 -0.399201375798293E-003 -0.108109761844607E-001  0.473900478281348E+000  0.152852968366245E+001  0.153133820905026E+002 -0.167202330976203E+000 -0.138058195453609E+000  0.232480795515645E+001
      0.18000000 -0.973885530448422E-004 -0.576983940589753E-004  0.180685992675691E-002  0.411497549460585E-003 -0.443492690778732E-003 -0.116553367367215E-001  0.485457770869665E+000  0.155454939650414E+001  0.155739943133046E+002 -0.121775994149075E+000 -0.721468702189423E-001  0.225932265127335E+001
      0.19000000 -0.743028306430214E-004  0.423071126456750E-005  0.186670255353314E-002  0.460593499834300E-003 -0.470881018193676E-003 -0.124743370319960E-001  0.454379751293359E+000  0.155780686950749E+001  0.157771318446671E+002 -0.880193249571208E-001  0.501171148357445E-002  0.221130066291966E+001
      0.20000000 -0.781537765031720E-004  0.709843217490395E-004  0.193373291987703E-002  0.539427552857838E-003 -0.476624862611620E-003 -0.132759832754692E-001  0.392943092178629E+000  0.153638049030849E+001  0.159404258510661E+002 -0.879521070943173E-001  0.798838002183505E-001  0.217616975750274E+001
      0.21000000 -0.125780436326585E-003  0.131992866486955E-003  0.201295517942722E-002  0.630783880702829E-003 -0.462822283793594E-003 -0.140590979261087E-001  0.323936378579496E+000  0.149604518889571E+001  0.160683061958402E+002 -0.134809369561021E+000  0.141467748382245E+000  0.215745171998436E+001
      0.22000000 -0.222895515629520E-003  0.180693282671677E-003  0.210371913080453E-002  0.708889510646851E-003 -0.436722680041446E-003 -0.148125876160031E-001  0.274759339295889E+000  0.144679606660947E+001  0.161542527686227E+002 -0.228036793597962E+000  0.184861129613872E+000  0.215224323317801E+001
      0.23000000 -0.360028594495539E-003  0.216588258578741E-003  0.219229891198121E-002  0.746773026063309E-003 -0.406967977502357E-003 -0.155248589935786E-001  0.269219311819049E+000  0.139825265279677E+001  0.161923901149019E+002 -0.352318488841569E+000  0.211949964891565E+000  0.214535026263811E+001
      0.24000000 -0.513448048440912E-003  0.244497261043028E-003  0.225477424613426E-002  0.725269333827813E-003 -0.379449746503234E-003 -0.161956422650942E-001  0.319834892874530E+000  0.135585190968570E+001  0.161884413726210E+002 -0.481516907695545E+000  0.229292068467210E+000  0.211455068501456E+001
      0.25000000 -0.651408976454384E-003  0.271386843162751E-003  0.226813153405251E-002  0.640276642426509E-003 -0.354593718782352E-003 -0.168418481224362E-001  0.423560243977199E+000  0.131924000220823E+001  0.161626815338411E+002 -0.586462173655706E+000  0.244329021698602E+000  0.204199419669900E+001
      0.26000000 -0.743797398014263E-003  0.302183778627532E-003  0.222252431183673E-002  0.505205574003789E-003 -0.327256637704143E-003 -0.174936375246707E-001  0.562658126486904E+000  0.128329661907502E+001  0.161437367346646E+002 -0.643883924287985E+000  0.261591769154234E+000  0.192397510337008E+001
      0.27000000 -0.771614222233376E-003  0.336398404211209E-003  0.212755306322217E-002  0.347354877244298E-003 -0.289320134354174E-003 -0.181830380237272E-001  0.710441770437656E+000  0.124117993259503E+001  0.161575482111693E+002 -0.643224732779217E+000  0.280424812582920E+000  0.177354785737837E+001
      0.28000000 -0.732626306692776E-003  0.367065065781719E-003  0.200942889327847E-002  0.199459590100136E-003 -0.233941764120425E-003 -0.189313909706186E-001  0.839666908585356E+000  0.118805115479076E+001  0.162177613399020E+002 -0.588912473673361E+000  0.295060652223122E+000  0.161525422906714E+001
      0.29000000 -0.641062794644555E-003  0.382580786693205E-003  0.190101450719096E-002  0.897130624813832E-004 -0.159715733795424E-003 -0.197418449635146E-001  0.930371993725053E+000  0.112395840480001E+001  0.163220196365927E+002 -0.497540971777757E+000  0.296928191723211E+000  0.147541334978866E+001
      0.30000000 -0.521771249925216E-003  0.370856428640886E-003  0.183000090193030E-002  0.341534943297115E-004 -0.729770661383398E-004 -0.205998013058670E-001  0.974376398895153E+000  0.105475091990526E+001  0.164549659371589E+002 -0.391457993931540E+000  0.278234405619674E+000  0.137295506807863E+001
      0.31000000 -0.401563968537707E-003  0.324236999955912E-003  0.181053311122720E-002  0.341213843463609E-004  0.128371799498543E-004 -0.214800423361262E-001  0.975226280021565E+000  0.990679607305429E+000  0.165955147821215E+002 -0.291554211546613E+000  0.235411217845629E+000  0.131453166887735E+001
      0.32000000 -0.301463577584394E-003  0.243272389551724E-003  0.184110183792776E-002  0.791196962377584E-004  0.807301829642465E-004 -0.223565338435410E-001  0.944350545903476E+000  0.943217797530815E+000  0.167246420682006E+002 -0.212036753429172E+000  0.171107528454457E+000  0.129495330605037E+001
      0.33000000 -0.232758622533552E-003  0.137785640827204E-003  0.190828555924680E-002  0.153029989204717E-003  0.115405804117901E-003 -0.232105900902107E-001  0.895626827771697E+000  0.921288174089656E+000  0.168306416251870E+002 -0.158751601065709E+000  0.939758572511326E-001  0.130153454477216E+001
      0.34000000 -0.197676585449691E-003  0.246721660158126E-004  0.199366374396852E-002  0.240425507058403E-003  0.108341956985715E-003 -0.240347411899757E-001  0.840842210355797E+000  0.928279380126731E+000  0.169106091914689E+002 -0.130858696273618E+000  0.163325740968810E-001  0.131977309174079E+001
      0.35000000 -0.193203717763825E-003 -0.768971483447093E-004  0.208066882400383E-002  0.330212918336587E-003  0.607740723828086E-004 -0.248319607900823E-001  0.787649987667672E+000  0.960918018940674E+000  0.169686883437886E+002 -0.124243509480090E+000 -0.494502470756628E-001  0.133801564355016E+001
      0.36000000 -0.215304735274045E-003 -0.151185731111272E-003  0.215901793672274E-002  0.415656130807587E-003 -0.165676415872559E-004 -0.256117116487903E-001  0.740128911608608E+000  0.101035820413137E+001  0.170126192985679E+002 -0.134610009920406E+000 -0.945223649577826E-001  0.134983294961286E+001
      0.37000000 -0.261111737617423E-003 -0.190458825206636E-003  0.222585867521474E-002  0.491929618957032E-003 -0.106910417453332E-003 -0.263850026059936E-001  0.700754572170933E+000  0.106503461547616E+001  0.170502459881182E+002 -0.158836733189960E+000 -0.115857900066309E+000  0.135401082976842E+001
      0.38000000 -0.328263648817233E-003 -0.196781274578309E-003  0.228412906679831E-002  0.553564095193557E-003 -0.192822395069236E-003 -0.271604099773619E-001  0.672123272035717E+000  0.111420895343913E+001  0.170871458804280E+002 -0.194430982822644E+000 -0.116553802881340E+000  0.135289259396074E+001
      0.39000000 -0.412493097259482E-003 -0.180479524027071E-003  0.233946974426136E-002  0.593874893976989E-003 -0.261564105210427E-003 -0.279421911915481E-001  0.657266438153828E+000  0.115095232739936E+001  0.171258319049888E+002 -0.238055573479386E+000 -0.104157274094999E+000  0.135014092431582E+001
      0.40000000 -0.505664419560062E-003 -0.155963206454311E-003  0.239723882848416E-002  0.606953955826800E-003 -0.308519242836068E-003 -0.287306054886070E-001  0.658475369248269E+000  0.117359952839563E+001  0.171663159726900E+002 -0.284530403857882E+000 -0.877583480325225E-001  0.134889326918794E+001
      0.41000000 -0.596158188776091E-003 -0.136546453150302E-003  0.246081914898078E-002  0.591000330519514E-003 -0.337623424070070E-003 -0.295236676330012E-001  0.675563175086076E+000  0.118534248809230E+001  0.172073767001872E+002 -0.327268293983745E+000 -0.749588374585169E-001  0.135089662417092E+001
      0.42000000 -0.672000015992364E-003 -0.130164637137168E-003  0.253161428387271E-002  0.550738510766408E-003 -0.358893289598027E-003 -0.303190644650561E-001  0.704863834163286E+000  0.119232791491026E+001  0.172477332945547E+002 -0.360119193201505E+000 -0.697541413596280E-001  0.135667094004356E+001
      0.43000000 -0.725348939605351E-003 -0.137383681164491E-003  0.261018779370992E-002  0.497026673467972E-003 -0.384214570247195E-003 -0.311150752882253E-001  0.739841801759726E+000  0.120110906651293E+001  0.172865342188055E+002 -0.379668704511453E+000 -0.719106093642546E-001  0.136624811047306E+001
      0.44000000 -0.755944043431634E-003 -0.152107331367180E-003  0.269734463466864E-002  0.443280182874994E-003 -0.423055834770324E-003 -0.319100773257466E-001  0.773247588039531E+000  0.121640699186224E+001  0.173230554376003E+002 -0.386690273504988E+000 -0.778079093016998E-001  0.137978061151501E+001
      0.45000000 -0.771453105792244E-003 -0.164355167954086E-003  0.279400403282107E-002  0.400154384655957E-003 -0.479580923907910E-003 -0.327012691002459E-001  0.799856568432007E+000  0.123986984900341E+001  0.173560477288754E+002 -0.385854254776681E+000 -0.822047903799595E-001  0.139746451966135E+001
      0.46000000 -0.784190206105644E-003 -0.163836337658979E-003  0.289957241126298E-002  0.371014249067049E-003 -0.551900130489097E-003 -0.334839987440311E-001  0.818465558613273E+000  0.127004052308378E+001  0.173834651167079E+002 -0.383698284807934E+000 -0.801638700145852E-001  0.141873865832001E+001
      0.47000000 -0.805531273118478E-003 -0.142990614197319E-003  0.300978265873972E-002  0.350463617887873E-003 -0.633303313244501E-003 -0.342529609912713E-001  0.832169318727757E+000  0.130327749041214E+001  0.174031228502466E+002 -0.385754342114979E+000 -0.684756162163185E-001  0.144133042151977E+001
      0.48000000 -0.840551174556992E-003 -0.986329907400373E-004  0.311582601215466E-002  0.326759446150865E-003 -0.714650602878231E-003 -0.350054018869013E-001  0.846780800366622E+000  0.133510337552708E+001  0.174142145640663E+002 -0.394138806799962E+000 -0.462495210977237E-001  0.146102698300811E+001
      0.49000000 -0.885319821287731E-003 -0.320321230829762E-004  0.320634699968846E-002  0.287081252004844E-003 -0.786888050720236E-003 -0.357448927508031E-001  0.868133333679941E+000  0.136144576941519E+001  0.174189051430530E+002 -0.406658995127670E+000 -0.147134975084844E-001  0.147278962649607E+001
      0.50000000 -0.928021907237700E-003  0.521585732861788E-004  0.327238968738204E-002  0.223327832023416E-003 -0.842893640861382E-003 -0.364832033730605E-001  0.899469204032806E+000  0.137942771334742E+001  0.174228768143069E+002 -0.417748115693066E+000  0.234791286041903E-001  0.147306288252000E+001
      0.51000000 -0.953312017154781E-003  0.147434821888045E-003  0.331338469247715E-002  0.135986244963799E-003 -0.878337089705351E-003 -0.372381698895741E-001  0.939986206302157E+000  0.138762994678449E+001  0.174340433551426E+002 -0.420718071466947E+000  0.650663086330737E-001  0.146227131596177E+001
      0.52000000 -0.947978893726565E-003  0.246844029788778E-003  0.334095998099999E-002  0.346247582112076E-004 -0.891688707483293E-003 -0.380273064419495E-001  0.985013173443417E+000  0.138595457966809E+001  0.174595704201930E+002 -0.410318973866011E+000  0.106842873483950E+000  0.144608627913897E+001
      0.53000000 -0.905660840902071E-003  0.343955953133521E-003  0.337773359774211E-002 -0.649057198032228E-004 -0.883750022176252E-003 -0.388593855912386E-001  0.102756343737435E+001  0.137530110542928E+001  0.175023705830086E+002 -0.384605947615777E+000  0.146067378999453E+000  0.143441824188767E+001
      0.54000000 -0.829038179363062E-003  0.433406589081787E-003  0.345039349959648E-002 -0.145210399821280E-003 -0.857062662531994E-003 -0.397279009206145E-001  0.106052436433290E+001  0.135722767038076E+001  0.175587723225069E+002 -0.345546936551468E+000  0.180645865131921E+000  0.143813992330084E+001
      0.55000000 -0.729129891837361E-003  0.511185984564514E-003  0.357930087756739E-002 -0.192210318559045E-003 -0.815374834907576E-003 -0.406100940798361E-001  0.107865752636047E+001  0.133367286444980E+001  0.176187204179911E+002 -0.298379161521365E+000  0.209190772677655E+000  0.146474421997702E+001
      0.56000000 -0.622379876326448E-003  0.574826838359850E-003  0.376899203345216E-002 -0.198665200605397E-003 -0.763153727072336E-003 -0.414729540516534E-001  0.107984726568821E+001  0.130672577895273E+001  0.176687571398817E+002 -0.250146131242889E+000  0.231033674480307E+000  0.151482850219729E+001
      0.57000000 -0.526699721010829E-003  0.623521177570220E-003  0.400403154238453E-002 -0.165696349162994E-003 -0.705043796475812E-003 -0.422843286223461E-001  0.106542810762825E+001  0.127839890034676E+001  0.176967082743010E+002 -0.207976616311369E+000  0.246208265424292E+000  0.158106203320356E+001
      0.58000000 -0.457528073710443E-003  0.658059250457166E-003  0.425249225386997E-002 -0.102362794819501E-003 -0.645220994002881E-003 -0.430247109099873E-001  0.103972285151615E+001  0.125038411451221E+001  0.176961463490338E+002 -0.177548100054470E+000  0.255366121458771E+000  0.165021987404602E+001
      0.59000000 -0.424591080180745E-003  0.680445418618851E-003  0.447594388747094E-002 -0.236841435025041E-004 -0.586735170744105E-003 -0.436947546233825E-001  0.100903507886315E+001  0.122382901618950E+001  0.176687705589392E+002 -0.161973933894519E+000  0.259577806503332E+000  0.170749286357164E+001
      0.60000000 -0.429768741826478E-003  0.693139281239744E-003  0.464193122576051E-002  0.524782101589386E-004 -0.531072249479648E-003 -0.443154202078106E-001  0.980314155986095E+000  0.119921802652389E+001  0.176237843664912E+002 -0.161216634256858E+000  0.260013284162503E+000  0.174130050847457E+001
      0.61000000 -0.466425897865195E-003  0.698064045401643E-003  0.473394967254313E-002  0.109288777543853E-003 -0.478207086731614E-003 -0.449209074601691E-001  0.959675219817165E+000  0.117644625631016E+001  0.175746727125569E+002 -0.172099297162039E+000  0.257567884068123E+000  0.174670706573974E+001
      0.62000000 -0.520589685317241E-003  0.695727454447373E-003  0.475526940586372E-002  0.134977231822603E-003 -0.427300564786427E-003 -0.455475454337121E-001  0.951000110213962E+000  0.115512009171713E+001  0.175348235116400E+002 -0.188986222786216E+000  0.252565326231068E+000  0.172627393260278E+001
      0.63000000 -0.574146858163902E-003  0.684897394427885E-003  0.472581037015118E-002  0.126111469566169E-003 -0.377933802658471E-003 -0.462231675888536E-001  0.954945278181719E+000  0.113502104450197E+001  0.175137395071184E+002 -0.205120335734747E+000  0.244687193687989E+000  0.168834819168763E+001
      0.64000000 -0.609636730382387E-003  0.663171456816184E-003  0.467413963447637E-002  0.889371684417264E-004 -0.331461341630778E-003 -0.469607335921057E-001  0.968722675212252E+000  0.111656795711414E+001  0.175150987215608E+002 -0.214396369400992E+000  0.233223402636148E+000  0.164379624416076E+001
      0.65000000 -0.615405081877191E-003  0.628459732224281E-003  0.462822570417489E-002  0.378850202342906E-004 -0.291853948057751E-003 -0.477577037940141E-001  0.986881612887967E+000  0.110105981327499E+001  0.175369859136201E+002 -0.213095361830376E+000  0.217615775329070E+000  0.160260852584349E+001
      0.66000000 -0.589323945177951E-003  0.580956399662297E-003  0.460834517170397E-002 -0.876076480600918E-005 -0.265438730364645E-003 -0.486001967293757E-001  0.100298761314270E+001  0.109052043479971E+001  0.175737341090010E+002 -0.200972403997351E+000  0.198118887265852E+000  0.157154688042970E+001
      0.67000000 -0.539445245196561E-003  0.524801328492706E-003  0.462395726979223E-002 -0.348121685478703E-004 -0.259294082512254E-003 -0.494694181550240E-001  0.101169452402305E+001  0.108710519922952E+001  0.176183643005351E+002 -0.181216960684173E+000  0.176297599356560E+000  0.155333556135046E+001
      0.68000000 -0.480989752610250E-003  0.468546729019785E-003  0.467445349447884E-002 -0.315751469041829E-004 -0.278634042524619E-003 -0.503477105930375E-001  0.101045111779205E+001  0.109222561048207E+001  0.176646842709732E+002 -0.159203710961423E+000  0.155085170970847E+000  0.154720623256323E+001
      0.69000000 -0.430621328434779E-003  0.423873706164872E-003  0.475238182574923E-002 -0.456011861929633E-006 -0.324084721499911E-003 -0.512225180394745E-001  0.100014874874991E+001  0.110571478773371E+001  0.177085248470464E+002 -0.140466487029704E+000  0.138265446966263E+000  0.155020277911736E+001
      0.70000000 -0.400284481333773E-003  0.402685238741135E-003  0.484742306407142E-002  0.484391919116014E-004 -0.390017600265734E-003 -0.520878370681097E-001  0.984425105093387E+000  0.112540430374961E+001  0.177480619769440E+002 -0.128705465212941E+000  0.129477392712974E+000  0.155861610838974E+001
      0.71000000 -0.393253687862811E-003  0.413464246957727E-003  0.494984250107323E-002  0.101182419622931E-003 -0.464857070822705E-003 -0.529436533860647E-001  0.967924533051377E+000  0.114736263143907E+001  0.177834729654872E+002 -0.124663906185228E+000  0.131070781239986E+000  0.156913137811620E+001
      0.72000000 -0.404145758982872E-003  0.458254965239791E-003  0.505282857551344E-002  0.146203827677822E-003 -0.533550826684718E-003 -0.537941814571296E-001  0.954296177766218E+000  0.116678983391065E+001  0.178162471911904E+002 -0.126337362150280E+000  0.143252087183518E+000  0.157953168984010E+001
      0.73000000 -0.422824813834000E-003  0.531518902266284E-003  0.515362472719372E-002  0.178915606335486E-003 -0.581473505552140E-003 -0.546456018194037E-001  0.944836522027949E+000  0.117928062046589E+001  0.178483986052157E+002 -0.130365862328591E+000  0.163878556250235E+000  0.158897186186033E+001
      0.74000000 -0.440251669418737E-003  0.621414426203675E-003  0.525354290825562E-002  0.202619955656715E-003 -0.598363477349966E-003 -0.555037690858069E-001  0.938372184779449E+000  0.118199507396659E+001  0.178817331648196E+002 -0.133904621810522E+000  0.189006128785991E+000  0.159788985519149E+001
      0.75000000 -0.453355994001328E-003  0.713046951682393E-003  0.535697528125813E-002  0.225344892900790E-003 -0.580827742974144E-003 -0.563722700795631E-001  0.932374150756444E+000  0.117430601100925E+001  0.179172799473912E+002 -0.136051825756237E+000  0.213984905703099E+000  0.160762464198073E+001
      0.76000000 -0.466479315129116E-003  0.792416105103341E-003  0.546960940667119E-002  0.254282443084764E-003 -0.532559493668894E-003 -0.572512292442582E-001  0.924694090403168E+000  0.115771783768727E+001  0.179549884823879E+002 -0.138148150174078E+000  0.234674540837623E+000  0.161982835508412E+001
      0.77000000 -0.488657435495482E-003  0.849561851773162E-003  0.559626883676243E-002  0.290728412641892E-003 -0.462412120545852E-003 -0.581372136685909E-001  0.915018767118702E+000  0.113516515894044E+001  0.179937710901546E+002 -0.142836783469700E+000  0.248330780320158E+000  0.163581474876024E+001
      0.78000000 -0.528131218843142E-003  0.879894897556853E-003  0.573902048096079E-002  0.328192688379075E-003 -0.381359962692603E-003 -0.590243455184996E-001  0.905297689630579E+000  0.111004410161530E+001  0.180318903698077E+002 -0.152395980695628E+000  0.253899866241540E+000  0.165603475655938E+001
      0.79000000 -0.586915200224523E-003  0.883620351458989E-003  0.589621532960297E-002  0.354754443640908E-003 -0.299703234344668E-003 -0.599063207973164E-001  0.898928891623176E+000  0.108538677561992E+001  0.180675754745194E+002 -0.167214733665023E+000  0.251747342160649E+000  0.167985779818621E+001
      0.80000000 -0.658267034873340E-003  0.864024802453051E-003  0.606286032151214E-002  0.358576250994675E-003 -0.225505840276812E-003 -0.607786527057140E-001  0.899117041299717E+000  0.106344451510163E+001  0.180996553557598E+002 -0.185198896772087E+000  0.243087427625499E+000  0.170574399649734E+001
      0.81000000 -0.728468354941259E-003  0.825744788168972E-003  0.623223894338731E-002  0.333864251677829E-003 -0.164442630100795E-003 -0.616403183208079E-001  0.907229226781042E+000  0.104569363107294E+001  0.181279793010069E+002 -0.202419313280226E+000  0.229449490608782E+000  0.173175062246934E+001
      0.82000000 -0.782173521618496E-003  0.773831462341468E-003  0.639822000233602E-002  0.284298901557663E-003 -0.120466290873077E-003 -0.624941783933294E-001  0.921965328795329E+000  0.103306571832681E+001  0.181534699445204E+002 -0.214691837534656E+000  0.212402100046097E+000  0.175619037372951E+001
      0.83000000 -0.808800696643282E-003  0.713720237993984E-003  0.655742771665694E-002  0.222193726907106E-003 -0.964136935164541E-004 -0.633459799614166E-001  0.939746819454832E+000  0.102614489510274E+001  0.181777881426039E+002 -0.219325788708156E+000  0.193542432350356E+000  0.177820445979020E+001
      0.84000000 -0.806926633318800E-003  0.651574619893431E-003  0.671048528548965E-002  0.163735275520882E-003 -0.939708829374471E-004 -0.642022525653678E-001  0.956127817026811E+000  0.102517910546318E+001  0.182027253313505E+002 -0.216212619976243E+000  0.174586697055425E+000  0.179804649515705E+001
      0.85000000 -0.784643848889503E-003  0.594290956370025E-003  0.686184499434369E-002  0.122552214313775E-003 -0.113046582488146E-003 -0.650677905611887E-001  0.967548968019529E+000  0.102993400228749E+001  0.182295291784246E+002 -0.207768605211821E+000  0.157364393118932E+000  0.181697207678649E+001
      0.86000000 -0.755818428197217E-003  0.548793814357436E-003  0.701816142069708E-002  0.104612020125555E-003 -0.151117167016544E-003 -0.659435767379956E-001  0.972621514978015E+000  0.103954955739084E+001  0.182583917780237E+002 -0.197808659950375E+000  0.143627311742091E+000  0.183675477357013E+001
      0.87000000 -0.734137097481057E-003  0.520837259320200E-003  0.718562919081401E-002  0.106706431999468E-003 -0.203163156117740E-003 -0.668259257126421E-001  0.972394372638961E+000  0.105255959060937E+001  0.182882887068035E+002 -0.189925900109547E+000  0.134743885885063E+000  0.185896761872057E+001
      0.88000000 -0.727786103281749E-003  0.513925496021457E-003  0.736709565562724E-002  0.118977442667454E-003 -0.262411621904125E-003 -0.677073249469787E-001  0.969569559912696E+000  0.106711609326555E+001  0.183172632482063E+002 -0.186143279900452E+000  0.131444908088423E+000  0.188425602315731E+001
      0.89000000 -0.737129057588526E-003  0.528899766005183E-003  0.755997517156848E-002  0.129994148522283E-003 -0.321548298306522E-003 -0.685789574023922E-001  0.967125430637157E+000  0.108131721278493E+001  0.183431167293653E+002 -0.186414547181770E+000  0.133754882363404E+000  0.191186242599603E+001
      0.90000000 -0.756148537461143E-003  0.564273651551166E-003  0.775592163735616E-002  0.131785903270288E-003 -0.373779032922888E-003 -0.694342799925876E-001  0.967042616644723E+000  0.109347569483922E+001  0.183643168724959E+002 -0.189099718590750E+000  0.141115116184409E+000  0.193962234452027E+001
      0.91000000 -0.776541436783642E-003  0.616895413829115E-003  0.794277023559538E-002  0.122473999187159E-003 -0.413310862387854E-003 -0.702724773330408E-001  0.969707941809191E+000  0.110222607882032E+001  0.183808154115373E+002 -0.192065569400389E+000  0.152579583400377E+000  0.196452193747020E+001
      0.92000000 -0.792160396217744E-003  0.682364383539266E-003  0.810846948428825E-002  0.105528609384605E-003 -0.435339001134701E-003 -0.711003670610324E-001  0.974182828283382E+000  0.110650402590139E+001  0.183944335686191E+002 -0.193799019010303E+000  0.166937843357079E+000  0.198370612723499E+001
      0.93000000 -0.801532109529021E-003  0.754959313380702E-003  0.824582087566265E-002  0.864486465929111E-004 -0.436062022463793E-003 -0.719316348246560E-001  0.979078080562150E+000  0.110553380374889E+001  0.184085763993641E+002 -0.193983259233482E+000  0.182711916911618E+000  0.199561713061804E+001
      0.94000000 -0.807363188218163E-003  0.827408444736512E-003  0.835622288128381E-002  0.689051932382428E-004 -0.413237130199934E-003 -0.727831680838898E-001  0.983501275262088E+000  0.109894588988497E+001  0.184272707082816E+002 -0.193315806544200E+000  0.198115461752387E+000  0.200082192194521E+001
      0.95000000 -0.813599960802228E-003  0.891188491025620E-003  0.845067203530661E-002  0.525079277352420E-004 -0.367287001102651E-003 -0.736694772912906E-001  0.987559794656121E+000  0.108701782589656E+001  0.184538105883920E+002 -0.192758522697487E+000  0.211140837329587E+000  0.200213758088250E+001
      0.96000000 -0.821872029877505E-003  0.937844125425753E-003  0.854715619115961E-002  0.333541679543001E-004 -0.302322079919767E-003 -0.745972195145157E-001  0.992180028797032E+000  0.107088019590935E+001  0.184895116323775E+002 -0.192690029473167E+000  0.219879988124743E+000  0.200390294171681E+001
      0.97000000 -0.829400043882902E-003  0.961122240937450E-003  0.866502972684941E-002  0.697193511478293E-005 -0.226156959390198E-003 -0.755621179653805E-001  0.998382263151522E+000  0.105247645606591E+001  0.185330981383436E+002 -0.192450301247616E+000  0.223014534624634E+000  0.201059500002529E+001
      0.98000000 -0.829610637116194E-003  0.958968274635179E-003  0.881837365388875E-002 -0.280139893166270E-004 -0.148785472314368E-003 -0.765498203301318E-001  0.100643391262179E+001  0.103417123914212E+001  0.185810324495931E+002 -0.190534889158012E+000  0.220244179304167E+000  0.202529689414083E+001
      0.99000000 -0.815250210337481E-003  0.934202570561638E-003  0.901100995247971E-002 -0.675453367311901E-004 -0.796840929906381E-004 -0.775406656906795E-001  0.101535629519526E+001  0.101811601679033E+001  0.186287129446326E+002 -0.185345480440186E+000  0.212389058075221E+000  0.204863482120694E+001
      1.00000000 -0.782477285317645E-003  0.893260767934365E-003  0.923533206928245E-002 -0.102503888702489E-003 -0.251706114527811E-004 -0.785165983923897E-001  0.102307101051318E+001  0.100566526254565E+001  0.186720833706831E+002 -0.176115676238205E+000  0.201050212132300E+000  0.207863765911849E+001
      1.01000000 -0.733882422236707E-003  0.843486342168828E-003  0.947555264941999E-002 -0.121827154686312E-003  0.127719254242490E-004 -0.794674074220093E-001  0.102714869777945E+001  0.997153827122554E+000  0.187089962658291E+002 -0.163542784350958E+000  0.187967582790533E+000  0.211158929086657E+001
      1.02000000 -0.678860375309257E-003  0.790421665081996E-003  0.971402313771163E-002 -0.117053149807123E-003  0.355314445191574E-004 -0.803936575695007E-001  0.102582909611953E+001  0.992159586501831E+000  0.187397661847175E+002 -0.149798189237064E+000  0.174415444573693E+000  0.214350863470747E+001
      1.03000000 -0.630972691891531E-003  0.736670752445283E-003  0.993786723648766E-002 -0.862780848812099E-004  0.453765425952796E-004 -0.813051103508509E-001  0.101885339416200E+001  0.990084366795630E+000  0.187667051249447E+002 -0.137879472893576E+000  0.160976499218655E+000  0.217161204258395E+001
      1.04000000 -0.603294976709871E-003  0.682995749655762E-003  0.101430072127246E-001 -0.357446882500894E-004  0.430893569648214E-004 -0.822154817222612E-001  0.100773578605019E+001  0.990674697057416E+000  0.187928919722913E+002 -0.130563759077486E+000  0.147812423360996E+000  0.219512709564668E+001
      1.05000000 -0.603624612245339E-003  0.630840623534587E-003  0.103338820878254E-001  0.217040194148015E-004  0.274131043177551E-004 -0.831360807160922E-001  0.995347598943523E+000  0.994123818586236E+000  0.188207723815022E+002 -0.129390954276901E+000  0.135224887487855E+000  0.221513642353810E+001
      1.06000000 -0.631475449607212E-003  0.584377687176601E-003  0.105192128543412E-001  0.707599552541937E-004 -0.311105268258696E-005 -0.840713797306449E-001  0.984975225595112E+000  0.100066058358219E+001  0.188512480657021E+002 -0.134083976431163E+000  0.124083500131356E+000  0.223359101183299E+001
      1.07000000 -0.678039830381404E-003  0.550247907981414E-003  0.107060810189267E-001  0.987971037365734E-004 -0.470163341165069E-004 -0.850186028289680E-001  0.979218030115916E+000  0.100988988545934E+001  0.188836623418592E+002 -0.142625672233947E+000  0.115744642504300E+000  0.225202404622246E+001
      1.08000000 -0.729119083231195E-003  0.534533558754409E-003  0.108954129184628E-001  0.100101047855559E-003 -0.977590088421854E-004 -0.859714203213593E-001  0.979138710801802E+000  0.102037320286725E+001  0.189166422382670E+002 -0.151950098236320E+000  0.111398026236529E+000  0.227062917616810E+001
      1.09000000 -0.769911270919059E-003  0.538430712766996E-003  0.110812726648286E-001  0.776613481544239E-004 -0.144605387857451E-003 -0.869257651543271E-001  0.983963680404392E+000  0.102985961833057E+001  0.189493323800635E+002 -0.158979254083626E+000  0.111180750723691E+000  0.228817596143093E+001
      1.10000000 -0.789916291148907E-003  0.555374254559150E-003  0.112544661579180E-001  0.419567310585662E-004 -0.176961548280226E-003 -0.878846593493119E-001  0.991415100125792E+000  0.103620866390783E+001  0.189823590150434E+002 -0.161627278804289E+000  0.113636888475610E+000  0.230281203196042E+001
      1.11000000 -0.786259749617714E-003  0.572058570002421E-003  0.114087555124033E-001  0.725445124856737E-005 -0.190301668237073E-003 -0.888593372005442E-001  0.998529016290213E+000  0.103858743333306E+001  0.190179910245160E+002 -0.159429740957638E+000  0.115996208215449E+000  0.231335120089239E+001
      1.12000000 -0.764371854971988E-003  0.573840004960506E-003  0.115465571888751E-001 -0.132216871293681E-004 -0.190371719387600E-003 -0.898657214158845E-001  0.100265702186857E+001  0.103825698011313E+001  0.190593584389479E+002 -0.153607683687305E+000  0.115318523825455E+000  0.232038881705175E+001
      1.13000000 -0.735914324116024E-003  0.552386400773543E-003  0.116810748809492E-001 -0.115891272009673E-004 -0.192688762241556E-003 -0.909176175303004E-001  0.100230833353883E+001  0.103837993359848E+001  0.191090587907273E+002 -0.146580125198661E+000  0.110024856331860E+000  0.232664776645186E+001
      1.14000000 -0.714778275382547E-003  0.511675158689590E-003  0.118334099923050E-001  0.123227263086341E-004 -0.216575214525348E-003 -0.920197224625710E-001  0.997567077768256E+000  0.104275925968543E+001  0.191678001223807E+002 -0.141121364979688E+000  0.101021952271602E+000  0.233631466986683E+001
      1.15000000 -0.712572136968076E-003  0.468711630171148E-003  0.120255688852046E-001  0.511985110157325E-004 -0.275977805869737E-003 -0.931638280722153E-001  0.989979583673194E+000  0.105401353392726E+001  0.192337401100541E+002 -0.139462443997798E+000  0.917348098285084E-001  0.235360764221075E+001
      1.16000000 -0.735102955917707E-003  0.447731877016609E-003  0.122723141483090E-001  0.928231020046765E-004 -0.371448054207436E-003 -0.943302535266079E-001  0.981989558292632E+000  0.107207196681793E+001  0.193028739149077E+002 -0.142631830336835E+000  0.868732965973472E-001  0.238119383870075E+001
      1.17000000 -0.780923942079283E-003  0.470019033016013E-003  0.125754921262923E-001  0.124016313434538E-003 -0.487587331366895E-003 -0.954941640899882E-001  0.976142813207784E+000  0.109379783771817E+001  0.193703421523168E+002 -0.150227400256771E+000  0.904182002836180E-001  0.241916451434727E+001
      1.18000000 -0.842244590538839E-003  0.543994230346448E-003  0.129234428099712E-001  0.134522155629859E-003 -0.597824748851362E-003 -0.966341475058357E-001  0.974341096927821E+000  0.111402974634999E+001  0.194321029699922E+002 -0.160650654239934E+000  0.103762054383745E+000  0.246503161406593E+001
      1.19000000 -0.907665777696563E-003  0.660478488179497E-003  0.132958148274619E-001  0.119591558023199E-003 -0.674766587381762E-003 -0.977393241340852E-001  0.977380664724735E+000  0.112762415612625E+001  0.194862424966303E+002 -0.171674296103912E+000  0.124921730372760E+000  0.251474684594261E+001
      1.20000000 -0.965620857272506E-003  0.795694666248109E-003  0.136716403890119E-001  0.805780519452805E-004 -0.701432496474927E-003 -0.988119089763759E-001  0.984886613351190E+000  0.113156213474191E+001  0.195333667148113E+002 -0.181113851970824E+000  0.149242142929567E+000  0.256428124451237E+001
      1.21000000 -0.100728784116597E-002  0.920820270480686E-003  0.140370507685498E-001  0.236525848644962E-004 -0.678073277688746E-003 -0.998642342043469E-001  0.995600335962900E+000  0.112612974993882E+001  0.195759434894120E+002 -0.187367601265363E+000  0.171283597622679E+000  0.261105954411092E+001
      1.22000000 -0.102810926343241E-002  0.101365725103756E-002  0.143892393505478E-001 -0.425890101969580E-004 -0.621343396680364E-003 -0.100911786438646E+000  0.100785713095614E+001  0.111462995767858E+001  0.196169417274468E+002 -0.189673088964753E+000  0.187006876403321E+000  0.265463173277886E+001
      1.23000000 -0.102772787906395E-002  0.106695788614157E-002  0.147350904109589E-001 -0.109574455761548E-003 -0.556330958917850E-003 -0.101965597476247E+000  0.102005074373235E+001  0.110180155046273E+001  0.196584186095490E+002 -0.188061242800506E+000  0.195239839427475E+000  0.269633574403631E+001
      1.24000000 -0.100880075878822E-002  0.108966889972873E-002  0.150854035548695E-001 -0.170407624455526E-003 -0.505396719926042E-003 -0.103027509919212E+000  0.103093097518845E+001  0.109173541063262E+001  0.197006970094270E+002 -0.183109126366069E+000  0.197787638955862E+000  0.273817703024909E+001
      1.25000000 -0.975495629771672E-003  0.110090570260512E-002  0.154476445141187E-001 -0.220411212702342E-003 -0.479171866199099E-003 -0.104090368563345E+000  0.103968715310099E+001  0.108627949087695E+001  0.197424693275032E+002 -0.175647345402400E+000  0.198228631989068E+000  0.278149657344954E+001
      1.26000000 -0.932375716781311E-003  0.111998131775142E-002  0.158207076748155E-001 -0.256823632341990E-003 -0.473751332608062E-003 -0.105142816019987E+000  0.104587654616719E+001  0.108462646012739E+001  0.197817188367856E+002 -0.166550785167331E+000  0.200062876463772E+000  0.282606168062758E+001
      1.27000000 -0.883951087435788E-003  0.115750286206949E-002  0.161940821326667E-001 -0.278235286364218E-003 -0.474869272916581E-003 -0.106176259815042E+000  0.104930997266789E+001  0.108415823591004E+001  0.198169823384828E+002 -0.156657354754603E+000  0.205137296701228E+000  0.286998014442360E+001
      1.28000000 -0.834693470433592E-003  0.121164697152088E-002  0.165516763346666E-001 -0.284277378967231E-003 -0.466403896896691E-003 -0.107190710942472E+000  0.104998717672012E+001  0.108201220266568E+001  0.198483551878201E+002 -0.146772037104317E+000  0.213055331760313E+000  0.291043759078214E+001
      1.29000000 -0.789062661767471E-003  0.127084932212619E-002  0.168784493000970E-001 -0.275709422152747E-003 -0.438685423100237E-003 -0.108196893820303E+000  0.104810477340156E+001  0.107654023104482E+001  0.198777990223887E+002 -0.137672772470315E+000  0.221733150035543E+000  0.294489021307761E+001
      1.30000000 -0.751199703697139E-003  0.132088955390836E-002  0.171668970460167E-001 -0.254656217318230E-003 -0.392611612317107E-003 -0.109213838963491E+000  0.104408970641439E+001  0.106797450658867E+001  0.199086531913412E+002 -0.130058377303226E+000  0.228691187087270E+000  0.297217738791420E+001
      1.31000000 -0.724296186619113E-003  0.135240042537302E-002  0.174207548092847E-001 -0.224587798437729E-003 -0.338049369458819E-003 -0.110263145414136E+000  0.103858701090245E+001  0.105808113706806E+001  0.199445963842675E+002 -0.124443202364913E+000  0.232359417213930E+000  0.299310497022038E+001
      1.32000000 -0.709982897074030E-003  0.136505449232374E-002  0.176546818971145E-001 -0.189812762355068E-003 -0.287992603896184E-003 -0.111362321646126E+000  0.103236515966474E+001  0.104910590042374E+001  0.199884983285298E+002 -0.121059877839247E+000  0.232756775924696E+000  0.301031706899355E+001
      1.33000000 -0.708146519844507E-003  0.136676136131794E-002  0.178904012379375E-001 -0.154629269791711E-003 -0.251887787244223E-003 -0.112519648399926E+000  0.102616774744245E+001  0.104262670327114E+001  0.200415808443540E+002 -0.119838885021578E+000  0.231295576608752E+000  0.302757364028826E+001
      1.34000000 -0.717321667504186E-003  0.136889717424813E-002  0.181509639868080E-001 -0.122568104741988E-003 -0.231550054485402E-003 -0.113732058484796E+000  0.102058727889062E+001  0.103889254515981E+001  0.201031232126807E+002 -0.120485678180967E+000  0.229928234251105E+000  0.304874549962777E+001
      1.35000000 -0.735397253767506E-003  0.138045171046897E-002  0.184550974106921E-001 -0.961360792789869E-004 -0.221377131129555E-003 -0.114986229029824E+000  0.101602798448315E+001  0.103690840368444E+001  0.201707162231720E+002 -0.122606786762442E+000  0.230151455739357E+000  0.307686788510659E+001
      1.36000000 -0.760126753596685E-003  0.140416221620779E-002  0.188131033066455E-001 -0.771117863386550E-004 -0.212195455551567E-003 -0.116262079815756E+000  0.101276168824529E+001  0.103511748825170E+001  0.202409032108423E+002 -0.125797898309604E+000  0.232383158267863E+000  0.311349238197342E+001
      1.37000000 -0.789061781861527E-003  0.143631256269762E-002  0.192249804299261E-001 -0.669946295446686E-004 -0.196328742674388E-003 -0.117537480368829E+000  0.101100641029485E+001  0.103225444650164E+001  0.203099916031221E+002 -0.129633341928703E+000  0.235968845325914E+000  0.315843260811052E+001
      1.38000000 -0.819001450940187E-003  0.146981315584545E-002  0.196808102548135E-001 -0.670045749751906E-004 -0.171173673442610E-003 -0.118793074953018E+000  0.101092827577293E+001  0.102791799081092E+001  0.203748484111999E+002 -0.133577053770134E+000  0.239722787700846E+000  0.320989010047434E+001
      1.39000000 -0.845562879500929E-003  0.149857482293599E-002  0.201631388282792E-001 -0.772882653105963E-004 -0.139671714468878E-003 -0.120016390594055E+000  0.101251483232249E+001  0.102261621579613E+001  0.204335452891756E+002 -0.136917003021760E+000  0.242655370208971E+000  0.326489798311521E+001
      1.40000000 -0.863637842459040E-003  0.152079875862855E-002  0.206509522022885E-001 -0.956164089050361E-004 -0.107834910086861E-003 -0.121204530764543E+000  0.101537201036261E+001  0.101733634816753E+001  0.204857485681027E+002 -0.138844890912103E+000  0.244495003993595E+000  0.332000181649497E+001
      1.41000000 -0.869090093686787E-003  0.153965608312476E-002  0.211246134425116E-001 -0.116473572992752E-003 -0.809349394160159E-004 -0.122364793956929E+000  0.101859236176296E+001  0.101291942570509E+001  0.205327614482934E+002 -0.138730503506052E+000  0.245771140632782E+000  0.337206496833747E+001
      1.42000000 -0.861212844376387E-003  0.156132292647504E-002  0.215707162064782E-001 -0.131583244855837E-003 -0.604172640041982E-004 -0.123512749714871E+000  0.102085636040873E+001  0.100957632739914E+001  0.205771614079634E+002 -0.136504959203721E+000  0.247474621139258E+000  0.341902673071777E+001
      1.43000000 -0.844682905620890E-003  0.159163608294881E-002  0.219854356795408E-001 -0.132343587672701E-003 -0.429774755091581E-004 -0.124667894850271E+000  0.102083018570100E+001  0.100676442895012E+001  0.206220719594336E+002 -0.132948653515830E+000  0.250515161023308E+000  0.346039212005280E+001
      1.44000000 -0.829566818592836E-003  0.163313221063157E-002  0.223750282348400E-001 -0.113566777750725E-003 -0.220049293648618E-004 -0.125847946595380E+000  0.101775068376944E+001  0.100343940851595E+001  0.206702516994164E+002 -0.129662728432665E+000  0.255261388926998E+000  0.349725560938958E+001
      1.45000000 -0.828629396013345E-003  0.168381576146708E-002  0.227529199374620E-001 -0.768931433281974E-004  0.954891534154341E-005 -0.127063684441324E+000  0.101193564486168E+001  0.998517781203918E+000  0.207233062229578E+002 -0.128622992437016E+000  0.261368258227977E+000  0.353179438614688E+001
      1.46000000 -0.852539271795736E-003  0.173801603849053E-002  0.231341861521269E-001 -0.319480394695056E-004  0.563517014571233E-004 -0.128316444835567E+000  0.100492512924843E+001  0.991312787336761E+000  0.207813413908286E+002 -0.131427974069036E+000  0.267933612438949E+000  0.356638024581052E+001
      1.47000000 -0.904885873625766E-003  0.178869664465677E-002  0.235295611200972E-001  0.593446552707694E-005  0.119168616188950E-003 -0.129599543945441E+000  0.999091362718183E+000  0.981753866966153E+000  0.208432321829186E+002 -0.138548793790187E+000  0.273870738616749E+000  0.360265576756058E+001
      1.48000000 -0.979437855144953E-003  0.183002461709889E-002  0.239416563856905E-001  0.210171026419670E-004  0.195137588319503E-003 -0.130903234058382E+000  0.996803774549519E+000  0.970323991048757E+000  0.209074180383061E+002 -0.148950321702644E+000  0.278305309529102E+000  0.364098385825099E+001
      1.49000000 -0.106134928596014E-002  0.185905453657352E-002  0.243653258878182E-001  0.344452508988223E-005  0.279493333029854E-003 -0.132221025023832E+000  0.999479681389761E+000  0.957780658053438E+000  0.209728723669048E+002 -0.160323925951767E+000  0.280822652640953E+000  0.368054584395879E+001
      1.50000000 -0.113226943983129E-002  0.187590266753257E-002  0.247922554490277E-001 -0.463451242746038E-004  0.367819133507163E-003 -0.133554275137438E+000  0.100695407015225E+001  0.944808863978999E+000  0.210397736110511E+002 -0.169896644772924E+000  0.281478557949820E+000  0.372006950728146E+001
      1.51000000 -0.117735413810705E-002  0.188248436559494E-002  0.252177019919324E-001 -0.117344073434671E-003  0.457783016175683E-003 -0.134912513557228E+000  0.101749083280075E+001  0.931764715843022E+000  0.211095134018180E+002 -0.175491644138010E+000  0.280595502822549E+000  0.375884862566663E+001
      1.52000000 -0.119104129282990E-002  0.188047425716634E-002  0.256459760421292E-001 -0.192265704174808E-003  0.549609537995312E-003 -0.136308904947333E+000  0.102846980617599E+001  0.918616390341910E+000  0.211839850771476E+002 -0.176363823699075E+000  0.278451832323581E+000  0.379753617654860E+001
      1.53000000 -0.117882675926046E-002  0.186943951362708E-002  0.260915564423913E-001 -0.254613425313774E-003  0.645084171451886E-003 -0.137752739490651E+000  0.103745554702622E+001  0.905103273757422E+000  0.212644625106639E+002 -0.173414269349049E+000  0.275008592060855E+000  0.383826390187757E+001
      1.54000000 -0.115409156207521E-002  0.184603377582731E-002  0.265746670658802E-001 -0.295264626979138E-003  0.745482640270878E-003 -0.139242581951440E+000  0.104315359444732E+001  0.891046022495471E+000  0.213506189441209E+002 -0.168673097534263E+000  0.269802020354231E+000  0.388394782289523E+001
      1.55000000 -0.113144427733969E-002  0.180475973127480E-002  0.271128760975199E-001 -0.315404319230606E-003  0.849281464979318E-003 -0.140763760577439E+000  0.104579965575424E+001  0.876676391656914E+000  0.214402139858012E+002 -0.164296286536836E+000  0.262067985033121E+000  0.393704307792304E+001
      1.56000000 -0.111983494314394E-002  0.174021568904661E-002  0.277124568826105E-001 -0.324359937171062E-003  0.950694393414028E-003 -0.142292051887154E+000  0.104679817151487E+001  0.862835220436764E+000  0.215296865805772E+002 -0.161568127662928E+000  0.251075743197962E+000  0.399831225027908E+001
      1.57000000 -0.111890720884634E-002  0.165010100371425E-002  0.283637228878564E-001 -0.333422190809377E-003  0.103989775695379E-002 -0.143802512069254E+000  0.104779925457495E+001  0.850920727573986E+000  0.216154631346803E+002 -0.160406031738798E+000  0.236557734083166E+000  0.406621049342511E+001
      1.58000000 -0.112050140639759E-002  0.153778732122040E-002  0.290429691025943E-001 -0.348816576050164E-003  0.110524866460791E-002 -0.145279814541032E+000  0.104968969183270E+001  0.842554886110178E+000  0.216954305205330E+002 -0.159617900652753E+000  0.219061201049957E+000  0.413723510779240E+001
      1.59000000 -0.111463055225563E-002  0.141319527878156E-002  0.297206934813518E-001 -0.367527880649155E-003  0.113699373240330E-002 -0.146725483848388E+000  0.105202588078170E+001  0.839051393143078E+000  0.217699141541348E+002 -0.157782958193187E+000  0.200046671194835E+000  0.420715090533888E+001
      1.60000000 -0.109691347498367E-002  0.129118413581950E-002  0.303728309800087E-001 -0.378344951622203E-003  0.113119426881862E-002 -0.148158617098952E+000  0.105322237323733E+001  0.840873141505236E+000  0.218417032756953E+002 -0.154304525868062E+000  0.181632882109464E+000  0.427259340916639E+001
      1.61000000 -0.107356247337078E-002  0.118759455792839E-002  0.309902430482553E-001 -0.367905311623919E-003  0.109221585861514E-002 -0.149609542368525E+000  0.105143236057591E+001  0.847310603864172E+000  0.219150878923990E+002 -0.150081693540792E+000  0.166023130385782E+000  0.433236842316167E+001
      1.62000000 -0.106107523986564E-002  0.111416332268891E-002  0.315824192063925E-001 -0.328951268266813E-003  0.103242392604988E-002 -0.151109035400152E+000  0.104570280189494E+001  0.856560315415524E+000  0.219943142819173E+002 -0.147420351162387E+000  0.154796137080581E+000  0.438789932611534E+001
      1.63000000 -0.108029099831732E-002  0.107427188734602E-002  0.321739477482120E-001 -0.266745571469445E-003  0.968711810446926E-003 -0.152677682719785E+000  0.103683289789172E+001  0.866237842284936E+000  0.220821175661234E+002 -0.149169291977990E+000  0.148338158030448E+000  0.444265944381026E+001
      1.64000000 -0.114722490460249E-002  0.106146610465796E-002  0.327955589824900E-001 -0.200282971044047E-003  0.916839654972876E-003 -0.154319798810783E+000  0.102748694368442E+001  0.874172427977705E+000  0.221789329726410E+002 -0.157445768763035E+000  0.145676184498179E+000  0.450088032023743E+001
      1.65000000 -0.126475429571260E-002  0.106175154745345E-002  0.334738803949653E-001 -0.157261147915637E-003  0.885698159514245E-003 -0.156024080606266E+000  0.102145180165211E+001  0.879182992790250E+000  0.222830548071143E+002 -0.172523593079923E+000  0.144832235435602E+000  0.456613125540969E+001
      1.66000000 -0.141899640625346E-002  0.105911890874342E-002  0.342243644791136E-001 -0.164630840675651E-003  0.873941565684586E-003 -0.157770012897891E+000  0.102232180877609E+001  0.881504847872831E+000  0.223915694292407E+002 -0.192397525909181E+000  0.143602800393188E+000  0.464038035796079E+001
      1.67000000 -0.158221139095467E-002  0.104223991067723E-002  0.350500477886452E-001 -0.238582508179387E-003  0.870671880940543E-003 -0.159536471656925E+000  0.103215499188355E+001  0.882655071914021E+000  0.225015509326539E+002 -0.213242767973427E+000  0.140468033990761E+000  0.472387523612878E+001
      1.68000000 -0.172124398215222E-002  0.100953232816232E-002  0.359458071265706E-001 -0.378118044787791E-003  0.860217578653579E-003 -0.161308239021526E+000  0.105065757514262E+001  0.884754146938146E+000  0.226109343417961E+002 -0.230600066742650E+000  0.135249984701184E+000  0.481576441716358E+001
      1.69000000 -0.180818398421810E-002  0.970273797885198E-003  0.369050990930548E-001 -0.564820449812960E-003  0.829217858628307E-003 -0.163077550341512E+000  0.107522288455982E+001  0.889564623102454E+000  0.227186961762796E+002 -0.240814253720434E+000  0.129221231125578E+000  0.491502743865730E+001
      1.70000000 -0.182909523723285E-002  0.941044250719583E-003  0.379251235172914E-001 -0.768832885609437E-003  0.773057677517510E-003 -0.164840581564254E+000  0.110179098231008E+001  0.897649668933604E+000  0.228243587599535E+002 -0.242166281413729E+000  0.124591208923212E+000  0.502116344047407E+001
      1.71000000 -0.178760885265130E-002  0.938827784298212E-003  0.390074233693928E-001 -0.958585143205391E-003  0.698816374333065E-003 -0.166591522083325E+000  0.112617138164139E+001  0.908020035478126E+000  0.229271941151825E+002 -0.235289562301365E+000  0.123570868490757E+000  0.513425493360923E+001
      1.72000000 -0.170236484820746E-002  0.973657866233685E-003  0.401535409303773E-001 -0.111050485031273E-002  0.623330938330778E-003 -0.168318181996420E+000  0.114531762399119E+001  0.918432620179084E+000  0.230256564168528E+002 -0.222766802718571E+000  0.127410202361176E+000  0.525438242002479E+001
      1.73000000 -0.159969115875381E-002  0.104397244744533E-002  0.413581512019135E-001 -0.121525918872662E-002  0.567122708583391E-003 -0.170002311030515E+000  0.115810626739883E+001  0.926216847037225E+000  0.231174471220198E+002 -0.208121197887417E+000  0.135821714794648E+000  0.538073110140621E+001
      1.74000000 -0.150452535844273E-002  0.113666480564469E-002  0.426036722314316E-001 -0.127869059450775E-002  0.546795783211988E-003 -0.171625363054149E+000  0.116540266317884E+001  0.929270240082561E+000  0.232002822575848E+002 -0.194615102492657E+000  0.147031179241342E+000  0.551091943472831E+001
      1.75000000 -0.143286702025417E-002  0.123169166236469E-002  0.438599224402332E-001 -0.131772640997970E-002  0.569181797620555E-003 -0.173177551291362E+000  0.116947805726038E+001  0.926795255404961E+000  0.232730566312485E+002 -0.184286751078235E+000  0.158412784702850E+000  0.564099982398935E+001
      1.76000000 -0.138808047930500E-002  0.130904063600192E-002  0.450901731414565E-001 -0.135326183386245E-002  0.629629061978865E-003 -0.174666124241023E+000  0.117305949865172E+001  0.919480999850846E+000  0.233368686947414E+002 -0.177512219605818E+000  0.167404348894279E+000  0.576627712591862E+001
      1.77000000 -0.136172016008267E-002  0.135487325990901E-002  0.462620056411210E-001 -0.140275132513625E-002  0.714821881886317E-003 -0.176118760239070E+000  0.117837488116122E+001  0.909102728368102E+000  0.233953899490023E+002 -0.173157328299794E+000  0.172286671482072E+000  0.588271036401502E+001
      1.78000000 -0.133795309181649E-002  0.136424483003931E-002  0.473590990577767E-001 -0.147490468091212E-002  0.808356937453511E-003 -0.177579812996179E+000  0.118649630305443E+001  0.897786221486363E+000  0.234543179294832E+002 -0.169179275456433E+000  0.172503769603674E+000  0.598838487976158E+001
      1.79000000 -0.129966312516820E-002  0.133967153005817E-002  0.483894425454223E-001 -0.156780624957638E-002  0.896084975748506E-003 -0.179099965784259E+000  0.119713586182170E+001  0.887326330018527E+000  0.235200187310497E+002 -0.163419561777576E+000  0.168450216158644E+000  0.608448554267532E+001
      1.80000000 -0.123414457968111E-002  0.128701732150922E-002  0.493866672192979E-001 -0.167048769271164E-002  0.968579695326135E-003 -0.180722416589092E+000  0.120888009230416E+001  0.878887454815517E+000  0.235977810092596E+002 -0.154319145747200E+000  0.160930426537604E+000  0.617537719815015E+001
      1.81000000 -0.113679888599281E-002  0.121155844844698E-002  0.504036054197036E-001 -0.176695509135427E-002  0.101985658848598E-002 -0.182470008404515E+000  0.121972183245120E+001  0.873180275177327E+000  0.236902453889178E+002 -0.141361563506055E+000  0.150657956004119E+000  0.626771591375103E+001
      1.82000000 -0.101211503107229E-002  0.111689174346841E-002  0.514997721181927E-001 -0.184115663987944E-002  0.104372583485678E-002 -0.184337383609216E+000  0.122769087497663E+001  0.870925241542830E+000  0.237965069651180E+002 -0.125165535625985E+000  0.138122989003883E+000  0.636883789282380E+001
      1.83000000 -0.872100846045463E-003  0.100762456332945E-002  0.527263019400274E-001 -0.188140347350131E-002  0.103071624011485E-002 -0.186290614562968E+000  0.123139668198082E+001  0.873230637986191E+000  0.239121667421057E+002 -0.107261012839544E+000  0.123929281475649E+000  0.648488827297405E+001
      1.84000000 -0.732984866200053E-003  0.894377384051862E-003  0.541125126133740E-001 -0.188318859406639E-002  0.968455753837371E-003 -0.188274565168912E+000  0.123035745278608E+001  0.881535497138779E+000  0.240303270704643E+002 -0.896609756668030E-001  0.109403007573865E+000  0.661920989153561E+001
      1.85000000 -0.611300251688761E-003  0.797818422047796E-003  0.556577524147220E-001 -0.184998093691651E-002  0.846638650096861E-003 -0.190226171663162E+000  0.122507217114388E+001  0.896996344476266E+000  0.241432749442153E+002 -0.743719419605012E-001  0.970640944701713E-001  0.677142716824398E+001
      1.86000000 -0.520381854096450E-003  0.748285793858346E-003  0.573308534545092E-001 -0.179218901854461E-002  0.665046589901338E-003 -0.192090328007590E+000  0.121686883335467E+001  0.919524181553388E+000  0.242444261752884E+002 -0.629702583985731E-001  0.905484106033183E-001  0.693747990600006E+001
      1.87000000 -0.467943145747229E-003  0.779309969077809E-003  0.590776959597459E-001 -0.172490950103818E-002  0.440861303506818E-003 -0.193834299430577E+000  0.120761129781975E+001  0.946937629293322E+000  0.243300300349347E+002 -0.563219599265749E-001  0.937982856415000E-001  0.711063225231328E+001
      1.88000000 -0.454920782695337E-003  0.916325798297077E-003  0.608353522166725E-001 -0.166519096423997E-002  0.210946880475376E-003 -0.195456663749377E+000  0.119935745089679E+001  0.974745339562063E+000  0.244001643551150E+002 -0.544633315612007E-001  0.109702958556980E+000  0.728323717986301E+001
      1.89000000 -0.475389842175780E-003  0.116466587253777E-002  0.625493181189145E-001 -0.162935976588838E-002  0.263856964447820E-004 -0.196987826553271E+000  0.119403561850622E+001  0.996857805724330E+000  0.244586955954570E+002 -0.566127653261769E-001  0.138696601979577E+000  0.744881264557844E+001
      1.90000000 -0.517229118567109E-003  0.150211787676435E-002  0.641889489095515E-001 -0.163061763934764E-002 -0.602264666551026E-004 -0.198481241430240E+000  0.119316338642347E+001  0.100713444278456E+001  0.245121390883133E+002 -0.612710948835425E-001  0.177941271381751E+000  0.760383945514797E+001
      1.91000000 -0.563381436992702E-003  0.188013751432518E-002  0.657560643284087E-001 -0.167686443459402E-002 -0.107870289570955E-004 -0.199997323833358E+000  0.119760178433353E+001  0.100127114400282E+001  0.245676941057975E+002 -0.663888951983767E-001  0.221555493669359E+000  0.774869773249734E+001
      1.92000000 -0.593849798940479E-003  0.223456150370944E-002  0.672833087428572E-001 -0.176872690903253E-002  0.184958884267806E-003 -0.201584873391437E+000  0.120734130609254E+001  0.978317954885142E+000  0.246310482551219E+002 -0.696148129517985E-001  0.261949370678517E+000  0.788737313924994E+001
      1.93000000 -0.588710638353190E-003  0.250270558012908E-002  0.688221642335950E-001 -0.189811216938573E-002  0.504185728580546E-003 -0.203266404436441E+000  0.122135576644365E+001  0.941202411438089E+000  0.247047059030419E+002 -0.686547911488150E-001  0.291862789147787E+000  0.802596556618063E+001
      1.94000000 -0.532167445646624E-003  0.264084244311287E-002  0.704245339162044E-001 -0.204803381356494E-002  0.896393789172307E-003 -0.205033047388682E+000  0.123760833345309E+001  0.896002383870709E+000  0.247874786881731E+002 -0.617408848626289E-001  0.306384673760831E+000  0.817049798065239E+001
      1.95000000 -0.417004327976247E-003  0.263562703660875E-002  0.721248486127365E-001 -0.219460128453938E-002  0.129774906557990E-002 -0.206851378948962E+000  0.125330705935231E+001  0.850210148925415E+000  0.248753685663354E+002 -0.481318136469686E-001  0.304211493402510E+000  0.832485310066565E+001
      1.96000000 -0.248043431446842E-003  0.250538497335715E-002  0.739300466247152E-001 -0.231160600619991E-002  0.164902114765219E-002 -0.208679689095205E+000  0.126545078767270E+001  0.810636431399131E+000  0.249635074891852E+002 -0.284838004737864E-001  0.287703186796226E+000  0.848967733107420E+001
      1.97000000 -0.428798546872296E-004  0.229132958767372E-002  0.758218650474216E-001 -0.237708516695343E-002  0.191041659959636E-002 -0.210486864714028E+000  0.127158438201856E+001  0.781732973301777E+000  0.250483369595244E+002 -0.489906672178777E-002  0.261786720442482E+000  0.866272468848485E+001
      1.98000000  0.171311455636217E-003  0.204286434200074E-002  0.777705858723835E-001 -0.238001885772599E-002  0.206817158871505E-002 -0.212265462385032E+000  0.127054622804655E+001  0.764902693748186E+000  0.251290609973138E+002  0.194736558465027E-001  0.232220530667212E+000  0.884049241561352E+001
      1.99000000  0.364712919772473E-003  0.180327160735610E-002  0.797540178293888E-001 -0.232460802632862E-002  0.213156656818927E-002 -0.214032796350332E+000  0.126291958135330E+001  0.758913940162147E+000  0.252076997820494E+002  0.412500374663866E-001  0.203954994004368E+000  0.902039945722114E+001
      2.00000000  0.513624549163186E-003  0.160128490315496E-002  0.817727315887675E-001 -0.222997299173094E-002  0.212327062748522E-002 -0.215819264745811E+000  0.125095501735376E+001  0.761052972774491E+000  0.252877055149983E+002  0.578018918285254E-001  0.180204191777070E+000  0.920247794525738E+001
      2.01000000  0.607912735788390E-003  0.145070189348342E-002  0.838540117257473E-001 -0.212468812368707E-002  0.206857380971660E-002 -0.217649241385424E+000  0.123791696352552E+001  0.768366569121621E+000  0.253717871092496E+002  0.680724622945015E-001  0.162445765865789E+000  0.938975072473325E+001
      2.02000000  0.654094814785846E-003  0.135599560448207E-002  0.860422061417601E-001 -0.203774389435012E-002  0.198883360725242E-002 -0.219523643898292E+000  0.122705156860174E+001  0.778398163053487E+000  0.254599862772127E+002  0.728812163899319E-001  0.151089118641631E+000  0.958708202959515E+001
      2.03000000  0.672574077938403E-003  0.131896637529596E-002  0.883797053816594E-001 -0.198926542048969E-002  0.190148879729460E-002 -0.221412713647666E+000  0.122055807920014E+001  0.789174077811779E+000  0.255489427049901E+002  0.745710679037398E-001  0.146239253579964E+000  0.979902322660111E+001
      2.04000000  0.689991012178726E-003  0.134138413268324E-002  0.908873999384442E-001 -0.198465315827368E-002  0.182484066038833E-002 -0.223262730635772E+000  0.121896803833747E+001  0.798664175643032E+000  0.256327182950731E+002  0.761271448249845E-001  0.147995759846597E+000  0.100276643257029E+002
      2.05000000  0.729825164770510E-003  0.142140255288149E-002  0.935537499344326E-001 -0.201442291885806E-002  0.178270617726974E-002 -0.225013676564387E+000  0.122116839604934E+001  0.804272349086702E+000  0.257047993095320E+002  0.801292814818849E-001  0.156059246456272E+000  0.102714939468266E+002
      2.06000000  0.805133212639413E-003  0.154582028336044E-002  0.963373632919627E-001 -0.205949009814677E-002  0.180378493031208E-002 -0.226619643740256E+000  0.122501877879275E+001  0.802919430110963E+000  0.257603402078833E+002  0.879684211332856E-001  0.168895491514058E+000  0.105257684217943E+002
      2.07000000  0.916186750345721E-003  0.168367091369994E-002  0.991813829276057E-001 -0.209921721486871E-002  0.191349137799639E-002 -0.228062722114724E+000  0.122825132602131E+001  0.791942948416926E+000  0.257976333130303E+002  0.996184859615125E-001  0.183068296083668E+000  0.107841542121066E+002
      2.08000000  0.105331865217300E-002  0.178710438593794E-002  0.102032432325047E+000 -0.211849099960308E-002  0.212070998965144E-002 -0.229354667055734E+000  0.122923955872172E+001  0.770520326829088E+000  0.258182138496097E+002  0.113978441760070E+000  0.193380581224472E+000  0.110408162063844E+002
      2.09000000  0.120279844468143E-002  0.180246973260025E-002  0.104855178616822E+000 -0.211097667767798E-002  0.240594555481156E-002 -0.230526908554785E+000  0.122733349280537E+001  0.740900971451521E+000  0.258257064426826E+002  0.129530740183765E+000  0.194110027041464E+000  0.112919741112029E+002
      2.10000000  0.135238891748342E-002  0.168919085976374E-002  0.107636472719604E+000 -0.207800472654314E-002  0.271831215602015E-002 -0.231615093991264E+000  0.122271707374487E+001  0.708655846071604E+000  0.258241186894175E+002  0.144946784008505E+000  0.181044653305004E+000  0.115362972596358E+002
      2.11000000  0.149401123687578E-002  0.143907394260057E-002  0.110378813693714E+000 -0.202494421932662E-002  0.298578541192554E-002 -0.232646481955088E+000  0.121600155840872E+001  0.681505151650845E+000  0.258164873782624E+002  0.159366738286064E+000  0.153506556526514E+000  0.117741494040148E+002
      2.12000000  0.162315347548150E-002  0.108681139310503E-002  0.113088410258062E+000 -0.195799667026458E-002  0.313722294787876E-002 -0.233636203998369E+000  0.120787504846891E+001  0.666929784788679E+000  0.258045045059705E+002  0.172325679870846E+000  0.115383736065160E+000  0.120062812775314E+002
      2.13000000  0.173690731784779E-002  0.705027871735627E-003  0.115765521373480E+000 -0.188346632860684E-002  0.312856856132806E-002 -0.234593130922677E+000  0.119902357938335E+001  0.669407993142994E+000  0.257891687288690E+002  0.183536868275686E+000  0.744994314295177E-001  0.122328008114549E+002
      2.14000000  0.183334680908171E-002  0.383451508142347E-003  0.118402989184951E+000 -0.180929427156628E-002  0.296248361106371E-002 -0.235530738399225E+000  0.119029251689094E+001  0.688420799503522E+000  0.257719443539556E+002  0.192822242416167E+000  0.403295106477442E-001  0.124530338560738E+002
      2.15000000  0.191374776211531E-002  0.198958143839603E-003  0.120994106992477E+000 -0.174648138137723E-002  0.269227381945369E-002 -0.236475716771492E+000  0.118283181716144E+001  0.718157135852924E+000  0.257556518339707E+002  0.200342233628779E+000  0.208280943416514E-001  0.126663660335252E+002
      2.16000000  0.198656840725915E-002  0.187918081582505E-003  0.123545812422818E+000 -0.170751891377148E-002  0.240702550315265E-002 -0.237468272950196E+000  0.117792543951677E+001  0.749185167366276E+000  0.257444678329383E+002  0.207002718471217E+000  0.195812807630138E-001  0.128736160978937E+002
      2.17000000  0.206985060529886E-002  0.332062605086819E-003  0.126090233942880E+000 -0.170070389222847E-002  0.220274921751252E-002 -0.238552248495415E+000  0.117639864601631E+001  0.771528729217192E+000  0.257428690150172E+002  0.214686898700718E+000  0.344418532806511E-001  0.130782005292292E+002
      2.18000000  0.218846685365024E-002  0.563828515300139E-003  0.128688067707178E+000 -0.172239964328966E-002  0.215043462815789E-002 -0.239758089268634E+000  0.117782945961891E+001  0.777977991715827E+000  0.257538668624387E+002  0.225948652215945E+000  0.582125760326204E-001  0.132864225958975E+002
      2.19000000  0.236507000558555E-002  0.789110006779346E-003  0.131420570086437E+000 -0.175195956006939E-002  0.227334887884803E-002 -0.241085060137984E+000  0.118005543615275E+001  0.766359433609217E+000  0.257772132658922E+002  0.243067089614008E+000  0.810997865941216E-001  0.135065834883882E+002
      2.20000000  0.260768810455021E-002  0.918208491603421E-003  0.134371370219489E+000 -0.175418291213338E-002  0.254193156673134E-002 -0.242489689051948E+000  0.117946446591241E+001  0.739943658181837E+000  0.258082923587762E+002  0.266783668745296E+000  0.939387765107352E-001  0.137470762162605E+002
      2.21000000  0.290034386967416E-002  0.892796481132880E-003  0.137602976255812E+000 -0.169105211593403E-002  0.288709340211809E-002 -0.243885453536919E+000  0.117222293811065E+001  0.705967838822041E+000  0.258381874070016E+002  0.295381637301340E+000  0.909256619986691E-001  0.140139908405225E+002
      2.22000000  0.320347789773817E-002  0.699181589025040E-003  0.141134680642268E+000 -0.153926005634867E-002  0.322514554017934E-002 -0.245155334574691E+000  0.115605773548082E+001  0.673018923917017E+000  0.258550504490593E+002  0.324784304199876E+000  0.708864593887769E-001  0.143089262714236E+002
      2.23000000  0.346728251075367E-002  0.364733313781067E-003  0.144928458613495E+000 -0.130538413321784E-002  0.348346297102622E-002 -0.246175306632567E+000  0.113175276616734E+001  0.648413160084250E+000  0.258465388735673E+002  0.349953741776649E+000  0.368126299234084E-001  0.146276676978047E+002
      2.24000000  0.365449882747755E-002 -0.582498710353793E-004  0.148887859556007E+000 -0.102944246072882E-002  0.361705135997966E-002 -0.246843878169483E+000  0.110343805233888E+001  0.636559825188191E+000  0.258027946812582E+002  0.367202884483083E+000 -0.585292858876701E-002  0.149602049622805E+002
      2.25000000  0.376291928781694E-002 -0.512247597593172E-003  0.152872257839081E+000 -0.771473702614094E-003  0.361159711931292E-002 -0.247110732201891E+000  0.107717291131942E+001  0.638720719493380E+000  0.257192542761656E+002  0.376416507156151E+000 -0.512417186596142E-001  0.152922869016001E+002
      2.26000000  0.383539587380535E-002 -0.948861484029591E-003  0.156725356225032E+000 -0.583650436429483E-003  0.347540327178661E-002 -0.246996563521828E+000  0.105812602856104E+001  0.653882911365914E+000  0.255985069309240E+002  0.381968925556735E+000 -0.944975729969056E-001  0.156083538425922E+002
      2.27000000  0.394876046235899E-002 -0.133323504206864E-002  0.160312755381905E+000 -0.478787308593918E-003  0.322737310781803E-002 -0.246596870631913E+000  0.104747260329919E+001  0.680000283015277E+000  0.254505132116196E+002  0.391526541302081E+000 -0.132192598092422E+000  0.158952915071954E+002
      2.28000000  0.418201139692419E-002 -0.164009704733738E-002  0.163559484969963E+000 -0.410547634979677E-003  0.288866824751874E-002 -0.246065377252776E+000  0.104052798233586E+001  0.714839678188908E+000  0.252908067495259E+002  0.412835124555721E+000 -0.161905266283824E+000  0.161460823371994E+002
      2.29000000  0.457472802584363E-002 -0.184746937277506E-002  0.166476111575338E+000 -0.278101100521412E-003  0.248195344657949E-002 -0.245578072775506E+000  0.102733339016508E+001  0.756059210841941E+000  0.251368382454281E+002  0.449630820572300E+000 -0.181580012051067E+000  0.163622384173322E+002
      2.30000000  0.509377712101723E-002 -0.193463839884492E-002  0.169163081852986E+000  0.414978801842255E-004  0.203656497999790E-002 -0.245285541608070E+000  0.995939080767426E+000  0.800704858683270E+000  0.250032688167806E+002  0.498469256389797E+000 -0.189320761616439E+000  0.165540410615816E+002
      2.31000000  0.562580092556081E-002 -0.188751065555097E-002  0.171788190009914E+000  0.642719248335829E-003  0.159372399536027E-002 -0.245266990308307E+000  0.937376750092651E+000  0.844715750612412E+000  0.248975510191580E+002  0.548149037394790E+000 -0.183909306888518E+000  0.167381555507744E+002
      2.32000000  0.600383505093844E-002 -0.170907076008103E-002  0.174540574581437E+000  0.154249802401921E-002  0.120543785853179E-002 -0.245501385311063E+000  0.850354760047080E+000  0.883054607020958E+000  0.248172841336428E+002  0.582461256251334E+000 -0.165805271712724E+000  0.169330305504718E+002
      2.33000000  0.606196211371963E-002 -0.142847406240898E-002  0.177573630848039E+000  0.265479334557077E-002  0.924258353286630E-003 -0.245867520547650E+000  0.743550961649242E+000  0.910718035253681E+000  0.247504321424213E+002  0.585576409243222E+000 -0.137988442763339E+000  0.171533452663682E+002
      2.34000000  0.569844451197703E-002 -0.110178991340864E-002  0.180954903969895E+000  0.380318323404802E-002  0.786635663673812E-003 -0.246175991973422E+000  0.634188235777532E+000  0.924336914048040E+000  0.246786051029054E+002  0.548108758365398E+000 -0.105976411659120E+000  0.174052704253951E+002
      2.35000000  0.492179549849465E-002 -0.800999687380965E-003  0.184640426449124E+000  0.477075885503961E-002  0.797113757339260E-003 -0.246224844595730E+000  0.543073992300647E+000  0.923655330757598E+000  0.245825240084548E+002  0.471391750489374E+000 -0.767168495504212E-001  0.176841914422446E+002
      2.36000000  0.385926849785191E-002 -0.593732527276011E-003  0.188483523708038E+000  0.537033276593485E-002  0.921487479105527E-003 -0.245861486613840E+000  0.487828427736393E+000  0.912117235269210E+000  0.244479444098578E+002  0.368060546800797E+000 -0.566245957658200E-001  0.179757767145601E+002
      2.37000000  0.272182856473709E-002 -0.521303258765969E-003  0.192276281209195E+000  0.550808972208375E-002  0.109364078461136E-002 -0.245030330140952E+000  0.476906967406906E+000  0.896138969505851E+000  0.242700745517683E+002  0.258486994577897E+000 -0.495072005518081E-001  0.182601206785337E+002
      2.38000000  0.173772095243252E-002 -0.584190911479027E-003  0.195810217067613E+000  0.521525623549452E-002  0.123473766729454E-002 -0.243790168926467E+000  0.506797840554163E+000  0.883231953261633E+000  0.240550201824931E+002  0.164334730175099E+000 -0.552464166782723E-001  0.185175986640947E+002
      2.39000000  0.108017394329938E-002 -0.741269031816278E-003  0.198935937985687E+000  0.463504166473380E-002  0.127777552301949E-002 -0.242295944918966E+000  0.563502242406857E+000  0.879667500132936E+000  0.238178394674936E+002  0.101723681935404E+000 -0.698078450131104E-001  0.187344790222998E+002
      2.40000000  0.817291004064641E-003 -0.923252133912650E-003  0.201602378976548E+000  0.397059865622108E-002  0.118806625291250E-002 -0.240752080292545E+000  0.627633137870679E+000  0.888581913987799E+000  0.235779799097000E+002  0.766463984349688E-001 -0.865835431442083E-001  0.189064802960341E+002
      2.41000000  0.902471710183699E-003 -0.105485967602919E-002  0.203864147077358E+000  0.341574163826421E-002  0.972134956766848E-003 -0.239354014186183E+000  0.680997382343623E+000  0.909210464734831E+000  0.233537272891505E+002  0.842835519772293E-001 -0.985153543651713E-001  0.190392610013122E+002
      2.42000000  0.120617170401009E-002 -0.107699945242443E-002  0.205857121807870E+000  0.309636490540044E-002  0.672730074803571E-003 -0.238237477495910E+000  0.712019523488153E+000  0.937432074892759E+000  0.231575119174721E+002  0.112181190747288E+000 -0.100167397896559E+000  0.191459449524800E+002
      2.43000000  0.157259899513770E-002 -0.961196003323630E-003  0.207753137593691E+000  0.304423994687882E-002  0.353431082211658E-003 -0.237450720616450E+000  0.718032611241737E+000  0.967264065547986E+000  0.229934567640221E+002  0.145659225278045E+000 -0.890290949042694E-001  0.192427701941463E+002
      2.44000000  0.187593847682931E-002 -0.712733523988713E-003  0.209710387130007E+000  0.320942037968319E-002  0.798993297880655E-004 -0.236955642291714E+000  0.703951370320009E+000  0.992629794698804E+000  0.228576518175935E+002  0.173043400280305E+000 -0.657451371716778E-001  0.193444502105479E+002
      2.45000000  0.205366919454692E-002 -0.364118756133496E-003  0.211835539920154E+000  0.350043217614063E-002 -0.953178668543063E-004 -0.236653496183584E+000  0.678425310936470E+000  0.100875657971744E+001  0.227406796137209E+002  0.188664713225183E+000 -0.334505483591248E-001  0.194607249775468E+002
      2.46000000  0.210733579402816E-002  0.361607398339227E-004  0.214167520903889E+000  0.383084809402706E-002 -0.140760960696308E-003 -0.236423401065170E+000  0.649501551812116E+000  0.101287874044560E+001  0.226312506146735E+002  0.192807938996402E+000  0.330847971154927E-002  0.195949778969568E+002
      2.47000000  0.207692020056976E-002  0.434432646852472E-003  0.216684341493827E+000  0.415123582257796E-002 -0.473107910013230E-004 -0.236159476169928E+000  0.621725794625722E+000  0.100431111424080E+001  0.225196250003231E+002  0.189255771552004E+000  0.395869257494289E-001  0.197449869385460E+002
      2.48000000  0.200585731584734E-002  0.779553798641176E-003  0.219326651020824E+000  0.445561229106836E-002  0.174113641447059E-003 -0.235795116193733E+000  0.595627150883852E+000  0.984198169709903E+000  0.223997845221112E+002  0.182043271438945E+000  0.707490620823883E-001  0.199051750840573E+002
      2.49000000  0.191493324111527E-002  0.102809739636393E-002  0.222027240410566E+000  0.476540557814651E-002  0.495355008972069E-003 -0.235308982652391E+000  0.569248501194850E+000  0.955224186261529E+000  0.222698993396603E+002  0.173093423045648E+000  0.929311235191193E-001  0.200693445739451E+002
      2.50000000  0.179537461504186E-002  0.114922261900609E-002  0.224735492845117E+000  0.510411429182024E-002  0.873559717457019E-003 -0.234714186885774E+000  0.540477630741143E+000  0.921353596705651E+000  0.221312704006777E+002  0.161637210619166E+000  0.103464278129089E+000  0.202328906102759E+002
      2.51000000  0.161968666361029E-002  0.113051964910876E-002  0.227429145079080E+000  0.547760988148926E-002  0.125521450462292E-002 -0.234037548027173E+000  0.508816632407761E+000  0.887443519934704E+000  0.219864071137105E+002  0.145239103749397E+000  0.101374953746699E+000  0.203938242747209E+002
      2.52000000  0.136001984178728E-002  0.983439008079340E-003  0.230111122971886E+000  0.586864156943592E-002  0.158406287566355E-002 -0.233298265580233E+000  0.475840670416966E+000  0.858518990280576E+000  0.218370985061154E+002  0.121470544768568E+000  0.878361244355596E-001  0.205524379908818E+002
      2.53000000  0.100241802745228E-002  0.744592892905450E-003  0.232794737811402E+000  0.624435269337738E-002  0.181326057930600E-002 -0.232494469771818E+000  0.444488339800021E+000  0.838688260537596E+000  0.216832309499804E+002  0.891773623285232E-001  0.662406584672417E-001  0.207099434701350E+002
      2.54000000  0.550867489991269E-003  0.469338942183707E-003  0.235484473294936E+000  0.656866021943227E-002  0.191856354669739E-002 -0.231602495942540E+000  0.417937853754378E+000  0.829992239148608E+000  0.215227613182600E+002  0.488134722774516E-001  0.415890642654842E-001  0.208667511112969E+002
      2.55000000  0.231150543087997E-004  0.217221871632731E-003  0.238160828308531E+000  0.681097038489411E-002  0.190666560518992E-002 -0.230588676650645E+000  0.398833063344067E+000  0.831709102180000E+000  0.213527956423156E+002  0.204023885058673E-002  0.191729812001153E-001  0.210211478680369E+002
      2.56000000 -0.554845886089118E-003  0.335858107272252E-004  0.240775893833924E+000  0.694816044895492E-002  0.181325754000331E-002 -0.229428635367765E+000  0.389119659285814E+000  0.840578899699071E+000  0.211713020262985E+002 -0.487818965074369E-001  0.295285516949964E-002  0.211689498453009E+002
      2.57000000 -0.114998120671235E-002 -0.648594404146271E-004  0.243262146790674E+000  0.696351241078679E-002  0.168948744765985E-002 -0.228126126045509E+000  0.390152137270747E+000  0.852038705715921E+000  0.209787437997599E+002 -0.100712620258415E+000 -0.568023560256806E-002  0.213043205140867E+002
      2.58000000 -0.171953006275574E-002 -0.930808932643327E-004  0.245551785271671E+000  0.684913527402250E-002  0.158147389173590E-002 -0.226723471927861E+000  0.402493941300710E+000  0.862035104552405E+000  0.207789418235092E+002 -0.150008663795702E+000 -0.812020721586904E-002  0.214214895098841E+002
      2.59000000 -0.221083550269014E-002 -0.866810399345491E-004  0.247599692183241E+000  0.661502846376326E-002  0.151205247738096E-002 -0.225298702478078E+000  0.425145111804182E+000  0.868600602009118E+000  0.205787608674957E+002 -0.192124584600089E+000 -0.753269918538263E-002  0.215167469266402E+002
      2.60000000 -0.257099699416728E-002 -0.811863351699268E-004  0.249401457689440E+000  0.630055024039771E-002  0.147404976672831E-002 -0.223949505199249E+000  0.454579563629626E+000  0.872395769206682E+000  0.203866618295537E+002 -0.222563783949308E+000 -0.702806654437499E-002  0.215899638435064E+002
      2.61000000 -0.276778971405468E-002 -0.917704200617917E-004  0.250999549148008E+000  0.597813384018777E-002  0.143930472568313E-002 -0.222769184287472E+000  0.484473016248710E+000  0.875880928101286E+000  0.202105979421913E+002 -0.238681555329587E+000 -0.791386227153428E-002  0.216450557907118E+002
      2.62000000 -0.281384883031855E-002 -0.104322468061018E-003  0.252475099310756E+000  0.573977348149169E-002  0.137958352332632E-002 -0.221822918679248E+000  0.506917331554551E+000  0.881485092187239E+000  0.200559848776987E+002 -0.241727325011961E+000 -0.896195661661784E-002  0.216892001201106E+002
      2.63000000 -0.277940808010091E-002 -0.836207637884380E-004  0.253928140289436E+000  0.566525034371571E-002  0.128867041249818E-002 -0.221132469444923E+000  0.515169834954547E+000  0.889716031794828E+000  0.199244402547572E+002 -0.237860782215701E+000 -0.715623604414006E-002  0.217310824229995E+002
      2.64000000 -0.278045038494028E-002  0.450321997454900E-005  0.255453262847504E+000  0.578318322854986E-002  0.119326826749776E-002 -0.220674190042819E+000  0.506951887111988E+000  0.898267330601862E+000  0.198136859345168E+002 -0.237048656612822E+000  0.383924220040271E-003  0.217787927859982E+002
      2.65000000 -0.293991752211470E-002  0.168138346228505E-003  0.257118987472281E+000  0.604443013860010E-002  0.114536065215673E-002 -0.220390169209991E+000  0.486623761067522E+000  0.902720201848233E+000  0.197185679331753E+002 -0.249698278525309E+000  0.142806236200636E-001  0.218380849343752E+002
      2.66000000 -0.333474492887838E-002  0.375150065011752E-003  0.258957221613935E+000  0.632589068253416E-002  0.119819893767040E-002 -0.220207689618832E+000  0.464738112156688E+000  0.898615031846807E+000  0.196327569631304E+002 -0.282167674986172E+000  0.317431239488775E-001  0.219115280784786E+002
      2.67000000 -0.395253342956465E-002  0.558988398360275E-003  0.260965050722858E+000  0.647030116085496E-002  0.137720343942100E-002 -0.220059726027782E+000  0.454569387086554E+000  0.883905107753803E+000  0.195504983865446E+002 -0.333188931620529E+000  0.471213591376113E-001  0.219987175289301E+002
      2.68000000 -0.468144866613457E-002  0.643568508611002E-003  0.263116600277488E+000  0.634957701056149E-002  0.166076983272522E-002 -0.219899666392123E+000  0.466743354524896E+000  0.860523535909208E+000  0.194678378175917E+002 -0.393162191357699E+000  0.540488261603068E-001  0.220973263887352E+002
      2.69000000 -0.534388780163786E-002  0.576200369991888E-003  0.265379570378522E+000  0.592500530569719E-002  0.198187870777723E-002 -0.219706266688364E+000  0.504249981500004E+000  0.834174594729802E+000  0.193830022347136E+002 -0.447127443747012E+000  0.482111541416705E-001  0.222045247450107E+002
      2.70000000 -0.576409033278966E-002  0.352680412556311E-003  0.267730212827644E+000  0.527540044352861E-002  0.225129953796697E-002 -0.219478640173348E+000  0.560237753164980E+000  0.812329593987603E+000  0.192959418850045E+002 -0.480499886755914E+000  0.293997644919491E-001  0.223182374871907E+002
      2.71000000 -0.584225491471424E-002  0.219217121995880E-004  0.270161852916599E+000  0.457662750257773E-002  0.239222222258978E-002 -0.219224343751657E+000  0.619895903000550E+000  0.801318008243546E+000  0.192073090228749E+002 -0.485218652282121E+000  0.182067092320994E-002  0.224378381436382E+002
      2.72000000 -0.560219981829892E-002 -0.332588480605524E-003  0.272684668153177E+000  0.403750507247306E-002  0.237016010563955E-002 -0.218945429388533E+000  0.665904633583672E+000  0.803874052231474E+000  0.191172907881790E+002 -0.463570687203032E+000 -0.275210230821311E-001  0.225641039422765E+002
      2.73000000 -0.518971204016505E-002 -0.625787590809409E-003  0.275317290651415E+000  0.381768518545383E-002  0.220422390406738E-002 -0.218627510328675E+000  0.685251447764482E+000  0.818273050577465E+000  0.190247162906457E+002 -0.427865125543873E+000 -0.515929754932896E-001  0.226984977619722E+002
      2.74000000 -0.482013842536093E-002 -0.802871472118240E-003  0.278073184713801E+000  0.396245939520434E-002  0.195521976648552E-002 -0.218235790538362E+000  0.674507836100424E+000  0.839390477171116E+000  0.189267552340440E+002 -0.395945328364764E+000 -0.659510538099856E-001  0.228420366211157E+002
      2.75000000 -0.469639124669240E-002 -0.855570382427588E-003  0.280946348401199E+000  0.438276975000711E-002  0.169747122732643E-002 -0.217720047828627E+000  0.641291029818314E+000  0.861070010381832E+000  0.188193559322590E+002 -0.384377406015588E+000 -0.700243882987588E-001  0.229941295253158E+002
      2.76000000 -0.493165441424871E-002 -0.816999226387375E-003  0.283901527623317E+000  0.488908809170764E-002  0.148869035043686E-002 -0.217028032802093E+000  0.601301083066915E+000  0.878599194934817E+000  0.186983601029962E+002 -0.402170146409137E+000 -0.666252480188064E-001  0.231518085695875E+002
      2.77000000 -0.550870507787511E-002 -0.740217078770726E-003  0.286873532699460E+000  0.526454054965647E-002  0.135181671428050E-002 -0.216123922095846E+000  0.572233291922187E+000  0.890159040406656E+000  0.185610041977620E+002 -0.447606132901366E+000 -0.601458417998871E-001  0.233097163104781E+002
      2.78000000 -0.629143627785687E-002 -0.673051130797837E-003  0.289778068428547E+000  0.534641415827160E-002  0.127511797571851E-002 -0.215005930297868E+000  0.567143366146994E+000  0.896763838641074E+000  0.184073202135272E+002 -0.509367559024683E+000 -0.544915972207986E-001  0.234610255680149E+002
      2.79000000 -0.708179791867239E-002 -0.641724936377221E-003  0.292532739863229E+000  0.508292692875839E-002  0.122663410874584E-002 -0.213715974668296E+000  0.589950828601007E+000  0.901045144470759E+000  0.182408652643900E+002 -0.571301812767956E+000 -0.517691444546947E-001  0.235991603399452E+002
      2.80000000 -0.769711002898864E-002 -0.648907307078056E-003  0.295082424560586E+000  0.454402136312464E-002  0.117217343017534E-002 -0.212335546033295E+000  0.634734538340225E+000  0.905776308053291E+000  0.180683267200354E+002 -0.618722541887729E+000 -0.521616005192549E-001  0.237198308329898E+002
      2.81000000 -0.803605222925748E-002 -0.682486263304531E-003  0.297419779910041E+000  0.388483207918323E-002  0.108628111335755E-002 -0.210966160928507E+000  0.688833950003314E+000  0.912991399283200E+000  0.178979007692118E+002 -0.643669167360985E+000 -0.546655686528717E-001  0.238226353724274E+002
      2.82000000 -0.810837187485851E-002 -0.725449995004334E-003  0.299591366079943E+000  0.327938840963376E-002  0.952295649366317E-003 -0.209699050953927E+000  0.738260044289285E+000  0.923993809224787E+000  0.177368464644264E+002 -0.647158747398417E+000 -0.579008113235292E-001  0.239114801585318E+002
      2.83000000 -0.801944917074540E-002 -0.758278779934082E-003  0.301683947875383E+000  0.285245295545050E-002  0.756238790118343E-003 -0.208584662120409E+000  0.773139789638679E+000  0.939855102366607E+000  0.175890765126774E+002 -0.637799800477304E+000 -0.603071413323988E-001  0.239934137202393E+002
      2.84000000 -0.791898541535474E-002 -0.752389125969109E-003  0.303793285285006E+000  0.263598202924724E-002  0.484139238031533E-003 -0.207614987964381E+000  0.791094256365458E+000  0.961631199901420E+000  0.174538160613944E+002 -0.627592115071512E+000 -0.596280278541979E-001  0.240760981939502E+002
      2.85000000 -0.793609876837682E-002 -0.661679196566608E-003  0.305986219002479E+000  0.256533677301520E-002  0.130107206257587E-003 -0.206728545135384E+000  0.797406362499341E+000  0.989724977843828E+000  0.173260778759157E+002 -0.626741538952098E+000 -0.522551256041844E-001  0.241648043192098E+002
      2.86000000 -0.812676746302335E-002 -0.423300638652897E-003  0.308271983681703E+000  0.251432875959648E-002 -0.285810894305965E-003 -0.205839148957570E+000  0.802128928583700E+000  0.102249256691788E+001  0.171990005436641E+002 -0.639555260592744E+000 -0.333126487861894E-001  0.242601956748553E+002
      2.87000000 -0.845348412456434E-002  0.248561406197625E-004  0.310597101993012E+000  0.235363296236763E-002 -0.700167551609723E-003 -0.204878731185365E+000  0.815420648229692E+000  0.105490935709735E+001  0.170672390293500E+002 -0.662949000486065E+000  0.194929727636554E-002  0.243580085188541E+002
      2.88000000 -0.880409514421805E-002  0.712425768584237E-003  0.312869396027905E+000  0.200894376380032E-002 -0.100322587151695E-002 -0.203836312814597E+000  0.842999307684469E+000  0.107840296936887E+001  0.169299841078667E+002 -0.688047648600795E+000  0.556766898639116E-001  0.244510138441115E+002
      2.89000000 -0.904186833766136E-002  0.160379483102926E-002  0.315003741164126E+000  0.149585881390838E-002 -0.106025539649213E-002 -0.202774470205606E+000  0.883501847666895E+000  0.108257316368636E+001  0.167921662790858E+002 -0.704184743361257E+000  0.124904257540268E+000  0.245326320120769E+002
      2.90000000 -0.906694987421470E-002  0.258249767429185E-002  0.316970978847107E+000  0.917386820381958E-003 -0.754945014388397E-003 -0.201812756512615E+000  0.928799872037181E+000  0.105859271185841E+001  0.166630701128285E+002 -0.703703145645548E+000  0.200432533788424E+000  0.246007177703049E+002
      2.91000000 -0.886462076163716E-002  0.346640879095448E-002  0.318827697544051E+000  0.424183274203386E-003 -0.399520212730227E-004 -0.201081768514060E+000  0.967191465884800E+000  0.100309009650456E+001  0.165527067271283E+002 -0.685635738991998E+000  0.268110031657518E+000  0.246597874736787E+002
      2.92000000 -0.852010837566678E-002  0.405451904587786E-002  0.320711125345726E+000  0.152298574775186E-003  0.102743745486383E-002 -0.200665603008568E+000  0.988260779415977E+000  0.920804807682951E+000  0.164673658687928E+002 -0.656732551630071E+000  0.312523564399344E+000  0.247205113359802E+002
      2.93000000 -0.819215720085283E-002  0.419094976732056E-002  0.322798015411882E+000  0.162962483936922E-003  0.228328955468982E-002 -0.200557415796771E+000  0.987481673028827E+000  0.824604016059699E+000  0.164062655820179E+002 -0.629298842052646E+000  0.321937161484289E+000  0.247964501089460E+002
      2.94000000 -0.805397920056196E-002  0.382200947819175E-002  0.325242713516257E+000  0.409496037439338E-003  0.349456791497516E-002 -0.200648665663307E+000  0.968650642195490E+000  0.732470036526432E+000  0.163608490382726E+002 -0.616580021841852E+000  0.292597563124921E+000  0.248992646255858E+002
      2.95000000 -0.822428381811518E-002  0.302274336900014E-002  0.328119782111367E+000  0.746696578851385E-003  0.442548697142544E-002 -0.200758627423917E+000  0.943029711198524E+000  0.662351110223240E+000  0.163171680541538E+002 -0.627483555668705E+000  0.230624550295359E+000  0.250343704227448E+002
      2.96000000 -0.871662017140146E-002  0.198068801491680E-002  0.331395383913609E+000  0.981070322438556E-003  0.490916902319982E-002 -0.200693139646772E+000  0.925400708491856E+000  0.626713271568390E+000  0.162604412607047E+002 -0.662800284811255E+000  0.150608900536504E+000  0.251988672815785E+002
      2.97000000 -0.942899570886906E-002  0.941418620232988E-003  0.334939284008563E+000  0.942815683370680E-003  0.489820832095798E-002 -0.200308670630549E+000  0.928550922737146E+000  0.628800760375045E+000  0.161799232201302E+002 -0.714554344816970E+000  0.713432041067037E-001  0.253825887748664E+002
      2.98000000 -0.101794374067385E-001  0.135404204423951E-003  0.338571580857010E+000  0.550281430035065E-003  0.447591833392096E-002 -0.199555900043178E+000  0.958438150188341E+000  0.661941262397642E+000  0.160721283582048E+002 -0.768836136518525E+000  0.102268564791962E-001  0.255717536991542E+002
      2.99000000 -0.107735212886654E-001 -0.287720646608613E-003  0.342123688354923E+000 -0.160062241569564E-003  0.382539360465409E-002 -0.198486980385707E+000  0.101204880516812E+001  0.712040630058124E+000  0.159412561740041E+002 -0.810984887559045E+000 -0.216583872613488E-001  0.257536169927756E+002
      3.00000000 -0.110758089089902E-001 -0.295410311584033E-003  0.345488642218349E+000 -0.105060827179388E-002  0.316921454801724E-002 -0.197227356672431E+000  0.107882170712611E+001  0.762230216884642E+000  0.157969489316393E+002 -0.830960681966248E+000 -0.221631084456936E-001  0.259202266948036E+002
      3.01000000 -0.110554372300453E-001  0.308487178263368E-004  0.348643226907616E+000 -0.193859475615776E-002  0.270222922935984E-002 -0.195928027348124E+000  0.114495954379529E+001  0.797939246934382E+000  0.156506315313603E+002 -0.826676711176653E+000  0.230673071232193E-002  0.260699988789881E+002
      3.02000000 -0.107879461037996E-001  0.533011567979236E-003  0.351639292747628E+000 -0.266625098094531E-002  0.254014964612489E-002 -0.194720081715683E+000  0.119871029165573E+001  0.810687785719359E+000  0.155120937621684E+002 -0.804003798581755E+000  0.397242738534250E-001  0.262069651052594E+002
      3.03000000 -0.104152916297384E-001  0.103220620822485E-002  0.354575806632564E+000 -0.315501087481880E-002  0.269868839834646E-002 -0.193687933944854E+000  0.123436054945188E+001  0.799536001322905E+000  0.153875290522170E+002 -0.773668797318261E+000  0.766743519136407E-001  0.263386036251063E+002
      3.04000000 -0.100843017174569E-001  0.138250788731793E-002  0.357569262716461E+000 -0.342246848137520E-002  0.310577226937437E-002 -0.192864779231332E+000  0.125339156228192E+001  0.770055884601625E+000  0.152792572041301E+002 -0.746618115145337E+000  0.102357650725189E+000  0.264735919693006E+002
      3.05000000 -0.989179185220491E-002  0.150606942709605E-002  0.360735517244454E+000 -0.355895439155920E-002  0.363806151608027E-002 -0.192241242308412E+000  0.126263273639926E+001  0.731529560080031E+000  0.151864261132417E+002 -0.729963937778457E+000  0.111140265181149E+000  0.266204467904988E+002
      3.06000000 -0.985875949291090E-002  0.140154411356461E-002  0.364184540703207E+000 -0.367898232663547E-002  0.416640113413505E-002 -0.191773226835111E+000  0.127060296481639E+001  0.693545551619329E+000  0.151056409481167E+002 -0.725148780650217E+000  0.103088832394144E+000  0.267871404929278E+002
      3.07000000 -0.994020721703680E-002  0.112766129277682E-002  0.368018643303590E+000 -0.387232576494031E-002  0.459436521477689E-002 -0.191380111226930E+000  0.128389633491392E+001  0.663167944820032E+000  0.150308732918761E+002 -0.728758004492215E+000  0.826735474949311E-001  0.269809799991078E+002
      3.08000000 -0.100598725416579E-001  0.771561142629762E-003  0.372321548866186E+000 -0.417611055668717E-002  0.487882671960068E-002 -0.190935967664327E+000  0.130517401148630E+001  0.643474208559224E+000  0.149528622143003E+002 -0.735136586281850E+000  0.563827048654723E-001  0.272078191149279E+002
      3.09000000 -0.101492892638408E-001  0.414952500701240E-003  0.377132586680856E+000 -0.457596839957857E-002  0.502911619405874E-002 -0.190266659000520E+000  0.133331189501516E+001  0.633680982358282E+000  0.148589551176769E+002 -0.739270585413002E+000  0.302249911434592E-001  0.274702021871793E+002
      3.10000000 -0.101723966966574E-001  0.109869235812533E-003  0.382413227561961E+000 -0.502890991759415E-002  0.508901474850406E-002 -0.189167312710769E+000  0.136512236675573E+001  0.630513741570948E+000  0.147344311315125E+002 -0.738563549223126E+000  0.797702008404776E-002  0.277649878431147E+002
      3.11000000 -0.101279718062008E-001 -0.129257875008510E-003  0.388024059871415E+000 -0.549143455089445E-002  0.511113616399300E-002 -0.187445578419285E+000  0.139742181127902E+001  0.630100846479729E+000  0.145656649644495E+002 -0.732973663347696E+000 -0.935454995081253E-002  0.280817741274583E+002
      3.12000000 -0.100353057375759E-001 -0.317350833319043E-003  0.393731542118348E+000 -0.593754762101279E-002  0.513467963007680E-002 -0.184980628854474E+000  0.142833029006186E+001  0.629588012474687E+000  0.143443656321442E+002 -0.723939527191897E+000 -0.228934541940960E-001  0.284035019854359E+002
      3.13000000 -0.991622150543136E-002 -0.480593556000560E-003  0.399253134787171E+000 -0.636068311197232E-002  0.517481002815330E-002 -0.181774802418837E+000  0.145738898082703E+001  0.627885709273043E+000  0.140712047990401E+002 -0.713063419161263E+000 -0.345588976689284E-001  0.287098069810421E+002
      3.14000000 -0.978515099639335E-002 -0.638124273311155E-003  0.404331296081100E+000 -0.676448747906347E-002  0.522616662757858E-002 -0.177972305896352E+000  0.148487693379960E+001  0.625389557191268E+000  0.137570146668694E+002 -0.701397412085117E+000 -0.457406037018856E-001  0.289823759286734E+002
      3.15000000 -0.965069145746719E-002 -0.792219160101102E-003  0.408810635650595E+000 -0.715323962276996E-002  0.527651987659448E-002 -0.173830343449332E+000  0.151111484532231E+001  0.622980945307497E+000  0.134205637990392E+002 -0.689563321188816E+000 -0.566058170605013E-001  0.292104271387120E+002
      3.16000000 -0.952293213924585E-002 -0.930911120287389E-003  0.412687265792696E+000 -0.753042779630122E-002  0.532215865459737E-002 -0.169647962712253E+000  0.153636303756509E+001  0.620923371208033E+000  0.130833635297276E+002 -0.678281360222450E+000 -0.663051727852320E-001  0.293941063419697E+002
      3.17000000 -0.941690226264125E-002 -0.104048295839744E-002  0.416108738035720E+000 -0.790604027348805E-002  0.537627175970496E-002 -0.165677177139800E+000  0.156134005854712E+001  0.618277089420071E+000  0.127633142633291E+002 -0.668613399955698E+000 -0.738757639197317E-001  0.295443098303225E+002
      3.18000000 -0.934597647380413E-002 -0.112014563298473E-002  0.419323023692834E+000 -0.830526976095266E-002  0.546565570010220E-002 -0.162049782289074E+000  0.158783155944527E+001  0.613151046738131E+000  0.124695824425366E+002 -0.661490846566419E+000 -0.792818262615577E-001  0.296789043611257E+002
      3.19000000 -0.930726341962151E-002 -0.119013112385602E-002  0.422596262238907E+000 -0.876898289913262E-002  0.561760116562429E-002 -0.158747080296433E+000  0.161870669507871E+001  0.603643034610378E+000  0.122006013164098E+002 -0.656685758977882E+000 -0.839712088415747E-001  0.298168145348204E+002
      3.20000000 -0.926819738722953E-002 -0.128813239996236E-002  0.426131260934149E+000 -0.934104599767548E-002  0.584439602473055E-002 -0.155621399504249E+000  0.165700973989974E+001  0.588929857209267E+000  0.119457522462220E+002 -0.651885876189712E+000 -0.906017948382118E-001  0.299722738737356E+002
      3.21000000 -0.916482053664162E-002 -0.145567610148776E-002  0.430016410453158E+000 -0.100463271585863E-001  0.613439804604466E-002 -0.152456779056952E+000  0.170441494254083E+001  0.569876475361053E+000  0.116897607020071E+002 -0.642606639203243E+000 -0.102067151626769E+000  0.301513160261844E+002
      3.22000000 -0.891653703050723E-002 -0.172197292498750E-002  0.434219576333068E+000 -0.108702439931206E-001  0.645499983934703E-002 -0.149041671188339E+000  0.175981820721005E+001  0.548802546789398E+000  0.114178503696498E+002 -0.623256219945910E+000 -0.120364030610195E+000  0.303514751125827E+002
      3.23000000 -0.845285149132454E-002 -0.209452635076029E-002  0.438621559778370E+000 -0.117515010461101E-001  0.676585073477380E-002 -0.145225208721116E+000  0.181887402765468E+001  0.528538573927239E+000  0.111196562988706E+002 -0.589015864331564E+000 -0.145951842419627E+000  0.305642489297812E+002
      3.24000000 -0.774041575448228E-002 -0.256196381014702E-002  0.443068577869048E+000 -0.125934987723771E-001  0.703434820104945E-002 -0.140939830611664E+000  0.187483806125851E+001  0.511341871416899E+000  0.107907285651910E+002 -0.537706830673547E+000 -0.177973055240186E+000  0.307788377696691E+002
      3.25000000 -0.679793491547091E-002 -0.310706580623187E-002  0.447419329524284E+000 -0.132903919447771E-001  0.724358029222448E-002 -0.136190185035323E+000  0.192040867511229E+001  0.498355340644720E+000  0.104316727672520E+002 -0.470782072872353E+000 -0.215175770141559E+000  0.309854392570350E+002
      3.26000000 -0.569253675157804E-002 -0.372108765582335E-002  0.451569853754771E+000 -0.137564777524746E-001  0.738714035340745E-002 -0.131022472548229E+000  0.194976448458976E+001  0.489982561191279E+000  0.100459559015431E+002 -0.393019879881550E+000 -0.256908560689574E+000  0.311769492979788E+002
      3.27000000 -0.452045233528447E-002 -0.440854245875093E-002  0.455453187974564E+000 -0.139465884126400E-001  0.745355986380521E-002 -0.125493520554086E+000  0.195994534547949E+001  0.486970584718207E+000  0.963773400199781E+001 -0.311143273919617E+000 -0.303440503757260E+000  0.313488973033525E+002
      3.28000000 -0.338194862252817E-002 -0.517645033768808E-002  0.459023208756967E+000 -0.138606887992867E-001  0.741082352300321E-002 -0.119654012835537E+000  0.195112422805407E+001  0.491467278096303E+000  0.921069084226377E+001 -0.232070232547618E+000 -0.355209427380489E+000  0.314982971921524E+002
      3.29000000 -0.236160690752090E-002 -0.601157804359327E-002  0.462237310432551E+000 -0.135343794986983E-001  0.720367068605511E-002 -0.113549593922065E+000  0.192590989923294E+001  0.507184647831538E+000  0.876812066459589E+001 -0.161561541405042E+000 -0.411262268884198E+000  0.316224398440633E+002
      3.30000000 -0.152016650382004E-002 -0.685825025026724E-002  0.465049557742327E+000 -0.130234575342983E-001  0.677097038401133E-002 -0.107233341105465E+000  0.188825699021445E+001  0.538190088285408E+000  0.831378472806696E+001 -0.103682030655215E+000 -0.467762781841640E+000  0.317184218839636E+002
      3.31000000 -0.896662988997495E-003 -0.761239492011117E-002  0.467417768388456E+000 -0.123916714919577E-001  0.607946145203636E-002 -0.100778245736106E+000  0.184261303510255E+001  0.586606740727920E+000  0.785275296130329E+001 -0.609715907263727E-001 -0.517630183482273E+000  0.317836302179469E+002
      3.32000000 -0.514110245223495E-003 -0.814185521662905E-002  0.469319694220504E+000 -0.117064114176953E-001  0.515915077021002E-002 -0.942801318374253E-001  0.179361885065876E+001  0.650243002869327E+000  0.739158211675978E+001 -0.348533438103348E-001 -0.551965034261822E+000  0.318168346412111E+002
      3.33000000 -0.381493646020360E-003 -0.833053651615459E-002  0.470769095028664E+000 -0.110405493632377E-001  0.412091908175509E-002 -0.878475954741037E-001  0.174623003651860E+001  0.721467338653653E+000  0.693761344856554E+001 -0.257851315215626E-001 -0.563060438764849E+000  0.318192535006291E+002
      3.34000000 -0.489063576908331E-003 -0.813053951097879E-002  0.471823224389521E+000 -0.104741924858342E-001  0.314191444396004E-002 -0.815822207030830E-001  0.170583040001314E+001  0.788274014270155E+000  0.649762776946248E+001 -0.329568069889802E-001 -0.547897316486995E+000  0.317950214927544E+002
      3.35000000 -0.799738763607978E-003 -0.759908690490407E-002  0.472577552660498E+000 -0.100902583444448E-001  0.241774047309958E-002 -0.755564139901116E-001  0.167792828502257E+001  0.837560685107688E+000  0.607636458951236E+001 -0.537315804978682E-001 -0.510555406741917E+000  0.317507915931284E+002
      3.36000000 -0.124307270219047E-002 -0.690029888777923E-002  0.473148744418158E+000 -0.996201375168194E-002  0.209634577333954E-002 -0.697966615540345E-001  0.166731999061417E+001  0.859573227194872E+000  0.567543096146351E+001 -0.832690342169451E-001 -0.462226564207503E+000  0.316945573008194E+002
      3.37000000 -0.171762592977393E-002 -0.626519031188047E-002  0.473650820134362E+000 -0.101360696812041E-001  0.221919959689865E-002 -0.642776867334215E-001  0.167696460477774E+001  0.851784801674830E+000  0.529295774043543E+001 -0.114716255439877E+000 -0.418437542039041E+000  0.316340406429428E+002
      3.38000000 -0.210345441385961E-002 -0.592106764984343E-002  0.474171229849236E+000 -0.106174407384706E-001  0.269515809248821E-002 -0.589294160640665E-001  0.170701629097809E+001  0.820529191065202E+000  0.492411487865978E+001 -0.140069210138369E+000 -0.394284403514897E+000  0.315751029343458E+002
      3.39000000 -0.228157970164800E-002 -0.601570756921519E-002  0.474753435850437E+000 -0.113625306245438E-001  0.332070861291779E-002 -0.536550471391771E-001  0.175439993802714E+001  0.779526018052694E+000  0.456235468789013E+001 -0.151482415528922E+000 -0.399404812833020E+000  0.315206158221575E+002
      3.40000000 -0.215466148595408E-002 -0.656557610368032E-002  0.475390943443637E+000 -0.122822356525674E-001  0.384180852193053E-002 -0.483554225732266E-001  0.181306409717875E+001  0.745678501392037E+000  0.420105061573048E+001 -0.142635098801161E+000 -0.434630498730203E+000  0.314701100981694E+002
      3.41000000 -0.166379253914915E-002 -0.744878808755315E-002  0.476034707618824E+000 -0.132534036025839E-001  0.403537461173527E-002 -0.429527684796304E-001  0.187478095655287E+001  0.733648127774912E+000  0.383506524240154E+001 -0.109817377674869E+000 -0.491651666528814E+000  0.314203135564342E+002
      3.42000000 -0.799191132029862E-003 -0.844604995835553E-002  0.476611719694884E+000 -0.141350696221948E-001  0.378021218185058E-002 -0.374063927164292E-001  0.193024666430042E+001  0.751219494031167E+000  0.346176163103798E+001 -0.525957709852310E-001 -0.555845143340365E+000  0.313664151831612E+002
      3.43000000  0.394911376137191E-003 -0.931400843018772E-002  0.477048294672372E+000 -0.147867919282324E-001  0.309139323759260E-002 -0.317150454418634E-001  0.197030019178356E+001  0.797144677096091E+000  0.308112177570508E+001  0.259138416137321E-001 -0.611179504651702E+000  0.313036156900841E+002
      3.44000000  0.182061240337517E-002 -0.986327844204793E-002  0.477288990142811E+000 -0.150884732066918E-001  0.210682871103142E-002 -0.259054884616150E-001  0.198721814471758E+001  0.862153081836026E+000  0.269496064358161E+001  0.119120177004570E+000 -0.645340804931338E+000  0.312283651823656E+002
      3.45000000  0.333320480795485E-002 -0.100128581159122E-001  0.477303161985756E+000 -0.149618200183730E-001  0.103352323555731E-002 -0.200129868205475E-001  0.197609391768428E+001  0.932573995491588E+000  0.230562690142267E+001  0.217454890878611E+000 -0.653228677632517E+000  0.311387727384541E+002
      3.46000000  0.475776916615342E-002 -0.980337565654320E-002  0.477076536210336E+000 -0.143916034129467E-001  0.757714653027968E-004 -0.140640052491422E-001  0.193618000119361E+001  0.995071033543504E+000  0.191486959952526E+001  0.309494933666773E+000 -0.637713809261014E+000  0.310340341811427E+002
      3.47000000  0.591796583220775E-002 -0.936854729878409E-002  0.476593049306413E+000 -0.134409729650504E-001 -0.627517311536902E-003 -0.807130440852390E-002  0.187182136614296E+001  0.104070263374869E+001  0.152352873964497E+001  0.383856813791558E+000 -0.607671760522006E+000  0.309132385297524E+002
      3.48000000  0.667493932908073E-002 -0.887993286222062E-002  0.475818640673265E+000 -0.122521298441095E-001 -0.103540099794164E-002 -0.204573069852114E-002  0.179242582784804E+001  0.106696619309361E+001  0.113231086047534E+001  0.431712232157355E+000 -0.574323667730576E+000  0.307743212844189E+002
      3.49000000  0.696736283427678E-002 -0.848820436867724E-002  0.474699517609354E+000 -0.110248871347890E-001 -0.120026876296397E-002  0.398060294675843E-002  0.171100884055026E+001  0.107740684245291E+001  0.743285908394033E+000  0.449333994074210E+000 -0.547414977835270E+000  0.306139690591630E+002
      3.50000000  0.683824704787225E-002 -0.828210460468954E-002  0.473180918128524E+000 -0.997233232961631E-002 -0.123385032420018E-002  0.993342287677172E-002  0.164129074775252E+001  0.107934520941216E+001  0.361211402324779E+000  0.439747134140600E+000 -0.532597278084319E+000  0.304288440034908E+002
      3.51000000  0.643430177664623E-002 -0.827606977867457E-002  0.471240921454458E+000 -0.926300250231632E-002 -0.126151520924199E-002  0.156932539173682E-001  0.159397879422581E+001  0.108089313186472E+001 -0.631086270211689E-002  0.412591792998177E+000 -0.530692931027116E+000  0.302177522078163E+002
      3.52000000  0.597120751461023E-002 -0.842443966111838E-002  0.468923238004835E+000 -0.896797518629873E-002 -0.138363578520243E-002  0.211187938592607E-001  0.157342683094530E+001  0.108847190887675E+001 -0.350369819778787E+000  0.381808661474771E+000 -0.538672290791512E+000  0.299837098943510E+002
      3.53000000  0.567113836169073E-002 -0.865024350756545E-002  0.466349551840751E+000 -0.903384818135131E-002 -0.165598207381012E-002  0.260918253802753E-001  0.157600248603956E+001  0.110558621001852E+001 -0.663627280716678E+000  0.361594497652891E+000 -0.551543668344004E+000  0.297346707439939E+002
      3.54000000  0.569187422579711E-002 -0.887359844746853E-002  0.463699090788953E+000 -0.929589442244559E-002 -0.209053248513385E-002  0.305655737277841E-001  0.159103635590220E+001  0.113291681744204E+001 -0.943370319321756E+000  0.361891438068175E+000 -0.564186623878568E+000  0.294821572191397E+002
      3.55000000  0.607343047896432E-002 -0.902900413456240E-002  0.461158285119995E+000 -0.953123968593915E-002 -0.266907364525491E-002  0.345929707475285E-001  0.160429265215250E+001  0.116922264522010E+001 -0.119323810203793E+001  0.385063174647835E+000 -0.572450282917522E+000  0.292380185956682E+002
      3.56000000  0.672414032858945E-002 -0.906909957429761E-002  0.458859334865838E+000 -0.953540408011404E-002 -0.335845480182788E-002  0.383177354314763E-001  0.160285848708935E+001  0.121233216377378E+001 -0.142256875711066E+001  0.425121476909811E+000 -0.573377237365941E+000  0.290105424038554E+002
      3.57000000  0.745405300097158E-002 -0.896007594895349E-002  0.456834626685090E+000 -0.919442780921824E-002 -0.411914097224271E-002  0.419274762470249E-001  0.157967259205310E+001  0.125969567372296E+001 -0.164336284308965E+001  0.469948790075036E+000 -0.564897626920856E+000  0.288016304749987E+002
      3.58000000  0.804479323226052E-002 -0.867714049543528E-002  0.455009059941533E+000 -0.852472547366840E-002 -0.490534438254218E-002  0.455864673017422E-001  0.153594922953621E+001  0.130839885114821E+001 -0.186601980358349E+001  0.505775904212518E+000 -0.545531557288348E+000  0.286064056679492E+002
      3.59000000  0.832978071718798E-002 -0.820614580683054E-002  0.453235920207987E+000 -0.766467845637055E-002 -0.566138949123446E-002  0.493768339760911E-001  0.148053582106015E+001  0.135493993166151E+001 -0.209567290932216E+001  0.522234303626656E+000 -0.514483032193876E+000  0.284155553675019E+002
      3.60000000  0.825396388761910E-002 -0.755169642745158E-002  0.451361715553664E+000 -0.682113090632144E-002 -0.632154509468915E-002  0.532743874942545E-001  0.142646182295973E+001  0.139522737241487E+001 -0.233075156009800E+001  0.516043532150319E+000 -0.472137284728680E+000  0.282194466977403E+002
      3.61000000  0.789046642964820E-002 -0.674642122835118E-002  0.449291505008852E+000 -0.619213058624179E-002 -0.681819178959029E-002  0.571699144140209E-001  0.138606388813160E+001  0.142509724167716E+001 -0.256440148272510E+001  0.491950889370810E+000 -0.420622526304246E+000  0.280122040245102E+002
      3.62000000  0.740932933124405E-002 -0.585398817267400E-002  0.447025872221180E+000 -0.589637672453098E-002 -0.709757715095236E-002  0.609257728097623E-001  0.136660883603544E+001  0.144129380118421E+001 -0.278807659310865E+001  0.460677078286017E+000 -0.363973316226660E+000  0.277939559070098E+002
      3.63000000  0.701295543510543E-002 -0.496100496195665E-002  0.444654149107479E+000 -0.593589261269573E-002 -0.713698306604520E-002  0.644415669533063E-001  0.136804903714585E+001  0.144252143981953E+001 -0.299563439180268E+001  0.434831231602277E+000 -0.307602111200381E+000  0.275703322347664E+002
      3.64000000  0.686528657301322E-002 -0.415865894793072E-002  0.442309016548107E+000 -0.620346072676899E-002 -0.695509025351378E-002  0.676993763791557E-001  0.138358262685723E+001  0.143005862485108E+001 -0.318609962598062E+001  0.424505735393877E+000 -0.257145066876477E+000  0.273495814550807E+002
      3.65000000  0.704192305311964E-002 -0.352052716195558E-002  0.440104955293057E+000 -0.652744616408671E-002 -0.660986757893060E-002  0.707698026548452E-001  0.140251003259175E+001  0.140759248682287E+001 -0.336396637475737E+001  0.434234860980482E+000 -0.217090645725325E+000  0.271387393240315E+002
      3.66000000  0.751697137012502E-002 -0.308530213474751E-002  0.438088859675401E+000 -0.673248619831159E-002 -0.618402976953708E-002  0.737791217219073E-001  0.141401937163211E+001  0.138029162539986E+001 -0.353710333970440E+001  0.462261885366544E+000 -0.189733007019566E+000  0.269406084259520E+002
      3.67000000  0.818544604158149E-002 -0.285098391826658E-002  0.436223287041489E+000 -0.669116802075316E-002 -0.576385260870954E-002  0.768553782535625E-001  0.141035728403693E+001  0.135348669989504E+001 -0.371340193310719E+001  0.501998663885913E+000 -0.174845709135422E+000  0.267527885637908E+002
      3.68000000  0.890587558356666E-002 -0.278165153452785E-002  0.434406097231407E+000 -0.634975107669570E-002 -0.541983055513707E-002  0.800789469676478E-001  0.138836059448906E+001  0.133148521745176E+001 -0.389775222284730E+001  0.544697121871960E+000 -0.170130109127489E+000  0.265689486300701E+002
      3.69000000  0.954269358910031E-002 -0.282224493071540E-002  0.432513505178666E+000 -0.572519406073365E-002 -0.519599509775568E-002  0.834580818358791E-001  0.134921277388339E+001  0.131693386144176E+001 -0.409059220556092E+001  0.582064199609321E+000 -0.172145078468688E+000  0.263815058988787E+002
      3.70000000  0.999326480648978E-002 -0.291386917308868E-002  0.430444899413942E+000 -0.488353741068700E-002 -0.510979425691467E-002  0.869360233442553E-001  0.129707018757655E+001  0.131083360497195E+001 -0.428840031111884E+001  0.607899725323998E+000 -0.177253410597139E+000  0.261843692914973E+002
      3.71000000  0.101958283543244E-001 -0.300333882046373E-002  0.428150384368221E+000 -0.391487752334911E-002 -0.515908667049058E-002  0.904211479568830E-001  0.123750379070755E+001  0.131298620034020E+001 -0.448557784293491E+001  0.618550100000049E+000 -0.182203491778474E+000  0.259745901816500E+002
      3.72000000  0.101252428566651E-001 -0.304505704575381E-002  0.425633092621058E+000 -0.291623666180972E-002 -0.532993092718339E-002  0.938228735010355E-001  0.117644367756097E+001  0.132248158260057E+001 -0.467664931198948E+001  0.612616633356255E+000 -0.184237812579427E+000  0.257524600582673E+002
      3.73000000  0.978739964282487E-002 -0.299823770257604E-002  0.422931219134685E+000 -0.198425530571558E-002 -0.559983912815403E-002  0.970768808825026E-001  0.111973331146024E+001  0.133790373674555E+001 -0.485778270609244E+001  0.590588200240460E+000 -0.180918719300033E+000  0.255203830076939E+002
      3.74000000  0.921912867176179E-002 -0.282514780716202E-002  0.420092853436469E+000 -0.121125982178389E-002 -0.593520340296725E-002  0.100151660866034E+000  0.107289403399022E+001  0.135718258858584E+001 -0.502716150577368E+001  0.554810344299160E+000 -0.170018369782450E+000  0.252813328624650E+002
      3.75000000  0.849191618084024E-002 -0.249506876359128E-002  0.417156907392437E+000 -0.676203105524189E-003 -0.628624944760345E-002  0.103038912092444E+000  0.104058561850109E+001  0.137729983757668E+001 -0.518438150133838E+001  0.509683655166965E+000 -0.149753688123932E+000  0.250377008922487E+002
      3.76000000  0.771096304025606E-002 -0.199470433905193E-002  0.414147205641399E+000 -0.427281999311837E-003 -0.658545436234999E-002  0.105737287302607E+000  0.102557720166220E+001  0.139420685761242E+001 -0.532945905727121E+001  0.461580073600289E+000 -0.119403474095738E+000  0.247909498026803E+002
      3.77000000  0.700098209255314E-002 -0.134105256371042E-002  0.411078612240627E+000 -0.461928129560909E-003 -0.675443559491364E-002  0.108239683079696E+000  0.102757778205831E+001  0.140324964175815E+001 -0.546206671343069E+001  0.417968826722278E+000 -0.800627910794352E-001  0.245419918202045E+002
      3.78000000  0.647727714266801E-002 -0.589877722457806E-003  0.407968496243719E+000 -0.716122874577482E-003 -0.672032693995651E-002  0.110529788280015E+000  0.104264047382419E+001  0.140015189452267E+001 -0.558133221443000E+001  0.385679855034517E+000 -0.351233935918802E-001  0.242918786743648E+002
      3.79000000  0.621087795781828E-002  0.166573873337331E-003  0.404846073451043E+000 -0.107380705818529E-002 -0.643761155453560E-002  0.112587526857449E+000  0.106376954522511E+001  0.138230663324416E+001 -0.568616892670888E+001  0.368841739118441E+000  0.989222418323252E-002  0.240423545304065E+002
      3.80000000  0.620329366704226E-002  0.815222483934472E-003  0.401755277705596E+000 -0.139825786887892E-002 -0.590774043328257E-002  0.114398925199828E+000  0.108281899402056E+001  0.134991622826435E+001 -0.577586310290503E+001  0.367421884441440E+000  0.482857329288833E-001  0.237960169455055E+002
      3.81000000  0.638488772110412E-002  0.124843292510632E-002  0.398750994223851E+000 -0.157532569069847E-002 -0.518834726007590E-002  0.115965349153032E+000  0.109306184436731E+001  0.130649989909494E+001 -0.585061466247992E+001  0.377185131247804E+000  0.737507623123678E-001  0.235560831546630E+002
      3.82000000  0.664081978716168E-002  0.139351847263775E-002  0.395891111245270E+000 -0.155034062484422E-002 -0.438676022034182E-002  0.117309080107634E+000  0.109134610630231E+001  0.125846801598865E+001 -0.591185377588557E+001  0.391277259004626E+000  0.821061413833450E-001  0.233259136427418E+002
      3.83000000  0.685492213697585E-002  0.123595432741537E-002  0.393227057487450E+000 -0.134153378407163E-002 -0.363769121212419E-002  0.118474620448488E+000  0.107883682318461E+001  0.121377323649653E+001 -0.596230152013967E+001  0.402837625763545E+000  0.726323212516950E-001  0.231084541966968E+002
      3.84000000  0.695221131472072E-002  0.828041768458207E-003  0.390794329779586E+000 -0.102321890859644E-002 -0.307053119686296E-002  0.119526189709016E+000  0.105997408187876E+001  0.117997350113922E+001 -0.600580631186533E+001  0.407490994472972E+000  0.485341351721769E-001  0.229056861000605E+002
      3.85000000  0.692063126543992E-002  0.278986509798825E-003  0.388603746024082E+000 -0.686618362026043E-003 -0.277564190988332E-002  0.120541453205392E+000  0.104014033192950E+001  0.116226654243762E+001 -0.604696263678597E+001  0.404586377994208E+000  0.163098042908918E-001  0.227181272991677E+002
      3.86000000  0.680261503172870E-002 -0.271818013109287E-003  0.386634767757584E+000 -0.397321084382043E-003 -0.278003854582442E-002  0.121600909762819E+000  0.102316757528246E+001  0.116210252823283E+001 -0.609048258973678E+001  0.396656764667580E+000 -0.158495597877307E-001  0.225444620004833E+002
      3.87000000  0.666207987355135E-002 -0.690932025760100E-003  0.384833648492136E+000 -0.169844413016747E-003 -0.304046090052213E-002  0.122773057068148E+000  0.100987794436850E+001  0.117682950587847E+001 -0.614033159012876E+001  0.387458458012292E+000 -0.401837657868864E-001  0.223814566721073E+002
      3.88000000  0.654459882871788E-002 -0.885576909737706E-003  0.383119706751925E+000  0.292983499799207E-004 -0.345661301030062E-002  0.124097821092210E+000  0.998300435260017E+000  0.120051428138781E+001 -0.619877676324924E+001  0.379644908817179E+000 -0.513713329032017E-001  0.222243486487915E+002
      3.89000000  0.645128742871004E-002 -0.825991525272173E-003  0.381401261728485E+000  0.253445504754704E-003 -0.390083016215164E-002  0.125573529768669E+000  0.985335702358493E+000  0.122570112104424E+001 -0.626565506933987E+001  0.373269982109481E+000 -0.477916765092230E-001  0.220677878198944E+002
      3.90000000  0.633903641402078E-002 -0.548247694362090E-003  0.379598759071477E+000  0.538642162396113E-003 -0.425474596098671E-002  0.127153787604034E+000  0.968914202511195E+000  0.124554737921218E+001 -0.633822408890224E+001  0.365834715507288E+000 -0.316401462611671E-001  0.219071787826739E+002
      3.91000000  0.614552133263814E-002 -0.136897903191803E-003  0.377668178271564E+000  0.877468993605185E-003 -0.444084064272650E-002  0.128758398694064E+000  0.949489543076027E+000  0.125563169938241E+001 -0.641182377751632E+001  0.353759611803724E+000 -0.788036465395956E-002  0.217400186093919E+002
      3.92000000  0.582462385197530E-002  0.305974437294513E-003  0.375615607355684E+000  0.121710846113693E-002 -0.443840673295867E-002  0.130297236001018E+000  0.930117329937416E+000  0.125483982999606E+001 -0.648127142672234E+001  0.334432205414150E+000  0.175681225887325E-001  0.215667069923041E+002
      3.93000000  0.537322115996608E-002  0.693713094033582E-003  0.373495774188176E+000  0.148158244745540E-002 -0.427925063181033E-002  0.131699893919553E+000  0.915148495079242E+000  0.124507637537542E+001 -0.654256654172107E+001  0.307729011286704E+000  0.397295473586914E-001  0.213904252010009E+002
      3.94000000  0.483585471070159E-002  0.977916456926404E-003  0.371393147091942E+000  0.160548951066491E-002 -0.402632260507778E-002  0.132940223998669E+000  0.908285600648033E+000  0.123000571281778E+001 -0.659427745417309E+001  0.276250643307969E+000  0.558639716221282E-001  0.212160211466393E+002
      3.95000000  0.428612118376227E-002  0.115349628239445E-002  0.369391549071570E+000  0.156133424937325E-002 -0.374518319550861E-002  0.134045745507161E+000  0.911033794806762E+000  0.121340384788948E+001 -0.663804502774330E+001  0.244226972456889E+000  0.657272374511332E-001  0.210482568767971E+002
      3.96000000  0.379582086045247E-002  0.124617648866364E-002  0.367543572278815E+000  0.136704939048271E-002 -0.348068529706669E-002  0.135087531195914E+000  0.922301024013354E+000  0.119783168420737E+001 -0.667796900065216E+001  0.215743041867541E+000  0.708289237696157E-001  0.208900712698127E+002
      3.97000000  0.340848253988194E-002  0.129035428213148E-002  0.365851672307610E+000  0.107159258245922E-002 -0.324812553995257E-002  0.136154144471700E+000  0.939247316270120E+000  0.118414866514923E+001 -0.671909941614060E+001  0.193239917048554E+000  0.731551215312871E-001  0.207415311598591E+002
      3.98000000  0.313030350253600E-002  0.130912457837164E-002  0.364268144606604E+000  0.728130582969973E-003 -0.304068907501041E-002  0.137319869245874E+000  0.958823211079730E+000  0.117195516181064E+001 -0.676562803808182E+001  0.177022981309966E+000  0.740328008392007E-001  0.205998660839978E+002
      3.99000000  0.294130320428179E-002  0.130628821514005E-002  0.362713304214291E+000  0.370088729762051E-003 -0.284683244341346E-002  0.138619676525767E+000  0.979123425500759E+000  0.116058881239099E+001 -0.681948698062625E+001  0.165917874636510E+000  0.736872567245849E-001  0.204605293497159E+002
      4.00000000  0.281849441705817E-002  0.127320220126105E-002  0.361103754053813E+000  0.256634778531259E-005 -0.266647076780304E-002  0.140040095456344E+000  0.999855595145011E+000  0.115003863730383E+001 -0.687986327991129E+001  0.158592798649835E+000  0.716413341545224E-001  0.203188108558081E+002
      4.01000000  0.275703692255248E-002  0.120492958385537E-002  0.359379042975165E+000 -0.387636654098062E-003 -0.251603387928081E-002  0.141528028379617E+000  0.102175738712703E+001  0.114122070902609E+001 -0.694372789628232E+001  0.154747800584176E+000  0.676306513834420E-001  0.201713354005306E+002
      4.02000000  0.277741261826117E-002  0.111478743393851E-002  0.357516763402800E+000 -0.810496007136682E-003 -0.241912746073310E-002  0.143011998050916E+000  0.104537860093859E+001  0.113544375134926E+001 -0.700705288100020E+001  0.155503664097168E+000  0.624154760179088E-001  0.200168913757227E+002
      4.03000000  0.291500491455105E-002  0.103710092484562E-002  0.355532097345588E+000 -0.125273694867477E-002 -0.238817852035084E-002  0.144425833638975E+000  0.106996504474477E+001  0.113337917206929E+001 -0.706614662682503E+001  0.162802294203543E+000  0.579218268355774E-001  0.198563785679839E+002
      4.04000000  0.319823737740832E-002  0.101457317195342E-002  0.353464913103902E+000 -0.167088997235697E-002 -0.240831886858471E-002  0.145725229717674E+000  0.109308779926576E+001  0.113417107476593E+001 -0.711857223176701E+001  0.178178625713139E+000  0.565234009023342E-001  0.196920631656499E+002
      4.05000000  0.362738471775609E-002  0.107572455895064E-002  0.351362320359560E+000 -0.200153921757670E-002 -0.243444751407365E-002  0.146892307100432E+000  0.111123343688910E+001  0.113529186015370E+001 -0.716338547247261E+001  0.201588090571369E+000  0.597822609656177E-001  0.195265914071076E+002
      4.06000000  0.416545109695349E-002  0.121437690400701E-002  0.349265050627308E+000 -0.218364504077930E-002 -0.240578172006849E-002  0.147929595513087E+000  0.112105487555568E+001  0.113336948143966E+001 -0.720078283851837E+001  0.230920389879398E+000  0.673214933045143E-001  0.193622298725564E+002
      4.07000000  0.474592997174515E-002  0.138337136076868E-002  0.347202396174055E+000 -0.218173321889043E-002 -0.227263354483287E-002  0.148849500366354E+000  0.112065171803899E+001  0.112567858401889E+001 -0.723150502222241E+001  0.262453997503418E+000  0.765016226170689E-001  0.192005902660081E+002
      4.08000000  0.529358137865949E-002  0.150815940480688E-002  0.345195004967860E+000 -0.199870477073555E-002 -0.202278681477066E-002  0.149666163750022E+000  0.111025918081434E+001  0.111158767439005E+001 -0.725638125866375E+001  0.292022090971576E+000  0.831980905565453E-001  0.190427916249746E+002
      4.09000000  0.574812934820500E-002  0.151584232657652E-002  0.343260620155224E+000 -0.167263888375684E-002 -0.169383952897130E-002  0.150393667189008E+000  0.109204604996962E+001  0.109321273075634E+001 -0.727622934013163E+001  0.316322074271242E+000  0.834174667904027E-001  0.188897821892335E+002
      4.10000000  0.607994981719404E-002  0.136693303459905E-002  0.341417014208843E+000 -0.126002281808591E-002 -0.136403571713188E-002  0.151049742963505E+000  0.106917048626006E+001  0.107488040095450E+001 -0.729205949310816E+001  0.333766245543800E+000  0.750394527233904E-001  0.187425025573403E+002
      4.11000000  0.629141569487816E-002  0.107503909088833E-002  0.339679075622756E+000 -0.814166286620354E-003 -0.112440509763903E-002  0.151660395628576E+000  0.104458590317701E+001  0.106157540251780E+001 -0.730532512387892E+001  0.344534594010992E+000  0.588719891814952E-001  0.186017262392930E+002
      4.12000000  0.640493141977516E-002  0.705028651447931E-003  0.338051468882030E+000 -0.369150329084296E-003 -0.104416216613443E-002  0.152260195714773E+000  0.102016658305768E+001  0.105704229792039E+001 -0.731793348492277E+001  0.349899678475276E+000  0.385155253490830E-001  0.184676607004278E+002
      4.13000000  0.644501164691514E-002  0.350320754908579E-003  0.336521805785214E+000  0.639197946593681E-004 -0.114457540611866E-002  0.152885757635414E+000  0.996516533847680E+000  0.106237644703398E+001 -0.733188474294922E+001  0.351236734144447E+000  0.190915896817660E-001  0.183395820687098E+002
      4.14000000  0.642401591773590E-002  0.995573604408899E-004  0.335059746709736E+000  0.488230537229176E-003 -0.139230330128430E-002  0.153564382996455E+000  0.973456947014027E+000  0.107569370918146E+001 -0.734865344098680E+001  0.349246886224900E+000  0.541251743146449E-002  0.182157975223264E+002
      4.15000000  0.633850137198019E-002  0.722804110977966E-005  0.333624562947800E+000  0.906273254155025E-003 -0.171383822140232E-002  0.154303404416602E+000  0.950848435942848E+000  0.109294970224118E+001 -0.736861689523270E+001  0.343767461726217E+000  0.392011486586685E-003  0.180940671056846E+002
      4.16000000  0.617717955282403E-002  0.799061302442643E-004  0.332179026927700E+000  0.130750551186105E-002 -0.202312921371257E-002  0.155086290064858E+000  0.929258140199463E+000  0.110946028287951E+001 -0.739085762104185E+001  0.334212870174927E+000  0.432327681349299E-002  0.179723618282500E+002
      4.17000000  0.593526157941271E-002  0.281537034990827E-003  0.330703666626869E+000  0.166577269221362E-002 -0.224947890612723E-002  0.155878650174913E+000  0.910090422107149E+000  0.112141494447241E+001 -0.741350305791700E+001  0.320353950922028E+000  0.151958764215256E-001  0.178496305126288E+002
      4.18000000  0.562662651828402E-002  0.552264264428637E-003  0.329204595741002E+000  0.194817496468489E-002 -0.235455443512791E-002  0.156642431441547E+000  0.895099404933987E+000  0.112678233004610E+001 -0.743450129925226E+001  0.302968922546272E+000  0.297369851386158E-001  0.177262097181723E+002
      4.19000000  0.528635875742825E-002  0.830211108179550E-003  0.327710844509582E+000  0.213082494860967E-002 -0.233426193386482E-002  0.157352381002284E+000  0.885538343811842E+000  0.112538969336804E+001 -0.745250762922746E+001  0.283967661902410E+000  0.445965016929435E-001  0.176036638006616E+002
      4.20000000  0.496118993301997E-002  0.106662914756571E-002  0.326261980256452E+000  0.221301545781006E-002 -0.220913733231258E-002  0.158007545321190E+000  0.881406350856683E+000  0.111838582363855E+001 -0.746749231944417E+001  0.265866022839333E+000  0.571597647210378E-001  0.174841068907971E+002
      4.21000000  0.469177703285653E-002  0.123057413185898E-002  0.324891299270764E+000  0.222169787862631E-002 -0.201147518491411E-002  0.158632811660246E+000  0.881223867495834E+000  0.110753723329831E+001 -0.748080742144643E+001  0.250831193519046E+000  0.657887994348966E-001  0.173692977712591E+002
      4.22000000  0.449535790720439E-002  0.130596083451447E-002  0.323611727925964E+000  0.220276440201817E-002 -0.177658419334165E-002  0.159270080550752E+000  0.882515148046549E+000  0.109475445070129E+001 -0.749469957702948E+001  0.239760755949119E+000  0.696536657117602E-001  0.172598921205323E+002
      4.23000000  0.435775887689300E-002  0.128748972073579E-002  0.322409993307707E+000  0.220225324608811E-002 -0.154052752219046E-002  0.159963189915851E+000  0.882820088160025E+000  0.108197008203211E+001 -0.751149727002409E+001  0.231872425172377E+000  0.685061685065888E-001  0.171551453763245E+002
      4.24000000  0.423958920105185E-002  0.118067360774895E-002  0.321250635625679E+000  0.224598788335951E-002 -0.134104640590224E-002  0.160742979946339E+000  0.880774863613315E+000  0.107118757934055E+001 -0.753281705092657E+001  0.225052683704980E+000  0.626744128741572E-001  0.170531422411286E+002
      4.25000000  0.409462072752542E-002  0.100627118712009E-002  0.320087212649511E+000  0.232752609844804E-002 -0.121577861643667E-002  0.161618024258432E+000  0.876737235179228E+000  0.106438605941814E+001 -0.755908104671663E+001  0.216845805554559E+000  0.532908175623070E-001  0.169514038279790E+002
      4.26000000  0.389215015532719E-002  0.804327982983285E-003  0.318875653744441E+000  0.241073181528550E-002 -0.119398589644744E-002  0.162573391247938E+000  0.872630461313759E+000  0.106308351342282E+001 -0.758946553681893E+001  0.205639369190014E+000  0.424961762629259E-001  0.168475998276453E+002
      4.27000000  0.363276449722489E-002  0.631265069434214E-003  0.317584999973983E+000  0.244634805668048E-002 -0.128340824438699E-002  0.163576252295169E+000  0.871051395272802E+000  0.106764928725377E+001 -0.762221115362779E+001  0.191485390617429E+000  0.332743943341466E-001  0.167401128866762E+002
      4.28000000  0.334978461216708E-002  0.546481396354453E-003  0.316203017960543E+000  0.239501201558143E-002 -0.145905256870052E-002  0.164585029015394E+000  0.874052311005633E+000  0.107672792368205E+001 -0.765511484397599E+001  0.176156790774560E+000  0.287380892043453E-001  0.166283254973593E+002
      4.29000000  0.309553329320753E-002  0.591208737106264E-003  0.314736760897111E+000  0.224576948847596E-002 -0.166218216129521E-002  0.165558765024850E+000  0.882175892036730E+000  0.108720624776142E+001 -0.768602672921317E+001  0.162406894747820E+000  0.310177168347358E-001  0.165126377779390E+002
      4.30000000  0.291909607953705E-002  0.768234729316293E-003  0.313209593660907E+000  0.202121619033193E-002 -0.181410277475136E-002  0.166464855054721E+000  0.894203673484596E+000  0.109495540873269E+001 -0.771325405117426E+001  0.152793968026657E+000  0.402116372568102E-001  0.163942999255634E+002
      4.31000000  0.284653378823963E-002  0.103294296898742E-002  0.311656073598680E+000  0.176705812870727E-002 -0.184214684027062E-002  0.167284758949011E+000  0.907721645518238E+000  0.109619959659070E+001 -0.773585426246616E+001  0.148650148904639E+000  0.539417894087029E-001  0.162751350217167E+002
      4.32000000  0.287320273644513E-002  0.130237958576063E-002  0.310115140218201E+000  0.153181351001767E-002 -0.170831001214028E-002  0.168017753310749E+000  0.920191633067879E+000  0.108900393643945E+001 -0.775382180640262E+001  0.149695518913358E+000  0.678547272142084E-001  0.161571775806148E+002
      4.33000000  0.297145081406223E-002  0.148125948221096E-002  0.308621587142646E+000  0.134741800020069E-002 -0.142815415166610E-002  0.168682063401938E+000  0.929960873038417E+000  0.107423581244599E+001 -0.776813613369463E+001  0.154456761595294E+000  0.769962409008714E-001  0.160422278177594E+002
      4.34000000  0.310875010324980E-002  0.149576974058309E-002  0.307196559321736E+000  0.122085875216907E-002 -0.107067643755354E-002  0.169311852318022E+000  0.936685677076447E+000  0.105552579575112E+001 -0.778059421157638E+001  0.161221277708076E+000  0.775713391957082E-001  0.159313615300250E+002
      4.35000000  0.326569026736337E-002  0.132177915160468E-002  0.305839502678467E+000  0.114082588504496E-002 -0.737621945923491E-003  0.169948792897685E+000  0.940972228803347E+000  0.103816549047876E+001 -0.779336504703927E+001  0.168970936255944E+000  0.683905216003693E-001  0.158245218868709E+002
      4.36000000  0.344335947952902E-002  0.995822017533116E-003  0.304525281960704E+000  0.109492441497360E-002 -0.529539629661219E-003  0.170628871910257E+000  0.943477166348448E+000  0.102733620694719E+001 -0.780830421830354E+001  0.177755133050538E+000  0.514069112660482E-001  0.157203836352229E+002
      4.37000000  0.365561928076967E-002  0.604217229804680E-003  0.303209662334635E+000  0.108683341072327E-002 -0.511584182391084E-003  0.171367968416593E+000  0.944023232022347E+000  0.102634886708137E+001 -0.782621468222414E+001  0.188280697184403E+000  0.311198821706898E-001  0.156166499388286E+002
      4.38000000  0.391051989530450E-002  0.254626102667259E-003  0.301843544005935E+000  0.114245885529331E-002 -0.692067546650698E-003  0.172151914948132E+000  0.941292615376274E+000  0.103556318501850E+001 -0.784634806561696E+001  0.200949377309026E+000  0.130844384244273E-001  0.155107949420161E+002
      4.39000000  0.419180854731245E-002  0.411686678669513E-004  0.300392226900855E+000  0.130004354535929E-002 -0.102126691266249E-002  0.172936507241126E+000  0.933347007183939E+000  0.105236016626979E+001 -0.786642283323810E+001  0.214913251165832E+000  0.211071000919769E-002  0.154010540747616E+002
      4.40000000  0.445227645375782E-002  0.160501233537069E-004  0.298852623434345E+000  0.158833369234922E-002 -0.140972543345678E-002  0.173659714857824E+000  0.918751500822263E+000  0.107211209852990E+001 -0.788326632356660E+001  0.227748603164849E+000  0.821016666955855E-003  0.152872958914929E+002
      4.41000000  0.462481722620992E-002  0.177114763961784E-003  0.297260764005469E+000  0.200427291388699E-002 -0.175799974944950E-002  0.174263254756817E+000  0.897707323196195E+000  0.108972355957396E+001 -0.789392590904577E+001  0.236038181486912E+000  0.903945923810773E-002  0.151713866151553E+002
      4.42000000  0.464746960518080E-002  0.473878265008224E-003  0.295684954025669E+000  0.250306124523049E-002 -0.198646422896659E-002  0.174716050754036E+000  0.872539539774507E+000  0.110115439457505E+001 -0.789686110570555E+001  0.236657659052121E+000  0.241307486438449E-001  0.150568190825051E+002
      4.43000000  0.449055169181250E-002  0.827630391458695E-003  0.294205527921653E+000  0.300768579960293E-002 -0.205525350894652E-002  0.175030298423322E+000  0.847188860358319E+000  0.110442102396339E+001 -0.789274384226654E+001  0.228150933098245E+000  0.420493202240709E-001  0.149476657490372E+002
      4.44000000  0.417187043382007E-002  0.115696613698122E-002  0.292887872952625E+000  0.343500026291255E-002 -0.196940154665197E-002  0.175263041616347E+000  0.825871411333267E+000  0.109983379493130E+001 -0.788451346324407E+001  0.211482345018981E+000  0.586494512803685E-001  0.148472046728750E+002
      4.45000000  0.375138364597348E-002  0.139979566034244E-002  0.291758607677933E+000  0.372640686690562E-002 -0.177014387123838E-002  0.175501595455740E+000  0.811523791781651E+000  0.108953128758294E+001 -0.787661396868240E+001  0.189739497166752E+000  0.707996168332858E-001  0.147567235823244E+002
      4.46000000  0.330700217386786E-002  0.152584409379345E-002  0.290793954584658E+000  0.386815261580333E-002 -0.151771562668314E-002  0.175837493023583E+000  0.804793166194977E+000  0.107659172000888E+001 -0.787366236200532E+001  0.166888302470198E+000  0.770019241776107E-001  0.146749554121002E+002
      4.47000000  0.290305320899475E-002  0.153802351513359E-002  0.289924780514100E+000  0.389108463982188E-002 -0.127248878274546E-002  0.176338119362861E+000  0.804075191859040E+000  0.106407265420789E+001 -0.787901842343060E+001  0.146175217360816E+000  0.774429214504646E-001  0.145983606771750E+002
      4.48000000  0.256696056147932E-002  0.146485890985079E-002  0.289056507993838E+000  0.385008408666780E-002 -0.108010677811430E-002  0.177025954001006E+000  0.806572385316285E+000  0.105426439344996E+001 -0.789375588914981E+001  0.128963692017399E+000  0.735942796059439E-001  0.145221531767747E+002
      4.49000000  0.228559742931079E-002  0.134815837509357E-002  0.288096799699119E+000  0.379389989403636E-002 -0.963589445939981E-003  0.177872233649510E+000  0.809819580120648E+000  0.104830276247094E+001 -0.791637023251879E+001  0.114572311057749E+000  0.675804140858290E-001  0.144417016428929E+002
      4.50000000  0.202253653613153E-002  0.123019365352160E-002  0.286981646484729E+000  0.374110578984729E-002 -0.922626051695162E-003  0.178806408197599E+000  0.812882782408423E+000  0.104614657520223E+001 -0.794328026763560E+001  0.101160306705384E+000  0.615300465895607E-001  0.143538328522552E+002
      4.51000000  0.174642276814987E-002  0.114346989305237E-002  0.285691823415226E+000  0.367461958844779E-002 -0.938425253751746E-003  0.179737357851442E+000  0.816615713688729E+000  0.104683272411565E+001 -0.796991002733524E+001  0.871563668635977E-001  0.570656105233502E-001  0.142576367106610E+002
      4.52000000  0.145480651510052E-002  0.110462986312176E-002  0.284255638109919E+000  0.355727957203898E-002 -0.981793772274798E-003  0.180579008586512E+000  0.822864405560237E+000  0.104888865773613E+001 -0.799197529503717E+001  0.724424413736654E-001  0.550053105125590E-001  0.141545780728709E+002
      4.53000000  0.118023086435350E-002  0.111282005978313E-002  0.282738605641464E+000  0.335960950619447E-002 -0.102224307597930E-002  0.181272607056578E+000  0.833076733436752E+000  0.105079047227051E+001 -0.800658712047608E+001  0.586401457709315E-001  0.552908185113811E-001  0.140479575230965E+002
      4.54000000  0.974951517131655E-003  0.115214131122743E-002  0.281224340539527E+000  0.308420545655575E-002 -0.103635469820197E-002  0.181800045311725E+000  0.847097803654962E+000  0.105137819505855E+001 -0.801289703794019E+001  0.483340783871875E-001  0.571184181689555E-001  0.139419438620014E+002
      4.55000000  0.882323175736810E-003  0.119743919664010E-002  0.279792580643080E+000  0.277280262206194E-002 -0.101400162558146E-002  0.182185958073564E+000  0.862837991840582E+000  0.105015953827187E+001 -0.801217838911120E+001  0.436458108005036E-001  0.592336301015971E-001  0.138404774735002E+002
      4.56000000  0.910373677394631E-003  0.122236596364361E-002  0.278499902914445E+000  0.249126303348494E-002 -0.961261097604075E-003  0.182489465664098E+000  0.877035140855157E+000  0.104744634905249E+001 -0.800739550147510E+001  0.449346253307539E-001  0.603340781453437E-001  0.137463209919757E+002
      4.57000000  0.102233224520521E-002  0.120819513275969E-002  0.277367111019390E+000  0.229963761047855E-002 -0.899145486721469E-003  0.182788553913504E+000  0.886741846111450E+000  0.104428330683029E+001 -0.800241589103816E+001  0.503503083377486E-001  0.595041364995843E-001  0.136604510207673E+002
      4.58000000  0.115017132344181E-002  0.115136508048633E-002  0.276375340100619E+000  0.222275716688464E-002 -0.857872634484516E-003  0.183161036976446E+000  0.890767262749462E+000  0.104215835066159E+001 -0.800106485974162E+001  0.565227564388923E-001  0.565814211241434E-001  0.135818862075930E+002
      4.59000000  0.122509891725928E-002  0.106745873827481E-002  0.275471164399865E+000  0.223701736434793E-002 -0.867417059339330E-003  0.183666179188250E+000  0.890305981855241E+000  0.104253452126152E+001 -0.800622476765040E+001  0.600737504324808E-001  0.523437323604458E-001  0.135079590295646E+002
      4.60000000  0.120979398063591E-002  0.989661672382497E-003  0.274579486164266E+000  0.228092431527342E-002 -0.946388878778549E-003  0.184330732166320E+000  0.888396113502440E+000  0.104630608578395E+001 -0.801916208834666E+001  0.591942964508826E-001  0.484233905596826E-001  0.134349647654844E+002
      4.61000000  0.111587700270041E-002  0.960924364925030E-003  0.273621589885626E+000  0.228474070980115E-002 -0.109245126711530E-002  0.185142469180285E+000  0.888451876151356E+000  0.105333685731603E+001 -0.803922926272175E+001  0.544805743439976E-001  0.469153062349757E-001  0.133590542092109E+002
      4.62000000  0.997410744041764E-003  0.102100458565310E-002  0.272534462505300E+000  0.220459789104293E-002 -0.127790875403625E-002  0.186053086069648E+000  0.892597673841676E+000  0.106225642025660E+001 -0.806402673884528E+001  0.485912802877231E-001  0.497407114299575E-001  0.132771764639267E+002
      4.63000000  0.923380852980034E-003  0.119176287824905E-002  0.271286648847235E+000  0.204393916530044E-002 -0.145325153021376E-002  0.186990403141738E+000  0.900639618568570E+000  0.107064575541642E+001 -0.809001505308944E+001  0.448875755776664E-001  0.579342165211847E-001  0.131878410885843E+002
      4.64000000  0.942826141721781E-003  0.146564856443576E-002  0.269886110579491E+000  0.185145901937898E-002 -0.155919354955525E-002  0.187877313407264E+000  0.910190475156643E+000  0.107563247706739E+001 -0.811344624393169E+001  0.457340761592068E-001  0.710948499435193E-001  0.130914825007014E+002
      4.65000000  0.106004620990720E-002  0.180231867240146E-002  0.268377230174494E+000  0.169655501024756E-002 -0.154460038880603E-002  0.188652557285352E+000  0.917881450675733E+000  0.107476347212340E+001 -0.813137165433013E+001  0.513095398902301E-001  0.872378401547091E-001  0.129902942612976E+002
      4.66000000  0.123221045130326E-002  0.213627850153144E-002  0.266827142130634E+000  0.163461749011739E-002 -0.138479565305524E-002  0.189287165043754E+000  0.921049206313682E+000  0.106688458710559E+001 -0.814242751297384E+001  0.595148367781026E-001  0.103180642719547E+000  0.128875500082608E+002
      4.67000000  0.139039980802994E-002  0.239466547930870E-002  0.265305141221646E+000  0.167948804440952E-002 -0.109344206838018E-002  0.189791143674298E+000  0.919055692565468E+000  0.105269933968237E+001 -0.814714024494590E+001  0.670114621492642E-001  0.115412872038737E+000  0.127865994560010E+002
      4.68000000  0.147343153941074E-002  0.252009530263429E-002  0.263861653614783E+000  0.179666220778201E-002 -0.722502243632775E-003  0.190207855877427E+000  0.913593412216295E+000  0.103474718467833E+001 -0.814763594672177E+001  0.708615070222600E-001  0.121198539740639E+000  0.126898562440212E+002
      4.69000000  0.145764205584054E-002  0.249065669112278E-002  0.262513860783287E+000  0.192033828943936E-002 -0.348666149017214E-003  0.190597743597516E+000  0.907842396187470E+000  0.101673259185669E+001 -0.814684221973734E+001  0.699526743914755E-001  0.119527352985568E+000  0.125981180036914E+002
      4.70000000  0.136810802501894E-002  0.232920921092773E-002  0.261242969755942E+000  0.198561949212520E-002 -0.498147499293952E-004  0.191017012697659E+000  0.904912277594122E+000  0.100238553818181E+001 -0.814745889140871E+001  0.655162162842286E-001  0.111541611951473E+000  0.125104528270182E+002
      4.71000000  0.126619262248465E-002  0.209752725244967E-002  0.260003908036061E+000  0.195997590388921E-002  0.120551184624829E-003  0.191498910078002E+000  0.906339580094793E+000  0.994239278886222E+000 -0.815106573183101E+001  0.605069340227413E-001  0.100233519625023E+000  0.124246809133368E+002
      4.72000000  0.121991802292394E-002  0.187645006224412E-002  0.258743510288790E+000  0.185888538575754E-002  0.151498569537764E-003  0.192044262748390E+000  0.911358542181925E+000  0.992775749293597E+000 -0.815768317188495E+001  0.581721244349093E-001  0.894790342183211E-001  0.123382550256683E+002
      4.73000000  0.127167833280330E-002  0.173877511524912E-002  0.257420061679968E+000  0.173868825729554E-002  0.783668005418823E-004  0.192624249874647E+000  0.917265460155214E+000  0.996270958203844E+000 -0.816592069306018E+001  0.605121253068782E-001  0.827386729335045E-001  0.122491943340297E+002
      4.74000000  0.141845511800562E-002  0.172472168306357E-002  0.256016821028861E+000  0.167080399253243E-002 -0.297322433167942E-004  0.193193462346099E+000  0.920663426757707E+000  0.100141180791410E+001 -0.817361183230234E+001  0.673540216946627E-001  0.818968046177255E-001  0.121567205750025E+002
      4.75000000  0.161304882140237E-002  0.182894737608714E-002  0.254545011219589E+000  0.170999710615436E-002 -0.941118273321500E-004  0.193707329399618E+000  0.918973320580231E+000  0.100445940454250E+001 -0.817864809480301E+001  0.764328718860460E-001  0.866630312908042E-001  0.120613870911015E+002
      4.76000000  0.178455354179514E-002  0.200362702025437E-002  0.253036422976123E+000  0.187135830190857E-002 -0.534768027453484E-004  0.194136736727044E+000  0.911513652069803E+000  0.100252862691719E+001 -0.817966955582069E+001  0.843818233196190E-001  0.947406156564215E-001  0.119647151160964E+002
      4.77000000  0.186759190132737E-002  0.217594129087003E-002  0.251530049849934E+000  0.212557723585834E-002  0.116035418566922E-003  0.194474623501507E+000  0.899703728898293E+000  0.994524819140111E+000 -0.817636829754294E+001  0.881231227371710E-001  0.102672720580943E+000  0.118685529955760E+002
      4.78000000  0.182675981957652E-002  0.227311025934210E-002  0.250059078833843E+000  0.241291649070528E-002  0.394374130860423E-003  0.194733458744008E+000  0.886383692571093E+000  0.981430218299536E+000 -0.816935857522633E+001  0.860161162059590E-001  0.107033291471155E+000  0.117744601960389E+002
      4.79000000  0.166629404751823E-002  0.224591122763465E-002  0.248643340692019E+000  0.266780407205914E-002  0.725926160827969E-003  0.194936650043764E+000  0.874644124845240E+000  0.965889882941033E+000 -0.815976350059020E+001  0.782965101446115E-001  0.105531800632847E+000  0.116833555733325E+002
      4.80000000  0.142282381420828E-002  0.208301586405651E-002  0.247288830391757E+000  0.284215548807193E-002  0.103868161745135E-002  0.195109073853737E+000  0.866729854562510E+000  0.951295680056233E+000 -0.814876570187264E+001  0.667169468550423E-001  0.976736946013225E-001  0.115955015584785E+002
      4.81000000  0.114697502806904E-002  0.181244619261768E-002  0.245992143208911E+000  0.291775404114107E-002  0.126703414705677E-002  0.195271127523140E+000  0.863469437857264E+000  0.940711628906167E+000 -0.813732838171438E+001  0.536704407355404E-001  0.848098551291109E-001  0.115107185600450E+002
      4.82000000  0.883730424759986E-003  0.149106062372422E-002  0.244745680348615E+000  0.290449654611995E-002  0.137082502751236E-002  0.195437705210822E+000  0.864371767640919E+000  0.935988019815875E+000 -0.812614977265812E+001  0.412666338172284E-001  0.696264958572939E-001  0.114286326308589E+002
      4.83000000  0.660259067794816E-003  0.118645838491656E-002  0.243540202817605E+000  0.282836535304700E-002  0.134544627175575E-002  0.195620205118643E+000  0.868200229712889E+000  0.937303181372937E+000 -0.811575941572715E+001  0.307675927975817E-001  0.552880986251495E-001  0.113487964885643E+002
      4.84000000  0.484696336458989E-003  0.957160914265897E-003  0.242364074382508E+000  0.271705469012747E-002  0.122110313021316E-002  0.195828074411785E+000  0.873648822364742E+000  0.943215048604968E+000 -0.810659174652576E+001  0.225398307695512E-001  0.445108481413241E-001  0.112706550685119E+002
      4.85000000  0.353260458273284E-003  0.836546284114541E-003  0.241201452045254E+000  0.259061825403763E-002  0.105240677507560E-002  0.196067385105391E+000  0.879776890034140E+000  0.951160841528259E+000 -0.809892098672042E+001  0.163937974479208E-001  0.388216966161982E-001  0.111934626601070E+002
      4.86000000  0.259387456640986E-003  0.824491614916539E-003  0.240032813110698E+000  0.246023837296891E-002  0.901642244544504E-003  0.196336770722410E+000  0.886062366657372E+000  0.958243483804716E+000 -0.809267461235890E+001  0.120126542424314E-001  0.381835452802357E-001  0.111163092775449E+002
      4.87000000  0.198890022398703E-003  0.888668472442979E-003  0.238839747778015E+000  0.233299522784875E-002  0.820275534806481E-003  0.196623810041642E+000  0.892177061190750E+000  0.962089712940511E+000 -0.808726978327794E+001  0.919200624968274E-002  0.410711711632104E-001  0.110383438433485E+002
      4.88000000  0.168819270522394E-003  0.975209457511442E-003  0.237612761683058E+000  0.221729851489285E-002  0.833671515431116E-003  0.196905683791164E+000  0.897734153013899E+000  0.961549550923742E+000 -0.808164885965018E+001  0.778625231180592E-002  0.449784368191320E-001  0.109591334522671E+002
      4.89000000  0.162309089720671E-003  0.102608891436343E-002  0.236357974938443E+000  0.212402084901105E-002  0.933523357819513E-003  0.197155937140068E+000  0.902236623685352E+000  0.957032250709066E+000 -0.807459551739613E+001  0.747068213809581E-002  0.472283107361716E-001  0.108789674355758E+002
      4.90000000  0.164481293038079E-003  0.998334626692221E-003  0.235098063686889E+000  0.206182266328061E-002  0.108083966630465E-002  0.197355479700363E+000  0.905293125464922E+000  0.950353176103720E+000 -0.806524163676274E+001  0.755521289999744E-002  0.458570729277585E-001  0.107988932402203E+002
      4.91000000  0.153938936554325E-003  0.878880510214741E-003  0.233865229775892E+000  0.202948718425734E-002  0.121937128583771E-002  0.197502766502250E+000  0.906968270110172E+000  0.944103997808206E+000 -0.805353045254866E+001  0.705656368571252E-002  0.402878987686991E-001  0.107203864384563E+002
      4.92000000  0.110875122058877E-003  0.689458953940651E-003  0.232688231486773E+000  0.201070500459672E-002  0.129565178169231E-002  0.197617527212962E+000  0.908016584503366E+000  0.940728015346905E+000 -0.804037890863716E+001  0.507218731602412E-002  0.315405737207670E-001  0.106447530737199E+002
      4.93000000  0.284169338165545E-004  0.478905757492911E-003  0.231579159039382E+000  0.197609765503338E-002  0.127875397359335E-002  0.197735107742097E+000  0.909783129274530E+000  0.941619695954042E+000 -0.802740945398987E+001  0.129734825503804E-002  0.218639897190158E-001  0.105725276281531E+002
      4.94000000 -0.789593225903598E-004  0.304963930475580E-003  0.230526452572302E+000  0.189361477481241E-002  0.117209228091192E-002  0.197893177867630E+000  0.913723809626609E+000  0.946597556108973E+000 -0.801633727957920E+001 -0.359751605140215E-002  0.138946561215627E-001  0.105031627196724E+002
      4.95000000 -0.175601729233296E-003  0.212280113232372E-003  0.229497931208531E+000  0.174369595263019E-002  0.101209362428514E-002  0.198116675138381E+000  0.920714852941144E+000  0.953980513794428E+000 -0.800828478695758E+001 -0.798453933729119E-002  0.965229056700611E-002  0.104351777602770E+002
      4.96000000 -0.215386044550972E-003  0.215497851887890E-003  0.228452665153981E+000  0.153229631849798E-002  0.853761281307619E-003  0.198408015929948E+000  0.930467578020277E+000  0.961258087639327E+000 -0.800334336202282E+001 -0.977377101117232E-002  0.977884459572458E-002  0.103667070945194E+002
      4.97000000 -0.159719270182447E-003  0.294676204590566E-003  0.227356058397442E+000  0.129488189257484E-002  0.748926501238494E-003  0.198747030214228E+000  0.941359178653430E+000  0.966083651788883E+000 -0.800058079334081E+001 -0.723314554175228E-002  0.133448886478131E-001  0.102961869178924E+002
      4.98000000  0.444163976154864E-005  0.405036964557312E-003  0.226191016016231E+000  0.108801864512229E-002  0.726513263653119E-003  0.199100110133449E+000  0.950826256608293E+000  0.967164738437424E+000 -0.799846502525927E+001  0.200742932900978E-003  0.183059213631938E-001  0.102228569601779E+002
      4.99000000  0.254692294180027E-003  0.496538471349626E-003  0.224960399783842E+000  0.970667870772595E-003  0.783436775751259E-003  0.199433443099416E+000  0.956217920569833E+000  0.964662999387056E+000 -0.799546704874506E+001  0.114879235110213E-001  0.223964215231106E-001  0.101468631944508E+002
      5.00000000  0.536602045471454E-003  0.534174983368392E-003  0.223680807313731E+000  0.982207578872703E-003  0.889853108961943E-003  0.199723496439239E+000  0.955786025944706E+000  0.959943352994871E+000 -0.799053283617713E+001  0.241550863858355E-001  0.240458324326350E-001  0.100689687434373E+002
      5.01000000  0.780135771891379E-003  0.509646105474438E-003  0.222372290533170E+000  0.112618181703249E-002  0.100563432308985E-002  0.199960036253809E+000  0.949406227832289E+000  0.954821829781887E+000 -0.798321422337487E+001  0.350476369854363E-001  0.228958757427630E-001  0.999008582228128E+001
      5.02000000  0.923116917499726E-003  0.439423958339207E-003  0.221050366806603E+000  0.136681445789517E-002  0.109958175568650E-002  0.200141602885993E+000  0.938718114028944E+000  0.950699640775235E+000 -0.797346001520313E+001  0.413884601157107E-001  0.197018174283600E-001  0.991091606783497E+001
      5.03000000  0.932555597153103E-003  0.351122519384014E-003  0.219724648514652E+000  0.164019253495879E-002  0.116180036441123E-002  0.200267787763226E+000  0.926607256669016E+000  0.948013593447297E+000 -0.796126645591617E+001  0.417285240146818E-001  0.157114755698645E-001  0.983189131045009E+001
      5.04000000  0.815348492458790E-003  0.265915523657608E-003  0.218403906826313E+000  0.187595542263253E-002  0.120345460140343E-002  0.200334277767788E+000  0.916224263739689E+000  0.946256561284942E+000 -0.794645545181575E+001  0.364115369909033E-001  0.118751589236596E-001  0.975340238672979E+001
      5.05000000  0.614171330134442E-003  0.186510310566548E-003  0.217103120670876E+000  0.202097771602288E-002  0.124484881758877E-002  0.200334540439142E+000  0.909926627815316E+000  0.944518076586715E+000 -0.792875140549954E+001  0.273731285435588E-001  0.831261645625762E-002  0.967611371248928E+001
      5.06000000  0.390450789139307E-003  0.969567314610645E-004  0.215846609196872E+000  0.205579095520904E-002  0.129889018726908E-002  0.200267503753695E+000  0.908556106402873E+000  0.942223903759267E+000 -0.790812378457666E+001  0.173676901955912E-001  0.431274445136826E-002  0.960109991470046E+001
      5.07000000  0.201491222916094E-003 -0.259060112867710E-004  0.214663602208472E+000  0.199763167958948E-002  0.135928588137393E-002  0.200146364476047E+000  0.911318356552332E+000  0.939656690917004E+000 -0.788517573743088E+001  0.894487856347553E-002 -0.115005567821031E-002  0.952964514267003E+001
      5.08000000  0.809444873008407E-004 -0.195828027476422E-003  0.213577269084944E+000  0.188960881858073E-002  0.140013353137533E-002  0.200002302065384E+000  0.916278987817487E+000  0.937965680893963E+000 -0.786130240454911E+001  0.358632661997783E-002 -0.867635698606923E-002  0.946275492109451E+001
      5.09000000  0.300424329028641E-004 -0.404564982224258E-003  0.212592565634029E+000  0.178109864474235E-002  0.138738108486510E-002  0.199879278358596E+000  0.921241675872718E+000  0.938651455666190E+000 -0.783845318605065E+001  0.132844504436651E-002 -0.178894414942275E-001  0.940062148757478E+001
      5.10000000  0.222586274220586E-004 -0.620385695470182E-003  0.211689687289327E+000  0.170772652111221E-002  0.129628080393458E-002  0.199820971549706E+000  0.924634181083795E+000  0.942792207577675E+000 -0.781854967484319E+001  0.982323377235825E-003 -0.273790184815764E-001  0.934234284086933E+001
      5.11000000  0.184709571495039E-004 -0.798892002720536E-003  0.210827502004242E+000  0.167892412145125E-002  0.112578303856070E-002  0.199855482199662E+000  0.926050295294166E+000  0.950413885773207E+000 -0.780281229132141E+001  0.813569719672163E-003 -0.351879081003193E-001  0.928608465259638E+001
      5.12000000 -0.143453032014182E-004 -0.900996873518736E-003  0.209956329781827E+000  0.167741544388395E-002  0.902394256102760E-003  0.199985137339899E+000  0.926261049567933E+000  0.960330873568882E+000 -0.779131892056021E+001 -0.630617540549798E-003 -0.396076976863947E-001  0.922965115835187E+001
      5.13000000 -0.887617874947856E-004 -0.909308240838433E-003  0.209034564012920E+000  0.166981303855482E-002  0.671409783874211E-003  0.200186494095852E+000  0.926738339433342E+000  0.970542453225843E+000 -0.778301620711537E+001 -0.389434972454211E-002 -0.398951440386557E-001  0.917121792788724E+001
      5.14000000 -0.192350022510097E-003 -0.835099240039672E-003  0.208041555028836E+000  0.162306220668927E-002  0.479732176075274E-003  0.200420663923522E+000  0.928928035204418E+000  0.978993098238127E+000 -0.777618264535613E+001 -0.842277885094288E-002 -0.365680030896559E-001  0.910989240836802E+001
      5.15000000 -0.293978128557062E-003 -0.712856059658197E-003  0.206981020881781E+000  0.151954109619452E-002  0.358460202149636E-003  0.200649005258695E+000  0.933590303328232E+000  0.984333932558142E+000 -0.776912089452050E+001 -0.128479567907055E-001 -0.311545076412152E-001  0.904585394103245E+001
      5.16000000 -0.357515646690885E-003 -0.585477430493189E-003  0.205874005253801E+000  0.136478747046704E-002  0.313188011489967E-003  0.200846749356495E+000  0.940469216199171E+000  0.986339024789962E+000 -0.776075189124445E+001 -0.155945061990388E-001 -0.255379911445317E-001  0.898003620503693E+001
      5.17000000 -0.356839113035541E-003 -0.487448913835067E-003  0.204745522062155E+000  0.118531349136947E-002  0.325841151344222E-003  0.201008477177783E+000  0.948397711793461E+000  0.985814597468398E+000 -0.775084730479312E+001 -0.155348900424234E-001 -0.212209508461934E-001  0.891353849878377E+001
      5.18000000 -0.286060867534046E-003 -0.433740431509291E-003  0.203611842354814E+000  0.101813899116475E-002  0.366172713448378E-003  0.201143732911425E+000  0.955761174790104E+000  0.984089548865677E+000 -0.773983072994265E+001 -0.124295374482736E-001 -0.188463140126409E-001  0.884707174832271E+001
      5.19000000 -0.161333643980068E-003 -0.418834175871515E-003  0.202474529130664E+000  0.896777703958979E-003  0.406664104708878E-003  0.201266062845101E+000  0.961109482713721E+000  0.982364216545449E+000 -0.772829605560404E+001 -0.699654869023402E-002 -0.181635623688084E-001  0.878070355721910E+001
      5.20000000 -0.141807958158899E-004 -0.425104204652321E-003  0.201323424201717E+000  0.839344297035778E-003  0.433559531743953E-003  0.201381793401390E+000  0.963670194245976E+000  0.981234001795580E+000 -0.771652010087786E+001 -0.613795267625197E-003 -0.184000215820606E-001  0.871399367436415E+001
      5.21000000  0.120470624642927E-003 -0.435414104878523E-003  0.200146017841110E+000  0.843109905486244E-003  0.449326163539980E-003  0.201484450386922E+000  0.963577249074100E+000  0.980588894955909E+000 -0.770422456684622E+001  0.520438856987021E-002 -0.188100974599129E-001  0.864640364109265E+001
      5.22000000  0.216702290600839E-003 -0.443311229324589E-003  0.198937512617434E+000  0.887014760947229E-003  0.466415695663304E-003  0.201557279472874E+000  0.961753947261941E+000  0.979889219346082E+000 -0.769069003116388E+001  0.934370835714989E-002 -0.191145687790091E-001  0.857773166144342E+001
      5.23000000  0.265912364602677E-003 -0.456027461521980E-003  0.197705960903879E+000  0.940589224700356E-003  0.496408474979127E-003  0.201581821992638E+000  0.959521483667291E+000  0.978636924563388E+000 -0.767512922711363E+001  0.114436118456148E-001 -0.196252674011462E-001  0.850833047770778E+001
      5.24000000  0.278376137945711E-003 -0.489447751600312E-003  0.196469902396663E+000  0.975580905267748E-003  0.540463344333296E-003  0.201547351871090E+000  0.958095729944309E+000  0.976785398510922E+000 -0.765709303678683E+001  0.119571311805616E-001 -0.210233212340103E-001  0.843900060301567E+001
      5.25000000  0.278044414137879E-003 -0.558178104015540E-003  0.195250198181113E+000  0.975978154199202E-003  0.585827228648488E-003  0.201455783224933E+000  0.958158517010928E+000  0.974884806676699E+000 -0.763667766597963E+001  0.119201342512653E-001 -0.239298385353736E-001  0.837063597239146E+001
      5.26000000  0.292913811054492E-003 -0.665942173030362E-003  0.194060933724631E+000  0.943068768426137E-003  0.609839941658245E-003  0.201319392977005E+000  0.959646250482784E+000  0.973905054355325E+000 -0.761442201156766E+001  0.125337313217917E-001 -0.284955504233971E-001  0.830383379535515E+001
      5.27000000  0.344619194929604E-003 -0.800962136333662E-003  0.192904688720116E+000  0.894167929581929E-003  0.589194835670069E-003  0.201152814004150E+000  0.961811310990924E+000  0.974836294614505E+000 -0.759096149970022E+001  0.147182143603362E-001 -0.342079970893082E-001  0.823869535263860E+001
      5.28000000  0.440863422048149E-003 -0.938289271618016E-003  0.191774981709655E+000  0.855916937564498E-003  0.509949219886378E-003  0.200964014799133E+000  0.963514191563936E+000  0.978262015001318E+000 -0.756664265503108E+001  0.187930132672535E-001 -0.399971552371455E-001  0.817493490127478E+001
      5.29000000  0.573056800651273E-003 -0.104773070802308E-002  0.190664654173704E+000  0.854829288884205E-003  0.373821819501132E-003  0.200749658777389E+000  0.963629439211725E+000  0.984094942245257E+000 -0.754132838302590E+001  0.243819409024073E-001 -0.445779688429202E-001  0.811224005187250E+001
      5.30000000  0.719589983652923E-003 -0.110368076396948E-002  0.189575516084855E+000  0.908505286632085E-003  0.198382377575150E-003  0.200497967072860E+000  0.961418610488774E+000  0.991575318389435E+000 -0.751452410642897E+001  0.305587450686277E-001 -0.468698840582517E-001  0.805068163662049E+001
      5.31000000  0.853195030710335E-003 -0.109276709286346E-002  0.188523566208972E+000  0.102047014532606E-002  0.116335572043150E-004  0.200198160841789E+000  0.956745424120123E+000  0.999506889461537E+000 -0.748578136146860E+001  0.361643007051446E-001 -0.463190200651998E-001  0.799093137323042E+001
      5.32000000  0.949523902296492E-003 -0.101669930016696E-002  0.187536111038594E+000  0.118012588972338E-002 -0.156229158422274E-003  0.199851824884935E+000  0.950072136610725E+000  0.100660962372494E+001 -0.745517812789546E+001  0.401717309073040E-001 -0.430137362536854E-001  0.793413432755514E+001
      5.33000000  0.993831207438710E-003 -0.890126539880002E-003  0.186641179036953E+000  0.136738432960242E-002 -0.280389483027230E-003  0.199480072171470E+000  0.942258286836998E+000  0.101184024765560E+001 -0.742361643299589E+001  0.419673644563789E-001 -0.375881383396217E-001  0.788145745935949E+001
      5.34000000  0.983552135120757E-003 -0.735411177012277E-003  0.185853733594752E+000  0.155986788115109E-002 -0.345804180674834E-003  0.199122037013545E+000  0.934253470330907E+000  0.101457522467073E+001 -0.739275112493535E+001  0.414555235185032E-001 -0.309966846248161E-001  0.783350831025640E+001
      5.35000000  0.926262506954333E-003 -0.577059198160082E-003  0.185165231579229E+000  0.173974853592739E-002 -0.347859636327776E-003  0.198824266089087E+000  0.926808782217088E+000  0.101463445427576E+001 -0.736453651739775E+001  0.389678620045522E-001 -0.242768794305395E-001  0.778990096009153E+001
      5.36000000  0.834332547492540E-003 -0.437897834507499E-003  0.184541935758896E+000  0.189764525775255E-002 -0.290556700073233E-003  0.198625066511547E+000  0.920315011317472E+000  0.101220091440293E+001 -0.734056634788737E+001  0.350348830124061E-001 -0.183879910348258E-001  0.774919443047819E+001
      5.37000000  0.718814243395876E-003 -0.337502364629347E-003  0.183933511072811E+000  0.203236155585089E-002 -0.184279532383786E-003  0.198540577052963E+000  0.914816994137676E+000  0.100772376570604E+001 -0.732149333386254E+001  0.301278863167027E-001 -0.141458422208411E-001  0.770926280655475E+001
      5.38000000  0.585244144554260E-003 -0.291816872853142E-003  0.183288643857903E+000  0.214704823594297E-002 -0.446718941254824E-004  0.198558839984942E+000  0.910177362907537E+000  0.100186886687830E+001 -0.730678991132901E+001  0.244839270617031E-001 -0.122082776851229E-001  0.766795503929953E+001
      5.39000000  0.433060570075033E-003 -0.312263470540845E-003  0.182571061164995E+000  0.224386454350543E-002  0.107279961703870E-003  0.198644605290789E+000  0.906301174648617E+000  0.995520225842291E+000 -0.729495979693082E+001  0.180836525268321E-001 -0.130394325604497E-001  0.762376410992752E+001
      5.40000000  0.258665218192732E-003 -0.403232139108873E-003  0.181769092340554E+000  0.231976338441188E-002  0.245284697845721E-003  0.198752666637664E+000  0.903311192299534E+000  0.989776420672368E+000 -0.728410280704379E+001  0.107812855865801E-001 -0.168069015223420E-001  0.757621959778442E+001
      5.41000000  0.605318868247815E-004 -0.558336773006554E-003  0.180894985477184E+000  0.236543034138769E-002  0.339781621172795E-003  0.198843620933016E+000  0.901590013188223E+000  0.985863923247521E+000 -0.727257424209095E+001  0.251833337887434E-002 -0.232287180504631E-001  0.752584966196163E+001
      5.42000000 -0.156124850542357E-003 -0.757354583066420E-003  0.179975085815438E+000  0.236794729690928E-002  0.363120167603918E-003  0.198895015573877E+000  0.901667060676553E+000  0.984920832716707E+000 -0.725944543769606E+001 -0.648334338999100E-002 -0.314504053194973E-001  0.747376397114958E+001
      5.43000000 -0.377400244967406E-003 -0.966408628676945E-003  0.179036263720754E+000  0.231607830603021E-002  0.297291371668266E-003  0.198903386596592E+000  0.903998131778325E+000  0.987677218420453E+000 -0.724458165303580E+001 -0.156433089891030E-001 -0.400578139249337E-001  0.742108578620603E+001
      5.44000000 -0.582563086803461E-003 -0.114318473203659E-002  0.178095475958367E+000  0.220590662131659E-002  0.141728190790762E-003  0.198877420584674E+000  0.908732847674473E+000  0.994136139647651E+000 -0.722835185461110E+001 -0.241029576994455E-001 -0.472981104761031E-001  0.736851994354963E+001
      5.45000000 -0.749192028240844E-003 -0.124696620104674E-002  0.177157285857518E+000  0.204436550198392E-002 -0.823307619041999E-004  0.198826963848884E+000  0.915571647057010E+000  0.100340010170264E+001 -0.721117019541089E+001 -0.309401860484387E-001 -0.514972994935529E-001  0.731625428148037E+001
      5.46000000 -0.859653763666703E-003 -0.125085345048780E-002  0.176219629036056E+000  0.184905081373478E-002 -0.333874916194433E-003  0.198754509263524E+000  0.923777624612630E+000  0.101376313674322E+001 -0.719314466778624E+001 -0.354370206544079E-001 -0.515632239792756E-001  0.726420205179718E+001
      5.47000000 -0.906409302283690E-003 -0.115184946906276E-002  0.175283493395582E+000  0.164420598433040E-002 -0.561397988465929E-003  0.198654093792500E+000  0.932345736009710E+000  0.102309988412477E+001 -0.717403453841761E+001 -0.372960899086672E-001 -0.473952344169233E-001  0.721240273319793E+001
      5.48000000 -0.894074877995785E-003 -0.974465790786825E-003  0.174359974544422E+000  0.145430771953618E-002 -0.717329107096122E-003  0.198518121794076E+000  0.940268691815418E+000  0.102946213197534E+001 -0.715353377680496E+001 -0.367214320327553E-001 -0.400232465818061E-001  0.716131065981714E+001
      5.49000000 -0.837433892599348E-003 -0.765402833258533E-003  0.173469616743219E+000  0.129764119919955E-002 -0.773011639329773E-003  0.198347858582874E+000  0.946800376753214E+000  0.103169129340460E+001 -0.713170185635646E+001 -0.343324237916119E-001 -0.313793538510443E-001  0.711176422357441E+001
      5.50000000 -0.756186732404627E-003 -0.580099677636823E-003  0.172633350962379E+000  0.118226324943425E-002 -0.728703146333439E-003  0.198160834852115E+000  0.951618673022062E+000  0.102982045260180E+001 -0.710926344009175E+001 -0.309451533525664E-001 -0.237392071494853E-001  0.706461154417569E+001
      5.51000000 -0.668511356759701E-003 -0.465281932529307E-003  0.171859365736400E+000  0.110580640302211E-002 -0.614354205303418E-003  0.197989628118231E+000  0.954829616581621E+000  0.102509536473329E+001 -0.708755256844346E+001 -0.273075958159129E-001 -0.190060061440726E-001  0.702017407670714E+001
      5.52000000 -0.585976803933983E-003 -0.443640407218869E-003  0.171133150858307E+000  0.105903584264135E-002 -0.480109231799782E-003  0.197870923892095E+000  0.956818486849258E+000  0.101957614867411E+001 -0.706806111574610E+001 -0.238928316174795E-001 -0.180891555386289E-001  0.697784542011821E+001
      5.53000000 -0.511792744033269E-003 -0.506463885087499E-003  0.170417053817080E+000  0.103153471858735E-002 -0.379400945068257E-003  0.197829132532161E+000  0.958015885875160E+000  0.101544185793245E+001 -0.705177055874834E+001 -0.208302877126460E-001 -0.206133997901137E-001  0.693608165324146E+001
      5.54000000 -0.442974233087787E-003 -0.617348029720001E-003  0.169661290423202E+000  0.101698962085968E-002 -0.350598749002587E-003  0.197862297148455E+000  0.958682595550258E+000  0.101424383299002E+001 -0.703858406118948E+001 -0.179967869621235E-001 -0.250810998529473E-001  0.689285712665873E+001
      5.55000000 -0.375291999488802E-003 -0.725947023278705E-003  0.168822630096879E+000  0.101569357078569E-002 -0.404063563414739E-003  0.197937659381080E+000  0.958809601289794E+000  0.101638637849056E+001 -0.702715636307979E+001 -0.152195775737128E-001 -0.294400281653906E-001  0.684642656506811E+001
      5.56000000 -0.308582546253064E-003 -0.786753729072951E-003  0.167882852455529E+000  0.103309079409249E-002 -0.519633060813760E-003  0.198000106566370E+000  0.958179427336025E+000  0.102103527812137E+001 -0.701524695746379E+001 -0.124917372918293E-001 -0.318485961577574E-001  0.679606968748507E+001
      5.57000000 -0.249721325198870E-003 -0.775754876514359E-003  0.166858678563578E+000  0.107500460750745E-002 -0.655608885445853E-003  0.197990814476630E+000  0.956560841255554E+000  0.102649207105743E+001 -0.700048144903691E+001 -0.100908258545413E-001 -0.313469719035154E-001  0.674248331159974E+001
      5.58000000 -0.211533620461010E-003 -0.698495241945830E-003  0.165798453857508E+000  0.114183761351515E-002 -0.765779169712716E-003  0.197868640195704E+000  0.953942917746364E+000  0.103088841512148E+001 -0.698121565539729E+001 -0.853240534526572E-002 -0.281744553089602E-001  0.668763485845665E+001
      5.59000000 -0.207793243675723E-003 -0.586431320989991E-003  0.164766640270389E+000  0.122471893634153E-002 -0.817755838830459E-003  0.197625517519240E+000  0.950688194906321E+000  0.103292593536529E+001 -0.695714895252387E+001 -0.836653996918613E-002 -0.236119375175749E-001  0.663412658191149E+001
      5.60000000 -0.246424712683636E-003 -0.483147665545850E-003  0.163822353903247E+000  0.130587071069291E-002 -0.805342932801155E-003  0.197289798115635E+000  0.947514609869568E+000  0.103236824110591E+001 -0.692944656623688E+001 -0.990427082641080E-002 -0.194186097514400E-001  0.658432728928824E+001
      5.61000000 -0.324125476053084E-003 -0.426108207477259E-003  0.163000367124716E+000  0.136358201207790E-002 -0.750083091704357E-003  0.196916725639044E+000  0.945292776028582E+000  0.103009350617094E+001 -0.690034432680524E+001 -0.130039886535738E-001 -0.170955592960593E-001  0.653961222187613E+001
      5.62000000 -0.425230143647961E-003 -0.431380890640709E-003  0.162301381043420E+000  0.137993461095934E-002 -0.691576826321750E-003  0.196570441122564E+000  0.944735217199374E+000  0.102769685084574E+001 -0.687241848083616E+001 -0.170299747120960E-001 -0.172763050047897E-001  0.649998231827128E+001
      5.63000000 -0.525809049101266E-003 -0.487441510794121E-003  0.161694050229630E+000  0.134791433949408E-002 -0.670764366284250E-003  0.196304737060914E+000  0.946113475478299E+000  0.102681562129952E+001 -0.684781326039568E+001 -0.210206401014791E-001 -0.194867938968298E-001  0.646415736328061E+001
      5.64000000 -0.601531858270568E-003 -0.560302554346939E-003  0.161126469658422E+000  0.127459057402777E-002 -0.713149983654602E-003  0.196149228346161E+000  0.949135137604426E+000  0.102845955126701E+001 -0.682769283888345E+001 -0.240052263220485E-001 -0.223598957245425E-001  0.643004575309351E+001
      5.65000000 -0.635936989760694E-003 -0.607496118876802E-003  0.160541803517548E+000  0.117874878237585E-002 -0.818764079759445E-003  0.196104438896611E+000  0.953043136018322E+000  0.103261644389473E+001 -0.681205427411859E+001 -0.253333086537084E-001 -0.242003326323686E-001  0.639537426791844E+001
      5.66000000 -0.625433942967524E-003 -0.594896904668993E-003  0.159892473833613E+000  0.108395732427345E-002 -0.962636616898310E-003  0.196145397837497E+000  0.956895557885102E+000  0.103828002579215E+001 -0.679988082358961E+001 -0.248708879839027E-001 -0.236565578896975E-001  0.635825389859178E+001
      5.67000000 -0.578879348565339E-003 -0.509481525525937E-003  0.159149343334681E+000  0.101025551532226E-002 -0.110507090986724E-002  0.196230602496324E+000  0.959897223054766E+000  0.104386653825190E+001 -0.678950667666345E+001 -0.229790078268591E-001 -0.202242142368967E-001  0.631754097842781E+001
      5.68000000 -0.512211840764411E-003 -0.363161007075900E-003  0.158305109532526E+000  0.968304892550459E-003 -0.120703332021479E-002  0.196312575171002E+000  0.961630153127223E+000  0.104782964954870E+001 -0.677904098849669E+001 -0.202967991257254E-001 -0.143905420068294E-001  0.627296511529782E+001
      5.69000000 -0.441070232406499E-003 -0.186779411321672E-003  0.157373123674727E+000  0.958547131880562E-003 -0.124418464451616E-002  0.196347360741776E+000  0.962083566392407E+000  0.104921515374714E+001 -0.676674554644575E+001 -0.174470400328844E-001 -0.738827430921359E-002  0.622507480015687E+001
      5.70000000 -0.375262800733645E-003 -0.174425902325757E-004  0.156383330181307E+000  0.975280015573042E-003 -0.121410790403251E-002  0.196301971496925E+000  0.961489359211031E+000  0.104794117855862E+001 -0.675132740317930E+001 -0.148179094103805E-001 -0.688751246975172E-003  0.617506988539743E+001
      5.71000000 -0.317858545378446E-003  0.115213300322796E-003  0.155376349874488E+000  0.101295864424230E-002 -0.113450246094268E-002  0.196159783230574E+000  0.960071602339121E+000  0.104471936309073E+001 -0.673214767890245E+001 -0.125292206862726E-001  0.454143167370075E-002  0.612456265628206E+001
      5.72000000 -0.269067970844077E-003  0.198292174261191E-003  0.154395934407643E+000  0.107085124112204E-002 -0.103397950620604E-002  0.195923772245320E+000  0.957863409548261E+000  0.104068573609052E+001 -0.670934321578661E+001 -0.105874714019641E-001  0.780253672571175E-002  0.607527731744676E+001
      5.73000000 -0.232337933811531E-003  0.237285066267898E-003  0.153480018509461E+000  0.115310405584053E-002 -0.939920013838653E-003  0.195616741367550E+000  0.954706054495596E+000  0.103692007297145E+001 -0.668382868690226E+001 -0.912623770540320E-002  0.932056114633363E-002  0.602869754830155E+001
      5.74000000 -0.218689361863398E-003  0.250348102874462E-003  0.152651562708576E+000  0.126385872268984E-002 -0.868561050521006E-003  0.195277303017428E+000  0.950442097919832E+000  0.103405765432449E+001 -0.665713231050104E+001 -0.857515621535203E-002  0.981654558810450E-002  0.598570952692844E+001
      5.75000000 -0.246082802888432E-003  0.258404820184456E-003  0.151911632407475E+000  0.139996567733506E-002 -0.820996238097952E-003  0.194951124871729E+000  0.945200598018070E+000  0.103213657563579E+001 -0.663104784040953E+001 -0.963251503564941E-002  0.101148405597426E-001  0.594633621723851E+001
      5.76000000 -0.333174121561955E-003  0.275575613207396E-003  0.151237632160036E+000  0.154548973308562E-002 -0.785974826902139E-003  0.194678759454843E+000  0.939609320471475E+000  0.103071230618541E+001 -0.660715669703959E+001 -0.130189228512534E-001  0.107682362339981E-001  0.590967586578181E+001
      5.77000000 -0.489908334421921E-003  0.303789162547835E-003  0.150588574672972E+000  0.167167543513244E-002 -0.747560848822264E-003  0.194483395754934E+000  0.934791768341842E+000  0.102916063727688E+001 -0.658635202595311E+001 -0.191102025494059E-001  0.118501197483277E-001  0.587411554657983E+001
      5.78000000 -0.709382416930412E-003  0.333339743930718E-003  0.149916845202734E+000  0.174353003513795E-002 -0.693994461277837E-003  0.194362869331315E+000  0.932106551185757E+000  0.102702429925757E+001 -0.656853352359417E+001 -0.276235096860708E-001  0.129803240473126E-001  0.583779542137867E+001
      5.79000000 -0.965225664176257E-003  0.348628150450157E-003  0.149183135676555E+000  0.173092829531671E-002 -0.623999127484567E-003  0.194289416784234E+000  0.932713678069435E+000  0.102425669872630E+001 -0.655260647180861E+001 -0.375211873022872E-001  0.135522112780267E-001  0.579919140550368E+001
      5.80000000 -0.121643995536018E-002  0.336373862431230E-003  0.148369449426397E+000  0.161977695508393E-002 -0.548113523031149E-003  0.194218051006431E+000  0.937143021945103E+000  0.102127006411631E+001 -0.653681531994850E+001 -0.472051039738448E-001  0.130533061497873E-001  0.575761693444327E+001
      5.81000000 -0.141832660997351E-002  0.292840362448395E-003  0.147485323086706E+000  0.141847962110365E-002 -0.484715119093915E-003  0.194101101487516E+000  0.945049298131669E+000  0.101877745411646E+001 -0.651931265100338E+001 -0.549447743464480E-001  0.113443881833110E-001  0.571345678733573E+001
      5.82000000 -0.153540404143401E-002  0.227175492392879E-003  0.146564750678818E+000  0.115685610507360E-002 -0.452420178699564E-003  0.193903896796665E+000  0.955261374860945E+000  0.101749626136856E+001 -0.649876645309845E+001 -0.593780553566222E-001  0.878546532310400E-002  0.566803892935461E+001
      5.83000000 -0.155136534666548E-002  0.159496545903412E-003  0.145654794522575E+000  0.877853995974339E-003 -0.461833530526249E-003  0.193615962363581E+000  0.966109341203298E+000  0.101782966492801E+001 -0.647478800364314E+001 -0.598924124899738E-001  0.615756497236819E-002  0.562318673253792E+001
      5.84000000 -0.147246841375461E-002  0.114272919658452E-003  0.144800032538155E+000  0.625332512816172E-003 -0.509843121288362E-003  0.193253781700131E+000  0.975899589614852E+000  0.101964943162760E+001 -0.644803021112717E+001 -0.567491571657427E-001  0.440409574623752E-002  0.558061533093220E+001
      5.85000000 -0.132357174567733E-002  0.111269706379633E-003  0.144028475036378E+000  0.432581676122038E-003 -0.578805495754529E-003  0.192854410963962E+000  0.983356734990222E+000  0.102226911999907E+001 -0.641993303727538E+001 -0.509234591724773E-001  0.428102093329071E-002  0.554139070446520E+001
      5.86000000 -0.113897087472126E-002  0.157305014416520E-003  0.143343807147838E+000  0.315558429383244E-003 -0.641320265512860E-003  0.192462658438560E+000  0.987879837426084E+000  0.102463222388055E+001 -0.639222436314766E+001 -0.437462950856924E-001  0.604186791063320E-002  0.550563726024211E+001
      5.87000000 -0.951955496425323E-003  0.242017688693213E-003  0.142726193056469E+000  0.272555152370101E-003 -0.669318548250726E-003  0.192116733953180E+000  0.989549367627919E+000  0.102566380428606E+001 -0.636636728974162E+001 -0.365010048102642E-001  0.927972878178864E-002  0.547257668963263E+001
      5.88000000 -0.786957395168259E-003  0.339674356213460E-003  0.142140587128190E+000  0.289310994013308E-003 -0.644491001458289E-003  0.191837431544992E+000  0.988925761132127E+000  0.102466981015597E+001 -0.634314832374055E+001 -0.301231351496162E-001  0.130020463647707E-001  0.544085377759593E+001
      5.89000000 -0.656535816323598E-003  0.417024433522105E-003  0.141548898662506E+000  0.346643583790950E-003 -0.566257291932390E-003  0.191624131703001E+000  0.986753713417606E+000  0.102163838224345E+001 -0.632253035489936E+001 -0.250881942758615E-001  0.159357490419485E-001  0.540900615150726E+001
      5.90000000 -0.563154458804711E-003  0.444932228648975E-003  0.140921408924097E+000  0.427234459184671E-003 -0.453950088378645E-003  0.191458083173340E+000  0.983701766410170E+000  0.101731738725532E+001 -0.630378483087508E+001 -0.214833394625266E-001  0.169733719700497E-001  0.537590072869111E+001
      5.91000000 -0.503812652016294E-003  0.409785991416951E-003  0.140243729736585E+000  0.519212573831581E-003 -0.341683058888717E-003  0.191310770077182E+000  0.980226479617326E+000  0.101301254489947E+001 -0.628581625754938E+001 -0.191870348404247E-001  0.156061545159067E-001  0.534099593933963E+001
      5.92000000 -0.474838024508921E-003  0.320265494522578E-003  0.139517747177896E+000  0.615988382688528E-003 -0.267012504062150E-003  0.191153699768373E+000  0.976580528492804E+000  0.101015163906770E+001 -0.626753742608199E+001 -0.180530281057965E-001  0.121762825963916E-001  0.530437260930151E+001
      5.93000000 -0.474659812863107E-003  0.206318557394384E-003  0.138757401891615E+000  0.713500653513389E-003 -0.257066477108154E-003  0.190966069355089E+000  0.972918921418933E+000  0.100975701624497E+001 -0.624816032761432E+001 -0.180158204875129E-001  0.783086748136360E-002  0.526656855299012E+001
      5.94000000 -0.503730725285598E-003  0.109891907668545E-003  0.137981845332288E+000  0.806943650754987E-003 -0.317248213170953E-003  0.190738199158448E+000  0.969423833169895E+000  0.101202095621348E+001 -0.622732373305856E+001 -0.190870263114055E-001  0.416395035639497E-002  0.522831540772201E+001
      5.95000000 -0.562240346309545E-003  0.701734124421408E-004  0.137208935719746E+000  0.888896152977285E-003 -0.427172724606261E-003  0.190470591875510E+000  0.966375151488224E+000  0.101615893836995E+001 -0.620505401706466E+001 -0.212682284747721E-001  0.265449496548969E-002  0.519029097221930E+001
      5.96000000 -0.647221138499100E-003  0.108565607011379E-003  0.136451247495630E+000  0.949809175454746E-003 -0.546109956305405E-003  0.190170120661902E+000  0.964131238903091E+000  0.102062339263672E+001 -0.618161795239155E+001 -0.244417731409876E-001  0.409989071685646E-002  0.515296895868856E+001
      5.97000000 -0.750765891740394E-003  0.219213320425755E-003  0.135715295675386E+000  0.980558440409492E-003 -0.626651348487597E-003  0.189845574587462E+000  0.963032045012182E+000  0.102362533214672E+001 -0.615735275610379E+001 -0.283045645710390E-001  0.826454378266850E-002  0.511659145944514E+001
      5.98000000 -0.860423458090777E-003  0.369206965776177E-003  0.135003240690597E+000  0.975794228708601E-003 -0.631945808437627E-003  0.189504478565459E+000  0.963273179137699E+000  0.102378509712226E+001 -0.613254580946682E+001 -0.323845102597534E-001  0.138961654970239E-001  0.508123505017610E+001
      5.99000000 -0.961786697049923E-003  0.509071573058308E-003  0.134315515646754E+000  0.936492605861900E-003 -0.550081303603093E-003  0.189152086098095E+000  0.964811252750808E+000  0.102066932705911E+001 -0.610739722631065E+001 -0.361391737407011E-001  0.191283847880579E-001  0.504691089086453E+001
      6.00000000 -0.104230904597582E-002  0.590135828784216E-003  0.133652821398359E+000  0.870488956935665E-003 -0.399879763595520E-003  0.188792277484789E+000  0.967345856937266E+000  0.101500045566839E+001 -0.608205427422022E+001 -0.390995295594451E-001  0.221374201545319E-001  0.501364011100563E+001
      6.01000000 -0.109487048747348E-002  0.582472804951253E-003  0.133016594677486E+000  0.790634238226988E-003 -0.225411814058937E-003  0.188429296060265E+000  0.970390749042022E+000  0.100844167207625E+001 -0.605667683630181E+001 -0.410028980060166E-001  0.218136056144935E-001  0.498147125807948E+001
      6.02000000 -0.111972301932476E-002  0.486568643178194E-003  0.132407961593205E+000  0.711171607308306E-003 -0.808177860632449E-004  0.188069076666023E+000  0.973410865930563E+000  0.100302159834103E+001 -0.603148697501405E+001 -0.418639680992694E-001  0.181917258148364E-001  0.495044094348439E+001
      6.03000000 -0.112408499697120E-002  0.334040536642765E-003  0.131825919668720E+000  0.643603697249495E-003 -0.108596241339268E-004  0.187719308417040E+000  0.975976986040713E+000  0.100040534400793E+001 -0.600677075940108E+001 -0.419573561946081E-001  0.124683256311779E-001  0.492050608461596E+001
      6.04000000 -0.111953312460897E-002  0.176818900487707E-003  0.131265790624700E+000  0.593473433622509E-003 -0.344526092293051E-004  0.187388056087233E+000  0.977884812808724E+000  0.100128384163329E+001 -0.598282636256047E+001 -0.417182694538441E-001  0.658897747009950E-002  0.489148690912189E+001
      6.05000000 -0.111810659164823E-002  0.686377781871425E-004  0.130718828343876E+000  0.559101869612655E-003 -0.137441942082680E-003  0.187081421924580E+000  0.979200071341863E+000  0.100511316943357E+001 -0.595987697553201E+001 -0.415962431937270E-001  0.255348974335330E-002  0.486305349991316E+001
      6.06000000 -0.112841717341881E-002  0.456737131930997E-004  0.130173398432725E+000  0.532608964290175E-003 -0.277435583601098E-003  0.186801138163421E+000  0.980218367785941E+000  0.101030423640204E+001 -0.593798200944881E+001 -0.419105478976455E-001  0.169636761078634E-002  0.483477084408852E+001
      6.07000000 -0.115296089566608E-002  0.113526984843993E-003  0.129617569192159E+000  0.502787568133594E-003 -0.398932530109967E-003  0.186543061059201E+000  0.981356728883954E+000  0.101479234529099E+001 -0.591698260371417E+001 -0.427515792482577E-001  0.420955984510628E-002  0.480619577135249E+001
      6.08000000 -0.118735542546498E-002  0.245307989187645E-003  0.129042434021124E+000  0.458877059792273E-003 -0.453107404154789E-003  0.186297318261033E+000  0.983012907831166E+000  0.101677350626384E+001 -0.589650887655908E+001 -0.439545094249624E-001  0.908101491054751E-002  0.477700001259555E+001
      6.09000000 -0.122160766377406E-002  0.391360332873193E-003  0.128445131022215E+000  0.394123540715710E-003 -0.414951357344692E-003  0.186050410458638E+000  0.985433964683235E+000  0.101533579068849E+001 -0.587605933032524E+001 -0.451482302768575E-001  0.144639125586351E-001  0.474708085525294E+001
      6.10000000 -0.124297336838447E-002  0.496816055893655E-003  0.127830421644809E+000  0.308185503779250E-003 -0.291633809828241E-003  0.185788961105705E+000  0.988628738490146E+000  0.101076054608671E+001 -0.585514028554185E+001 -0.458625569611756E-001  0.183312492787066E-001  0.471661754239833E+001
      6.11000000 -0.123963268837135E-002  0.520431419707112E-003  0.127209922049708E+000  0.207808505101068E-003 -0.119398990929151E-003  0.185504154474802E+000  0.992344943799463E+000  0.100439830884403E+001 -0.583342930188116E+001 -0.456644346336572E-001  0.191711680156967E-001  0.468604065114116E+001
      6.12000000 -0.120427952021999E-002  0.447991190605947E-003  0.126598699439627E+000  0.105605820367794E-003  0.493871171078774E-004  0.185195389846055E+000  0.996116147679415E+000  0.998183696043282E+000 -0.581090816879522E+001 -0.442896404095008E-001  0.164757171449175E-001  0.465590486290699E+001
      6.13000000 -0.113675126659857E-002  0.295916346778859E-003  0.126009878718445E+000  0.171703675193958E-004  0.163970889841223E-003  0.184871562960766E+000  0.999369557631433E+000  0.993979500086369E+000 -0.578790747501539E+001 -0.417379628115934E-001  0.108651257668317E-001  0.462668992450849E+001
      6.14000000 -0.104497088870221E-002  0.104500386642099E-003  0.125448885837534E+000 -0.428983648449900E-004  0.191313354936986E-003  0.184548881799209E+000  0.100157252892610E+001  0.992987010444932E+000 -0.576502370095226E+001 -0.383055847315674E-001  0.383067935985458E-002  0.459859023622982E+001
      6.15000000 -0.943758164894622E-003 -0.761160501571481E-004  0.124909555306412E+000 -0.651429211525650E-004  0.125248804953646E-003  0.184245247361456E+000  0.100238406663109E+001  0.995416209602037E+000 -0.574291140772410E+001 -0.345391687836394E-001 -0.278565547966968E-002  0.457137471642349E+001
      6.16000000 -0.851536595588654E-003 -0.201909596086914E-003  0.124374134316923E+000 -0.484432297455635E-004 -0.137108867872568E-004  0.183972677409520E+000  0.100177002195585E+001  0.100050096929489E+001 -0.572200594390820E+001 -0.311135008611126E-001 -0.737738627354512E-002  0.454439040578711E+001
      6.17000000 -0.785588512869392E-003 -0.247465515977639E-003  0.123818067427683E+000 -0.116643912838630E-005 -0.186903483630890E-003  0.183730438796474E+000  0.100004255035533E+001  0.100681802371656E+001 -0.570227469725919E+001 -0.286573637267286E-001 -0.902725687178270E-002  0.451674042592022E+001
      6.18000000 -0.757122338382680E-003 -0.211381545252928E-003  0.123218625277873E+000  0.603925071937063E-004 -0.350697497940765E-003  0.183501849951609E+000  0.997800515731347E+000  0.101277233990804E+001 -0.568310442788371E+001 -0.275742596242452E-001 -0.769847792501975E-002  0.448760020898676E+001
      6.19000000 -0.767727721987866E-003 -0.113747829071920E-003  0.122564642382882E+000  0.116134239544813E-003 -0.469603453283851E-003  0.183256770141284E+000  0.995777244784667E+000  0.101707524360830E+001 -0.566339647025954E+001 -0.279153353454300E-001 -0.413598298252865E-002  0.445657098945418E+001
      6.20000000 -0.808551488279240E-003  0.124896142437934E-004  0.121863688647049E+000  0.147745987785805E-003 -0.525260308159898E-003  0.182959794304260E+000  0.994636475337301E+000  0.101906817680380E+001 -0.564186813963369E+001 -0.293523087390694E-001  0.453402187281728E-003  0.442393671287719E+001
      6.21000000 -0.862687235942722E-003  0.132824377412053E-003  0.121143487824986E+000  0.143978641546903E-003 -0.519104692489057E-003  0.182581854893858E+000  0.994781655495350E+000  0.101881436781375E+001 -0.561747470942555E+001 -0.312671320450432E-001  0.481407070177060E-002  0.439070994957019E+001
      6.22000000 -0.910101630003596E-003  0.221372770568645E-003  0.120446287747760E+000  0.103789066404764E-003 -0.468768872352387E-003  0.182111287377441E+000  0.996244329384312E+000  0.101696268730829E+001 -0.558980791022167E+001 -0.329325820868710E-001  0.801050860497979E-002  0.435842232069873E+001
      6.23000000 -0.933420731388739E-003  0.267030732089481E-003  0.119817498668824E+000  0.362546937644579E-004 -0.400116179701798E-003  0.181560233131622E+000  0.998690207588532E+000  0.101445520790450E+001 -0.555932214253951E+001 -0.337221822537814E-001  0.964715986271781E-002  0.432870986408332E+001
      6.24000000 -0.922560917251952E-003  0.274248548188996E-003  0.119292182068697E+000 -0.425986472405038E-004 -0.337855546817150E-003  0.180963716918947E+000  0.100153651743897E+001  0.101218632452353E+001 -0.552729428933354E+001 -0.332764308186604E-001  0.989204362581605E-002  0.430282485371306E+001
      6.25000000 -0.876713817147899E-003  0.258789635306593E-003  0.118883931329203E+000 -0.114727722669794E-003 -0.297759671058479E-003  0.180371304428580E+000  0.100413156539425E+001  0.101072289699577E+001 -0.549551670817099E+001 -0.315721464986323E-001  0.931951124576498E-002  0.428123844160398E+001
      6.26000000 -0.803352007040025E-003  0.240281635231919E-003  0.118579931456379E+000 -0.164862455919329E-003 -0.282766466443680E-003  0.179833887339521E+000  0.100592752927336E+001  0.101016669621973E+001 -0.546581797901268E+001 -0.288840325226834E-001  0.863917996821100E-002  0.426346927213561E+001
      6.27000000 -0.715141772963507E-003  0.234219019354288E-003  0.118343845756656E+000 -0.183569129439016E-003 -0.283925684023289E-003  0.179389814135328E+000  0.100658958983424E+001  0.101019209388221E+001 -0.543956475254987E+001 -0.256714784863858E-001  0.840777135915231E-002  0.424819470095923E+001
      6.28000000 -0.626324279059086E-003  0.246148629579791E-003  0.118125536700026E+000 -0.167997652324072E-003 -0.285595260669413E-003  0.179054692883965E+000  0.100602101687649E+001  0.101023570187170E+001 -0.541729996076700E+001 -0.224473913902831E-001  0.882193907070002E-002  0.423360588779377E+001
      6.29000000 -0.549955313398294E-003  0.270013376179248E-003  0.117874495490992E+000 -0.120845041172295E-003 -0.272896755536207E-003  0.178817820376829E+000  0.100432418697275E+001  0.100976503945670E+001 -0.539862158899597E+001 -0.196790003025300E-001  0.966186375886561E-002  0.421789221035825E+001
      6.30000000 -0.496554921429380E-003  0.291195350090130E-003  0.117552922171952E+000 -0.487009728697144E-004 -0.238638303127677E-003  0.178645982253518E+000  0.100173989629371E+001  0.100852561816906E+001 -0.538232593916666E+001 -0.177399755386729E-001  0.104032769883822E-001  0.419970857972158E+001
      6.31000000 -0.473763029451612E-003  0.293089834505969E-003  0.117144807451045E+000  0.392110143244507E-004 -0.187047996065205E-003  0.178493167185710E+000  0.998601363063878E+000  0.100667190687697E+001 -0.536676048228820E+001 -0.168988862791782E-001  0.104543653155726E-001  0.417849569562844E+001
      6.32000000 -0.486115382536410E-003  0.264654831060934E-003  0.116658771643283E+000  0.131635601799379E-003 -0.132800700318992E-003  0.178313217693516E+000  0.995312054431522E+000  0.100472943828297E+001 -0.535027794351048E+001 -0.173120525312262E-001  0.942516633409872E-002  0.415457493317561E+001
      6.33000000 -0.534312195852955E-003  0.205908867970848E-003  0.116124241852553E+000  0.215773037976733E-003 -0.956366876632414E-004  0.178071895240063E+000  0.992327803070536E+000  0.100340053376601E+001 -0.533166525667526E+001 -0.189984273606973E-001  0.732145869293266E-002  0.412900545930812E+001
      6.34000000 -0.614128607420644E-003  0.129091441560313E-003  0.115582273515797E+000  0.278482112563424E-003 -0.926742048930630E-004  0.177755213137196E+000  0.990113687765107E+000  0.100328999991152E+001 -0.531043596401176E+001 -0.218020005286964E-001  0.458283760622860E-002  0.410325257258913E+001
      6.35000000 -0.715843366268306E-003  0.549454250916595E-004  0.115073610996155E+000  0.308584561681152E-003 -0.131524490092727E-003  0.177371955167948E+000  0.989062281422989E+000  0.100466185946174E+001 -0.528691376688448E+001 -0.253729261205009E-001  0.194752969323133E-002  0.407876131540535E+001
      6.36000000 -0.825189771527015E-003  0.562374626209011E-005  0.114627253543383E+000  0.299755896439529E-003 -0.207018285682347E-003  0.176949794630826E+000  0.989391917353161E+000  0.100732618477238E+001 -0.526208881320109E+001 -0.292026992618340E-001  0.199019154724586E-003  0.405655199317728E+001
      6.37000000 -0.926189684991448E-003 -0.285114194336065E-005  0.114252726203765E+000  0.252736452180712E-003 -0.302812809755866E-003  0.176526107477495E+000  0.991069932781992E+000  0.101069944094831E+001 -0.523728786214072E+001 -0.327255371048930E-001 -0.100740866553299E-003  0.403695041232404E+001
      6.38000000 -0.100515521714975E-002  0.344809674542687E-004  0.113938363311646E+000  0.175547653195567E-003 -0.397036310672534E-003  0.176136117541056E+000  0.993807006491700E+000  0.101400669988915E+001 -0.521375343191746E+001 -0.354599997284382E-001  0.121642416584352E-002  0.401953276783095E+001
      6.39000000 -0.105428814835750E-002  0.110997698043678E-003  0.113656244422184E+000  0.811897611413096E-004 -0.469424610768318E-003  0.175801988994489E+000  0.997140259137068E+000  0.101653450783214E+001 -0.519226026342542E+001 -0.371351123193446E-001  0.390966358719130E-002  0.400330536674259E+001
      6.40000000 -0.107324537618140E-002  0.212149453295674E-003  0.113372313585134E+000 -0.164607613294308E-004 -0.506919100301106E-003  0.175526436830772E+000  0.100057889022933E+001  0.101782727471430E+001 -0.517289426882228E+001 -0.377437743925578E-001  0.746084845125201E-002  0.398706495391075E+001
      6.41000000 -0.106789393803047E-002  0.321224469442159E-003  0.113058320485780E+000 -0.106845262051210E-003 -0.505642288623050E-003  0.175293126427992E+000  0.100375166035995E+001  0.101775463033288E+001 -0.515507193454811E+001 -0.374969865674993E-001  0.112791628333797E-001  0.396981963622530E+001
      6.42000000 -0.104683042612098E-002  0.424422138896313E-003  0.112701339901383E+000 -0.185157004186240E-003 -0.469040860931892E-003  0.175073816833024E+000  0.100649129569474E+001  0.101644379014774E+001 -0.513779596653071E+001 -0.367001284561871E-001  0.148795321844651E-001  0.395112097275550E+001
      6.43000000 -0.101735274143926E-002  0.513112385034171E-003  0.112307308484698E+000 -0.252000013341030E-003 -0.403820913737418E-003  0.174839642937549E+000  0.100882096027716E+001  0.101413527004201E+001 -0.512005342689570E+001 -0.356112208135259E-001  0.179608878035326E-001  0.393118354973257E+001
      6.44000000 -0.982824994246485E-003  0.582841711795133E-003  0.111897211816754E+000 -0.310643885919362E-003 -0.316172752640459E-003  0.174572191926836E+000  0.101085683452135E+001  0.101105006540019E+001 -0.510120297127294E+001 -0.343491979389884E-001  0.203700001961173E-001  0.391074657239605E+001
      6.45000000 -0.942621045639476E-003  0.630416888108608E-003  0.111497482218618E+000 -0.363439022420079E-003 -0.210295648347628E-003  0.174269974736723E+000  0.101268230275360E+001  0.100733832339287E+001 -0.508119779146427E+001 -0.328930157337229E-001  0.219985674150671E-001  0.389073472723014E+001
      6.46000000 -0.894478320209927E-003  0.651325506103593E-003  0.111128593808978E+000 -0.409321257858372E-003 -0.897107518456591E-004  0.173947709730679E+000  0.101426126525080E+001  0.100312563494653E+001 -0.506055605618223E+001 -0.311647449056116E-001  0.226929963416810E-001  0.387185938387341E+001
      6.47000000 -0.837868153809588E-003  0.639385041266343E-003  0.110796637530239E+000 -0.443698661513256E-003  0.398509732612970E-004  0.173628838922265E+000  0.101543512366752E+001  0.998613688176427E+000 -0.504009620374523E+001 -0.291472562189400E-001  0.222425444094190E-001  0.385432716067261E+001
      6.48000000 -0.776523034804706E-003  0.589094248446762E-003  0.110491384447445E+000 -0.460747028939137E-003  0.168158859287360E-003  0.173334584789863E+000  0.101600345721285E+001  0.994159217660581E+000 -0.502055452767513E+001 -0.269715318423338E-001  0.204614332968417E-001  0.383777655054019E+001
      6.49000000 -0.718749846923161E-003  0.499485413214549E-003  0.110191519374245E+000 -0.456926933022642E-003  0.280682705859309E-003  0.173074312686633E+000  0.101584631688715E+001  0.990265867953181E+000 -0.500225157601485E+001 -0.249263875989852E-001  0.173222534420326E-001  0.382146380107286E+001
      6.50000000 -0.675286470002450E-003  0.377249464397259E-003  0.109874617032167E+000 -0.433978739070999E-003  0.361820858814850E-003  0.172841312866699E+000  0.101502731439054E+001  0.987471285321249E+000 -0.498494929424658E+001 -0.233830397086396E-001  0.130629586078218E-001  0.380461129781765E+001
      6.51000000 -0.655615195508238E-003  0.237074584522548E-003  0.109527451908546E+000 -0.399964490614850E-003  0.399991095316822E-003  0.172615667230360E+000  0.101382823408619E+001  0.986170846092042E+000 -0.496795442949216E+001 -0.226670132141261E-001  0.819653476143160E-002  0.378676427381460E+001
      6.52000000 -0.664277022748805E-003  0.984225532021519E-004  0.109152248384687E+000 -0.367858810589428E-003  0.392257465567986E-003  0.172372767566174E+000  0.101269871692187E+001  0.986459026201505E+000 -0.495041607635895E+001 -0.229312595668738E-001  0.339760828302269E-002  0.376800409211751E+001
      6.53000000 -0.698620196128822E-003 -0.202774015270277E-004  0.108766402297490E+000 -0.352228654911388E-003  0.346146846809246E-003  0.172093720130763E+000  0.101214053369166E+001  0.988069092626756E+000 -0.493168550666756E+001 -0.240798751336994E-001 -0.698916663893119E-003  0.374893454351602E+001
      6.54000000 -0.748740803711429E-003 -0.107676704623328E-003  0.108396075076717E+000 -0.365208757580229E-003  0.277458450652100E-003  0.171773299080050E+000  0.101256868119266E+001  0.990451250858380E+000 -0.491158834156550E+001 -0.257679594545840E-001 -0.370570021719624E-002  0.373045739429127E+001
      6.55000000 -0.799534049934268E-003 -0.163154080158840E-003  0.108066545775641E+000 -0.413074828962261E-003  0.204649853970403E-003  0.171422421117239E+000  0.101419429108756E+001  0.992967715787525E+000 -0.489050596567450E+001 -0.274740028766521E-001 -0.560638495382408E-002  0.371343858307713E+001
      6.56000000 -0.834142155263560E-003 -0.196328221516912E-003  0.107793261611193E+000 -0.494348729504332E-003  0.141968199194106E-003  0.171064567177622E+000  0.101696117200768E+001  0.995129051816181E+000 -0.486924851860867E+001 -0.286195305659426E-001 -0.673604792804778E-002  0.369840143675443E+001
      6.57000000 -0.837820973628889E-003 -0.222427305841747E-003  0.107576857362166E+000 -0.599813602428626E-003  0.941613641514498E-004  0.170728001992275E+000  0.102054836238940E+001  0.996774228150495E+000 -0.484878509048652E+001 -0.287019982772320E-001 -0.761989535953897E-002  0.368535865282194E+001
      6.58000000 -0.801297388754336E-003 -0.255285791342814E-003  0.107403517196625E+000 -0.714315463645521E-003  0.550477359621766E-004  0.170437024016438E+000  0.102443376731930E+001  0.998117045422635E+000 -0.482994321046639E+001 -0.274090579678406E-001 -0.873226738472057E-002  0.367382855617267E+001
      6.59000000 -0.722904578183555E-003 -0.300805701555918E-003  0.107249887612896E+000 -0.819878732343025E-003  0.106757624284814E-004  0.170205398251910E+000  0.102800209224089E+001  0.999635380608776E+000 -0.481318562578991E+001 -0.246900424185999E-001 -0.102737010600126E-001  0.366300664633515E+001
      6.60000000 -0.609058200842262E-003 -0.353616303279585E-003  0.107090232850768E+000 -0.899443150214518E-003 -0.540862826890400E-004  0.170033853456698E+000  0.103067298616264E+001  0.100184446098691E+001 -0.479852771463534E+001 -0.207702218447292E-001 -0.120590923114952E-001  0.365201205835206E+001
      6.61000000 -0.472961257614644E-003 -0.398426089820341E-003  0.106903132886433E+000 -0.940401856494391E-003 -0.148139170980398E-003  0.169911778040224E+000  0.103202125092535E+001  0.100504422820210E+001 -0.478559861640553E+001 -0.161046163440237E-001 -0.135666488844507E-001  0.364011621119488E+001
      6.62000000 -0.331815819359781E-003 -0.415683278766939E-003  0.106675685186061E+000 -0.937117585096819E-003 -0.268936494640749E-003  0.169821786281965E+000  0.103186121796155E+001  0.100914361699090E+001 -0.477379939657262E+001 -0.112814616989824E-001 -0.141328855187338E-001  0.362688451370779E+001
      6.63000000 -0.203224098888382E-003 -0.389404185517726E-003  0.106404417640101E+000 -0.891798862479498E-003 -0.401667086201767E-003  0.169745127268766E+000  0.103027468695430E+001  0.101363574882883E+001 -0.476248838868490E+001 -0.689902873200614E-002 -0.132194492628838E-001  0.361220513967994E+001
      6.64000000 -0.101727173888486E-003 -0.314107641452091E-003  0.106093379997672E+000 -0.813561100467907E-003 -0.523321665250987E-003  0.169666051636266E+000  0.102757708585733E+001  0.101773890920464E+001 -0.475112953453213E+001 -0.344822165997470E-002 -0.106472315254327E-001  0.359622190319498E+001
      6.65000000 -0.363848983718378E-004 -0.198092519787808E-003  0.105750724583570E+000 -0.716064244305438E-003 -0.610190293140979E-003  0.169573999277051E+000  0.102423575862809E+001  0.102065237131916E+001 -0.473936563480504E+001 -0.123147555775940E-002 -0.670459743492022E-002  0.357921660819620E+001
      6.66000000 -0.989379609957691E-005 -0.617074849479053E-004  0.105385330129979E+000 -0.614563351072144E-003 -0.645961928973877E-003  0.169463453613238E+000  0.102076914910777E+001  0.102183026305977E+001 -0.472701208145728E+001 -0.334360527804831E-003 -0.208540251173890E-002  0.356149391502548E+001
      6.67000000 -0.191281163738504E-004  0.687782338982725E-004  0.105004701670542E+000 -0.523289164753897E-003 -0.627350642356914E-003  0.169332175753341E+000  0.101765802729925E+001  0.102116950916450E+001 -0.471399597677495E+001 -0.645464924295747E-003  0.232087345500645E-002  0.354331030247861E+001
      6.68000000 -0.564853674018087E-004  0.169386675741973E-003  0.104614672385953E+000 -0.453727323063369E-003 -0.565159049817567E-003  0.169179035377157E+000  0.101528779131985E+001  0.101904234807329E+001 -0.470028221152102E+001 -0.190320588064563E-002  0.570727840153545E-002  0.352486438249467E+001
      6.69000000 -0.111307076221788E-003  0.225654064685423E-003  0.104220593448861E+000 -0.413780359188847E-003 -0.480496981758707E-003  0.169002664761978E+000  0.101392098706722E+001  0.101616556252698E+001 -0.468582789934656E+001 -0.374475089057246E-002  0.759177483027466E-002  0.350633736309764E+001
      6.70000000 -0.170988441950743E-003  0.236287770731327E-003  0.103829012181088E+000 -0.407337529141727E-003 -0.397743412666302E-003  0.168801680000245E+000  0.101368377414779E+001  0.101336147700204E+001 -0.467058986623945E+001 -0.574405021424282E-002  0.793766411698883E-002  0.348794955295988E+001
      6.71000000 -0.221950917963985E-003  0.212184618053066E-003  0.103448573926684E+000 -0.433749688848250E-003 -0.336994608554126E-003  0.168576394808801E+000  0.101454932789513E+001  0.101130385838838E+001 -0.465458213921708E+001 -0.744493140884553E-002  0.711733901309431E-002  0.346999032169814E+001
      6.72000000 -0.251023728028103E-003  0.171582372748903E-003  0.103089193680066E+000 -0.487143824863579E-003 -0.308729582066430E-003  0.168331104516480E+000  0.101631601906697E+001  0.101034035020139E+001 -0.463795201883984E+001 -0.840759489030854E-002  0.574684748618342E-002  0.345278984117995E+001
      6.73000000 -0.247649100683560E-003  0.133508064328841E-003  0.102759369188770E+000 -0.556120276930226E-003 -0.312317525516201E-003  0.168075522582580E+000  0.101859858661637E+001  0.101044497888512E+001 -0.462102713121503E+001 -0.828224296181703E-002  0.446497170020519E-002  0.343662892324383E+001
      6.74000000 -0.206698186720986E-003  0.112072799287885E-003  0.102462532602589E+000 -0.624696805491800E-003 -0.338339039178420E-003  0.167824105802586E+000  0.102086102598623E+001  0.101129844018155E+001 -0.460429155629723E+001 -0.690244644535755E-002  0.374254127400814E-002  0.342161755342225E+001
      6.75000000 -0.130926016140575E-003  0.113471851604813E-003  0.102194083569674E+000 -0.675070911283726E-003 -0.373245651640180E-003  0.167592841439382E+000  0.102250981353147E+001  0.101244564071628E+001 -0.458827753788872E+001 -0.436564538699742E-002  0.378364728504932E-002  0.340759722678305E+001
      6.76000000 -0.317282293796696E-004  0.136195394193292E-003  0.101940785986783E+000 -0.691912108468451E-003 -0.404236878208056E-003  0.167394280152083E+000  0.102303724337446E+001  0.101345908422506E+001 -0.457339974854999E+001 -0.105639276017035E-002  0.453463150031721E-002  0.339412284857963E+001
      6.77000000  0.727583204849322E-004  0.173608791612805E-003  0.101683410371833E+000 -0.666909097540633E-003 -0.422566849670638E-003  0.167232625803929E+000  0.102217196828190E+001  0.101404859946045E+001 -0.455979291435260E+001  0.241891313221740E-002  0.577177404730741E-002  0.338055269882176E+001
      6.78000000  0.162116776981135E-003  0.217309392348243E-003  0.101402148037496E+000 -0.601779493969603E-003 -0.424516002218978E-003  0.167100992113033E+000  0.101997717004943E+001  0.101409258449318E+001 -0.454722280888935E+001  0.538176267897360E-002  0.721398241013821E-002  0.336622961570139E+001
      6.79000000  0.219354058304170E-003  0.259747267105063E-003  0.101083018991795E+000 -0.508294732935251E-003 -0.410413046973476E-003  0.166982269891302E+000  0.101684892164737E+001  0.101360434571412E+001 -0.453511771733657E+001  0.727113444606692E-002  0.861008597570801E-002  0.335069351798587E+001
      6.80000000  0.235792738809255E-003  0.295330363984565E-003  0.100722884464710E+000 -0.405006633850931E-003 -0.382828622247415E-003  0.166853650569071E+000  0.101340539142947E+001  0.101267131721482E+001 -0.452272064298664E+001  0.780454860679937E-002  0.977519576056945E-002  0.333384586646574E+001
      6.81000000  0.213291110579503E-003  0.320166160747729E-003  0.100331096131361E+000 -0.311752951861501E-003 -0.345121684361931E-003  0.166693341863321E+000  0.101030361773410E+001  0.101140647389602E+001 -0.450931262438425E+001  0.704939618493039E-002  0.105816792176042E-001  0.331600151725342E+001
      6.82000000  0.163003917711831E-003  0.331251228365560E-003  0.999271081073799E-001 -0.243962978455062E-003 -0.300998179689853E-003  0.166487094131999E+000  0.100805129663503E+001  0.100993357945798E+001 -0.449442784003437E+001  0.537947561749423E-002  0.109319943426624E-001  0.329780688179953E+001
      6.83000000  0.101318233267606E-003  0.326043166245580E-003  0.995349537117976E-001 -0.208803356202134E-003 -0.254987651485105E-003  0.166232256867591E+000  0.100688086515225E+001  0.100840281342825E+001 -0.447798543215435E+001  0.333882133534197E-002  0.107443630291889E-001  0.328005548801334E+001
      6.84000000  0.446627419969369E-004  0.302963412562015E-003  0.991766260110305E-001 -0.204317904110357E-003 -0.213152747663002E-003  0.165938130610519E+000  0.100672320879329E+001  0.100701392486205E+001 -0.446029827254272E+001  0.146965554014404E-002  0.996920112435657E-002  0.326346908749806E+001
      6.85000000  0.510688175319140E-005  0.262734807417595E-003  0.988666194795740E-001 -0.221416458570328E-003 -0.183175556435019E-003  0.165622846195612E+000  0.100727521117922E+001  0.100601870730180E+001 -0.444196754820110E+001  0.167799826000722E-003  0.863283253845747E-002  0.324851883159126E+001
      6.86000000 -0.119683930838711E-004  0.209876222740453E-003  0.986091833019233E-001 -0.247524746449526E-003 -0.173249921130353E-003  0.165308204262629E+000  0.100812121081154E+001  0.100568427663401E+001 -0.442371134583888E+001 -0.392679296529786E-003  0.688597432642088E-002  0.323533697957817E+001
      6.87000000 -0.789487542625664E-005  0.153410110550723E-003  0.983986391847630E-001 -0.270376877701779E-003 -0.189799014478064E-003  0.165014356132638E+000  0.100885806957252E+001  0.100621818289098E+001 -0.440618953629453E+001 -0.258651392036888E-003  0.502601200197676E-002  0.322372977729707E+001
      6.88000000  0.109254456142946E-004  0.105996787105026E-003  0.982220353314689E-001 -0.280823883993744E-003 -0.234684577160182E-003  0.164755843084574E+000  0.100918696113089E+001  0.100767754529183E+001 -0.438987462526020E+001  0.357418474414402E-003  0.346761233155911E-002  0.321326664938212E+001
      6.89000000  0.353782450862784E-004  0.812517039371575E-004  0.980628863599705E-001 -0.274261345602891E-003 -0.303023656438401E-003  0.164539677934387E+000  0.100895925001401E+001  0.100989882366479E+001 -0.437499044423379E+001  0.115569528067471E-002  0.265423597349015E-002  0.320340408912803E+001
      6.90000000  0.559789587463926E-004  0.897638913037777E-004  0.979048561066794E-001 -0.250858417398378E-003 -0.382781437133482E-003  0.164365350746524E+000  0.100818287397929E+001  0.101248613578193E+001 -0.436151413881169E+001  0.182600516125560E-002  0.292805247696121E-002  0.319360660802402E+001
      6.91000000  0.648760233899431E-004  0.135056017678545E-003  0.977347030114735E-001 -0.214933696362680E-003 -0.456869867295042E-003  0.164226222787898E+000  0.100700088164652E+001  0.101488129559451E+001 -0.434922335794690E+001  0.211316033333117E-002  0.439908311920696E-002  0.318344261565458E+001
      6.92000000  0.574102225469171E-004  0.211103865254512E-003  0.975442380899928E-001 -0.173669990847574E-003 -0.507611499833933E-003  0.164111770645408E+000  0.100564865385648E+001  0.101651017335889E+001 -0.433777068580458E+001  0.186727985306169E-002  0.686619868388522E-002  0.317264735246140E+001
      6.93000000  0.330315275174827E-004  0.302806842141759E-003  0.973312083070784E-001 -0.135226875336942E-003 -0.522379511742378E-003  0.164010313434889E+000  0.100439193651575E+001  0.101696598880202E+001 -0.432677311916497E+001  0.107280724717923E-002  0.983464584170980E-002  0.316115037650859E+001
      6.94000000 -0.481708388631818E-005  0.389894480207023E-003  0.970989643215632E-001 -0.106471379554469E-003 -0.498416868284717E-003  0.163911905950981E+000  0.100345302471107E+001  0.101616439807395E+001 -0.431590615295701E+001 -0.156225173040492E-003  0.126448561153106E-001  0.314906338797082E+001
      6.95000000 -0.501675318369113E-004  0.453388596371519E-003  0.968547584530978E-001 -0.909660450914025E-004 -0.444717364267172E-003  0.163810898904358E+000  0.100294591888376E+001  0.101440209124202E+001 -0.430498627222688E+001 -0.162466642626572E-002  0.146829075221632E-001  0.313662379872249E+001
      6.96000000 -0.971383808346733E-004  0.482440168944198E-003  0.966067829262038E-001 -0.881718136681902E-004 -0.379669581271791E-003  0.163707415680123E+000  0.100285132557881E+001  0.101227786458665E+001 -0.429401769511748E+001 -0.314128901783317E-002  0.156012895360620E-001  0.312409805111714E+001
      6.97000000 -0.142699189015671E-003  0.478772249818889E-003  0.963606019580135E-001 -0.946173934129382E-004 -0.324768694081521E-003  0.163606988690342E+000  0.100305537469224E+001  0.101048739574125E+001 -0.428317928328132E+001 -0.460802686476646E-002  0.154604620004381E-001  0.311166619509541E+001
      6.98000000 -0.188081274376570E-003  0.456541606372861E-003  0.961161729467378E-001 -0.106921373371708E-003 -0.296489563612864E-003  0.163518061084113E+000  0.100344774693753E+001  0.100956049246955E+001 -0.427274273192218E+001 -0.606479899470918E-002  0.147214712605008E-001  0.309932645339033E+001
      6.99000000 -0.237601573634036E-003  0.437141185638842E-003  0.958667875633816E-001 -0.125377913359779E-003 -0.299545131353396E-003  0.163447918039008E+000  0.100403710585925E+001  0.100964520283112E+001 -0.426294089537698E+001 -0.765065137376699E-002  0.140757266935831E-001  0.308686242583601E+001
      7.00000000 -0.294840951868435E-003  0.440666192418956E-003  0.956007383479537E-001 -0.156037248689021E-003 -0.324547440515084E-003  0.163398476982479E+000  0.100501714346161E+001  0.101043533568326E+001 -0.425383270544032E+001 -0.948016814132019E-002  0.141689598132596E-001  0.307389820928734E+001
      7.01000000 -0.357713507939498E-003  0.477449288228824E-003  0.953054361682607E-001 -0.209476527877778E-003 -0.351434735499449E-003  0.163363730707537E+000  0.100672579497314E+001  0.101128373666184E+001 -0.424522231639894E+001 -0.114853331678660E-001  0.153297653690953E-001  0.306003173714759E+001
      7.02000000 -0.415088209911028E-003  0.543335100859536E-003  0.949725376093918E-001 -0.295897124406699E-003 -0.357549319361769E-003  0.163330181245498E+000  0.100948702200642E+001  0.101146370809776E+001 -0.423667483046796E+001 -0.133085138624678E-001  0.174203519856764E-001  0.304499935953192E+001
      7.03000000 -0.447472600005902E-003  0.620923558825828E-003  0.946019946943845E-001 -0.418219744639576E-003 -0.327077567223092E-003  0.163280419775514E+000  0.101338984294420E+001  0.101047180892777E+001 -0.422763261342633E+001 -0.143264107271503E-001  0.198796662271285E-001  0.302880451581074E+001
      7.04000000 -0.432643762716355E-003  0.686424008555598E-003  0.942032183856567E-001 -0.566410615722273E-003 -0.257791685991693E-003  0.163198609289835E+000  0.101810860521133E+001  0.100824180857280E+001 -0.421759145156451E+001 -0.138319707976957E-001  0.219455303864002E-001  0.301175303575016E+001
      7.05000000 -0.354651504241479E-003  0.719221916952510E-003  0.937927067024710E-001 -0.716374494942599E-003 -0.162134341675884E-003  0.163075696048457E+000  0.102287058501856E+001  0.100517621337988E+001 -0.420626655090045E+001 -0.113224122815351E-001  0.229614902749930E-001  0.299437527145917E+001
      7.06000000 -0.212542167465062E-003  0.710014103690409E-003  0.933890173694709E-001 -0.835084187585050E-003 -0.622069845322901E-004  0.162912208768226E+000  0.102662268384664E+001  0.100198317356127E+001 -0.419368022203458E+001 -0.677589518832277E-002  0.226354196262159E-001  0.297726423411960E+001
      7.07000000 -0.246336230308577E-004  0.664058099822282E-003  0.930071331169203E-001 -0.890815893080679E-003  0.190375892600322E-004  0.162717529818525E+000  0.102835925504534E+001  0.999393935544407E+000 -0.418013650667181E+001 -0.784215014178576E-003  0.211403873281322E-001  0.296089576935670E+001
      7.08000000  0.174321988463249E-003  0.598376920424624E-003  0.926545015231388E-001 -0.864749726420787E-003  0.664765294823752E-004  0.162506067015832E+000  0.102749055141144E+001  0.997886699011801E+000 -0.416609748864635E+001  0.554172778501919E-002  0.190225113599507E-001  0.294550349054865E+001
      7.09000000  0.342785342381166E-003  0.534513684363519E-003  0.923302171099093E-001 -0.759124891347714E-003  0.777211578278471E-004  0.162292077033876E+000  0.102409868096840E+001  0.997532715092951E+000 -0.415201784675288E+001  0.108818386814066E-001  0.169683208909802E-001  0.293105452243074E+001
      7.10000000  0.445521592403912E-003  0.490276876000651E-003  0.920273596162722E-001 -0.598259202932484E-003  0.625537682704984E-004  0.162085364234322E+000  0.101896519510196E+001  0.998017005983698E+000 -0.413820855710707E+001  0.141233162493089E-001  0.155420870448020E-001  0.291732550253400E+001
      7.11000000  0.465094347939107E-003  0.474002919122746E-003  0.917371252141016E-001 -0.421623839141654E-003  0.377965930035194E-004  0.161889507806800E+000  0.101334694384431E+001  0.998803509295511E+000 -0.412478178197540E+001  0.147230482908291E-001  0.150050584341907E-001  0.290403469870996E+001
      7.12000000  0.407265104400070E-003  0.483285092496317E-003  0.914527385630039E-001 -0.271486266997894E-003  0.204038189431711E-004  0.161702983381458E+000  0.100858211140361E+001  0.999355002928267E+000 -0.411168772189119E+001  0.128742957624076E-001  0.152774081332734E-001  0.289096608528891E+001
      7.13000000  0.298323362173609E-003  0.507829921303196E-003  0.911714717242853E-001 -0.179850143270296E-003  0.218887241413366E-004  0.161522205771522E+000  0.100567737438204E+001  0.999309033179313E+000 -0.409881180244517E+001  0.941724806648292E-002  0.160307939333012E-001  0.287803261386641E+001
      7.14000000  0.175675064962446E-003  0.534346293513288E-003  0.908941763898285E-001 -0.159538960789357E-003  0.459794076403225E-004  0.161344771433550E+000  0.100502915270277E+001  0.998550589391696E+000 -0.408607734008915E+001  0.553781172569433E-002  0.168442184463217E-001  0.286526056453443E+001
      7.15000000  0.755752643183675E-004  0.550976765880887E-003  0.906229682400767E-001 -0.202333984277211E-003  0.894883112697099E-004  0.161171322509096E+000  0.100636926131478E+001  0.997183001950308E+000 -0.407350395523855E+001  0.237902994446047E-002  0.173441699020833E-001  0.285271585939575E+001
      7.16000000  0.226220181453761E-004  0.549730753347601E-003  0.903584782002922E-001 -0.284095145284883E-003  0.144909072710936E-003  0.161005319830447E+000  0.100893052654310E+001  0.995444785517603E+000 -0.406119976419754E+001  0.711122794101606E-003  0.172807778161928E-001  0.284041737901686E+001
      7.17000000  0.243928710137100E-004  0.526904890393769E-003  0.900980905102040E-001 -0.374178405174253E-003  0.202953386328249E-003  0.160851092453070E+000  0.101174588756782E+001  0.993629061366571E+000 -0.404929953462853E+001  0.765720085449310E-003  0.165401464005286E-001  0.282828198146570E+001
      7.18000000  0.721908493673989E-004  0.482573989752821E-003  0.898359304049812E-001 -0.445303433902584E-003  0.254060593153138E-003  0.160711277202628E+000  0.101395911468755E+001  0.992035855357481E+000 -0.403788423635709E+001  0.226299702402776E-002  0.151274505322140E-001  0.281612482660505E+001
      7.19000000  0.146500469883174E-003  0.420298495769900E-003  0.895644673271783E-001 -0.480589622825758E-003  0.289125261982582E-003  0.160584871818865E+000  0.101504429269074E+001  0.990949273852444E+000 -0.402692047144788E+001  0.458602484026733E-002  0.131569498955521E-001  0.280371026997591E+001
      7.20000000  0.224439487324054E-003  0.347350297687155E-003  0.892769340350224E-001 -0.476192426701238E-003  0.300399849836899E-003  0.160466667525390E+000  0.101488593996799E+001  0.990609396789354E+000 -0.401624353036027E+001  0.701605600470593E-002  0.108582904500476E-001  0.279082783776713E+001
      7.21000000  0.286546494401220E-003  0.274735656643241E-003  0.889695895833254E-001 -0.439837279488251E-003  0.283267742272014E-003  0.160348142944076E+000  0.101373039549755E+001  0.991157234017046E+000 -0.400558620788564E+001  0.894511875197065E-002  0.857641996008297E-002  0.277736269571180E+001
      7.22000000  0.321263822080986E-003  0.215904678019055E-003  0.886431234778141E-001 -0.386723786610695E-003  0.238581297907664E-003  0.160219370863901E+000  0.101205563146743E+001  0.992562525755645E+000 -0.399463895409045E+001  0.100149987586002E-001  0.673055891675138E-002  0.276333875952257E+001
      7.23000000  0.326692911688552E-003  0.183631549655027E-003  0.883029378359836E-001 -0.334479841192801E-003  0.174281162966666E-003  0.160071308349643E+000  0.101041256982071E+001  0.994574516744108E+000 -0.398312145969430E+001  0.101701577612480E-001  0.571656673014834E-002  0.274892651919480E+001
      7.24000000  0.309986204563794E-003  0.185784101019059E-003  0.879583739985720E-001 -0.298389540002743E-003  0.104824871080410E-003  0.159897945993836E+000  0.100927622564298E+001  0.996741242480787E+000 -0.397084926929599E+001  0.963673853888762E-002  0.577558865473484E-002  0.273441798393158E+001
      7.25000000  0.284934085412200E-003  0.221760848841264E-003  0.876210643708118E-001 -0.287568600259668E-003  0.478114589008549E-004  0.159697964414389E+000  0.100892749740096E+001  0.998515704862465E+000 -0.395778454587871E+001  0.884570952692374E-002  0.688451172998860E-002  0.272017467739190E+001
      7.26000000  0.268197824144151E-003  0.281505306520070E-003  0.873025958563378E-001 -0.302520716072524E-003  0.186575106957423E-004  0.159475605199120E+000  0.100937874600604E+001  0.999421579929494E+000 -0.394406206206052E+001  0.831466785043806E-002  0.872722636478997E-002  0.270655472072856E+001
      7.27000000  0.274661770308029E-003  0.348011488342053E-003  0.870117619614175E-001 -0.334567808474755E-003  0.253926872143063E-004  0.159240414776645E+000  0.101035800261278E+001  0.999213858853575E+000 -0.392998008336659E+001  0.850335047908573E-002  0.107742102324687E-001  0.269382778291619E+001
      7.28000000  0.312732121260195E-003  0.402607173044936E-003  0.867519470438046E-001 -0.367653861799504E-003  0.658439662841577E-004  0.159005546739729E+000  0.101136669032776E+001  0.997964313577340E+000 -0.391594675856544E+001  0.966868445366138E-002  0.124473357558094E-001  0.268209481753050E+001
      7.29000000  0.380890941921049E-003  0.430938650095571E-003  0.865195006776482E-001 -0.382604402728413E-003  0.128493216901931E-003  0.158784614444601E+000  0.101181268737542E+001  0.996032847007769E+000 -0.390238219185442E+001  0.117597852741828E-001  0.133049790207942E-001  0.267123902938482E+001
      7.30000000  0.466949035100118E-003  0.427237535216855E-003  0.863040311711521E-001 -0.363032040161431E-003  0.196637078586946E-003  0.158587695639076E+000  0.101119304814195E+001  0.993937261608817E+000 -0.388959517518027E+001  0.143970296048494E-001  0.131726397967631E-001  0.266093641573221E+001
      7.31000000  0.550843768231977E-003  0.395295208844905E-003  0.860911211097853E-001 -0.301102072762124E-003  0.254041002510315E-003  0.158417756771825E+000  0.100927091594852E+001  0.992178091767532E+000 -0.387767385429156E+001  0.169604487581181E-001  0.121711173305317E-001  0.265074079497717E+001
      7.32000000  0.610535025871169E-003  0.346106075285410E-003  0.858670493925221E-001 -0.200937984039518E-003  0.289794416640242E-003  0.158269064974061E+000  0.100617841726211E+001  0.991089435704304E+000 -0.386643840768631E+001  0.187726584448082E-001  0.106420284859744E-001  0.264022983383993E+001
      7.33000000  0.629102442269890E-003  0.293526039213843E-003  0.856240419535001E-001 -0.780158175418878E-004  0.300704941901638E-003  0.158128745525326E+000  0.100239554848240E+001  0.990766574139476E+000 -0.385549069793278E+001  0.193171775716074E-001  0.901299095410583E-002  0.262916611298885E+001
      7.34000000  0.600324214014939E-003  0.249849755848921E-003  0.853639255433367E-001  0.455872297525412E-004  0.290859375111484E-003  0.157981509059651E+000  0.998602108650538E+000  0.991081059178515E+000 -0.384436071435531E+001  0.184084014360954E-001  0.766141777560035E-002  0.261760790732255E+001
      7.35000000  0.530397289322059E-003  0.222797139172850E-003  0.850982952395672E-001  0.148397572686931E-003  0.269172197415432E-003  0.157816127298547E+000  0.995455713190707E+000  0.991757306780725E+000 -0.383270536432202E+001  0.162420271565755E-001  0.682257857968705E-002  0.260591230401269E+001
      7.36000000  0.435022543558854E-003  0.214427757360427E-003  0.848445090085089E-001  0.216295277360364E-003  0.246256132236780E-003  0.157631160281407E+000  0.993385523189315E+000  0.992469297082917E+000 -0.382048275416362E+001  0.133033257203348E-001  0.655736660521076E-002  0.259461068313433E+001
      7.37000000  0.333146607617287E-003  0.221617472222878E-003  0.846185704285230E-001  0.246001549127026E-003  0.231692276431580E-003  0.157437344500901E+000  0.992487289917769E+000  0.992924284796988E+000 -0.380802307769560E+001  0.101740573861797E-001  0.676803794071907E-002  0.258419017871341E+001
      7.38000000  0.240197713519257E-003  0.237388938025223E-003  0.844274849748382E-001  0.243972186223138E-003  0.232127841442128E-003  0.157255138987238E+000  0.992559361045444E+000  0.992920588669515E+000 -0.379595125602733E+001  0.732552546941604E-002  0.723986371969351E-002  0.257486086124769E+001
      7.39000000  0.163846799883807E-003  0.252593752453051E-003  0.842642244595249E-001  0.221541635343552E-003  0.250119073671873E-003  0.157107826941842E+000  0.993252588541795E+000  0.992382216096798E+000 -0.378497484248107E+001  0.499022124311649E-002  0.769315427743241E-002  0.256640424610585E+001
      7.40000000  0.104007598880987E-003  0.257828911967799E-003  0.841076593435655E-001  0.188944301737198E-003  0.283570709197372E-003  0.157012485372135E+000  0.994253169942370E+000  0.991375063126564E+000 -0.377560880144865E+001  0.316344017774354E-002  0.784198796893807E-002  0.255817413041001E+001
      7.41000000  0.565987155505725E-004  0.245605044534839E-003  0.839279726799236E-001  0.151289197080961E-003  0.325896176988297E-003  0.156972203861303E+000  0.995404677606585E+000  0.990101090963943E+000 -0.376794045751649E+001  0.171915344932969E-002  0.746011204278237E-002  0.254926392453228E+001
      7.42000000  0.186557039901550E-004  0.212514711574745E-003  0.836959095386643E-001  0.108415535521339E-003  0.367242398167098E-003  0.156972646914154E+000  0.996711378516399E+000  0.988860256655156E+000 -0.376152810109055E+001  0.565892596837776E-003  0.644631272358994E-002  0.253878897406009E+001
      7.43000000 -0.826935060945985E-005  0.160709919643849E-003  0.833926555906534E-001  0.583898122000074E-004  0.396938134129679E-003  0.156984499843434E+000  0.998231217062564E+000  0.987975686640994E+000 -0.375547864092990E+001 -0.250500656032073E-003  0.486833152963572E-002  0.252618566079639E+001
      7.44000000 -0.184795405870885E-004  0.978300823507721E-004  0.830168285808379E-001  0.235985720648210E-005  0.406717877157380E-003  0.156971156747761E+000  0.999928609723367E+000  0.987695992078553E+000 -0.374868321393150E+001 -0.559042094135073E-003  0.295955052827419E-002  0.251142075094172E+001
      7.45000000 -0.618575723735654E-005  0.349306410519966E-004  0.825861107669578E-001 -0.523376193991639E-004  0.393607360646494E-003  0.156899093242143E+000  0.100158118966641E+001  0.988108593810327E+000 -0.374013200736206E+001 -0.186880021194982E-003  0.105530150791063E-002  0.249503715363000E+001
      7.46000000  0.290079487383302E-004 -0.171420977071469E-004  0.821329883872021E-001 -0.930403188608276E-004  0.361139039532975E-003  0.156747459635535E+000  0.100280710487316E+001  0.989104130658918E+000 -0.372920302923771E+001  0.875194273414452E-003 -0.517191542323086E-003  0.247802151552729E+001
      7.47000000  0.784315052663572E-004 -0.515788699407923E-004  0.816961052041042E-001 -0.106670510306709E-003  0.318087022013577E-003  0.156513822399189E+000  0.100321403088988E+001  0.990415893657184E+000 -0.371583250551612E+001  0.236317685123230E-002 -0.155409476131891E-002  0.246154072905433E+001
      7.48000000  0.124994329421825E-003 -0.679479246227826E-004  0.813101154762067E-001 -0.864707777791594E-004  0.275008371795378E-003  0.156214431736091E+000  0.100260192062068E+001  0.991724950650256E+000 -0.370051919990373E+001  0.376110093540505E-002 -0.204456477377570E-002  0.244663540170211E+001
      7.49000000  0.148516770223455E-003 -0.718844295240766E-004  0.809971991234220E-001 -0.371244913745729E-004  0.239991125566855E-003  0.155879282461248E+000  0.100111559091820E+001  0.992788266984488E+000 -0.368417223805586E+001  0.446292875475211E-002 -0.216012701501158E-002  0.243396572978540E+001
      7.50000000  0.133664905841213E-003 -0.721598575269479E-004  0.807625950921329E-001  0.246391270139475E-004  0.215503879030591E-003  0.155543854954587E+000  0.999260581472476E+000  0.993532743233218E+000 -0.366786051838833E+001  0.401127474211343E-002 -0.216551242130979E-002  0.242367999110743E+001
      7.51000000  0.769162753854313E-004 -0.764181257461289E-004  0.805950192303942E-001  0.747848554403735E-004  0.197796670576404E-003  0.155240249060996E+000  0.997758699969710E+000  0.994072039303365E+000 -0.365254593157543E+001  0.230517862655463E-002 -0.229024909576818E-002  0.241543047691378E+001
      7.52000000 -0.107558005032237E-004 -0.875120000440282E-004  0.804712443482874E-001  0.903165791902565E-004  0.179118363074159E-003  0.154990277830800E+000  0.997296814091033E+000  0.994638966184943E+000 -0.363887736687261E+001 -0.321922382586284E-003 -0.261924452304791E-002  0.240851387142402E+001
      7.53000000 -0.106889742701971E-003 -0.102068901873149E-003  0.803629699850620E-001  0.577167561173500E-004  0.151705568988751E-003  0.154802143969669E+000  0.998274824771535E+000  0.995465464325344E+000 -0.362709344833492E+001 -0.319497401952908E-002 -0.305087730069503E-002  0.240207895298578E+001
      7.54000000 -0.185049740784834E-003 -0.111839235580165E-003  0.802437174471843E-001 -0.221169130176900E-004  0.111735378555820E-003  0.154670995244302E+000  0.100066020595843E+001  0.996664617587865E+000 -0.361704183467295E+001 -0.552386950991988E-002 -0.333848261993702E-002  0.239533339678937E+001
      7.55000000 -0.223661148097090E-003 -0.107115926306941E-003  0.800938809279430E-001 -0.134413573286540E-003  0.615701013971373E-004  0.154582435180029E+000  0.100400702867677E+001  0.998164521960860E+000 -0.360828646650312E+001 -0.666760515616153E-002 -0.319325331479182E-002  0.238769396471273E+001
      7.56000000 -0.212539592456376E-003 -0.807004997741678E-004  0.799030105253595E-001 -0.256036124944653E-003  0.950973708223599E-005  0.154517350244752E+000  0.100762264554822E+001  0.999716878409052E+000 -0.360025315654215E+001 -0.632767730962842E-002 -0.240259574884377E-002  0.237885309192965E+001
      7.57000000 -0.154748363716415E-003 -0.308669736867505E-004  0.796694938150027E-001 -0.363326953515127E-003 -0.326163056230369E-004  0.154456388984392E+000  0.101080259298666E+001  0.100096976200352E+001 -0.359236367752302E+001 -0.460104479562317E-002 -0.917750115266623E-003  0.236876759846843E+001
      7.58000000 -0.636721337722272E-004  0.375764942503132E-004  0.793986157391472E-001 -0.438932405603150E-003 -0.529132253395593E-004  0.154383011025802E+000  0.101303330969773E+001  0.100157116322275E+001 -0.358412632351100E+001 -0.189062969144059E-002  0.111576652957839E-002  0.235759933714034E+001
      7.59000000  0.427296301731867E-004  0.114152890636638E-003  0.791002251404299E-001 -0.475140504351068E-003 -0.427006645542924E-004  0.154284902416188E+000  0.101408985597927E+001  0.100126624905324E+001 -0.357517731052718E+001  0.126710800210526E-002  0.338509930001446E-002  0.234564464605783E+001
      7.60000000  0.147627110764309E-003  0.184904732939035E-003  0.787868860466811E-001 -0.473201438277532E-003  0.122802297685805E-005  0.154154309049906E+000  0.101401389112820E+001  0.999963632020301E+000 -0.356528980941269E+001  0.437198641101333E-002  0.547596559707888E-002  0.233327871404378E+001
      7.61000000  0.238716433598664E-003  0.235144862717631E-003  0.784726826251405E-001 -0.440005663186390E-003  0.756282977277639E-004  0.153988125397893E+000  0.101301367285314E+001  0.997763206232525E+000 -0.355437567026909E+001  0.706031269921567E-002  0.695467938831466E-002  0.232091971770687E+001
      7.62000000  0.308653944176550E-003  0.252216544787259E-003  0.781721906929029E-001 -0.384410916914088E-003  0.170984543282207E-003  0.153788284307222E+000  0.101135447391425E+001  0.994949572316983E+000 -0.354249602612926E+001  0.911681485483132E-002  0.744980449961608E-002  0.230899816052929E+001
      7.63000000  0.353536855760421E-003  0.227980850131436E-003  0.778989113704266E-001 -0.315088000380879E-003  0.272658178518308E-003  0.153562325270302E+000  0.100929466200723E+001  0.991956959294637E+000 -0.352987707785323E+001  0.104288502812555E-001  0.672512105675707E-002  0.229791058702378E+001
      7.64000000  0.371254902584689E-003  0.160832362676103E-003  0.776628343349596E-001 -0.240395834816620E-003  0.362928530837882E-003  0.153323394995953E+000  0.100708206413800E+001  0.989308121187436E+000 -0.351690903066508E+001  0.109371738227407E-001  0.473812330736654E-002  0.228794801839527E+001
      7.65000000  0.361162226171732E-003  0.569124597351919E-004  0.774675696920916E-001 -0.169370667726715E-003  0.423884793880632E-003  0.153088781684073E+000  0.100498313944136E+001  0.987528672683831E+000 -0.350410189838824E+001  0.106259351641013E-001  0.167445004862751E-002  0.227921225758879E+001
      7.66000000  0.325302630898602E-003 -0.699636112604349E-004  0.773082040920529E-001 -0.112247762528155E-003  0.440918265386519E-003  0.152876588086479E+000  0.100329818641631E+001  0.987044457717032E+000 -0.349198696564316E+001  0.955839737252214E-002 -0.205574727814713E-002  0.227155413046203E+001
      7.67000000  0.270161935945698E-003 -0.200074488037619E-003  0.771712153958731E-001 -0.793486607532871E-004  0.406178843816085E-003  0.152701115322797E+000  0.100232846928064E+001  0.988080769715650E+000 -0.348098118826113E+001  0.792784355371469E-002 -0.587114256010743E-002  0.226457261777792E+001
      7.68000000  0.207378936267936E-003 -0.311254498695769E-003  0.770371914738883E-001 -0.783377082255439E-004  0.321050731282945E-003  0.152568456217065E+000  0.100229580986426E+001  0.990591102899178E+000 -0.347125879340416E+001  0.607756619779637E-002 -0.912180308293896E-002  0.225769617349156E+001
      7.69000000  0.152314775506930E-003 -0.383435786071750E-003  0.768859332050924E-001 -0.111035526422916E-003  0.196731071231062E-003  0.152474126908204E+000  0.100324983934010E+001  0.994241983666826E+000 -0.346268353865055E+001  0.445801956785271E-002 -0.112225766123726E-001  0.225033319046138E+001
      7.70000000  0.120548491918492E-003 -0.403136869731781E-003  0.767023304100461E-001 -0.171467360647386E-003  0.524499743622738E-004  0.152404005293442E+000  0.100501206867753E+001  0.998466863473922E+000 -0.345483815915774E+001  0.352368706316752E-002 -0.117838734433958E-001  0.224204388689843E+001
      7.71000000  0.123535654538460E-003 -0.366617956593380E-003  0.764808193443167E-001 -0.246351936990668E-003 -0.884010778161099E-004  0.152338561662298E+000  0.100719163899817E+001  0.100258065208039E+001 -0.344714969307203E+001  0.360631964861284E-002 -0.107025096951696E-001  0.223266944732583E+001
      7.72000000  0.165175533369186E-003 -0.280752628636383E-003  0.762266357224688E-001 -0.318097245743276E-003 -0.203269650705851E-003  0.152258940424012E+000  0.100927403827482E+001  0.100592627111986E+001 -0.343906780103023E+001  0.481564753869466E-002 -0.818526616804056E-002  0.222236673442073E+001
      7.73000000  0.240630223451033E-003 -0.161341879202329E-003  0.759533510585513E-001 -0.369217864785613E-003 -0.275234440866488E-003  0.152152589589574E+000  0.101075052040895E+001  0.100801400407724E+001 -0.343022853351737E+001  0.700643271885841E-002 -0.469779317474365E-002  0.221153451271205E+001
      7.74000000  0.337701594142698E-003 -0.293490312651186E-004  0.756777446819377E-001 -0.386539450173682E-003 -0.296326279026815E-003  0.152016296922314E+000  0.101124033201101E+001  0.100861698788663E+001 -0.342054141620945E+001  0.982015687430306E-002 -0.853451971004032E-003  0.220066276724785E+001
      7.75000000  0.440001632966265E-003  0.939018196704965E-004  0.754141663614031E-001 -0.363839797365101E-003 -0.268570791256185E-003  0.151855633501585E+000  0.101056658799706E+001  0.100779979793250E+001 -0.341017152566652E+001  0.127784701048601E-001  0.272708441412399E-002  0.219016839513871E+001
      7.76000000  0.530607719585499E-003  0.191292668708208E-003  0.751706485146205E-001 -0.302439448192162E-003 -0.202593657342352E-003  0.151681384288492E+000  0.100877208823158E+001  0.100587611651849E+001 -0.339943431328312E+001  0.153899822274661E-001  0.554833761929373E-002  0.218028291328072E+001
      7.77000000  0.595075632720297E-003  0.253091162862387E-003  0.749480953059225E-001 -0.210153400609133E-003 -0.114271408718807E-003  0.151504796517181E+000  0.100608753790821E+001  0.100331011313823E+001 -0.338865699722515E+001  0.172376248109079E-001  0.733132104306613E-002  0.217103016177928E+001
      7.78000000  0.623350021577135E-003  0.277986385616708E-003  0.747423893996803E-001 -0.994588824579364E-004 -0.204037336491138E-004  0.151333809422357E+000  0.100287733384119E+001  0.100059027762895E+001 -0.337806941326578E+001  0.180334432447205E-001  0.804211363487305E-002  0.216228858676175E+001
      7.79000000  0.610774957712017E-003  0.271806209812662E-003  0.745479593291855E-001  0.144283553457840E-004  0.653622008715696E-004  0.151171726613856E+000  0.999583125195548E+000  0.998111506540149E+000 -0.336776628108893E+001  0.176469656422085E-001  0.785322774835271E-002  0.215389524466912E+001
      7.80000000  0.558650413473575E-003  0.244404075656247E-003  0.743608598051052E-001  0.115399703465874E-003  0.135177495633830E-003  0.151018459204455E+000  0.996670060327017E+000  0.996099358212487E+000 -0.335774394174585E+001  0.161202509129855E-001  0.705245163829341E-002  0.214573495204320E+001
      7.81000000  0.474517037245592E-003  0.205795913223270E-003  0.741799172457936E-001  0.188484231563644E-003  0.187435820371521E-003  0.150873200666163E+000  0.994568118775083E+000  0.994598332682227E+000 -0.334797807351296E+001  0.136749910808705E-001  0.593078236799168E-002  0.213777299252359E+001
      7.82000000  0.371856155478656E-003  0.162942738906451E-003  0.740056608261321E-001  0.222319640638230E-003  0.224971005566318E-003  0.150736814725044E+000  0.993601217414149E+000  0.993524906082942E+000 -0.333849255216647E+001  0.107027282217963E-001  0.468980229192670E-002  0.213002383590229E+001
      7.83000000  0.268603678551342E-003  0.118408662296876E-003  0.738379601740947E-001  0.211852531817634E-003  0.251823185295522E-003  0.150612561061655E+000  0.993910268117796E+000  0.992761305862078E+000 -0.332938000357276E+001  0.772105186054320E-002  0.340367424326608E-002  0.212248291927966E+001
      7.84000000  0.184102428163173E-003  0.714142317822587E-004  0.736739175380462E-001  0.160452700732969E-003  0.270047202731583E-003  0.150504806601065E+000  0.995393646702818E+000  0.992247355033508E+000 -0.332076436832522E+001  0.528530104582031E-002  0.205019411037148E-002  0.211506625577145E+001
      7.85000000  0.134822519640799E-003  0.207451608930320E-004  0.735073388597697E-001  0.803409949692190E-004  0.278130962460105E-003  0.150416506065452E+000  0.997696470254715E+000  0.992025454186158E+000 -0.331272846491912E+001  0.386561909577914E-002  0.594803377853859E-003  0.210759577504771E+001
      7.86000000  0.129992182966657E-003 -0.319883350644958E-004  0.733302030775755E-001 -0.943726450516324E-005  0.271942769753085E-003  0.150346900931972E+000  0.100027024013985E+001  0.992212801486175E+000 -0.330524836000868E+001  0.372238223110682E-002 -0.915999772673348E-003  0.209984199595629E+001
      7.87000000  0.168707135105781E-003 -0.805992005255701E-004  0.731354581234191E-001 -0.873706786847917E-004  0.247913426961652E-003  0.150290770893355E+000  0.100249871804071E+001  0.992909912549508E+000 -0.329817263911445E+001  0.482486308257478E-002 -0.230506022674757E-002  0.209160431599782E+001
      7.88000000  0.239800855597167E-003 -0.115373620584334E-003  0.729197517343564E-001 -0.135006440776474E-003  0.206912778947214E-003  0.150239770639794E+000  0.100385615556570E+001  0.994090001487605E+000 -0.329126139768407E+001  0.684937250884733E-002 -0.329538817994883E-002  0.208278882757737E+001
      7.89000000  0.324806627119590E-003 -0.126881974006240E-003  0.726846989735954E-001 -0.141817293318523E-003  0.156662076200552E-003  0.150185320578753E+000  0.100404555830454E+001  0.995530971233841E+000 -0.328426926413305E+001  0.926561293735421E-002 -0.361950515078745E-002  0.207344379986889E+001
      7.90000000  0.403133834425025E-003 -0.110991650751585E-003  0.724359790315182E-001 -0.107686640274277E-003  0.110966867440576E-003  0.150121720925171E+000  0.100306803995975E+001  0.996838504919004E+000 -0.327703415625197E+001  0.114854610562058E-001 -0.316220116847676E-002  0.206373304642425E+001
      7.91000000  0.457680151468956E-003 -0.726139273328551E-004  0.721805953551400E-001 -0.421499810273336E-004  0.854790248475938E-004  0.150048003725841E+000  0.100119935341338E+001  0.997567743621113E+000 -0.326952945301112E+001  0.130230248869267E-001 -0.206618744500525E-002  0.205385723336734E+001
      7.92000000  0.478937309728127E-003 -0.259846222337963E-004  0.719235285981580E-001  0.392184513541196E-004  0.914721138668766E-004  0.149967592698097E+000  0.998885470586794E+000  0.997400500074002E+000 -0.326185347250333E+001  0.136106781462134E-001 -0.738443889819119E-003  0.204395852861244E+001
      7.93000000  0.466299354656723E-003  0.927765272165171E-005  0.716653447610397E-001  0.119809612284589E-003  0.130344930891029E-003  0.149885845164224E+000  0.996599484561245E+000  0.996300464199771E+000 -0.325415891774261E+001  0.132348158411960E-001  0.263324458812568E-003  0.203405308335977E+001
      7.94000000  0.426443174126102E-003  0.151010440070482E-004  0.714019358746922E-001  0.186483829939107E-003  0.191554243545565E-003  0.149806544473539E+000  0.994713759069222E+000  0.994570028495096E+000 -0.324655310518326E+001  0.120883476194811E-001  0.428067982910897E-003  0.202402447483413E+001
      7.95000000  0.369791036416080E-003 -0.179198427790191E-004  0.711266340866126E-001  0.232067912302284E-003  0.255316526769574E-003  0.149728943512087E+000  0.993429865773790E+000  0.992771668282770E+000 -0.323901454821411E+001  0.104692489401048E-001 -0.507333268105504E-003  0.201368439251902E+001
      7.96000000  0.306687930506831E-003 -0.863268766380024E-004  0.708338637058770E-001  0.255314312895098E-003  0.299302220457598E-003  0.149646781933339E+000  0.992780811700338E+000  0.991537023273435E+000 -0.323136597774314E+001  0.867181277248666E-002 -0.244095198073547E-002  0.200287635380396E+001
      7.97000000  0.244799137146437E-003 -0.174482031392081E-003  0.705227586771638E-001  0.258891497664575E-003  0.306686865096573E-003  0.149549874362235E+000  0.992688849196444E+000  0.991339097883021E+000 -0.322332017072191E+001  0.691317955360948E-002 -0.492740957322258E-002  0.199157766254488E+001
      7.98000000  0.188474702109691E-003 -0.259980827752353E-003  0.701991140392184E-001  0.246705135537698E-003  0.272238785165705E-003  0.149427745242395E+000  0.993041725230718E+000  0.992321553153282E+000 -0.321458315930368E+001  0.531589568040217E-002 -0.733271332314816E-002  0.197995361134439E+001
      7.99000000  0.139830478328499E-003 -0.321583406098472E-003  0.698747051264162E-001  0.221919824161926E-003  0.203958429596525E-003  0.149273861241727E+000  0.993748624363992E+000  0.994254588284967E+000 -0.320497349789903E+001  0.393895790380695E-002 -0.905885121989579E-002  0.196833712738420E+001
      8.00000000  0.100530547219993E-003 -0.346414908113436E-003  0.695641193763448E-001  0.186488787011615E-003  0.119734661425291E-003  0.149088704016626E+000  0.994753266412382E+000  0.996631347762142E+000 -0.319450801001635E+001  0.282835771057853E-002 -0.974614486358968E-002  0.195713858979733E+001
      8.01000000  0.730539072078346E-004 -0.333634588927730E-003  0.692803131954381E-001  0.142116206376910E-003  0.406064916298449E-004  0.148880387430168E+000  0.996006650096493E+000  0.998858990585481E+000 -0.318341789395666E+001  0.205275542273863E-002 -0.937486080910294E-002  0.194672049773286E+001
      8.02000000  0.606411395344565E-004 -0.293430124935636E-003  0.690306472782077E-001  0.918104421166332E-004 -0.164755005323224E-004  0.148662557597666E+000  0.997423417896222E+000  0.100046237093345E+001 -0.317208845287403E+001  0.170184209197812E-002 -0.823486731126018E-002  0.193728650346019E+001
      8.03000000  0.659102418473937E-004 -0.242222126546843E-003  0.688149192365065E-001  0.408941972272479E-004 -0.435508341317075E-004  0.148450454245548E+000  0.998853768293771E+000  0.100122069511811E+001 -0.316094773825167E+001  0.184741146893970E-002 -0.678929286361427E-002  0.192882725762154E+001
      8.04000000  0.889047616725828E-004 -0.196410617468119E-003  0.686260153839747E-001 -0.335927309813951E-005 -0.426559133196851E-004  0.148256734668454E+000  0.100009404063192E+001  0.100119412412348E+001 -0.315034937849092E+001  0.248883009043636E-002 -0.549838552670670E-002  0.192113998014413E+001
      8.05000000  0.125713611950867E-003 -0.167266571123190E-003  0.684526733966512E-001 -0.335586340880099E-004 -0.231758262214316E-004  0.148088641720497E+000  0.100093828477835E+001  0.100064798599705E+001 -0.314049385943684E+001  0.351489778205013E-002 -0.467670040442250E-002  0.191390690445938E+001
      8.06000000  0.168597092194620E-003 -0.158687961942839E-003  0.682830223380156E-001 -0.447850026983021E-004  0.277400152851095E-005  0.147947371969742E+000  0.100125061559053E+001  0.999922536354791E+000 -0.313141183018700E+001  0.470805268085762E-002 -0.443134145980636E-002  0.190679484557453E+001
      8.07000000  0.207861389395908E-003 -0.168058125208841E-003  0.681074222157689E-001 -0.367507516122064E-004  0.247588531967666E-004  0.147829452434404E+000  0.100102498843751E+001  0.999309468864186E+000 -0.312300355290998E+001  0.579731056889637E-002 -0.468718672714358E-002  0.189953449161125E+001
      8.08000000  0.234871310342066E-003 -0.189122373908823E-003  0.679196840652623E-001 -0.144264137593372E-004  0.365836070838627E-004  0.147729094881421E+000  0.100040185862934E+001  0.998980936049357E+000 -0.311510529045653E+001  0.654251738657773E-002 -0.526814627843339E-002  0.189195399489479E+001
      8.09000000  0.244987327029602E-003 -0.215203615733883E-003  0.677166762951577E-001  0.133315871045547E-004  0.364975470190409E-004  0.147640264777580E+000  0.999629097629949E+000  0.998984590012860E+000 -0.310754726285968E+001  0.681587117235084E-002 -0.598724896691904E-002  0.188396741759548E+001
      8.10000000  0.239157228189492E-003 -0.241343200579678E-003  0.674971054900469E-001  0.367294105634436E-004  0.256679319537553E-004  0.147557637318175E+000  0.998979400819128E+000  0.999286765839016E+000 -0.310018024977984E+001  0.664545571097909E-002 -0.670619726921831E-002  0.187554032361502E+001
      8.11000000  0.223429166970223E-003 -0.264789606752564E-003  0.672605014048175E-001  0.484056599745344E-004  0.614538408297535E-005  0.147476415548577E+000  0.998656611682986E+000  0.999829448928390E+000 -0.309287041613016E+001  0.620076521517988E-002 -0.734862956863317E-002  0.186666129190793E+001
      8.12000000  0.206544668283526E-003 -0.284166002239069E-003  0.670070619414466E-001  0.458440084322396E-004 -0.205456782892298E-004  0.147391676264110E+000  0.998729271325673E+000  0.100056949606783E+001 -0.308548108664381E+001  0.572511526571829E-002 -0.787666479574187E-002  0.185733747774744E+001
      8.13000000  0.196606814756734E-003 -0.298196993322092E-003  0.667383000950096E-001  0.318487124543170E-004 -0.536509065261282E-004  0.147298106772972E+000  0.999118286257641E+000  0.100148529525776E+001 -0.307786547577039E+001  0.544294940214931E-002 -0.825541652019265E-002  0.184761240881734E+001
      8.14000000  0.198211202705813E-003 -0.304889897245025E-003  0.664578318426723E-001  0.129449842881325E-004 -0.924395901325617E-004  0.147190628509246E+000  0.999642065633683E+000  0.100255599430484E+001 -0.306988399294553E+001  0.548062474686830E-002 -0.843033639421134E-002  0.183758754726269E+001
      8.15000000  0.211195034508823E-003 -0.301652790822429E-003  0.661715071355323E-001 -0.353852249852383E-005 -0.135129669518500E-003  0.147065735488845E+000  0.100009772161326E+001  0.100373180877350E+001 -0.306144116192099E+001  0.583246806944043E-002 -0.833059486754129E-002  0.182742555180017E+001
      8.16000000  0.231418476676776E-003 -0.286264430281905E-003  0.658864722982475E-001 -0.124114072122719E-004 -0.178230174417908E-003  0.146922832357820E+000  0.100034233960213E+001  0.100491606197059E+001 -0.305252225738540E+001  0.638313672866615E-002 -0.789593391713173E-002  0.181732404122853E+001
      8.17000000  0.253095186953820E-003 -0.258169641971683E-003  0.656094020232783E-001 -0.123520521487320E-004 -0.216769940162429E-003  0.146764764757549E+000  0.100034028541526E+001  0.100597177280476E+001 -0.304320742174860E+001  0.697249329558781E-002 -0.711228893538900E-002  0.180746667386568E+001
      8.18000000  0.271551238777960E-003 -0.219423170584742E-003  0.653446500912403E-001 -0.579452815442531E-005 -0.245424953238637E-003  0.146597131805063E+000  0.100015943771044E+001  0.100675292130566E+001 -0.303365216801124E+001  0.747179177065608E-002 -0.603747656480734E-002  0.179797234954745E+001
      8.19000000  0.285189656494028E-003 -0.174760627970525E-003  0.650931439003466E-001  0.281607718398567E-005 -0.260133656560325E-003  0.146426600322664E+000  0.999922609629170E+000  0.100714889501646E+001 -0.302404059192120E+001  0.783747455448097E-002 -0.480270565097717E-002  0.178886522485369E+001
      8.20000000  0.295882001225140E-003 -0.130638214753059E-003  0.648524706148482E-001  0.950002588189437E-005 -0.259557587480598E-003  0.146258925765920E+000  0.999739242258036E+000  0.100712436484515E+001 -0.301453087590530E+001  0.812140129788749E-002 -0.358577190385399E-002  0.178007765542275E+001
      8.21000000  0.307755051686644E-003 -0.935027165396711E-004  0.646180225903837E-001  0.128169969678640E-004 -0.245770556824402E-003  0.146097463758280E+000  0.999648626180155E+000  0.100673772019869E+001 -0.300521464108839E+001  0.843700504564307E-002 -0.256334668400432E-002  0.177148215649649E+001
      8.22000000  0.325027187491991E-003 -0.678806299183394E-004  0.643846315629799E-001  0.146850377902808E-004 -0.223822781539201E-003  0.145942631379750E+000  0.999597904209602E+000  0.100612856429363E+001 -0.299610260153789E+001  0.889967501084476E-002 -0.185866157987025E-002  0.176293651317282E+001
      8.23000000  0.349878221577516E-003 -0.549956683495918E-004  0.641480445330122E-001  0.197065416570725E-004 -0.200237769992631E-003  0.145792289141478E+000  0.999461064420303E+000  0.100547611349196E+001 -0.298713550206289E+001  0.956848875112052E-002 -0.150402454771492E-002  0.175432423245160E+001
      8.24000000  0.381209802552769E-003 -0.524816825245580E-004  0.639058510084320E-001  0.334004301446438E-004 -0.180921919030126E-003  0.145642666179425E+000  0.999087671748329E+000  0.100494185785521E+001 -0.297820981432552E+001  0.104126944226922E-001 -0.143353009093023E-002  0.174557971467899E+001
      8.25000000  0.414692651114422E-003 -0.553788844404532E-004  0.636578322962297E-001  0.601210790783512E-004 -0.169242931273474E-003  0.145489408792205E+000  0.998359791365390E+000  0.100461724442537E+001 -0.296920661111690E+001  0.113135438933281E-001 -0.151083323564308E-002  0.173669747438759E+001
      8.26000000  0.443953044077442E-003 -0.581037022886349E-004  0.634059146039486E-001  0.101452109911362E-003 -0.165034569793370E-003  0.145328532694974E+000  0.997235559087439E+000  0.100449698204525E+001 -0.296001760727768E+001  0.120971555877547E-001 -0.158325195915896E-002  0.172773049848500E+001
      8.27000000  0.462364769919532E-003 -0.566568077801975E-004  0.631538676284663E-001  0.155566268100073E-003 -0.164971170653213E-003  0.145157280345902E+000  0.995766142863941E+000  0.100448981888326E+001 -0.295056842816413E+001  0.125836172873091E-001 -0.154195914613201E-002  0.171878168959177E+001
      8.28000000  0.464803942089601E-003 -0.501758269855852E-004  0.629067096264288E-001  0.217628147172130E-003 -0.164216131074675E-003  0.144974923396843E+000  0.994084233777743E+000  0.100446387222418E+001 -0.294084021781860E+001  0.126347234781654E-001 -0.136392496242842E-002  0.170998739270150E+001
      8.29000000  0.448863248226693E-003 -0.411574710463337E-004  0.626696832527489E-001  0.280974787885452E-003 -0.158695745306776E-003  0.144783378422650E+000  0.992371500941249E+000  0.100430860844424E+001 -0.293088602124050E+001  0.121866908144125E-001 -0.111743025593285E-002  0.170148938737060E+001
      8.30000000  0.415284360378729E-003 -0.342151984886482E-004  0.624468104608467E-001  0.338644058822181E-003 -0.147036950596813E-003  0.144587291225357E+000  0.990816850727162E+000  0.100398726105117E+001 -0.292083263735906E+001  0.112614356362750E-001 -0.927827513684574E-003  0.169339566761953E+001
      8.31000000  0.367619908534122E-003 -0.338841660324205E-004  0.622393736227904E-001  0.384827452207951E-003 -0.131308892475401E-003  0.144393231697001E+000  0.989577034573339E+000  0.100355647196849E+001 -0.291085836830677E+001  0.995690295694588E-002 -0.917745054415455E-003  0.168573950669405E+001
      8.32000000  0.311306007501193E-003 -0.424365272874552E-004  0.620449671782911E-001  0.415930773422657E-003 -0.116214835363365E-003  0.144207949633656E+000  0.988748148213037E+000  0.100314386957280E+001 -0.290114552579838E+001  0.842151935037293E-002 -0.114800237419949E-002  0.167845425110606E+001
      8.33000000  0.252409427510283E-003 -0.586935191228296E-004  0.618577495788015E-001  0.431059321769865E-003 -0.107079991503497E-003  0.144036158809087E+000  0.988352886293255E+000  0.100289327425199E+001 -0.289182053329511E+001  0.682003880764285E-002 -0.158588402233319E-002  0.167138072789969E+001
      8.34000000  0.196341739387340E-003 -0.783777908503972E-004  0.616700951094034E-001  0.431869470608807E-003 -0.107543315635992E-003  0.143878737367034E+000  0.988344987887979E+000  0.100290230898826E+001 -0.288290569442458E+001  0.529874303786465E-002 -0.211520879303432E-002  0.166431237761803E+001
      8.35000000  0.146827562057285E-003 -0.958358242213323E-004  0.614751656335779E-001  0.421849233200290E-003 -0.118003977250014E-003  0.143732247278348E+000  0.988629041774144E+000  0.100318080060408E+001 -0.287430686340626E+001  0.395774116238590E-002 -0.258325740097737E-002  0.165706485950899E+001
      8.36000000  0.105367359030620E-003 -0.106320972629899E-003  0.612693595433076E-001  0.405213556806488E-003 -0.135511707311963E-003  0.143590180696059E+000  0.989090522153206E+000  0.100364835268729E+001 -0.286584769686978E+001  0.283678285144017E-002 -0.286245678623575E-002  0.164954185119765E+001
      8.37000000  0.713269672052465E-004 -0.107783186475164E-003  0.610535039438916E-001  0.385706462139764E-003 -0.155096031647993E-003  0.143445536230470E+000  0.989628114049223E+000  0.100417062846898E+001 -0.285733942251500E+001  0.191802637934431E-002 -0.289835672270032E-002  0.164176658147849E+001
      8.38000000  0.426187345845715E-004 -0.101386356095327E-003  0.608321557441294E-001  0.365646040529372E-003 -0.171850757224478E-003  0.143293627167714E+000  0.990179284458598E+000  0.100461565890289E+001 -0.284865633789552E+001  0.114467660714611E-002 -0.272308859559897E-002  0.163386234531190E+001
      8.39000000  0.167579103589860E-004 -0.906234202212658E-004  0.606112569944934E-001  0.345488671848456E-003 -0.182771530959123E-003  0.143133824421949E+000  0.990731741745722E+000  0.100490312386046E+001 -0.283978219189483E+001  0.449556392625371E-003 -0.243111086103879E-002  0.162598900836837E+001
      8.40000000 -0.804419109968317E-005 -0.795806169618946E-004  0.603952075904718E-001  0.324026727595162E-003 -0.187540868466428E-003  0.142969387303435E+000  0.991317839215749E+000  0.100502507921408E+001 -0.283080499873169E+001 -0.215540739571169E-003 -0.213232938190296E-002  0.161826435365481E+001
      8.41000000 -0.320926232093539E-004 -0.712596326115081E-004  0.601847410044619E-001  0.299125838361050E-003 -0.188045484223345E-003  0.142805435260609E+000  0.991994578402739E+000  0.100503260898128E+001 -0.282186213636836E+001 -0.858885947000077E-003 -0.190710172363143E-002  0.161070748051238E+001
      8.42000000 -0.539494895583722E-004 -0.667263957773169E-004  0.599766321139390E-001  0.268740211423241E-003 -0.187063100737266E-003  0.142646016182017E+000  0.992816322311803E+000  0.100500037197982E+001 -0.281306168634022E+001 -0.144212041204257E-002 -0.178365908853287E-002  0.160323158059717E+001
      8.43000000 -0.707386937805440E-004 -0.653230831243205E-004  0.597653985774861E-001  0.231885722378106E-003 -0.186913341964031E-003  0.142491675877138E+000  0.993808830273543E+000  0.100499044189686E+001 -0.280441771453341E+001 -0.188866849986172E-002 -0.174407587724903E-002  0.159568999146581E+001
      8.44000000 -0.788831730107608E-004 -0.655779383540723E-004  0.595462072967592E-001  0.189310430402201E-003 -0.188750724143949E-003  0.142338705994701E+000  0.994951546368584E+000  0.100503352761236E+001 -0.279583077194095E+001 -0.210362440356690E-002 -0.174880581234243E-002  0.158795405950808E+001
      8.45000000 -0.750597674411938E-004 -0.661271345183021E-004  0.593176266014764E-001  0.143729161619715E-003 -0.192687832945406E-003  0.142180462658569E+000  0.996171625111669E+000  0.100513243974029E+001 -0.278712368957908E+001 -0.199929454508432E-002 -0.176136462756932E-002  0.157998634067969E+001
      8.46000000 -0.571636057025993E-004 -0.660968539632076E-004  0.590829333735918E-001  0.996068283225896E-004 -0.198392683787032E-003  0.142010191074322E+000  0.997350005186226E+000  0.100527814801435E+001 -0.277811718521161E+001 -0.152081198849047E-002 -0.175847703575107E-002  0.157187483688867E+001
      8.47000000 -0.251213755445769E-004 -0.648720094340978E-004  0.588493374145251E-001  0.625361438260665E-004 -0.205550654115570E-003  0.141824109328116E+000  0.998338218334959E+000  0.100546212617773E+001 -0.276871182204147E+001 -0.667553813306558E-003 -0.172385294737332E-002  0.156381164446671E+001
      8.48000000  0.185804111891978E-004 -0.616734402377171E-004  0.586254044125088E-001  0.382704013206253E-004 -0.213775654868970E-003  0.141623389531081E+000  0.998984234543109E+000  0.100567399134179E+001 -0.275894012106855E+001  0.493157615534255E-003 -0.163692430806425E-002  0.155602394131152E+001
      8.49000000  0.688015814130156E-004 -0.555355110971193E-004  0.584177333788988E-001  0.314976598604171E-004 -0.222063980793184E-003  0.141414145906153E+000  0.999164980006866E+000  0.100588703619694E+001 -0.274896546812867E+001  0.182396712307136E-002 -0.147227642626463E-002  0.154868569732181E+001
      8.50000000  0.118254139934294E-003 -0.459828213053440E-004  0.582282613603719E-001  0.445301890451707E-004 -0.228357771043043E-003  0.141205368423573E+000  0.998820869458057E+000  0.100604676575825E+001 -0.273902662810762E+001  0.313129297444244E-002 -0.121759530261240E-002  0.154184661791155E+001
      8.51000000  0.158709818752902E-003 -0.341167687343728E-004  0.580533273216544E-001  0.762240715317423E-004 -0.229872680605614E-003  0.141005577476893E+000  0.997984007749024E+000  0.100607972696157E+001 -0.272934882413693E+001  0.419759477983852E-002 -0.902328359200794E-003  0.153540811546783E+001
      8.52000000  0.182815707909587E-003 -0.233282685388123E-004  0.578849474484355E-001  0.121554384359439E-003 -0.224425487838210E-003  0.140819500947269E+000  0.996788874282285E+000  0.100592869158530E+001 -0.272005603442792E+001  0.482947796876467E-002 -0.616267388868678E-003  0.152915786953917E+001
      8.53000000  0.186128658314662E-003 -0.188253759265723E-004  0.577138990420412E-001  0.172232047610281E-003 -0.212282704734475E-003  0.140646108192632E+000  0.995455446618347E+000  0.100560133899035E+001 -0.271111971013340E+001  0.491123246400936E-002 -0.496730585364558E-003  0.152285186583491E+001
      8.54000000  0.168713990110389E-003 -0.257161678066382E-004  0.575334843915121E-001  0.218484355689231E-003 -0.197481730700885E-003  0.140478868906584E+000  0.994241773417337E+000  0.100520469553861E+001 -0.270236649067408E+001  0.444651233565953E-002 -0.677758005149958E-003  0.151631377986466E+001
      8.55000000  0.135593683772952E-003 -0.462649155143516E-004  0.573425064608854E-001  0.251673754493407E-003 -0.187564939385047E-003  0.140308289742517E+000  0.993374813796691E+000  0.100493755358456E+001 -0.269354582595701E+001  0.356943617262237E-002 -0.121790085175919E-002  0.150951291457682E+001
      8.56000000  0.955923716220766E-004 -0.776404252950497E-004  0.571461790071122E-001  0.266970365422494E-003 -0.191332817073957E-003  0.140125884136582E+000  0.992980348253747E+000  0.100503085704424E+001 -0.268443480877704E+001  0.251348181407107E-002 -0.204145784547919E-002  0.150258728014291E+001
      8.57000000  0.586889258072384E-004 -0.111530259248866E-003  0.569543992111533E-001  0.265060475803675E-003 -0.215277296012862E-003  0.139928069605230E+000  0.993038698773015E+000  0.100565384220462E+001 -0.267494036852914E+001  0.154135123312364E-002 -0.292912675192695E-002  0.149579724366160E+001
      8.58000000  0.326401492516651E-004 -0.136260284609238E-003  0.567778314857820E-001  0.252048901235838E-003 -0.260234100647977E-003  0.139718346183054E+000  0.993388137762218E+000  0.100682658013830E+001 -0.266515566036419E+001  0.856231347228625E-003 -0.357444220506352E-002  0.148942208477527E+001
      8.59000000  0.201025548721589E-004 -0.140842423515415E-003  0.566232275438680E-001  0.237312296874673E-003 -0.319956696794482E-003  0.139506629102510E+000  0.993781962248727E+000  0.100838347968328E+001 -0.265534149614823E+001  0.526725528926692E-003 -0.369034187411758E-002  0.148363726239028E+001
      8.60000000  0.174766633446220E-004 -0.119297597964011E-003  0.564899217135132E-001  0.229885959480150E-003 -0.382578141140868E-003  0.139305684311465E+000  0.993983550560597E+000  0.101001262559923E+001 -0.264583208203156E+001  0.457389662335869E-003 -0.312219140314506E-002  0.147842329559288E+001
      8.61000000  0.161525745628429E-004 -0.732731988354992E-004  0.563691847464718E-001  0.234672684607342E-003 -0.434596268887677E-003  0.139125875373150E+000  0.993865408258127E+000  0.101136080531327E+001 -0.263689727065178E+001  0.422245352879482E-003 -0.191543877903378E-002  0.147355000357377E+001
      8.62000000  0.591182933840201E-005 -0.116387555105758E-004  0.562470747053021E-001  0.250004830991002E-003 -0.465755397683678E-003  0.138970338621442E+000  0.993472191423262E+000  0.101216121331580E+001 -0.262861695419763E+001  0.154362178148558E-003 -0.303896399694893E-003  0.146865216652922E+001
      8.63000000 -0.206930431649130E-004  0.528823949809468E-004  0.561099403517604E-001  0.267697203642649E-003 -0.472676423294205E-003  0.138832782606281E+000  0.993018330047517E+000  0.101232762515579E+001 -0.262082477348440E+001 -0.539684373702883E-003  0.137919792597701E-002  0.146337383902003E+001
      8.64000000 -0.646864464926508E-004  0.108584372213282E-003  0.559504376408028E-001  0.275801329421713E-003 -0.459615385515139E-003  0.138699192607215E+000  0.992815295871558E+000  0.101197311327226E+001 -0.261315394608900E+001 -0.168510057636224E-002  0.282865419452778E-002  0.145752502770342E+001
      8.65000000 -0.119296866299464E-003  0.148981079365634E-003  0.557714521256069E-001  0.263168889833628E-003 -0.436068435028614E-003  0.138553104783783E+000  0.993152300142542E+000  0.101134657581401E+001 -0.260517565916729E+001 -0.310412501595634E-002  0.387651335452656E-002  0.145118279372679E+001
      8.66000000 -0.171593090820492E-003  0.174520324523893E-003  0.555860042213042E-001  0.224121355659670E-003 -0.412415848376951E-003  0.138382478745816E+000  0.994175057746923E+000  0.101071873982726E+001 -0.259657804656507E+001 -0.445972603598770E-002  0.453580520851181E-002  0.144468724863523E+001
      8.67000000 -0.206679965707809E-003  0.191221577128753E-003  0.554128474312098E-001  0.161374288856147E-003 -0.395661169248892E-003  0.138185319040015E+000  0.995810699443243E+000  0.101027142284171E+001 -0.258731144901316E+001 -0.536544267087136E-002  0.496414060261849E-002  0.143852576665424E+001
      8.68000000 -0.212953563435905E-003  0.207117420204743E-003  0.552693582151421E-001  0.859760884121399E-004 -0.387152035116518E-003  0.137971560630706E+000  0.997770619321949E+000  0.101003894550796E+001 -0.257763579468908E+001 -0.552193718525883E-002  0.537060458576302E-002  0.143314776897566E+001
      8.69000000 -0.186443613651173E-003  0.228335436536474E-003  0.551645802337609E-001  0.141613717438648E-004 -0.383092766967600E-003  0.137760254422402E+000  0.999633214783827E+000  0.100992225653614E+001 -0.256804592183544E+001 -0.482896447984603E-002  0.591397951869634E-002  0.142878478526407E+001
      8.70000000 -0.132588544819437E-003  0.256648835505561E-003  0.550952942016526E-001 -0.377776250837179E-004 -0.377267240525464E-003  0.137573103403229E+000  0.100097733100161E+001  0.100976014159814E+001 -0.255910300465320E+001 -0.343014932843609E-002  0.663966734043414E-002  0.142535003052604E+001
      8.71000000 -0.647699072268547E-004  0.289422362633400E-003  0.550466948448327E-001 -0.587315594429709E-004 -0.364407840678164E-003  0.137426970194959E+000  0.100151767804956E+001  0.100941663708799E+001 -0.255124056063167E+001 -0.167371456509629E-002  0.747894268409969E-002  0.142245772561501E+001
      8.72000000 -0.169700001446057E-006  0.321616676859740E-003  0.549972638649918E-001 -0.462387589310926E-004 -0.342535293784073E-003  0.137328356312516E+000  0.100119348223657E+001  0.100884127943700E+001 -0.254462268506480E+001 -0.438017675979713E-005  0.830134284938128E-002  0.141955058916392E+001
      8.73000000  0.455043288579360E-004  0.348567532463767E-003  0.549256802608335E-001 -0.700880825644609E-005 -0.313325660908932E-003  0.137271874772346E+000  0.100018069919205E+001  0.100807807714280E+001 -0.253910621533729E+001  0.117318025526316E-002  0.898667350943634E-002  0.141607897987203E+001
      8.74000000  0.625421961554209E-004  0.368075043548096E-003  0.548169263480277E-001  0.455190280585523E-004 -0.280665997653925E-003  0.137242905406324E+000  0.998827783519046E+000  0.100722777533101E+001 -0.253431086894739E+001  0.161060102149191E-002  0.947875318690515E-002  0.141165809642788E+001
      8.75000000  0.495277867501693E-004  0.380920357019269E-003  0.546653998258822E-001  0.955279950092574E-004 -0.248421848159474E-003  0.137222851637505E+000  0.997542752594843E+000  0.100639010524313E+001 -0.252975581746317E+001  0.127399329864753E-002  0.979833774137533E-002  0.140614708663160E+001
      8.76000000  0.128680608179082E-004  0.389862472276932E-003  0.544744207905935E-001  0.129444559541488E-003 -0.218642568719895E-003  0.137194554462692E+000  0.996674124626353E+000  0.100561767862251E+001 -0.252499936422399E+001  0.330624683899221E-003  0.100169060812445E-001  0.139963498846836E+001
      8.77000000 -0.359383802517751E-004  0.397908495674145E-003  0.542531741264553E-001  0.139281249846649E-003 -0.190968498803069E-003  0.137145802211467E+000  0.996425466780986E+000  0.100490104190987E+001 -0.251972879618039E+001 -0.922327550829531E-003  0.102119785504598E-001  0.139236094855193E+001
      8.78000000 -0.840619995202718E-004  0.406831272375880E-003  0.540130217543059E-001  0.123824432133572E-003 -0.163237199393554E-003  0.137070177600385E+000  0.996825772100130E+000  0.100418457055432E+001 -0.251378136351953E+001 -0.215492160632970E-002  0.104290821533691E-001  0.138461883212094E+001
      8.79000000 -0.120748072381141E-003  0.416532236382855E-003  0.537648901670145E-001  0.876937180296141E-004 -0.132691845459269E-003  0.136965925280349E+000  0.997754537099395E+000  0.100339767343530E+001 -0.250711442933979E+001 -0.309184423860221E-002  0.106656178426378E-001  0.137669001768617E+001
      8.80000000 -0.139383659140369E-003  0.425237878129484E-003  0.535183567650769E-001  0.390397367179700E-004 -0.970771328332421E-004  0.136834316649860E+000  0.999001494449212E+000  0.100248290752289E+001 -0.249976296459750E+001 -0.356496659663076E-002  0.108761589450530E-001  0.136882009950626E+001
      8.81000000 -0.137943154105040E-003  0.430086837641335E-003  0.532818414352613E-001 -0.130536221258878E-004 -0.552383184640537E-004  0.136678776694891E+000  0.100033348891575E+001  0.100141120730744E+001 -0.249181680049460E+001 -0.352411862810591E-002  0.109876930542044E-001  0.136122398505407E+001
      8.82000000 -0.118184925001061E-003  0.427648723720282E-003  0.530626914394803E-001 -0.605839011791170E-004 -0.731444201513917E-005  0.136505067144360E+000  0.100154601935193E+001  0.100018665468357E+001 -0.248342499135998E+001 -0.301591970146662E-002  0.109130179772376E-001  0.135408823522743E+001
      8.83000000 -0.843079087041501E-004  0.414248554587741E-003  0.528662556298067E-001 -0.976808026103981E-004  0.451187065302057E-004  0.136321767465875E+000  0.100248985921505E+001  0.998849935460980E+000 -0.247480773975882E+001 -0.214898749578930E-002  0.105590919955298E-001  0.134754762683448E+001
      8.84000000 -0.417118089555440E-004  0.386352643887039E-003  0.526940271225178E-001 -0.120830513255902E-003  0.987198904745106E-004  0.136139850147599E+000  0.100307645545194E+001  0.997486501239778E+000 -0.246624518035809E+001 -0.106202083078113E-002  0.983689190446546E-002  0.134163815627137E+001
      8.85000000  0.384090995337709E-005  0.341385588573775E-003  0.525419306812096E-001 -0.128699747503179E-003  0.148022577560511E-003  0.135970603818893E+000  0.100327311074386E+001  0.996235468224709E+000 -0.245802422182835E+001  0.976825819669859E-004  0.868216806511828E-002  0.133625404208143E+001
      8.86000000  0.467486093959587E-004  0.279074724292584E-003  0.524001742934731E-001 -0.121949074354038E-003  0.185547238220446E-003  0.135822248466640E+000  0.100309792615850E+001  0.995286461615509E+000 -0.245035252346221E+001  0.118757555716149E-002  0.708945839189183E-002  0.133114475459263E+001
      8.87000000  0.820686586353469E-004  0.202917929138305E-003  0.522554982549248E-001 -0.103152579368683E-003  0.202897059199132E-003  0.135696644318205E+000  0.100261747623836E+001  0.994851527372965E+000 -0.244327543045939E+001  0.208247593232442E-002  0.514900219760179E-002  0.132597290192133E+001
      8.88000000  0.106203396708018E-003  0.120981316614729E-003  0.520954212440657E-001 -0.766399997105478E-004  0.192932608350177E-003  0.135587848924369E+000  0.100194253478364E+001  0.995109886429627E+000 -0.243664031535472E+001  0.269185533696292E-002  0.306641984057721E-002  0.132042234103594E+001
      8.89000000  0.117709615925347E-003  0.452571179592005E-004  0.519128814806332E-001 -0.479529472634181E-004  0.152479300433924E-003  0.135483643557429E+000  0.100121405907404E+001  0.996139572458843E+000 -0.243013633638802E+001  0.298013856231039E-002  0.114580683480253E-002  0.131431556177366E+001
      8.90000000  0.117881996153480E-003 -0.106802199837537E-004  0.517091951365139E-001 -0.227483177985986E-004  0.845220387538972E-004  0.135369804716761E+000  0.100057528831864E+001  0.997862499460714E+000 -0.242340334959988E+001  0.298114946190342E-002 -0.270094951701730E-003  0.130768772405223E+001
      8.91000000  0.110667692318804E-003 -0.352070009011926E-004  0.514938201584144E-001 -0.531686958368176E-005 -0.119348577424465E-005  0.135235523015582E+000  0.100013430883412E+001  0.100003014850757E+001 -0.241616907137786E+001  0.279556391153751E-002 -0.889360020893099E-003  0.130077949838668E+001
      8.92000000  0.101661453609893E-003 -0.222095347819080E-004  0.512807849448217E-001  0.278123735655560E-005 -0.897194330076879E-004  0.135077690879099E+000  0.999929822244317E+000  0.100226385153169E+001 -0.240835677559306E+001  0.256517935695281E-002 -0.560403556383260E-003  0.129394580027914E+001
      8.93000000  0.963389498298354E-004  0.266672312794520E-004  0.510831551850933E-001  0.334001607837481E-005 -0.164339137809835E-003  0.134902164712578E+000  0.999915817198572E+000  0.100414205461304E+001 -0.240011601072893E+001  0.242815677918246E-002  0.672129170263955E-003  0.128751569104504E+001
      8.94000000  0.981085229832110E-004  0.101998404722871E-003  0.509078301756612E-001  0.966005253604521E-006 -0.210798132684793E-003  0.134721390277964E+000  0.999975679738236E+000  0.100530707855595E+001 -0.239176155056625E+001  0.246999170176860E-002  0.256792382148327E-002  0.128166151385692E+001
      8.95000000  0.106965825862721E-003  0.188865560349351E-003  0.507528449284400E-001  0.141054785574890E-005 -0.220900984893341E-003  0.134549354500589E+000  0.999964527559798E+000  0.100555521526285E+001 -0.238364551923351E+001  0.268997527884775E-002  0.474958879873935E-002  0.127633192271998E+001
      8.96000000  0.119381767481630E-003  0.270659348296063E-003  0.506082756267054E-001  0.933521507246413E-005 -0.194287286258375E-003  0.134395961733148E+000  0.999765500136701E+000  0.100488048124383E+001 -0.237601591497521E+001  0.299886054445672E-002  0.679894139377969E-002  0.127127587571755E+001
      8.97000000  0.129576046616381E-003  0.333086604321722E-003  0.504603189409564E-001  0.263875701737176E-004 -0.137920584831018E-003  0.134263132446891E+000  0.999337885294359E+000  0.100346069178883E+001 -0.236891929924909E+001  0.325131133328055E-002  0.835778124024228E-002  0.126614610599597E+001
      8.98000000  0.131730469157260E-003  0.367107592786532E-003  0.502968290159198E-001  0.504013243514884E-004 -0.636813058742847E-004  0.134144144962375E+000  0.998736742495142E+000  0.100159610662220E+001 -0.236218541946809E+001  0.330168911080285E-002  0.920117531919937E-002  0.126063843643893E+001
      8.99000000  0.122259791755563E-003  0.370061741563613E-003  0.501120812238193E-001  0.760894249222794E-004  0.149276679178493E-004  0.134026377580275E+000  0.998095017960089E+000  0.999626269493950E+000 -0.235549706710925E+001  0.306090771136052E-002  0.926490076718147E-002  0.125461080579121E+001
      9.00000000  0.101203814339587E-003  0.344989753135325E-003  0.499089429102323E-001  0.969600187668436E-004  0.858103695794150E-004  0.133896266261058E+000  0.997575197020823E+000  0.997854030532927E+000 -0.234851487716054E+001  0.253093299316338E-002  0.862759920869843E-002  0.124813665462809E+001
      9.01000000  0.721775181403817E-004  0.298782160433426E-003  0.496977228410762E-001  0.107649266446212E-003  0.140216726262804E-003  0.133744506694734E+000  0.997310865284492E+000  0.996497313184418E+000 -0.234100740148635E+001  0.180303197706904E-002  0.746373390660882E-002  0.124147498803844E+001
      9.02000000  0.409529039701502E-004  0.240036520642172E-003  0.494922547997191E-001  0.105690633651723E-003  0.173351014079574E-003  0.133569548808228E+000  0.997362720010128E+000  0.995674402311159E+000 -0.233293770845300E+001  0.102189068639244E-002  0.598958952989195E-002  0.123497162167689E+001
      9.03000000  0.133481671510336E-004  0.177346299241956E-003  0.493047488726090E-001  0.920181329312137E-004  0.183955679222726E-003  0.133378164737513E+000  0.997706430301600E+000  0.995414869240726E+000 -0.232447646268663E+001  0.332705638894861E-003  0.442039068939626E-002  0.122893036838708E+001
      9.04000000 -0.662215687571954E-005  0.118326622971990E-003  0.491413004330602E-001  0.701014623452654E-004  0.173451315310803E-003  0.133182978274910E+000  0.998254640385700E+000  0.995681474955548E+000 -0.231593926597988E+001 -0.164875949570304E-003  0.294605136786863E-002  0.122350145490023E+001
      9.05000000 -0.175622997033884E-004  0.692521585782436E-004  0.489996275976287E-001  0.442429982295745E-004  0.145151242916157E-003  0.132997905513869E+000  0.998899671792260E+000  0.996390072703923E+000 -0.230767246487080E+001 -0.436776315568735E-003  0.172230876251082E-002  0.121862610066967E+001
      9.06000000 -0.202470825437384E-004  0.349487347614527E-004  0.488697871678109E-001  0.179207104569173E-004  0.103776655966612E-003  0.132833130279162E+000  0.999554801901369E+000  0.997421911925327E+000 -0.229992815729576E+001 -0.502991367053969E-003  0.868219499599269E-003  0.121405545722811E+001
      9.07000000 -0.163167451906512E-004  0.186161131552808E-004  0.487375998730885E-001 -0.703398990702822E-005  0.551774933919086E-004  0.132691347649809E+000  0.100017455035212E+001  0.998630755655299E+000 -0.229277149416219E+001 -0.404904422126136E-003  0.461963856841532E-003  0.120943665429883E+001
      9.08000000 -0.692465944299676E-005  0.214854217655040E-004  0.485896218427875E-001 -0.301229045434672E-004  0.599548415770089E-005  0.132566561232600E+000  0.100074668473451E+001  0.999851384301601E+000 -0.228605189568167E+001 -0.171648039128692E-003  0.532579334227253E-003  0.120443660514657E+001
      9.09000000  0.788181515335273E-005  0.424628373339113E-004  0.484179918151895E-001 -0.510573841462626E-004 -0.369429251187164E-004  0.132445873761745E+000  0.100126421504044E+001  0.100091473157808E+001 -0.227944857445433E+001  0.195159024095177E-003  0.105140830293049E-002  0.119886191790240E+001
      9.10000000  0.287085276496052E-004  0.780264281653689E-004  0.482235080382089E-001 -0.685869591619085E-004 -0.675110413882394E-004  0.132313725592646E+000  0.100169639284407E+001  0.100166978167434E+001 -0.227257630329376E+001  0.710061234144356E-003  0.192986357765163E-002  0.119273423041087E+001
      9.11000000  0.555700066407105E-004  0.122569390137197E-003  0.480158440082234E-001 -0.800648206501212E-004 -0.812391293884328E-004  0.132157210576359E+000  0.100197810633440E+001  0.100200711917093E+001 -0.226511710454923E+001  0.137292984916371E-002  0.302823743393021E-002  0.118629436015550E+001
      9.12000000  0.866039930328645E-004  0.169184192316024E-003  0.478107418717453E-001 -0.821301346608799E-004 -0.760543610690139E-004  0.131970699501147E+000  0.100202690769790E+001  0.100187696234209E+001 -0.225693398434617E+001  0.213731903486928E-002  0.417533397679254E-002  0.117993183795723E+001
      9.13000000  0.117569080915983E-003  0.210692776653221E-003  0.476250411255326E-001 -0.722667799574021E-004 -0.525963084676930E-004  0.131758180580821E+000  0.100178153435612E+001  0.100129661416484E+001 -0.224812763959972E+001  0.289833526542434E-002  0.519403826232674E-002  0.117406154012598E+001
      9.14000000  0.142582402396552E-003  0.240663539386946E-003  0.474711669175947E-001 -0.504847838815711E-004 -0.140825927575325E-004  0.131532457794938E+000  0.100124319879703E+001  0.100034678691338E+001 -0.223901541668954E+001  0.351112270882266E-002  0.592639206609116E-002  0.116898782302120E+001
      9.15000000  0.155930830548035E-003  0.254239535630112E-003  0.473529322482591E-001 -0.202326139368248E-004  0.341480094024897E-004  0.131311407407962E+000  0.100049768800778E+001  0.999160016850901E+000 -0.223003804429971E+001  0.383563412266698E-002  0.625386163061229E-002  0.116480186824766E+001
      9.16000000  0.154224438738511E-003  0.248752776873829E-003  0.472640894203000E-001  0.120381812352649E-004  0.852624827040347E-004  0.131112516545377E+000  0.999704204420654E+000  0.997904977091224E+000 -0.222162476482554E+001  0.378951822657869E-002  0.611221664728321E-002  0.116134725330109E+001
      9.17000000  0.137939215798216E-003  0.224188910020370E-003  0.471901230724333E-001  0.386219466955464E-004  0.131679264306880E-003  0.130947537145677E+000  0.999052037625895E+000  0.996767977828855E+000 -0.221406218009692E+001  0.338567052357815E-002  0.550263955015829E-002  0.115826531103441E+001
      9.18000000  0.111627836379786E-003  0.183513911650785E-003  0.471126449258565E-001  0.529758823961013E-004  0.166005833102795E-003  0.130819042944876E+000  0.998701141641230E+000  0.995929882539418E+000 -0.220741061271512E+001  0.273688217723638E-002  0.449937910077523E-002  0.115510398124488E+001
      9.19000000  0.826481924093362E-004  0.132712025135111E-003  0.470148525401609E-001  0.518433827416893E-004  0.182253055786299E-003  0.130719981429939E+000  0.998730291300227E+000  0.995536396773236E+000 -0.220149436395351E+001  0.202415666904947E-002  0.325028198329902E-002  0.115145201049544E+001
      9.20000000  0.588934884666707E-004  0.802494735257431E-004  0.468861931014901E-001  0.362453660138932E-004  0.177243806171877E-003  0.130636228979862E+000  0.999113270947311E+000  0.995663797896768E+000 -0.219596550703395E+001  0.144080672871686E-002  0.196327275633044E-002  0.114705282813694E+001
      9.21000000  0.464090817762037E-004  0.357276530301835E-004  0.467247449029163E-001  0.109916970095857E-004  0.151855811609646E-003  0.130551104633027E+000  0.999731384299348E+000  0.996288939260424E+000 -0.219041512982935E+001  0.113414771231916E-002  0.873114364686535E-003  0.114186190530301E+001
      9.22000000  0.477786437550056E-004  0.778227785858941E-005  0.465367326387929E-001 -0.170194801174434E-004  0.111534232705837E-003  0.130450180247915E+000  0.100041547188874E+001  0.997277276508914E+000 -0.218449108906515E+001  0.116635074782019E-002  0.189977464547836E-003  0.113603377259275E+001
      9.23000000  0.617842696685027E-004  0.171639051413935E-005  0.463336567877174E-001 -0.409913368694185E-004  0.655694149568338E-004  0.130324763751363E+000  0.100099957792595E+001  0.998401083135766E+000 -0.217798264215950E+001  0.150661571073019E-002  0.418543575609976E-004  0.112985094145319E+001
      9.24000000  0.842929794767820E-004  0.176888183898121E-004  0.461283186492840E-001 -0.560780031990248E-004  0.250257021220141E-004  0.130173077272211E+000  0.100136598787796E+001  0.999390406152394E+000 -0.217084837988499E+001  0.205326833328762E-002  0.430876816533471E-003  0.112362638666087E+001
      9.25000000  0.109859563143792E-003  0.502762498385355E-004  0.459312628719435E-001 -0.603192936897189E-004 -0.204900640797533E-006  0.129999109393797E+000  0.100146771181494E+001  0.100000498571971E+001 -0.216318738362794E+001  0.267314434481733E-002  0.122334068230909E-002  0.111761681990078E+001
      9.26000000  0.133357907254846E-003  0.897988186492266E-004  0.457487856461845E-001 -0.545407986458641E-004 -0.425392612223477E-005  0.129809984985450E+000  0.100132567413185E+001  0.100010339635574E+001 -0.215517453765965E+001  0.324141069281559E-002  0.218265910858641E-002  0.111197458050604E+001
      9.27000000  0.151098749226284E-003  0.125093212574645E-003  0.455828728026653E-001 -0.415218041808798E-004  0.130489368043144E-004  0.129613124911682E+000  0.100100814443541E+001  0.999683173376330E+000 -0.214699115835449E+001  0.366865954491528E-002  0.303724822783810E-002  0.110674669544562E+001
      9.28000000  0.161241253916981E-003  0.146765721605576E-003  0.454325994994148E-001 -0.249335905585082E-004  0.463630361731890E-004  0.129414323982669E+000  0.100060473224016E+001  0.998875524058208E+000 -0.213877834268951E+001  0.391069968275300E-002  0.355961422389742E-002  0.110190939435689E+001
      9.29000000  0.163655853016319E-003  0.149706487686006E-003  0.452959993210241E-001 -0.847309737248201E-005  0.868130917521658E-004  0.129217274313290E+000  0.100020528289270E+001  0.997896726330926E+000 -0.213062563683967E+001  0.396499006649500E-002  0.362703029329285E-002  0.109741377439105E+001
      9.30000000  0.159570909419613E-003  0.133957311563426E-003  0.451713943619031E-001  0.464671394806024E-005  0.124921894460225E-003  0.129024308454593E+000  0.999887542282380E+000  0.996976695512391E+000 -0.212258929827214E+001  0.386186463649670E-002  0.324197565965228E-002  0.109321812542129E+001
      9.31000000  0.151275166465782E-003  0.103767246139598E-003  0.450576301833814E-001  0.119615406316297E-004  0.153291721404145E-003  0.128837584888400E+000  0.999710823022342E+000  0.996294086350511E+000 -0.211472113452474E+001  0.365716229877995E-002  0.250863158372922E-002  0.108929357163395E+001
      9.32000000  0.141927020273489E-003  0.654723672987916E-004  0.449533311259810E-001  0.120087038381747E-004  0.168035526683062E-003  0.128659828014624E+000  0.999709994324391E+000  0.995942005307256E+000 -0.210708639749421E+001  0.342748409455762E-002  0.158113301552601E-002  0.108560601874668E+001
      9.33000000  0.135301027364915E-003  0.252857597422274E-004  0.448558437542200E-001  0.471221296227039E-005  0.168639691095524E-003  0.128494088339641E+000  0.999886323801595E+000  0.995931780007114E+000 -0.209975792623377E+001  0.326396675069899E-002  0.609987083410681E-003  0.108209069391212E+001
      9.34000000  0.135234081317899E-003 -0.120435543829382E-004  0.447607009122095E-001 -0.818667356160987E-005  0.156724240506076E-003  0.128342606809715E+000  0.100019728173232E+001  0.996223273172978E+000 -0.209278873914442E+001  0.325885887972221E-002 -0.290224503777221E-003  0.107863939480941E+001
      9.35000000  0.144676557029580E-003 -0.433546386158856E-004  0.446621436929528E-001 -0.229547162556123E-004  0.134631638568485E-003  0.128205426936488E+000  0.100055256909769E+001  0.996759128615851E+000 -0.208617873086094E+001  0.348267404764442E-002 -0.104363884414029E-002  0.107511328680438E+001
      9.36000000  0.164537660963709E-003 -0.663670750116287E-004  0.445546407276452E-001 -0.342935356469417E-004  0.104684498546555E-003  0.128079609318762E+000  0.100082463675850E+001  0.997482712589468E+000 -0.207985606809375E+001  0.395654168719265E-002 -0.159589055419031E-002  0.107137960005218E+001
      9.37000000  0.192776834005373E-003 -0.789633681153359E-004  0.444347537376410E-001 -0.365235021761790E-004  0.693887696749384E-004  0.127959650548571E+000  0.100087732216006E+001  0.998333229245070E+000 -0.207368763482266E+001  0.463064542941732E-002 -0.189675985468506E-002  0.106735640910441E+001
      9.38000000  0.224265410213626E-003 -0.791837156524143E-004  0.443024260243078E-001 -0.253224665562152E-004  0.321741271156181E-004  0.127839112034172E+000  0.100060761633856E+001  0.999227977050700E+000 -0.206751844281313E+001  0.538128176087033E-002 -0.190002499445806E-002  0.106304327938857E+001
      9.39000000  0.251742130486096E-003 -0.661014481931736E-004  0.441609717404635E-001  0.536554404351083E-006 -0.212949852153218E-005  0.127712822657364E+000  0.999987139008613E+000  0.100005104321560E+001 -0.206122454488390E+001  0.603415673375978E-002 -0.158442489525265E-002  0.105852057612506E+001
      9.40000000  0.267767484266247E-003 -0.410850353686129E-004  0.440156357183871E-001  0.381624246947957E-004 -0.277493211919349E-004  0.127578663299743E+000  0.999086235288255E+000  0.100066443237511E+001 -0.205475559866080E+001  0.641145000696433E-002 -0.983743978556799E-003  0.105391455092655E+001
      9.41000000  0.267120396255100E-003 -0.858686900398089E-005  0.438712912248613E-001  0.807994472038310E-004 -0.394590372231974E-004  0.127438067026364E+000  0.998067386354563E+000  0.100094380687508E+001 -0.204814643919547E+001  0.638915909257336E-002 -0.205386308730715E-003  0.104934203139085E+001
      9.42000000  0.248792531876055E-003  0.242457161159533E-004  0.437302981608660E-001  0.119485417162549E-003 -0.345282362378326E-004  0.127294933734094E+000  0.997145104100059E+000  0.100082499205684E+001 -0.204149069426891E+001  0.594446415350114E-002  0.579309150642238E-003  0.104485929653504E+001
      9.43000000  0.216774089374523E-003  0.492504808975834E-004  0.435915209298453E-001  0.145691929945958E-003 -0.141897799910191E-004  0.127153397357149E+000  0.996522636597329E+000  0.100033868054086E+001 -0.203488718049843E+001  0.517394673348042E-002  0.117550656306592E-002  0.104043895639551E+001
      9.44000000  0.179204969076049E-003  0.596452388712384E-004  0.434510010650999E-001  0.154089940506133E-003  0.161693916704530E-004  0.127015439362820E+000  0.996326089530260E+000  0.999614479068833E+000 -0.202838297529985E+001  0.427271897150091E-002  0.142209976095414E-002  0.103598643240061E+001
      9.45000000  0.146049872365515E-003  0.521616987796687E-004  0.433040297882748E-001  0.144458063418327E-003  0.483060444498342E-004  0.126879442356927E+000  0.996559383597114E+000  0.998849475308198E+000 -0.202193924127344E+001  0.347852916347745E-002  0.124235637787826E-002  0.103138967583362E+001
      9.46000000  0.126014884707874E-003  0.280446074572383E-004  0.431477253837972E-001  0.122002612445044E-003  0.734270997389545E-004  0.126740372137744E+000  0.997097285853819E+000  0.998253005596734E+000 -0.201543601176770E+001  0.299817504838865E-002  0.667243734857716E-003  0.102658058165365E+001
      9.47000000  0.123732550566329E-003 -0.742810064823075E-005  0.429829879856389E-001  0.958984022226435E-004  0.845947777461754E-004  0.126591559695645E+000  0.997720772543831E+000  0.997989426980859E+000 -0.200871497220195E+001  0.294076460020468E-002 -0.176544452798331E-003  0.102158121610392E+001
      9.48000000  0.138179535625995E-003 -0.465962611866850E-004  0.428149763314956E-001  0.764826404374591E-004  0.783563688145051E-004  0.126427363303358E+000  0.998184146485180E+000  0.998139660360750E+000 -0.200164286576308E+001  0.328066335063088E-002 -0.110629005705548E-002  0.101651466023918E+001
      9.49000000  0.162880993918973E-003 -0.815007791364418E-004  0.426518830211297E-001  0.720068150620617E-004  0.551606488686234E-004  0.126245634640490E+000  0.998292213150155E+000  0.998691753958489E+000 -0.199416985050040E+001  0.386305128569818E-002 -0.193295535625880E-002  0.101157543049000E+001
      9.50000000  0.187854417822377E-003 -0.105637945383102E-003  0.425024761420445E-001  0.860047178176148E-004  0.186849287569696E-004  0.126049026823714E+000  0.997962371785860E+000  0.999557315703365E+000 -0.198636005021898E+001  0.445065656418339E-002 -0.250277965509814E-002  0.100697085875563E+001
      9.51000000  0.202670592376823E-003 -0.114950103669229E-003  0.423733247802234E-001  0.116125087758843E-003 -0.254209008179071E-004  0.125844676466903E+000  0.997251651424885E+000  0.100060163998917E+001 -0.197838343056353E+001  0.479663304912528E-002 -0.272054006352850E-002  0.100285536080262E+001
      9.52000000  0.199654866000477E-003 -0.108052564155896E-003  0.422666746643627E-001  0.154791231549552E-003 -0.708225700476566E-004  0.125642417967888E+000  0.996340382609394E+000  0.100167440691827E+001 -0.197047302479678E+001  0.472029592645544E-002 -0.255460880390925E-002  0.999280489575106E+000
      9.53000000  0.176224666415383E-003 -0.859808639889349E-004  0.421796261603335E-001  0.191460531691340E-003 -0.111503897513559E-003  0.125452176104599E+000  0.995478186610587E+000  0.100263343996956E+001 -0.196286302262685E+001  0.416198079626416E-002 -0.203065048751263E-002  0.996176061182690E+000
      9.54000000  0.135652131099281E-003 -0.517579183264262E-004  0.421047755804356E-001  0.215757477650514E-003 -0.142464009789452E-003  0.125281369896327E+000  0.994909695562787E+000  0.100336111262085E+001 -0.195572751418773E+001  0.320040191594441E-002 -0.122110975798792E-002  0.993365923159829E+000
      9.55000000  0.860484832822204E-004 -0.990102919277582E-005  0.420320301790774E-001  0.220496744811757E-003 -0.160245430727212E-003  0.125133044436451E+000  0.994803330631186E+000  0.100377666582817E+001 -0.194913677571275E+001  0.202799146847879E-002 -0.233347549732554E-003  0.990611285110525E+000
      9.56000000  0.379257978100592E-004  0.341955403747921E-004  0.419510393147873E-001  0.203668694270273E-003 -0.163370878291656E-003  0.125005148319751E+000  0.995204955274873E+000  0.100384629886787E+001 -0.194304080070785E+001  0.892900587333370E-003  0.805077805818375E-003  0.987668284027072E+000
      9.57000000  0.112946852138579E-005  0.750926629776780E-004  0.418536220407857E-001  0.168804667793389E-003 -0.152591562449911E-003  0.124891042663268E+000  0.996029924286330E+000  0.100358876365276E+001 -0.193728189992507E+001  0.265636940300553E-004  0.176608598245276E-002  0.984345104701910E+000
      9.58000000 -0.178839918735408E-004  0.108288408896870E-003  0.417356517415425E-001  0.123664645962728E-003 -0.130738391908432E-003  0.124781061100849E+000  0.997094597372663E+000  0.100307159466950E+001 -0.193163191421385E+001 -0.420170183419419E-003  0.254415015115899E-002  0.980545986118310E+000
      9.59000000 -0.175837108638938E-004  0.131076616060421E-003  0.415980044981953E-001  0.777295228179283E-004 -0.102046592875011E-003  0.124664757843106E+000  0.998175710872069E+000  0.100239500363794E+001 -0.192584534324308E+001 -0.412684542433428E-003  0.307632977710589E-002  0.976292978504988E+000
      9.60000000 -0.128728698716919E-005  0.142926852456175E-003  0.414463545439317E-001  0.393571017853878E-004 -0.710727361024044E-004  0.124533359191072E+000  0.999077262538776E+000  0.100166631873533E+001 -0.191971691219332E+001 -0.301807773571544E-004  0.335095713336199E-002  0.971720534134226E+000
      9.61000000  0.244047466650389E-004  0.145178156460123E-003  0.412898164885813E-001  0.135422667938666E-004 -0.415828113718421E-004  0.124381863480894E+000  0.999682828428989E+000  0.100097390531516E+001 -0.191313054498342E+001  0.571580220483091E-003  0.340019766718907E-002  0.967043122232385E+000
      9.62000000  0.520352978347030E-004  0.140159726900733E-003  0.411386985812937E-001  0.972260787241701E-006 -0.158722594493222E-004  0.124210250504910E+000  0.999977252484281E+000  0.100037135558284E+001 -0.190608719689979E+001  0.121744471337589E-002  0.327924938732081E-002  0.962502247264135E+000
      9.63000000  0.756874808326076E-004  0.130159665069744E-003  0.410019026043176E-001 -0.142471198989875E-005  0.520414647969542E-005  0.124023420701513E+000  0.100003329868381E+001  0.999878367537190E+000 -0.189870282568909E+001  0.176898454596561E-002  0.304212048655266E-002  0.958305538304783E+000
      9.64000000  0.925393347820241E-004  0.116758474331358E-003  0.408846828861866E-001  0.121363675980966E-005  0.215824427033738E-004  0.123829805627241E+000  0.999971664037838E+000  0.999496093641812E+000 -0.189117535240781E+001  0.216060618438980E-002  0.272607407773644E-002  0.954574602235739E+000
      9.65000000  0.103147532679024E-003  0.100845286299845E-003  0.407874455030224E-001  0.378968303271756E-005  0.331537284631704E-004  0.123639005899943E+000  0.999911610261415E+000  0.999226729685127E+000 -0.188372914464480E+001  0.240579050292122E-002  0.235209341167184E-002  0.951317462289071E+000
      9.66000000  0.110552651331120E-003  0.832376234945444E-004  0.407059794673166E-001  0.296660152254514E-005  0.392862421721339E-004  0.123459169055264E+000  0.999930879262330E+000  0.999084644830599E+000 -0.187655378464306E+001  0.257583661077864E-002  0.193940638609634E-002  0.948434532569213E+000
      9.67000000  0.118729575084796E-003  0.654542953363207E-004  0.406330347361865E-001 -0.203333588489309E-005  0.390419103789431E-004  0.123294948532526E+000  0.100004732699463E+001  0.999091278378224E+000 -0.186975674345237E+001  0.276349520237597E-002  0.152348419513535E-002  0.945755903457342E+000
      9.68000000  0.131065246698735E-003  0.500680303719304E-004  0.405606776476882E-001 -0.964091287830714E-005  0.320037846065090E-004  0.123146694320664E+000  0.100022416565630E+001  0.999255864100102E+000 -0.186334498636371E+001  0.304746318276425E-002  0.116415665506432E-002  0.943096472274000E+000
      9.69000000  0.149387932580474E-003  0.402767287184390E-004  0.404825751612272E-001 -0.168364746925941E-004  0.192325263597041E-004  0.123011066132477E+000  0.100039106924267E+001  0.999553276463425E+000 -0.185723973402080E+001  0.346990844134678E-002  0.935527780295508E-003  0.940309078872401E+000
      9.70000000  0.173712445775508E-003  0.387755232066982E-004  0.403954210339682E-001 -0.202171209536164E-004  0.372730346623769E-005  0.122882716830459E+000  0.100046910909236E+001  0.999913513306370E+000 -0.185131596586776E+001  0.403074641320814E-002  0.899730012941328E-003  0.937317402422161E+000
      9.71000000  0.202514312057636E-003  0.464448193990190E-004  0.402991026039658E-001 -0.168192361837949E-004 -0.100238582422162E-004  0.122756304837033E+000  0.100038986416199E+001  0.100023234961747E+001 -0.184544930524379E+001  0.469421272749553E-002  0.107657508318255E-002  0.934119462610357E+000
      9.72000000  0.233188870206216E-003  0.615469376567314E-004  0.401957454814737E-001 -0.456371024279444E-005 -0.173551002858692E-004  0.122628032739019E+000  0.100010567641535E+001  0.100040187143545E+001 -0.183955164370625E+001  0.539967758511855E-002  0.142516930333703E-002  0.930765116283230E+000
      9.73000000  0.262445047043667E-003  0.799333453838468E-004  0.400882206615630E-001  0.175400174555947E-004 -0.150701902863832E-004  0.122496196510466E+000  0.999594264081158E+000  0.100034860384366E+001 -0.183358365928753E+001  0.607088234531710E-002  0.184901921662933E-002  0.927321257577268E+000
      9.74000000  0.286624559007193E-003  0.962898567729259E-004  0.399788547325431E-001  0.492129927984846E-004 -0.267139397472400E-005  0.122360723142696E+000  0.998862773175060E+000  0.100006173127695E+001 -0.182754388148407E+001  0.662339595001188E-002  0.222509142128681E-002  0.923841925614595E+000
      9.75000000  0.302130047235823E-003  0.105927130146256E-003  0.398688903781990E-001  0.886746907015582E-004  0.174358148893442E-004  0.122222137630975E+000  0.997952983505585E+000  0.999597501830684E+000 -0.182144465048493E+001  0.697454014507628E-002  0.244528152170555E-002  0.920355916355956E+000
      9.76000000  0.306130196959809E-003  0.106327236903817E-003  0.397588091199270E-001  0.132533934264997E-003  0.409006898537352E-004  0.122080618151200E+000  0.996943646750545E+000  0.999056792835490E+000 -0.181529025793411E+001  0.705964119622151E-002  0.245200293659739E-002  0.916874354647850E+000
      9.77000000  0.297471978004406E-003  0.977441086493868E-004  0.396491698821383E-001  0.176122997400351E-003  0.631289928919315E-004  0.121935678844374E+000  0.995942600421018E+000  0.998545678003657E+000 -0.180906968032905E+001  0.685295331177173E-002  0.225176104844763E-002  0.913410102946824E+000
      9.78000000  0.277422634225240E-003  0.825948928024651E-004  0.395413584736350E-001  0.214484288086677E-003  0.809408036709413E-004  0.121786633934681E+000  0.995063911877428E+000  0.998137248452110E+000 -0.180276733841715E+001  0.638453558508878E-002  0.190081834424437E-002  0.909995000814200E+000
      9.79000000  0.249719454287450E-003  0.639618638121382E-004  0.394377069225027E-001  0.243861626270216E-003  0.934057890575279E-004  0.121633541418752E+000  0.994393561669095E+000  0.997852578102959E+000 -0.179638481610970E+001  0.574111122730959E-002  0.147049886641518E-002  0.906682511533519E+000
      9.80000000  0.219586769997163E-003  0.439660330782704E-004  0.393407944255975E-001  0.263135814097744E-003  0.101471443482240E-003  0.121478027108844E+000  0.993956616401774E+000  0.997669527200881E+000 -0.178995969853697E+001  0.504320207699016E-002  0.100975841732276E-002  0.903531556842792E+000
      9.81000000  0.191859905184836E-003  0.228520180025429E-004  0.392522108842395E-001  0.274449013183498E-003  0.106596386742598E-003  0.121323403468890E+000  0.993703213885671E+000  0.997554319324771E+000 -0.178356811505571E+001  0.440191339313249E-002  0.524302375780851E-003  0.900578120451667E+000
      9.82000000  0.168904368064039E-003 -0.711887691957305E-006  0.391714164668904E-001  0.282471779339194E-003  0.109113933491722E-003  0.121173829168488E+000  0.993525744217350E+000  0.997499107639960E+000 -0.177730527996512E+001  0.387128967081798E-002 -0.163164724526951E-004  0.897809225999928E+000
      9.83000000  0.149314986043362E-003 -0.282161347533312E-004  0.390953789388104E-001  0.292350691822495E-003  0.107226400306618E-003  0.121032757645939E+000  0.993306136014400E+000  0.997544870050269E+000 -0.177124987265622E+001  0.341881936846223E-002 -0.646056169940068E-003  0.895154882139961E+000
      9.84000000  0.128196593261084E-003 -0.594585974944267E-004  0.390193622923766E-001  0.307071474379592E-003  0.972672566911105E-004  0.120901356085138E+000  0.992976224023303E+000  0.997775164813838E+000 -0.176542795821912E+001  0.293229501001626E-002 -0.136002170026775E-002  0.892506410922582E+000
      9.85000000  0.991795911447836E-004 -0.912281238085281E-004  0.389386926884252E-001  0.325411370582953E-003  0.752719482682948E-004  0.120777712252254E+000  0.992564284426136E+000  0.998280020771828E+000 -0.175979513057864E+001  0.226627369892945E-002 -0.208458106353891E-002  0.889756996292235E+000
      9.86000000  0.574887715105654E-004 -0.117320592006428E-003  0.388507884277905E-001  0.341555820789111E-003  0.392388211409724E-004  0.120657379019978E+000  0.992203295912230E+000  0.999104294353754E+000 -0.175424929972285E+001  0.131229776380842E-002 -0.267808037105857E-002  0.886848012861323E+000
      9.87000000  0.277804443446757E-005 -0.130113529037976E-003  0.387564839804101E-001  0.346797972175581E-003 -0.894776487696432E-005  0.120535214931988E+000  0.992091653813851E+000  0.100020404393312E+001 -0.174867295596946E+001  0.633502467458249E-004 -0.296709587048259E-002  0.883798974810190E+000
      9.88000000 -0.595950544800683E-004 -0.123201738185760E-003  0.386598752502735E-001  0.332800810474108E-003 -0.629090481796269E-004  0.120407815910251E+000  0.992418525018182E+000  0.100143311963160E+001 -0.174298864428385E+001 -0.135762414141080E-002 -0.280663648156747E-002  0.880703615452775E+000
      9.89000000 -0.119581614124686E-003 -0.940541830143920E-004  0.385665328237932E-001  0.295128186740683E-003 -0.112941070556843E-003  0.120275423027440E+000  0.993283536275861E+000  0.100257028856423E+001 -0.173720217845236E+001 -0.272141262484077E-002 -0.214046484443306E-002  0.877688849504667E+000
      9.90000000 -0.165479826924037E-003 -0.455555661476354E-004  0.384807225567404E-001  0.235537239526110E-003 -0.148663487169058E-003  0.120142280200423E+000  0.994645108671183E+000  0.100337983420352E+001 -0.173141035262153E+001 -0.376215027429406E-002 -0.103569654902179E-002  0.874851416108448E+000
      9.91000000 -0.187824598676290E-003  0.142898194013487E-004  0.384028633985906E-001  0.162004308728876E-003 -0.162184755997929E-003  0.120015033855661E+000  0.996320581510709E+000  0.100368351678164E+001 -0.172576413569639E+001 -0.426584518977123E-002  0.324548316810209E-003  0.872200293555047E+000
      9.92000000 -0.182552755253522E-003  0.744620274806688E-004  0.383285123332357E-001  0.864232701700464E-004 -0.150561332754047E-003  0.119899679021013E+000  0.998039145817363E+000  0.100341608016560E+001 -0.172039910827908E+001 -0.414193229423521E-002  0.168946601703214E-002  0.869634110986439E+000
      9.93000000 -0.152181215655387E-003  0.124053773000226E-003  0.382495904615761E-001  0.209186853301161E-004 -0.116603951098038E-003  0.119798343155153E+000  0.999525854739134E+000  0.100264295819450E+001 -0.171536264207062E+001 -0.344935645128542E-002  0.281181669079064E-002  0.866969494555961E+000
      9.94000000 -0.104615146076869E-003  0.155229375396885E-003  0.381575581544549E-001 -0.257164927804259E-004 -0.677734072925441E-004  0.119707446265719E+000  0.100058230648967E+001  0.100153461419604E+001 -0.171057268256473E+001 -0.236883306748551E-002  0.351490669635040E-002  0.864013375886876E+000
      9.95000000 -0.502288829687332E-004  0.164938592209137E-003  0.380472638930629E-001 -0.500775610705278E-004 -0.136945608630730E-004  0.119618291427903E+000  0.100113278206414E+001  0.100030977852336E+001 -0.170583175728701E+001 -0.113620504897253E-002  0.373100196863028E-002  0.860650103682342E+000
      9.96000000  0.145045916384300E-005  0.154890317454752E-003  0.379197275058235E-001 -0.540625759315650E-004  0.366610024580174E-004  0.119520082881416E+000  0.100122169746257E+001  0.999171540517511E+000 -0.170089575767599E+001  0.327772446927825E-004  0.350018667351239E-002  0.856903950228375E+000
      9.97000000  0.440874231082985E-004  0.130049765586342E-003  0.377824603016515E-001 -0.429937160740600E-004  0.770455090422933E-004  0.119404209180078E+000  0.100097059064549E+001  0.998260684184064E+000 -0.169557086581485E+001  0.995281272709186E-003  0.293589616000810E-002  0.852945636734978E+000
      9.98000000  0.751353543794769E-004  0.964975924519563E-004  0.376469756708886E-001 -0.230418773961368E-004  0.104632614581176E-003  0.119267935580202E+000  0.100051965318764E+001  0.997640267294037E+000 -0.168979657526330E+001  0.169449414805381E-002  0.217626717890061E-002  0.849035457316881E+000
      9.99000000  0.948165364559270E-004  0.596228294648700E-004  0.375244377830576E-001  0.783922601678953E-006  0.119401300197506E-003  0.119115804652360E+000  0.999982338240232E+000  0.997309891211771E+000 -0.168367657958663E+001  0.213621457695666E-002  0.134330109686573E-002  0.845424795932420E+000
     10.00000000  0.104372670863094E-003  0.232863606279945E-004  0.374213079239472E-001  0.252818573498530E-004  0.122835665685182E-003  0.118958026349729E+000  0.999430969884075E+000  0.997235282514363E+000 -0.167744171590105E+001  0.234916257056324E-002  0.524116575149032E-003  0.842258181088113E+000
     10.01000000  0.104715168312644E-003 -0.100034982238830E-004  0.373369071446138E-001  0.483568469417180E-004  0.116756192893803E-003  0.118806506629917E+000  0.998912698033717E+000  0.997374741197204E+000 -0.167136003349541E+001  0.235451679765747E-002 -0.224928298192165E-003  0.839519015832545E+000
     10.02000000  0.962380342914146E-004 -0.383901738065508E-004  0.372639579933332E-001  0.677372617604543E-004  0.102843706270140E-003  0.118670257716437E+000  0.998478450132589E+000  0.997689870780535E+000 -0.166563351103001E+001  0.216174915416331E-002 -0.862340200166551E-003  0.837042550442573E+000
     10.03000000  0.797976620653820E-004 -0.601221636668717E-004  0.371917958155943E-001  0.801574049427198E-004  0.828991027571993E-004  0.118552207443469E+000  0.998201257520555E+000  0.998139733468869E+000 -0.166032678718760E+001  0.179066980299550E-002 -0.134914908761124E-002  0.834588682956553E+000
     10.04000000  0.581243035476334E-004 -0.736240224674718E-004  0.371107216437358E-001  0.817453804727188E-004  0.594035938850449E-004  0.118448735151956E+000  0.998167450213943E+000  0.998668303424175E+000 -0.165535744045909E+001  0.130301772913581E-002 -0.165048698582325E-002  0.831939916547710E+000
     10.05000000  0.366033048009956E-004 -0.781763128854887E-004  0.370155053633915E-001  0.696228137009407E-004  0.357676794206634E-004  0.118351949306046E+000  0.998440764247405E+000  0.999198965948438E+000 -0.165054772908096E+001  0.819748276103645E-003 -0.175079540135609E-002  0.828979702125697E+000
     10.06000000  0.226294568388317E-004 -0.747501861335167E-004  0.369065587861573E-001  0.439538681233930E-004  0.158638305778266E-004  0.118253446135398E+000  0.999016610887799E+000  0.999645075190556E+000 -0.164570915768665E+001  0.506293585080143E-003 -0.167240159551704E-002  0.825718182009148E+000
     10.07000000  0.234705071661499E-004 -0.663765519500228E-004  0.367885044137146E-001  0.928529224288718E-005  0.289425473300804E-005  0.118147683822022E+000  0.999792464506481E+000  0.999935310535342E+000 -0.164071794712430E+001  0.524589120131436E-003 -0.148358178791468E-002  0.822259571330252E+000
     10.08000000  0.434099452134009E-004 -0.576318496443489E-004  0.366671372351072E-001 -0.257782127252517E-004 -0.191384236559190E-005  0.118033452782636E+000  0.100057559703298E+001  0.100004273383880E+001 -0.163554754311158E+001  0.969292787397115E-003 -0.128685111003958E-002  0.818733851926583E+000
     10.09000000  0.814477476606999E-004 -0.532755864390317E-004  0.365464671025546E-001 -0.507911767654196E-004 -0.113260826948316E-006  0.117913002390988E+000  0.100113298297592E+001  0.100000252647402E+001 -0.163024865451404E+001  0.181682956377785E-002 -0.118840192945863E-002  0.815230669854292E+000
     10.10000000  0.130743831332023E-003 -0.565318880073920E-004  0.364273143659173E-001 -0.568905804876118E-004  0.415321392721835E-005  0.117789608098198E+000  0.100126778400114E+001  0.999907447276419E+000 -0.162489465509696E+001  0.291357437715745E-002 -0.125979068161458E-002  0.811768239341787E+000
     10.11000000  0.180303957198683E-003 -0.677298842531513E-004  0.363079730575170E-001 -0.400802898970154E-004  0.539599975397962E-005  0.117665088569406E+000  0.100089228989352E+001  0.999879871227023E+000 -0.161952619653733E+001  0.401402782221761E-002 -0.150784067089634E-002  0.808308460255276E+000
     10.12000000  0.218431603401458E-003 -0.839003958756881E-004  0.361862997952534E-001 -0.296286398515854E-005 -0.133928328475531E-005  0.117538658365100E+000  0.100006589576102E+001  0.100002978641332E+001 -0.161412585308179E+001  0.485804168198168E-002 -0.186599198079290E-002  0.804803654711682E+000
     10.13000000  0.236651289287395E-003 -0.995399543271673E-004  0.360618582778963E-001  0.459136987293443E-004 -0.186461591115001E-004  0.117407643002933E+000  0.998979861565288E+000  0.100041429168409E+001 -0.160863429588491E+001  0.525806202740189E-002 -0.221163914058116E-002  0.801244262051247E+000
     10.14000000  0.232536324684101E-003 -0.108291699995729E-003  0.359368163425645E-001  0.949398469744871E-004 -0.456575180053887E-004  0.117269492276573E+000  0.997892649144386E+000  0.100101344601556E+001 -0.160299518865690E+001  0.516153794640069E-002 -0.240371786888577E-002  0.797678562594317E+000
     10.15000000  0.210288279014253E-003 -0.104962920710157E-003  0.358150777379891E-001  0.133452295690460E-003 -0.780497654352715E-004  0.117123808400169E+000  0.997040718478373E+000  0.100173074001781E+001 -0.159720014667395E+001  0.466310613153562E-002 -0.232753457036113E-002  0.794193139933026E+000
     10.16000000  0.178842896910826E-003 -0.872189956700442E-004  0.357001721878473E-001  0.155272567543553E-003 -0.109125066575504E-003  0.116973133882842E+000  0.996560246652350E+000  0.100241744771149E+001 -0.159130595458051E+001  0.396190687823768E-002 -0.193216250031126E-002  0.790865951001825E+000
     10.17000000  0.148307760180682E-003 -0.564530540815962E-004  0.355931440005433E-001  0.160384118117993E-003 -0.131603443820461E-003  0.116821975001777E+000  0.996450504065606E+000  0.100291254454789E+001 -0.158541263425895E+001  0.328223142027816E-002 -0.124937486515565E-002  0.787719640851844E+000
     10.18000000  0.126213681690124E-003 -0.176239742257155E-004  0.354916896286828E-001  0.154154467297936E-003 -0.139585335830018E-003  0.116674546550511E+000  0.996591725130734E+000  0.100308615897137E+001 -0.157961337002704E+001  0.279051867261577E-002 -0.389656877954829E-003  0.784702746210063E+000
     10.19000000  0.115090670447728E-003  0.218455818721892E-004  0.353911124350910E-001  0.144546029503572E-003 -0.130158708645009E-003  0.116532453821291E+000  0.996807298927470E+000  0.100287491707740E+001 -0.157394334232160E+001  0.254209754663328E-002  0.482520432507957E-003  0.781711147774823E+000
     10.20000000  0.112261728631167E-003  0.538006862918323E-004  0.352866740372259E-001  0.138575260197905E-003 -0.104265832782141E-003  0.116393590510234E+000  0.996942180777418E+000  0.100230074305677E+001 -0.156835569306731E+001  0.247718150612498E-002  0.118717275000127E-002  0.778640213396895E+000
     10.21000000  0.111773922556548E-003  0.712900974016798E-004  0.351761612174679E-001  0.139524486402764E-003 -0.666404410518778E-004  0.116252907821857E+000  0.996924250472608E+000  0.100146905615176E+001 -0.156273888196795E+001  0.246400182750427E-002  0.157155556737151E-002  0.775441386881414E+000
     10.22000000  0.107495434280514E-003  0.702554331405628E-004  0.350613508926873E-001  0.146000526788041E-003 -0.248291151413869E-004  0.116104744317058E+000  0.996784638535797E+000  0.100054681021892E+001 -0.155696831306800E+001  0.236736595796779E-002  0.154723148841123E-002  0.772154176586812E+000
     10.23000000  0.959839447603962E-004  0.505689333619339E-004  0.349475984367885E-001  0.153079716461429E-003  0.124951226093560E-004  0.115945606978912E+000  0.996632029406422E+000  0.999725089603742E+000 -0.155096758595005E+001  0.211178274222951E-002  0.111258816287731E-002  0.768896667514628E+000
     10.24000000  0.779336847569223E-004  0.161374576230114E-004  0.348417009066416E-001  0.154877787698625E-003  0.375458358460382E-004  0.115776063891110E+000  0.996595796959013E+000  0.999174745129933E+000 -0.154474986134591E+001  0.171297699035510E-002  0.354700200269868E-003  0.765818171488553E+000
     10.25000000  0.577076156588725E-004 -0.260037565173810E-004  0.347490200111768E-001  0.147330771119948E-003  0.452636623555365E-004  0.115600843736611E+000  0.996764839197145E+000  0.999006078464579E+000 -0.153841960909282E+001  0.126717192061533E-002 -0.571003145999444E-003  0.763035899583096E+000
     10.26000000  0.413175259490163E-004 -0.674150581186634E-004  0.346711842635909E-001  0.129985182619269E-003  0.344786816455265E-004  0.115427096547132E+000  0.997148504021747E+000  0.999243638235785E+000 -0.153213400907134E+001  0.906386071865473E-003 -0.147888984902332E-002  0.760584710478008E+000
     10.27000000  0.338435205481981E-004 -0.100339412545612E-003  0.346053880096517E-001  0.106122714875678E-003  0.803933458282385E-005  0.115261618737650E+000  0.997674243819870E+000  0.999823812158292E+000 -0.152604187920459E+001  0.741705271718037E-003 -0.219901091968796E-002  0.758402149092416E+000
     10.28000000  0.374317760393710E-004 -0.119546460516818E-003  0.345455457085396E-001  0.813137245733498E-004 -0.281508251194622E-004  0.115108281471248E+000  0.998219684326806E+000  0.100061634558540E+001 -0.152022741170595E+001  0.819546489944119E-003 -0.261739870421195E-002  0.756354192193802E+000
     10.29000000  0.506558957224847E-004 -0.123374342901093E-003  0.344847268414655E-001  0.611495217993421E-004 -0.668909393084678E-004  0.114966748034576E+000  0.998662468663085E+000  0.100146311409882E+001 -0.151468243208984E+001  0.110800290721276E-002 -0.269858283345286E-002  0.754288855222469E+000
     10.30000000  0.693747817313633E-004 -0.113669098698872E-003  0.344177783022988E-001  0.491738690574406E-004 -0.101659676675357E-003  0.114832936972762E+000  0.998925457910793E+000  0.100222145630305E+001 -0.150931696792792E+001  0.151597025673999E-002 -0.248388489934562E-002  0.752093583679961E+000
     10.31000000  0.885805732472291E-004 -0.947085327786577E-004  0.343430460558950E-001  0.458436077189018E-004 -0.128162065176305E-003  0.114700907438615E+000  0.998999202071272E+000  0.100279786726552E+001 -0.150400080402932E+001  0.193377569180213E-002 -0.206755332213142E-002  0.749732646908654E+000
     10.32000000  0.104375547219341E-003 -0.715578397355909E-004  0.342625861516570E-001  0.488301928803959E-004 -0.144973923067216E-003  0.114565274595757E+000  0.998935035777284E+000  0.100316181510221E+001 -0.149861635625536E+001  0.227638305233031E-002 -0.156064382870400E-002  0.747251367992699E+000
     10.33000000  0.115263159003633E-003 -0.484839645850199E-004  0.341809475801756E-001  0.543870638781828E-004 -0.153171264156411E-003  0.114423136651900E+000  0.998814991221061E+000  0.100333736149304E+001 -0.149310059741296E+001  0.251140336631290E-002 -0.105638950835259E-002  0.744749211792055E+000
     10.34000000  0.122315049151118E-003 -0.279783409288502E-004  0.341031884080861E-001  0.591073879091008E-004 -0.155221385125685E-003  0.114274818731082E+000  0.998713388277350E+000  0.100337875958951E+001 -0.148746098557364E+001  0.266247556627428E-002 -0.609014586716327E-003  0.742336339630597E+000
     10.35000000  0.128281783311587E-003 -0.106443395551976E-004  0.340330120026152E-001  0.613236598710729E-004 -0.153663885902099E-003  0.114123318531260E+000  0.998666435604385E+000  0.100334162519918E+001 -0.148176306865332E+001  0.278965768171628E-002 -0.231475294779999E-003  0.740093027350851E+000
     10.36000000  0.136124804254954E-003  0.416535483654654E-005  0.339717268759707E-001  0.616376862384939E-004 -0.150123758940462E-003  0.113972889757957E+000  0.998660900500074E+000  0.100326148924128E+001 -0.147609942867472E+001  0.295735723433841E-002  0.904937371764786E-004  0.738047211817859E+000
     10.37000000  0.147610669909596E-003  0.173593966887162E-004  0.339182744964099E-001  0.624740706922688E-004 -0.144988314749393E-003  0.113827483774883E+000  0.998644038609071E+000  0.100314688245471E+001 -0.147055572840206E+001  0.320379906525604E-002  0.376775059138879E-003  0.736175346899034E+000
     10.38000000  0.162501629409788E-003  0.292469771019162E-004  0.338700736564767E-001  0.669364264297701E-004 -0.137758720311638E-003  0.113689697238961E+000  0.998548585542629E+000  0.100298708803194E+001 -0.146518792573924E+001  0.352360033022130E-002  0.634176152870500E-003  0.734420960294648E+000
     10.39000000  0.178586009168286E-003  0.391573809941711E-004  0.338241245524786E-001  0.774687501731461E-004 -0.127806921443475E-003  0.113560523815607E+000  0.998321824882895E+000  0.100276863115619E+001 -0.146001703818475E+001  0.386863859529876E-002  0.848250969436914E-003  0.732718729229257E+000
     10.40000000  0.192457911126397E-003  0.456371897331519E-004  0.337778150205764E-001  0.948314472405997E-004 -0.115143666860055E-003  0.113439777304231E+000  0.997947678878744E+000  0.100249191366737E+001 -0.145503846800236E+001  0.416513137203649E-002  0.987669925214422E-003  0.731011971384488E+000
     10.41000000  0.200704576646770E-003  0.470707438474179E-004  0.337291377049261E-001  0.117730142090638E-003 -0.100860985772557E-003  0.113326753066006E+000  0.997454557950516E+000  0.100218071421455E+001 -0.145023642597540E+001  0.433943134568991E-002  0.101771601190696E-002  0.729257298788175E+000
     10.42000000  0.201059877819397E-003  0.424255726098279E-004  0.336764022360148E-001  0.143177047719308E-003 -0.870948068162154E-004  0.113220654163830E+000  0.996907341549748E+000  0.100188126864301E+001 -0.144559318983352E+001  0.434294141449114E-002  0.916402508143507E-003  0.727418337005181E+000
     10.43000000  0.193136559737562E-003  0.318248216488191E-004  0.336178148777541E-001  0.167416830343646E-003 -0.765595150898765E-004  0.113120523570114E+000  0.996387223607567E+000  0.100165211829758E+001 -0.144108765059556E+001  0.416779604597261E-002  0.686764670614230E-003  0.725456620497593E+000
     10.44000000  0.178514984186302E-003  0.167588155930660E-004  0.335513590848561E-001  0.187081744588941E-003 -0.718484549424345E-004  0.113024767181165E+000  0.995966731003306E+000  0.100154897072623E+001 -0.143668504552366E+001  0.384857941508897E-002  0.361300946286024E-003  0.723329027592873E+000
     10.45000000  0.160181207687513E-003 -0.104062689225287E-006  0.334752213608202E-001  0.200186922469282E-003 -0.747359564366356E-004  0.112930640926936E+000  0.995688328271920E+000  0.100160968012528E+001 -0.143232597670464E+001  0.345001949196704E-002 -0.224132600444701E-005  0.720996974988748E+000
     10.46000000  0.141513055380123E-003 -0.154258348356124E-004  0.333886687886609E-001  0.206637711429403E-003 -0.856742508539860E-004  0.112834157914711E+000  0.995553644589266E+000  0.100184350749053E+001 -0.142792453076055E+001  0.304502665620091E-002 -0.331927525290291E-003  0.718445278447546E+000
     10.47000000  0.125159101659300E-003 -0.258804341373525E-004  0.332929715718452E-001  0.208077313235380E-003 -0.103597073600451E-003  0.112730700060471E+000  0.995526944103235E+000  0.100222703520029E+001 -0.142338155376647E+001  0.269055597174886E-002 -0.556353918305172E-003  0.715701872994684E+000
     10.48000000  0.112202184492833E-003 -0.288468449838062E-004  0.331918396413005E-001  0.207117639870704E-003 -0.126059946663203E-003  0.112616269517803E+000  0.995551822781906E+000  0.100270733571130E+001 -0.141861159082618E+001  0.240971846334764E-002 -0.619531386853213E-003  0.712846984019501E+000
     10.49000000  0.101922491479791E-003 -0.229659844517953E-004  0.330909829987157E-001  0.206213920225928E-003 -0.149680789599708E-003  0.112488953968791E+000  0.995575453478826E+000  0.100321156600963E+001 -0.141357426020449E+001  0.218685918298952E-002 -0.492760462049352E-003  0.710003444717988E+000
     10.50000000  0.922809524833741E-004 -0.844213230549249E-005  0.329967623500093E-001  0.206594671507594E-003 -0.170790431569293E-003  0.112349984698407E+000  0.995571505675447E+000  0.100366100660474E+001 -0.140829671922220E+001  0.197810365269734E-002 -0.180962726333558E-003  0.707307568628521E+000
     10.51000000  0.809793675034005E-004  0.129846003482009E-004  0.329143159594749E-001  0.207677265766369E-003 -0.186156771611903E-003  0.112203845455393E+000  0.995552535227507E+000  0.100398659757412E+001 -0.140287567423263E+001  0.173419504027625E-002  0.278068725627843E-003  0.704868971576123E+000
     10.52000000  0.667077396602712E-004  0.383991740650045E-004  0.328458392329122E-001  0.207252728880093E-003 -0.193618070355788E-003  0.112057229449002E+000  0.995565845785592E+000  0.100414244187419E+001 -0.139745473510104E+001  0.142720632218726E-002  0.821547008959480E-003  0.702733890392592E+000
     10.53000000  0.500655998484940E-004  0.643242252075522E-004  0.327897122850139E-001  0.202439656172097E-003 -0.192470450000444E-003  0.111917107446740E+000  0.995672934240400E+000  0.100411397801043E+001 -0.139218289886140E+001  0.107013194417843E-002  0.137490429331587E-002  0.700866835967186E+000
     10.54000000  0.337179312158881E-004  0.874267066269712E-004  0.327408890458619E-001  0.191081361564810E-003 -0.183516004238468E-003  0.111788563454054E+000  0.995919588227884E+000  0.100391885874129E+001 -0.138716830658099E+001  0.720023357265234E-003  0.186693751811595E-002  0.699159290043918E+000
     10.55000000  0.216199877770500E-004  0.105131771443988E-003  0.326924824114055E-001  0.173027517642056E-003 -0.168779993466564E-003  0.111673198680231E+000  0.996308617975590E+000  0.100360076502543E+001 -0.138244438707923E+001  0.461242438981669E-003  0.224288908834458E-002  0.697463869050324E+000
     10.56000000  0.175298027180953E-004  0.115997349114304E-003  0.326379984930318E-001  0.150720354870491E-003 -0.151009331254321E-003  0.111568722182451E+000  0.996787565618886E+000  0.100321859358683E+001 -0.137796148571874E+001  0.373627974762581E-003  0.247235267415003E-002  0.695642128628623E+000
     10.57000000  0.233662595428768E-004  0.119800520875735E-003  0.325733949114699E-001  0.128737518465940E-003 -0.133120786829998E-003  0.111469898393434E+000  0.997258700911695E+000  0.100283463512362E+001 -0.137360743379735E+001  0.497554300760693E-003  0.255099727389890E-002  0.693608350058709E+000
     10.58000000  0.381043549424512E-004  0.117395421399212E-003  0.324981911067575E-001  0.112358977281840E-003 -0.117746654036434E-003  0.111370486064036E+000  0.997609722159455E+000  0.100250489302012E+001 -0.136924909223626E+001  0.810616093618759E-003  0.249742104405338E-002  0.691352911351528E+000
     10.59000000  0.577409810769209E-004  0.110464923705681E-003  0.324152337256301E-001  0.105658347580698E-003 -0.106940524122858E-003  0.111265404387733E+000  0.997754391054045E+000  0.100227285967606E+001 -0.136477848830180E+001  0.122719753453930E-002  0.234776547776510E-002  0.688936941625821E+000
     10.60000000  0.764529402734001E-004  0.101272083303556E-003  0.323292685646244E-001  0.109874659130628E-003 -0.102007945319323E-003  0.111152275631656E+000  0.997666982744235E+000  0.100216597984047E+001 -0.136014545226350E+001  0.162335911049084E-002  0.215035495667410E-002  0.686461664812491E+000
     10.61000000  0.885654364819152E-004  0.924374032282139E-004  0.322449614008199E-001  0.122764655572543E-003 -0.103378028654494E-003  0.111031766926234E+000  0.997395740594585E+000  0.100219300255583E+001 -0.135536459552612E+001  0.187877667132335E-002  0.196091436616293E-002  0.684026225738219E+000
     10.62000000  0.905744703629732E-004  0.866822650331167E-004  0.321652271873278E-001  0.139265725780220E-003 -0.110465081009380E-003  0.110906678476410E+000  0.997048478129999E+000  0.100234113670570E+001 -0.135049568167925E+001  0.191958594724156E-002  0.183709666935752E-002  0.681692289794138E+000
     10.63000000  0.824004170473339E-004  0.864536577933331E-004  0.320905660992691E-001  0.153259042700950E-003 -0.121562770240727E-003  0.110780275944006E+000  0.996754966986427E+000  0.100257391143583E+001 -0.134560810478536E+001  0.174470666747222E-002  0.183052803109897E-002  0.679470160984630E+000
     10.64000000  0.673428782665765E-004  0.934115220248053E-004  0.320196271531095E-001  0.159745189870519E-003 -0.133900112718495E-003  0.110654693088953E+000  0.996620811353093E+000  0.100283247177010E+001 -0.134074705420722E+001  0.142454548943177E-002  0.197599160871384E-002  0.677330945875059E+000
     10.65000000  0.507456222063311E-004  0.107887379407440E-003  0.319506355649449E-001  0.156550148167958E-003 -0.143995693880554E-003  0.110530178382998E+000  0.996691507528629E+000  0.100304316971072E+001 -0.133591770636389E+001  0.107244554533765E-002  0.228006544038839E-002  0.675236903057556E+000
     10.66000000  0.379317374188776E-004  0.128531681681728E-003  0.318828997499336E-001  0.144868521376394E-003 -0.148343774071582E-003  0.110405537058244E+000  0.996941256226735E+000  0.100313212001429E+001 -0.133109474579029E+001  0.800888036522978E-003  0.271380888874986E-002  0.673173303331879E+000
     10.67000000  0.322833168311240E-004  0.152374022152174E-003  0.318175662400193E-001  0.128450588486608E-003 -0.144292938696416E-003  0.110279515082779E+000  0.997290445103608E+000  0.100304373567429E+001 -0.132625170180113E+001  0.680988855108908E-003  0.321419919262168E-002  0.671164246210701E+000
     10.68000000  0.342682613129547E-004  0.175392306001174E-003  0.317571567884684E-001  0.111830725762833E-003 -0.130829292049848E-003  0.110152370340044E+000  0.997643235616898E+000  0.100275714758772E+001 -0.132139406554687E+001  0.722182720198656E-003  0.369628594497610E-002  0.669262722897506E+000
     10.69000000  0.417853107662680E-004  0.193471265238163E-003  0.317040428004795E-001  0.984089781231476E-004 -0.108949004870043E-003  0.110026732494130E+000  0.997928030813721E+000  0.100229388603837E+001 -0.131657724470507E+001  0.879776195200842E-003  0.407347487647096E-002  0.667518360782593E+000
     10.70000000  0.516010314930084E-004  0.203436315090643E-003  0.316585928827086E-001  0.892437209395330E-004 -0.814382147842878E-004  0.109907160090272E+000  0.998122758410151E+000  0.100171305277488E+001 -0.131189701383492E+001  0.108542765113305E-002  0.427928270530637E-002  0.665938472867772E+000
     10.71000000  0.611629041449984E-004  0.203787650271340E-003  0.316179750322308E-001  0.830686707974411E-004 -0.521207519569835E-004  0.109798436290970E+000  0.998254282096406E+000  0.100109533629185E+001 -0.130745351020654E+001  0.128536036241720E-002  0.428267054468078E-002  0.664463082884029E+000
     10.72000000  0.699164472354455E-004  0.194879158891653E-003  0.315763591493336E-001  0.774710124528500E-004 -0.248651402025776E-004  0.109703306642925E+000  0.998373437626103E+000  0.100052206238430E+001 -0.130330371616203E+001  0.146794857571992E-002  0.409163501642384E-002  0.662969491049678E+000
     10.73000000  0.795022160370451E-004  0.178535229382236E-003  0.315266335960359E-001  0.706264279814968E-004 -0.273647469688023E-005  0.109620722710388E+000  0.998518526813949E+000  0.100005740080595E+001 -0.129942481833424E+001  0.166765337928964E-002  0.374498842224478E-002  0.661308573204519E+000
     10.74000000  0.927428966004652E-004  0.157346708585319E-003  0.314630107883674E-001  0.627312336730857E-004  0.124197781610107E-004  0.109545514179465E+000  0.998685363086518E+000  0.999739722975754E+000 -0.129570770753777E+001  0.194358102328371E-002  0.329746091714202E-002  0.659359508330635E+000
     10.75000000  0.111901787967411E-003  0.133999762635582E-003  0.313834105286681E-001  0.564167565410162E-004  0.199145824225521E-004  0.109469808194414E+000  0.998818793234587E+000  0.999583045163704E+000 -0.129198709701863E+001  0.234290585125651E-002  0.280557472448359E-002  0.657079547124085E+000
     10.76000000  0.137038426212600E-003  0.110906662382623E-003  0.312905277459379E-001  0.559044652094117E-004  0.198707663083709E-004  0.109385719019502E+000  0.998830606968607E+000  0.999584349200687E+000 -0.128809804505198E+001  0.286652917697736E-002  0.231991268746587E-002  0.654525983884245E+000
     10.77000000  0.165251318444616E-003  0.901786121609435E-004  0.311910270246132E-001  0.652401582672194E-004  0.129046346289092E-004  0.109288220079511E+000  0.998636592815668E+000  0.999730315314501E+000 -0.128393597405077E+001  0.345346855022792E-002  0.188457801082776E-002  0.651838859094563E+000
     10.78000000  0.191206243854330E-003  0.737486818142663E-004  0.310931206532828E-001  0.863667905555586E-004  0.517234820018809E-007  0.109176981584128E+000  0.998196756830120E+000  0.999998920070839E+000 -0.127949475815085E+001  0.399217512947824E-002  0.153979099968628E-002  0.649190007960563E+000
     10.79000000  0.208786468873189E-003  0.633642609989281E-004  0.310035017396121E-001  0.117874326157586E-003 -0.170757469545813E-004  0.109056379747197E+000  0.997541195190869E+000  0.100035619231176E+001 -0.127486645930290E+001  0.435519073984405E-002  0.132174965278619E-002  0.646718939248444E+000
     10.80000000  0.213222255410566E-003  0.602842807157797E-004  0.309248873449620E-001  0.154979053798163E-003 -0.361337541835703E-004  0.108933663614806E+000  0.996770200781902E+000  0.100075303576934E+001 -0.127020266897382E+001  0.444360097012189E-002  0.125633831119519E-002  0.644481783303442E+000
     10.81000000  0.202864500783765E-003  0.647686068826309E-004  0.308551549713271E-001  0.190774644324998E-003 -0.541885881088620E-004  0.108816041428728E+000  0.996027890300494E+000  0.100112825798833E+001 -0.126565356811533E+001  0.422383201970926E-002  0.134854405066375E-002  0.642433698539990E+000
     10.82000000  0.179926054172167E-003  0.756727312926022E-004  0.307883688144234E-001  0.218292055848481E-003 -0.682939125238479E-004  0.108707871349183E+000  0.995459152197109E+000  0.100142063008857E+001 -0.126130949591470E+001  0.374276940402111E-002  0.157412212869210E-002  0.640450685858298E+000
     10.83000000  0.149933041449618E-003  0.904997612047599E-004  0.307172150880062E-001  0.232613880837452E-003 -0.763469314330643E-004  0.108609042087041E+000  0.995165701690841E+000  0.100158668021103E+001 -0.125716757155904E+001  0.311598364705287E-002  0.188081141588113E-002  0.638380566230264E+000
     10.84000000  0.120115481558588E-003  0.106059168605107E-003  0.306358426951430E-001  0.232309463520735E-003 -0.778185866341768E-004  0.108515088163116E+000  0.995176482092641E+000  0.100161577294556E+001 -0.125313451738344E+001  0.249399730630065E-002  0.220214145068888E-002  0.636102092473975E+000
     10.85000000  0.973236185448716E-004  0.119534551127737E-003  0.305420355223271E-001  0.219748675150539E-003 -0.739213547278576E-004  0.108418874260892E+000  0.995441491145217E+000  0.100153343882439E+001 -0.124906201598382E+001  0.201889989376439E-002  0.247964775849036E-002  0.633569869198247E+000
     10.86000000  0.861647825647942E-004  0.129473010625427E-003  0.304380009205515E-001  0.200269949856014E-003 -0.670198068001457E-004  0.108313119583166E+000  0.995849387025305E+000  0.100138899160791E+001 -0.124479928114442E+001  0.178577297658665E-002  0.268333995270444E-002  0.630830344919239E+000
     10.87000000  0.879123141561791E-004  0.136168122902219E-003  0.303296374755885E-001  0.180551150220278E-003 -0.594928384250175E-004  0.108192823437715E+000  0.996261503392274E+000  0.100123186019233E+001 -0.124024329343098E+001  0.182031456376360E-002  0.281950054003714E-002  0.628006228028564E+000
     10.88000000  0.100435563073024E-003  0.141177067610617E-003  0.302246778454402E-001  0.166737682986267E-003 -0.525970487657672E-004  0.108056817136656E+000  0.996550698618777E+000  0.100108807481132E+001 -0.123537068480637E+001  0.207770985074942E-002  0.292052909447251E-002  0.625257717224526E+000
     10.89000000  0.119068097711408E-003  0.146168632524610E-003  0.301303985754806E-001  0.162885093224004E-003 -0.459450238401166E-004  0.107908063887387E+000  0.996633491336064E+000  0.100094959162782E+001 -0.123024357106700E+001  0.246089911980234E-002  0.302101289964642E-002  0.622734995845907E+000
     10.90000000  0.138077741645635E-003  0.151694790288641E-003  0.300516029252094E-001  0.170114836508969E-003 -0.379299267896262E-004  0.107752758289465E+000  0.996487292648090E+000  0.100078321641678E+001 -0.122499056519376E+001  0.285117223263541E-002  0.313235115777328E-002  0.620536625131361E+000
     10.91000000  0.152279942918030E-003  0.156577368493590E-003  0.299893943016458E-001  0.186642044638666E-003 -0.269266741795532E-004  0.107598590469229E+000  0.996149554254514E+000  0.100055550022630E+001 -0.121977066150660E+001  0.314155183772608E-002  0.323020819624377E-002  0.618684476598085E+000
     10.92000000  0.158346102401231E-003  0.158317887906214E-003  0.299409907145235E-001  0.208589712891380E-003 -0.126474373622012E-004  0.107452688811191E+000  0.995700712149214E+000  0.100026067907684E+001 -0.121473069374601E+001  0.326370588863785E-002  0.326312435355657E-002  0.617120258880979E+000
     10.93000000  0.155472961133691E-003  0.154401299327143E-003  0.299005735502703E-001  0.231307177928137E-003  0.311338906929177E-005  0.107319771948665E+000  0.995236839414750E+000  0.999935887972720E+000 -0.120996733582877E+001  0.320155512326644E-002  0.317948707797968E-002  0.615723362701993E+000
     10.94000000  0.145263536958834E-003  0.143855558041452E-003  0.298609429265499E-001  0.250791959439302E-003  0.168384051893852E-004  0.107200973840052E+000  0.994840322443706E+000  0.999653574454565E+000 -0.120550315876165E+001  0.298858469414297E-002  0.295961758835540E-002  0.614345202184177E+000
     10.95000000  0.130889518925934E-003  0.128233130178281E-003  0.298155615564918E-001  0.264792570812901E-003  0.246817990700432E-004  0.107093670019487E+000  0.994557255439636E+000  0.999492671840392E+000 -0.120128339763668E+001  0.269040107490837E-002  0.263579967366015E-002  0.612851353712846E+000
     10.96000000  0.115816532997323E-003  0.111423277272904E-003  0.297604264113612E-001  0.273259007886064E-003  0.242680214325859E-004  0.106992410670676E+000  0.994388354749481E+000  0.999501632065983E+000 -0.119719546603926E+001  0.237840758609851E-002  0.228818771444280E-002  0.611159927779432E+000
     10.97000000  0.102520473052479E-003  0.982754098499112E-004  0.296951762435349E-001  0.278002803737881E-003  0.160047868513651E-004  0.106890755419401E+000  0.994296140439419E+000  0.999671625410716E+000 -0.119310686453177E+001  0.210344058589773E-002  0.201634346310733E-002  0.609264052888870E+000
     10.98000000  0.916454770261341E-004  0.926220282788923E-004  0.296230009101904E-001  0.281689792618875E-003  0.321529277082239E-005  0.106783471660963E+000  0.994225757147263E+000  0.999934091039903E+000 -0.118891033393949E+001  0.187860282683292E-002  0.189862074810421E-002  0.607229675211233E+000
     10.99000000  0.819186308448755E-004  0.956169833030844E-004  0.295492855665679E-001  0.286535519543329E-003 -0.904812139581520E-005  0.106668340019068E+000  0.994131771060859E+000  0.100018530494196E+001 -0.118456071619907E+001  0.167768827035780E-002  0.195822964422283E-002  0.605167460456710E+000
     11.00000000  0.708667436384883E-004  0.105178989143690E-003  0.294794051621623E-001  0.293206232289656E-003 -0.160094028931371E-004  0.106546852966706E+000  0.994000614244263E+000  0.100032757347252E+001 -0.118008896678434E+001  0.145002692821420E-002  0.215210067106666E-002  0.603187463091735E+000
     11.01000000  0.560663695733657E-004  0.116816417590645E-003  0.294164842866146E-001  0.300374272594804E-003 -0.150994341213767E-004  0.106423452669906E+000  0.993859528943513E+000  0.100030867370028E+001 -0.117558622849328E+001  0.114614982379651E-002  0.238804683550726E-002  0.601353334242507E+000
     11.02000000  0.364280569418312E-004  0.125470104351020E-003  0.293600406403104E-001  0.305133341210911E-003 -0.695782071329803E-005  0.106303531639580E+000  0.993767900973190E+000  0.100014210779957E+001 -0.117116272331423E+001  0.744013280603217E-003  0.256262430095833E-002  0.599654826232493E+000
     11.03000000  0.129794085276332E-004  0.127562310699602E-003  0.293061315365938E-001  0.304132270275488E-003  0.490969948790735E-005  0.106190974061967E+000  0.993793978626945E+000  0.999899814314576E+000 -0.116689749514972E+001  0.264853468719866E-003  0.260299384172876E-002  0.598011117047637E+000
     11.04000000 -0.111984903785782E-004  0.122385385087880E-003  0.292490082386086E-001  0.294980476191818E-003  0.156282248992286E-004  0.106086273272673E+000  0.993986179315650E+000  0.999681384533065E+000 -0.116280017162204E+001 -0.228305662603905E-003  0.249509313228254E-002  0.596304857232949E+000
     11.05000000 -0.318811741057977E-004  0.112297741888709E-003  0.291836154667664E-001  0.277353018827909E-003  0.209381184841569E-004  0.105986062658452E+000  0.994350670645060E+000  0.999573517072611E+000 -0.115880172323794E+001 -0.649379096384014E-003  0.228736262697407E-002  0.594433246973202E+000
     11.06000000 -0.451046214913294E-004  0.101725763325431E-003  0.291078722500015E-001  0.253341261852257E-003  0.188555380010558E-004  0.105884300602329E+000  0.994844425370044E+000  0.999616283851112E+000 -0.115477893298878E+001 -0.917893281790367E-003  0.207015138702272E-002  0.592354386359825E+000
     11.07000000 -0.485075676031711E-004  0.954378584285712E-004  0.290237451549851E-001  0.226908022854587E-003  0.104065965042784E-004  0.105774619595824E+000  0.995386521444405E+000  0.999788413784558E+000 -0.115060240309040E+001 -0.986252579816120E-003  0.194043607499195E-002  0.590108821147288E+000
     11.08000000 -0.420943434559696E-004  0.967715199847112E-004  0.289366568932196E-001  0.202673740938891E-003 -0.751089268394903E-006  0.105652832264415E+000  0.995882970310633E+000  0.100001525731357E+001 -0.114618748922901E+001 -0.855086904498813E-003  0.196577622249711E-002  0.587807157397496E+000
     11.09000000 -0.281544436497146E-004  0.106417769514692E-003  0.288535135364436E-001  0.184518521094294E-003 -0.959338362755120E-005  0.105518533971330E+000  0.996255147691284E+000  0.100019470026430E+001 -0.114152662405595E+001 -0.571401898719790E-003  0.215977684783115E-002  0.585589707421841E+000
     11.10000000 -0.104238713966899E-004  0.122099409499981E-003  0.287802266631705E-001  0.174525953983702E-003 -0.114052030445997E-004  0.105375174911264E+000  0.996461140526711E+000  0.100023126308677E+001 -0.113669043183717E+001 -0.211364643472850E-003  0.247580742078266E-002  0.583576112581409E+000
     11.11000000  0.714167537300243E-005  0.139171674283993E-003  0.287197740692102E-001  0.172616347002612E-003 -0.334474628513897E-005  0.105228674084553E+000  0.996503012031018E+000  0.100006776031194E+001 -0.113179929743280E+001  0.144681273190104E-003  0.281944137415216E-002  0.581826148773627E+000
     11.12000000  0.215068047087207E-004  0.151936668481115E-003  0.286715251776410E-001  0.176917514622391E-003  0.145261368832192E-004  0.105085267537682E+000  0.996419098970727E+000  0.999705983556080E+000 -0.112697958984012E+001  0.435308732898481E-003  0.307527592002136E-002  0.580326341564115E+000
     11.13000000  0.312319394926614E-004  0.155323828022233E-003  0.286319393968514E-001  0.184642741405176E-003  0.390099648570755E-004  0.104949534330542E+000  0.996266094256350E+000  0.999211127766351E+000 -0.112232371577676E+001  0.631582467685999E-003  0.314100911394787E-002  0.579004417677886E+000
     11.14000000  0.365344639687487E-004  0.146518409491893E-003  0.285961487241592E-001  0.193101146678851E-003  0.644359422247577E-004  0.104823339265821E+000  0.996098550970974E+000  0.998698125057511E+000 -0.111786891083599E+001  0.738148640898143E-003  0.296028333481260E-002  0.577761544105726E+000
     11.15000000  0.388263003580816E-004  0.126095131263158E-003  0.285596432772168E-001  0.200489811662822E-003  0.841277783226821E-004  0.104705919694524E+000  0.995952902045801E+000  0.998301792212197E+000 -0.111359923915166E+001  0.783749754888087E-003  0.254536299643886E-002  0.576506471432341E+000
     11.16000000  0.399729508255128E-004  0.982584045470674E-004  0.285193912470771E-001  0.206262685985920E-003  0.923706829232006E-004  0.104594812100830E+000  0.995840101349848E+000  0.998137071291547E+000 -0.110946451895264E+001  0.806173076758062E-003  0.198167207261791E-002  0.575178087034011E+000
     11.17000000  0.415497662987876E-004  0.699599508857380E-004  0.284741258077927E-001  0.211049959118204E-003  0.863512931336780E-004  0.104487025522062E+000  0.995747362399613E+000  0.998260029248256E+000 -0.110540412016327E+001  0.837224035426461E-003  0.140968668698634E-002  0.573751061380496E+000
     11.18000000  0.443057112636917E-004  0.489834313924288E-004  0.284239708753980E-001  0.216236775147551E-003  0.674195453611924E-004  0.104379924578982E+000  0.995646745798667E+000  0.998642717368980E+000 -0.110136478819672E+001  0.891957547785769E-003  0.986128878213672E-003  0.572228153825637E+000
     11.19000000  0.479416738828654E-004  0.414857372464580E-004  0.283698232327246E-001  0.223371728031242E-003  0.411110521185310E-004  0.104271589488910E+000  0.995507124409724E+000  0.999173096594713E+000 -0.109730785226536E+001  0.964293817502158E-003  0.834439782787314E-003  0.570627659221614E+000
     11.20000000  0.512172544376020E-004  0.498011299780302E-004  0.283128715824876E-001  0.233578184406373E-003  0.157245479035129E-004  0.104160759515604E+000  0.995306027605129E+000  0.999684000481601E+000 -0.109320802384706E+001  0.102925870017437E-002  0.100080035275709E-002  0.568973673485324E+000
     11.21000000  0.523318493500931E-004  0.713596079674812E-004  0.282543984357666E-001  0.247115987418158E-003 -0.213853305941822E-006  0.104046643699937E+000  0.995038402771053E+000  0.100000429374878E+001 -0.108904953684478E+001  0.105071938660823E-002  0.143275891151097E-002  0.567292090038860E+000
     11.22000000  0.494729878089919E-004  0.992484722624874E-004  0.281957633397016E-001  0.263204117458775E-003 -0.766547462241422E-006  0.103928831761615E+000  0.994720095133085E+000  0.100001537703025E+001 -0.108482431782973E+001  0.992433825259020E-003  0.199093576799645E-002  0.565610255344882E+000
     11.23000000  0.413795281085947E-004  0.124336278290143E-003  0.281383659443652E-001  0.280160098473744E-003  0.153647867314587E-004  0.103807343624039E+000  0.994384960695203E+000  0.999692055071807E+000 -0.108053294438074E+001  0.829338931594856E-003  0.249197902704477E-002  0.563956222214092E+000
     11.24000000  0.277436963576173E-004  0.138230026442009E-003  0.280834737829324E-001  0.295827651958023E-003  0.443722394597678E-004  0.103682681772566E+000  0.994076222597057E+000  0.999111471602840E+000 -0.107618565504484E+001  0.555551451899708E-003  0.276797622408048E-002  0.562355298060775E+000
     11.25000000  0.930484018662562E-005  0.135956018890551E-003  0.280319791576885E-001  0.308160282743052E-003  0.786677204192007E-004  0.103555724300415E+000  0.993834753902378E+000  0.998426124703657E+000 -0.107180016660957E+001  0.186158414507359E-003  0.272002059269927E-002  0.560825193214958E+000
     11.26000000 -0.124120393360157E-004  0.117346111087034E-003  0.279842714605410E-001  0.315747797748083E-003  0.109476496431553E-003  0.103427427848021E+000  0.993688563528298E+000  0.997811690351286E+000 -0.106739570299430E+001 -0.248102435906860E-003  0.234561422315277E-002  0.559373502490666E+000
     11.27000000 -0.356111007305233E-004  0.866558521850148E-004  0.279403746858923E-001  0.318071288124828E-003  0.129654135002164E-003  0.103298491708643E+000  0.993647761039588E+000  0.997410662079577E+000 -0.106298628037725E+001 -0.711193464890207E-003  0.173061417659720E-002  0.558000496349678E+000
     11.28000000 -0.587623880969869E-004  0.506932756167412E-004  0.279003224969047E-001  0.315378818460151E-003  0.135630424149224E-003  0.103169222294909E+000  0.993707116414347E+000  0.997293710230728E+000 -0.105857802592482E+001 -0.117251015561152E-002  0.101150382764806E-002  0.556706637219442E+000
     11.29000000 -0.808993109726307E-004  0.163418714297539E-004  0.278645481060545E-001  0.308257385584105E-003  0.127822060367812E-003  0.103039750423272E+000  0.993854661295774E+000  0.997451772799073E+000 -0.105417354445551E+001 -0.161278752793956E-002  0.325787279375166E-003  0.555500351199780E+000
     11.30000000 -0.101526285349421E-003 -0.114638180003576E-004  0.278339975733331E-001  0.297146597172392E-003  0.109566060122458E-003  0.102910533946253E+000  0.994081405404331E+000  0.997817652641893E+000 -0.104978194550330E+001 -0.202221034837838E-002 -0.228337433133339E-003  0.554400249509909E+000
     11.31000000 -0.120198709929709E-003 -0.305707820359075E-004  0.278097989866385E-001  0.282092359936062E-003  0.852589030175284E-004  0.102782864191097E+000  0.994386225096657E+000  0.998303306441355E+000 -0.104542889293604E+001 -0.239201267758756E-002 -0.608373402979284E-003  0.553428499990576E+000
     11.32000000 -0.136042500901209E-003 -0.411396434852708E-004  0.277925759223152E-001  0.262922475348724E-003  0.586443209267435E-004  0.102659032851232E+000  0.994772337265689E+000  0.998833980508205E+000 -0.104115985012294E+001 -0.270492019101979E-002 -0.817975644210433E-003  0.552597160995390E+000
     11.33000000 -0.147552380125774E-003 -0.443814628139431E-004  0.277817288866997E-001  0.239783746044755E-003  0.319792785249385E-004  0.102541962951733E+000  0.995236610375470E+000  0.999364720227962E+000 -0.103703266155528E+001 -0.293118064989551E-002 -0.881653585685289E-003  0.551893951584675E+000
     11.34000000 -0.152883189324616E-003 -0.413033273619919E-004  0.277750737154555E-001  0.213740366061409E-003  0.626826717394900E-005  0.102434388958670E+000  0.995757715699469E+000  0.999875588444459E+000 -0.103310122519867E+001 -0.303440087540885E-002 -0.819781777566218E-003  0.551275181849919E+000
     11.35000000 -0.150574462918023E-003 -0.321329984313316E-004  0.277690709419121E-001  0.187042285599340E-003 -0.178118672588910E-004  0.102337924435973E+000  0.996290885716871E+000  0.100035321558998E+001 -0.102939702118641E+001 -0.298594453812440E-002 -0.637208656104127E-003  0.550670439734083E+000
     11.36000000 -0.140371178942659E-003 -0.166363662742559E-004  0.277595885436067E-001  0.162805464469944E-003 -0.389839886090661E-004  0.102252429943580E+000  0.996774352381248E+000  0.100077238568396E+001 -0.102591668672174E+001 -0.278115946889134E-002 -0.329614582851738E-003  0.549997820864044E+000
     11.37000000 -0.123689735339603E-003  0.497488519401984E-005  0.277428801784387E-001  0.144152078948832E-003 -0.550482473854168E-004  0.102175944164722E+000  0.997146441890173E+000  0.100108970591270E+001 -0.102262080593316E+001 -0.244849640708899E-002  0.984801890778860E-004  0.549183343732632E+000
     11.38000000 -0.103415411800977E-003  0.311563513430131E-004  0.277163811685645E-001  0.133175535176180E-003 -0.633851076292603E-004  0.102105157370848E+000  0.997366044313462E+000  0.100125363539528E+001 -0.101944343250459E+001 -0.204535774253520E-002  0.616212645086398E-003  0.548176657917102E+000
     11.39000000 -0.830519810732127E-004  0.587397806768344E-004  0.276790633679210E-001  0.130236024005402E-003 -0.620320129965816E-004  0.102036157386277E+000  0.997426443658118E+000  0.100122579663857E+001 -0.101630694693043E+001 -0.164116613839454E-002  0.116073978944056E-002  0.546957952777361E+000
     11.40000000 -0.655983741212317E-004  0.834827078296266E-004  0.276313522975372E-001  0.133957369662887E-003 -0.507719278754118E-004  0.101965107275673E+000  0.997355229235836E+000  0.100100240928008E+001 -0.101313548755271E+001 -0.129513338824994E-002  0.164823051943096E-002  0.545536187480820E+000
     11.41000000 -0.526960902024250E-004  0.101269390063012E-003  0.275748277705167E-001  0.141940404603403E-003 -0.316625294221515E-004  0.101888649185129E+000  0.997200073248684E+000  0.100062457735971E+001 -0.100986290905654E+001 -0.103948691043801E-002  0.199764735854536E-002  0.543943059436231E+000
     11.42000000 -0.444624243780935E-004  0.109454090177374E-003  0.275119693946532E-001  0.151822864698295E-003 -0.870341906997636E-005  0.101804067168191E+000  0.997007753598755E+000  0.100017153394149E+001 -0.100643594903471E+001 -0.876301007758933E-003  0.215720871876315E-002  0.542227888901304E+000
     11.43000000 -0.400547116285605E-004  0.107772306027713E-003  0.274460571554865E-001  0.162123299989198E-003  0.132658863499478E-004  0.101709416688432E+000  0.996807539883976E+000  0.999738774049882E+000 -0.100281672173920E+001 -0.788739615721799E-003  0.212220444950449E-002  0.540455584217996E+000
     11.44000000 -0.386025822801480E-004  0.984396327239496E-004  0.273811094211961E-001  0.172429636926808E-003  0.300128330684408E-004  0.101603817952437E+000  0.996607560082148E+000  0.999409517210824E+000 -0.998988422009497E+000 -0.759480466312868E-003  0.193673515471790E-002  0.538705353969754E+000
     11.45000000 -0.399366227697677E-004  0.854017748359978E-004  0.273216050526962E-001  0.182874626554010E-003  0.391489416268952E-004  0.101487918354790E+000  0.996405204071813E+000  0.999230442961907E+000 -0.994964323573040E+000 -0.785040612924550E-003  0.167875641484760E-002  0.537065182008527E+000
     11.46000000 -0.446651569820038E-004  0.730347778200842E-004  0.272718048793010E-001  0.193266079649670E-003  0.407072345233653E-004  0.101364287022894E+000  0.996204252671230E+000  0.999200509592869E+000 -0.990795396674345E+000 -0.877224035437914E-003  0.143440361247268E-002  0.535618462944951E+000
     11.47000000 -0.535468997185534E-004  0.647891292637817E-004  0.272347382721373E-001  0.202457356661383E-003  0.368843954027315E-004  0.101237387752601E+000  0.996027202582633E+000  0.999276221752504E+000 -0.986569612667418E+000 -0.105074465269077E-002  0.127134962965600E-002  0.534424135800446E+000
     11.48000000 -0.665498445641178E-004  0.622639447250934E-004  0.272112029744849E-001  0.208412797907288E-003  0.310949818476902E-004  0.101112892207312E+000  0.995913902066142E+000  0.999390358258432E+000 -0.982398317585631E+000 -0.130476239992225E-002  0.122073393980460E-002  0.533497181402937E+000
     11.49000000 -0.822099247537470E-004  0.650072012090622E-004  0.271992528776319E-001  0.209006261451774E-003  0.267327911556137E-004  0.100996405407975E+000  0.995905833090902E+000  0.999476338612169E+000 -0.978391164393775E+000 -0.161038789550274E-002  0.127340841463078E-002  0.532798779856080E+000
     11.50000000 -0.977594588925145E-004  0.710452074664728E-004  0.271945119955853E-001  0.203127604802027E-003  0.261211387658877E-004  0.100892011815094E+000  0.996024448509923E+000  0.999488765043804E+000 -0.974627664710128E+000 -0.191331829491154E-002  0.139047511873858E-002  0.532242689472670E+000
     11.51000000 -0.110052423693350E-003  0.778596764475768E-004  0.271913010383327E-001  0.191442190356619E-003  0.300322945670404E-004  0.100801210785017E+000  0.996256407173368E+000  0.999412727767588E+000 -0.971136502918724E+000 -0.215204111029274E-002  0.152252189389447E-002  0.531717482568930E+000
     11.52000000 -0.116824265011565E-003  0.833615710478503E-004  0.271841786915482E-001  0.176306559256125E-003  0.379039651100036E-004  0.100722682797901E+000  0.996555372484566E+000  0.999259443087581E+000 -0.967891189402148E+000 -0.228247933274302E-002  0.162869471545891E-002  0.531116767864189E+000
     11.53000000 -0.117584324222510E-003  0.864293384428589E-004  0.271692975166709E-001  0.160816704274267E-003  0.485714654215096E-004  0.100652963968497E+000  0.996860733932223E+000  0.999051847543151E+000 -0.964823466774824E+000 -0.229533667413466E-002  0.168716732915588E-002  0.530365636855461E+000
     11.54000000 -0.113611126995325E-003  0.867915761845326E-004  0.271450728695899E-001  0.147485286772998E-003  0.610944884652076E-004  0.100587697444786E+000  0.997123468304928E+000  0.998808421936116E+000 -0.961847897950562E+000 -0.221585498367651E-002  0.169277034491128E-002  0.529433573903530E+000
     11.55000000 -0.107026888281906E-003  0.843651312731302E-004  0.271120112708432E-001  0.137297124165602E-003  0.752025397406873E-004  0.100522898903404E+000  0.997324495216085E+000  0.998534530449479E+000 -0.958886601183516E+000 -0.208562963970283E-002  0.164402068643911E-002  0.528330919511446E+000
     11.56000000 -0.994824331185915E-004  0.784660030844044E-004  0.270719478567888E-001  0.129706525375676E-003  0.910633839648065E-004  0.100455742298616E+000  0.997474599472337E+000  0.998226985749179E+000 -0.955884516009549E+000 -0.193693407762803E-002  0.152774183888599E-002  0.527093846700296E+000
     11.57000000 -0.912539631172321E-004  0.674342085635809E-004  0.270271762098470E-001  0.123597673029766E-003  0.108438733296234E-003  0.100384690861083E+000  0.997595619423411E+000  0.997890510576000E+000 -0.952811852979771E+000 -0.177518921738090E-002  0.131181677853154E-002  0.525767321714423E+000
     11.58000000 -0.813542898527955E-004  0.490598169045499E-004  0.269798958144015E-001  0.118632644366122E-003  0.125672421301035E-003  0.100309172567104E+000  0.997694198447766E+000  0.997557369932558E+000 -0.949657676808555E+000 -0.158124139292150E-002  0.953550370349140E-003  0.524394326539319E+000
     11.59000000 -0.686772316392442E-004  0.217988404179048E-004  0.269321055838119E-001  0.116116644921409E-003  0.139157654105523E-003  0.100229206434205E+000  0.997745047913545E+000  0.997297598094710E+000 -0.946422567802588E+000 -0.133369222717114E-002  0.423327256104635E-003  0.523013799786845E+000
     11.60000000 -0.535440150953584E-004 -0.137038324112457E-004  0.268857321829107E-001  0.118717951500560E-003  0.143808830419801E-003  0.100145309606006E+000  0.997696518755631E+000  0.997209681101640E+000 -0.943116769394782E+000 -0.103891309579893E-002 -0.265895094518437E-003  0.521663143961537E+000
     11.61000000 -0.386856694267606E-004 -0.535681596843768E-004  0.268426187302912E-001  0.129009624932147E-003  0.134625883971427E-003  0.100058715901232E+000  0.997498985737502E+000  0.997390107473834E+000 -0.939764383376912E+000 -0.749970485081946E-003 -0.103848632578266E-002  0.520378013055672E+000
     11.62000000 -0.288994974087004E-004 -0.908291279491146E-004  0.268041209800336E-001  0.147517696450978E-003  0.108864785730317E-003  0.999716161088317E-001  0.997142644547944E+000  0.997891335097232E+000 -0.936407964683137E+000 -0.559771054382339E-003 -0.175932183185295E-002  0.519184498283629E+000
     11.63000000 -0.292891486576732E-004 -0.117045863567789E-003  0.267703915789682E-001  0.171358589657511E-003  0.679007158838724E-004  0.998870089244835E-001  0.996683710469312E+000  0.998685922697765E+000 -0.933105557241371E+000 -0.566830628393545E-003 -0.226517954387910E-002  0.518085317480625E+000
     11.64000000 -0.427942633987171E-004 -0.124959952155039E-003  0.267397647725735E-001  0.194374142703616E-003  0.178387755347382E-004  0.998079305400327E-001  0.996241523959201E+000  0.999655064148390E+000 -0.929915730552891E+000 -0.827482562394996E-003 -0.241626267620504E-002  0.517048017994670E+000
     11.65000000 -0.682037337952503E-004 -0.111223450034969E-003  0.267087563735616E-001  0.208977998869147E-003 -0.316369744114702E-004  0.997362248764205E-001  0.995962608017240E+000  0.100061121681487E+001 -0.926873818707274E+000 -0.131767559029817E-002 -0.214880354820154E-002  0.516005127025958E+000
     11.66000000 -0.997392020299432E-004 -0.780509824531013E-004  0.266729654729830E-001  0.209053837440919E-003 -0.699465154750504E-004  0.996713953114708E-001  0.995964606695794E+000  0.100135018664884E+001 -0.923969854772401E+000 -0.192527873664251E-002 -0.150662822473655E-002  0.514871707645277E+000
     11.67000000 -0.128614300907918E-003 -0.330104120528201E-004  0.266286996742486E-001  0.192647588920670E-003 -0.888953498990316E-004  0.996101995931295E-001  0.996284485184056E+000  0.100171448805287E+001 -0.921140952144490E+000 -0.248053112547600E-002 -0.636658240831503E-003  0.513576778839063E+000
     11.68000000 -0.146047537609995E-003  0.130836944242527E-004  0.265746909726355E-001  0.163195933895138E-003 -0.852988177693755E-004  0.995474011769290E-001  0.996855201913021E+000  0.100164371472095E+001 -0.918286009418003E+000 -0.281434718330079E-002  0.252123788956943E-003  0.512096320895499E+000
     11.69000000 -0.146495826491832E-003  0.494114509050003E-004  0.265130886360207E-001  0.128650870170109E-003 -0.619281073262531E-004  0.994775662828954E-001  0.997523008636240E+000  0.100119233851134E+001 -0.915300473636946E+000 -0.282057087190609E-002  0.951347915491859E-003  0.510472191064050E+000
     11.70000000 -0.129738075133766E-003  0.682935254970816E-004  0.264491402861049E-001  0.987977095045116E-004 -0.264510954793223E-004  0.993972537660928E-001  0.998099415032574E+000  0.100050884331926E+001 -0.912118481882415E+000 -0.249578898679541E-002  0.131377183320556E-002  0.508805706946142E+000
     11.71000000 -0.100939941996746E-003  0.670945438721235E-004  0.263895226220961E-001  0.818645121665777E-004  0.111312650257627E-004  0.993066701292709E-001  0.998426506118079E+000  0.999786049205540E+000 -0.908744506586547E+000 -0.194013714819608E-002  0.128960463452392E-002  0.507225307935488E+000
     11.72000000 -0.687195849111690E-004  0.483202472445896E-004  0.263399020551854E-001  0.818048220607231E-004  0.414826389801207E-004  0.992100150795804E-001  0.998428994996831E+000  0.999203354622127E+000 -0.905259691644651E+000 -0.131971207798708E-002  0.927956913337559E-003  0.505839593183793E+000
     11.73000000 -0.420776282220509E-004  0.181307608318260E-004  0.263026907254235E-001  0.972891133593584E-004  0.582359177211275E-004  0.991142710975860E-001  0.998133222710120E+000  0.998882572932332E+000 -0.901798299924944E+000 -0.807382841354713E-003  0.347891880195165E-003  0.504694348766496E+000
     11.74000000 -0.274651657315169E-004 -0.159031617773225E-004  0.262759227043194E-001  0.122660074451330E-003  0.589242930838428E-004  0.990268523083297E-001  0.997648411094643E+000  0.998870327492529E+000 -0.898502412153050E+000 -0.526550952352972E-003 -0.304888929530957E-003  0.503751270214831E+000
     11.75000000 -0.270873384208096E-004 -0.468222611682674E-004  0.262537227911265E-001  0.150282180696086E-003  0.445491760644701E-004  0.989530161766888E-001  0.997121303384208E+000  0.999146648246791E+000 -0.895472313955321E+000 -0.518865437549727E-003 -0.896893325239983E-003  0.502897300270077E+000
     11.76000000 -0.389131826497991E-004 -0.694241696237683E-004  0.262281857152285E-001  0.173223111610325E-003  0.183676033908216E-004  0.988940354806148E-001  0.996684685070556E+000  0.999648462672367E+000 -0.892731686978150E+000 -0.744758907698538E-003 -0.132870829924631E-002  0.501980912740604E+000
     11.77000000 -0.581175467768730E-004 -0.804532065154651E-004  0.261919236694539E-001  0.187224637619083E-003 -0.153344306674054E-004  0.988467969531822E-001  0.996419754468868E+000  0.100029323612302E+001 -0.890220259250141E+000 -0.111136594934477E-002 -0.153848466075432E-002  0.500860991704003E+000
     11.78000000 -0.791637993890646E-004 -0.782514317461787E-004  0.261403144164099E-001  0.191374176856091E-003 -0.519613948179284E-004  0.988049009880393E-001  0.996343510583144E+000  0.100099280003895E+001 -0.887815173036505E+000 -0.151254259806389E-002 -0.149511045186057E-002  0.499449740749371E+000
     11.79000000 -0.976378390613121E-004 -0.624469427616456E-004  0.260726657430050E-001  0.187507237244893E-003 -0.867793596138209E-004  0.987607536323212E-001  0.996420432920425E+000  0.100165664292976E+001 -0.885371187004200E+000 -0.186393442493240E-002 -0.119213009489203E-002  0.497734686627236E+000
     11.80000000 -0.111231909396170E-003 -0.340329372347070E-004  0.259919947877656E-001  0.178855191445566E-003 -0.114909149646314E-003  0.987078120103450E-001  0.996588496519573E+000  0.100219178968630E+001 -0.882763600524793E+000 -0.212164960364061E-002 -0.649147966502752E-003  0.495774150948725E+000
     11.81000000 -0.119747346891026E-003  0.423757192016630E-005  0.259036745797258E-001  0.168619155849076E-003 -0.131616861510125E-003  0.986421798303953E-001  0.996786463118248E+000  0.100250834869024E+001 -0.879918573813455E+000 -0.228213997270117E-002  0.807594699781387E-004  0.493671156255620E+000
     11.82000000 -0.124393501004571E-003  0.475697216504514E-004  0.258135912068894E-001  0.158999284171053E-003 -0.133134510614305E-003  0.985630968740443E-001  0.996972361856353E+000  0.100253512539175E+001 -0.876822233556455E+000 -0.236868052851115E-002  0.905814793459174E-003  0.491538146035930E+000
     11.83000000 -0.126845525191339E-003  0.894428740679458E-004  0.257265444563998E-001  0.150885099872806E-003 -0.117819301573015E-003  0.984723483412599E-001  0.997129299496026E+000  0.100224159926122E+001 -0.873509181814607E+000 -0.241332983442718E-002  0.170171676249109E-002  0.489466515903443E+000
     11.84000000 -0.128469570640305E-003  0.122734630933878E-003  0.256454141357795E-001  0.144103855197931E-003 -0.871211724613112E-004  0.983730264356221E-001  0.997260633296236E+000  0.100165614472080E+001 -0.870038749456955E+000 -0.244216411681397E-002  0.233314480669001E-002  0.487510854524372E+000
     11.85000000 -0.129928429649830E-003  0.141414494184421E-003  0.255712259494821E-001  0.137957096403040E-003 -0.457854330323144E-004  0.982682544887573E-001  0.997379694247322E+000  0.100086963147740E+001 -0.866470658314101E+000 -0.246781224398343E-002  0.268597427957519E-002  0.485690350155645E+000
     11.86000000 -0.131176246299828E-003  0.142206237449551E-003  0.255038626595643E-001  0.131770781052979E-003 -0.100684199026001E-005  0.981603902888330E-001  0.997499305110085E+000  0.100001910745766E+001 -0.862849900606435E+000 -0.248941203944418E-002  0.269873494307660E-002  0.484002436019801E+000
     11.87000000 -0.131725770895826E-003  0.125547871620242E-003  0.254429353357264E-001  0.125277862954095E-003  0.392787274490636E-004  0.980509294990976E-001  0.997624528124506E+000  0.999255211494192E+000 -0.859204969648226E+000 -0.249773468881309E-002  0.238059167860575E-002  0.482439402260396E+000
     11.88000000 -0.131038222791299E-003  0.954433606507755E-004  0.253883347525947E-001  0.118759864673759E-003  0.683779669605724E-004  0.979409741694032E-001  0.997750015486467E+000  0.998704534001021E+000 -0.855556805549436E+000 -0.248260616304405E-002  0.180823785858751E-002  0.480998864175699E+000
     11.89000000 -0.128903074665230E-003  0.582632779347867E-004  0.253402032811011E-001  0.112946647527314E-003  0.823863849156947E-004  0.978318697494240E-001  0.997861950451305E+000  0.998440447973057E+000 -0.851930885466837E+000 -0.244010040711281E-002  0.110290812362405E-002  0.479683207736663E+000
     11.90000000 -0.125697673333866E-003  0.209766135180698E-004  0.252983962887443E-001  0.108714156018188E-003  0.807887897513070E-004  0.977255548549302E-001  0.997943799725675E+000  0.998471975152700E+000 -0.848363819958079E+000 -0.237742351003400E-002  0.396747949393585E-003  0.478489382562126E+000
     11.91000000 -0.122432498305518E-003 -0.105207884206917E-004  0.252617899674732E-001  0.106657854501223E-003  0.660235939297753E-004  0.976243334760045E-001  0.997984386041273E+000  0.998752289944772E+000 -0.844899001446046E+000 -0.231372226396725E-002 -0.198821250406078E-003  0.477395844112845E+000
     11.92000000 -0.120519774139087E-003 -0.324420665255453E-004  0.252279061098373E-001  0.106670826628484E-003  0.423363521149225E-004  0.975300958376438E-001  0.997985832051730E+000  0.999200601268672E+000 -0.841571863992650E+000 -0.227566499553901E-002 -0.612573958941630E-003  0.476355546257885E+000
     11.93000000 -0.121278527366593E-003 -0.433145437914840E-004  0.251932014261955E-001  0.107699675295015E-003  0.144661131052430E-004  0.974433379405035E-001  0.997968109846380E+000  0.999727078538545E+000 -0.838391419053296E+000 -0.228807231708645E-002 -0.817183476156082E-003  0.475301506488601E+000
     11.94000000 -0.125304545808913E-003 -0.435315351074323E-004  0.251540515798739E-001  0.107843107153137E-003 -0.133487779409569E-004  0.973625031972478E-001  0.997967107840447E+000  0.100025163060238E+001 -0.835327955666783E+000 -0.236204830754319E-002 -0.820589453969780E-003  0.474165438919526E+000
     11.95000000 -0.131942097317267E-003 -0.346471047926286E-004  0.251080868659992E-001  0.104863650974557E-003 -0.378230101508899E-004  0.972840911390588E-001  0.998024926125187E+000  0.100071238449664E+001 -0.832315249926669E+000 -0.248508789249173E-002 -0.652567318397368E-003  0.472902916832440E+000
     11.96000000 -0.139126878260947E-003 -0.187951419444941E-004  0.250552890175575E-001  0.970149071278411E-004 -0.566216829370576E-004  0.972036581984190E-001  0.998174282543271E+000  0.100106555990237E+001 -0.829269551295841E+000 -0.261822000207121E-002 -0.353704598248397E-003  0.471513913655160E+000
     11.97000000 -0.143778979123130E-003  0.158657293876141E-005  0.249982780810090E-001  0.839110912481640E-004 -0.681817527526888E-004  0.971174062537157E-001  0.998422201662395E+000  0.100128203619507E+001 -0.826119525563794E+000 -0.270350713914717E-002  0.298326729879330E-004  0.470048011681299E+000
     11.98000000 -0.142721577560902E-003  0.237962282451017E-004  0.249415282720750E-001  0.670735962810566E-004 -0.716324777313423E-004  0.970237201494855E-001  0.998739853463949E+000  0.100134579661278E+001 -0.822835089218025E+000 -0.268138450232311E-002  0.447072115657714E-003  0.468589462896439E+000
     11.99000000 -0.133861334911048E-003  0.448958886748046E-004  0.248897301688044E-001  0.498481282124698E-004 -0.669243576410537E-004  0.969239566861781E-001  0.999064258377436E+000  0.100125629405263E+001 -0.819442048220854E+000 -0.251282499905275E-002  0.842778921125398E-003  0.467226299733303E+000
     12.00000000 -0.117199810777572E-003  0.619383722568332E-004  0.248459406412735E-001  0.365972483239016E-004 -0.550658951884305E-004  0.968220648622684E-001  0.999313574415304E+000  0.100103282735814E+001 -0.816014742318849E+000 -0.219822397375861E-002  0.116172896429805E-002  0.466015619017388E+000
