# Fourier-transform spectra: 
# sigma: Conductivity
# eps: Dielectric constant
# 1:Energy[eV] 2:Re(sigma_x)[1/fs*V*Angstrom] 3:Re(sigma_y)[1/fs*V*Angstrom] 4:Re(sigma_z)[1/fs*V*Angstrom] 5:Im(sigma_x)[1/fs*V*Angstrom] 6:Im(sigma_y)[1/fs*V*Angstrom] 7:Im(sigma_z)[1/fs*V*Angstrom] 8:Re(eps_x)[none] 9:Re(eps_y)[none] 10:Re(eps_z)[none] 11:Im(eps_x)[none] 12:Im(eps_y)[none] 13:Im(eps_z)[none]
      0.01000000  0.432178374857372E-002  0.632540200118205E-002  0.353470955845243E-001 -0.172089034012747E-004 -0.478503826737522E-004  0.323713114398726E-002  0.138732851632915E+001  0.207699004954805E+001 -0.718595642573361E+002  0.972723274805814E+002  0.142368663195692E+003  0.795572952561538E+003
      0.02000000  0.439117714777666E-002  0.656398073521439E-002  0.335608522493647E-001 -0.268930328555779E-004 -0.802592025432200E-005  0.587215628038979E-002  0.130264678325670E+001  0.109032149555945E+001 -0.650836291163037E+002  0.494170979384083E+002  0.738692309469115E+002  0.377684585861680E+003
      0.03000000  0.451037136419138E-002  0.689615726879582E-002  0.311113057700930E-001 -0.193412307800935E-004  0.188820474956639E-003  0.751266444131735E-002  0.114510725538112E+001 -0.416622405897614E+000 -0.553636373544999E+002  0.338389845428563E+002  0.517383027651703E+002  0.233412043057123E+003
      0.04000000  0.468335141194455E-002  0.723746109464616E-002  0.285712747179863E-001  0.204621256856871E-004  0.578680039193921E-003  0.809594166443009E-002  0.884862437222602E+000 -0.225615287307721E+001 -0.445547486096466E+002  0.263525733095541E+002  0.407241966907024E+002  0.160766627426859E+003
      0.05000000  0.491058304016238E-002  0.749491411197953E-002  0.264070145134887E-001  0.115830667642037E-003  0.115553335337136E-002  0.787179072163000E-002  0.478589430168086E+000 -0.420162161288003E+001 -0.344347857032733E+002  0.221049395060964E+002  0.337382794860990E+002  0.118870906689316E+003
      0.06000000  0.518132543023289E-002  0.758711392941409E-002  0.248286897036474E-001  0.298062032551846E-003  0.187141022117395E-002  0.726397760359581E-002 -0.118102668042998E+000 -0.602011169749896E+001 -0.262489342894497E+002  0.194364030129692E+002  0.284610966871418E+002  0.931384113702273E+002
      0.07000000  0.546554963791087E-002  0.746260567361132E-002  0.237612330608373E-001  0.599649213210372E-003  0.264597132066963E-002  0.667933146810358E-002 -0.928082015411946E+000 -0.750772352283421E+001 -0.204763875194272E+002  0.175736542782725E+002  0.239948881286254E+002  0.764006774616407E+002
      0.08000000  0.571097622086022E-002  0.711186969353625E-002  0.229353799668137E-001  0.104089712673348E-002  0.338412261881789E-002  0.635152062864551E-002 -0.192849237940903E+001 -0.852099592329018E+001 -0.168695658590383E+002  0.160674382820711E+002  0.200087555878168E+002  0.645271119754587E+002
      0.09000000  0.585014872151697E-002  0.656930084783302E-002  0.220447349997444E-001  0.161448497395017E-002  0.399768362072718E-002  0.628271344859295E-002 -0.303754869735048E+001 -0.899751781882151E+001 -0.147119836415249E+002  0.146302138025327E+002  0.164286893397190E+002  0.551300832883452E+002
      0.10000000  0.581814690203263E-002  0.590407016442256E-002  0.208907936749839E-001  0.227578477770213E-002  0.442540784122351E-002  0.629512266568660E-002 -0.412221099089054E+001 -0.896046414651566E+001 -0.131687152595079E+002  0.130951644901581E+002  0.132885558351126E+002  0.470198474033535E+002
      0.11000000  0.557550784297930E-002  0.520210886569390E-002  0.194529204241016E-001  0.294598186319127E-002  0.464561673996971E-002  0.615273869274652E-002 -0.502786696881323E+001 -0.850554382106564E+001 -0.115893138709177E+002  0.114082235131778E+002  0.106442000174835E+002  0.398032377376456E+002
      0.12000000  0.512669569405518E-002  0.454444067960091E-002  0.178634196987927E-001  0.352986060658673E-002  0.467771257101375E-002  0.568636823832598E-002 -0.562067980992848E+001 -0.777361477611039E+001 -0.966547027864296E+001  0.961573683956305E+001  0.852364725074651E+001  0.335050007117525E+002
      0.13000000  0.452493659890381E-002  0.398844770848461E-002  0.163152060120257E-001  0.394293501244734E-002  0.457236683011283E-002  0.486302705955588E-002 -0.582656991219645E+001 -0.691633180142103E+001 -0.741956413234308E+001  0.783421383896975E+001  0.690536796502007E+001  0.282472052218408E+002
      0.14000000  0.385973450177944E-002  0.355767650829279E-002  0.149576389538412E-001  0.413736170294876E-002  0.439396641316073E-002  0.377595618413335E-002 -0.565153269192322E+001 -0.606406965180756E+001 -0.507051009925773E+001  0.620519840033137E+001  0.571958733637696E+001  0.240470211788711E+002
      0.15000000  0.323124523242689E-002  0.324272625723972E-002  0.138334372642790E-001  0.411589281948414E-002  0.420142954014122E-002  0.257350620280268E-002 -0.517588319242741E+001 -0.530423075117351E+001 -0.286153731415405E+001  0.484847249352269E+001  0.486569973224906E+001  0.207570256177534E+002
      0.16000000  0.272172574970536E-002  0.301178882438058E-002  0.128814348678695E-001  0.392835173135451E-002  0.403372489767425E-002  0.137235314016146E-002 -0.452607352515805E+001 -0.467430359834979E+001 -0.930510522895277E+000  0.382869397567965E+001  0.423673021764722E+001  0.181205149277296E+002
      0.17000000  0.237524037567817E-002  0.282613779829182E-002  0.119935905265475E-001  0.365301414385028E-002  0.390425934096552E-002  0.201479787665052E-003 -0.383647233430177E+001 -0.416911283256529E+001  0.733247290979294E+000  0.314474127717882E+001  0.374171485138468E+001  0.158791251515527E+002
      0.18000000  0.219230607598106E-002  0.265459368229459E-002  0.110892643688798E-001  0.337162485792789E-002  0.380469508180424E-002 -0.998790952064809E-003 -0.321592637055457E+001 -0.375744337024366E+001  0.224890202525948E+001  0.274128984911323E+001  0.331934066803962E+001  0.138661695926467E+002
      0.19000000  0.213886281988295E-002  0.248212780026738E-002  0.101663874069689E-001  0.314834271782510E-002  0.371526563822220E-002 -0.232940842307936E-002 -0.272953490948408E+001 -0.340111326422823E+001  0.375942323023912E+001  0.253370241688986E+001  0.294033499862845E+001  0.120431287619864E+002
      0.20000000  0.216293942132040E-002  0.231064719110853E-002  0.930623537747267E-002  0.301929538932930E-002  0.361670142969027E-002 -0.386670039993722E-002 -0.239783185552001E+001 -0.307013615598446E+001  0.535147811012198E+001  0.243411244004020E+001  0.260033869510212E+001  0.104729809253834E+002
      0.21000000  0.221068528448245E-002  0.215325668205430E-002  0.863453070197744E-002  0.299318386260236E-002  0.349909777930631E-002 -0.561286636084574E-002 -0.220804444063101E+001 -0.275027452151515E+001  0.701577636104878E+001  0.236937554203661E+001  0.230782452572428E+001  0.925434570259020E+001
      0.22000000  0.223633124080981E-002  0.202552217897039E-002  0.826234093436929E-002  0.305828822859973E-002  0.336509015219743E-002 -0.748504440299809E-002 -0.212883029332651E+001 -0.244270886880755E+001  0.865769342993460E+001  0.228791415626704E+001  0.207224260097583E+001  0.845291897849754E+001
      0.23000000  0.220569830093466E-002  0.193768082575706E-002  0.823645906012425E-002  0.318996353877641E-002  0.322742005182532E-002 -0.934378135016005E-002 -0.212164964290172E+001 -0.215830401501669E+001  0.101436818510681E+002  0.215846270020462E+001  0.189618488871575E+001  0.806007315484044E+001
      0.24000000  0.209666699661056E-002  0.189049329308479E-002  0.852013826956684E-002  0.335530952076360E-002  0.310311068066664E-002 -0.110435249365660E-001 -0.214664408542481E+001 -0.191012939620428E+001  0.113567322802394E+002  0.196627606578859E+001  0.177292422723097E+001  0.799027407964220E+001
      0.25000000  0.190035468554337E-002  0.187537538715413E-002  0.900815265232587E-002  0.351575900460752E-002  0.300722622530621E-002 -0.124807976267628E-001 -0.216523066524880E+001 -0.170739964064806E+001  0.122364366622461E+002  0.171088544967052E+001  0.168839663824903E+001  0.811002147047538E+001
      0.26000000  0.162395502682490E-002  0.187765029724481E-002  0.956468160844057E-002  0.363078030338449E-002  0.294854456173259E-002 -0.136210812435219E-001 -0.214306164045750E+001 -0.155246986399107E+001  0.127913766134957E+002  0.140581096187052E+001  0.162542762996773E+001  0.827986861079303E+001
      0.27000000  0.129272606844119E-002  0.188094902407397E-002  0.100653290074810E-001  0.366504233703924E-002  0.292806509650220E-002 -0.144980756039477E-001 -0.205521309734694E+001 -0.144086207199035E+001  0.130857295491135E+002  0.107762837434886E+001  0.156797645574679E+001  0.839055110004660E+001
      0.28000000  0.947270798081849E-003  0.187103600358683E-002  0.104270883159444E-001  0.359801034953610E-002  0.293994560024561E-002 -0.151915010753644E-001 -0.189221552091524E+001 -0.136323842058240E+001  0.132114977245228E+002  0.761451757656931E+000  0.150400883934721E+001  0.838168424646599E+001
      0.29000000  0.634249057122511E-003  0.183819012551649E-002  0.106187660151588E-001  0.343162643179106E-002  0.297379095574263E-002 -0.157964245880670E-001 -0.166335024262052E+001 -0.130801546173720E+001  0.132599041869504E+002  0.492252701086527E+000  0.142665415775509E+001  0.824142534303853E+001
      0.30000000  0.392798150784009E-003  0.177810176953331E-002  0.106538040101832E-001  0.319110137608982E-002  0.301727057718847E-002 -0.163967077933169E-001 -0.139411838673622E+001 -0.126370212514420E+001  0.133016021690989E+002  0.294696145385483E+000  0.133401783215805E+001  0.799299836118576E+001
      0.31000000  0.242426165763451E-003  0.169165340706390E-002  0.105733016959125E-001  0.291673116216921E-002  0.305847435283267E-002 -0.170498276570633E-001 -0.111768316110720E+001 -0.122059534306036E+001  0.133789718426741E+002  0.176012728121035E+000  0.122821944683602E+001  0.767671126127637E+001
      0.32000000  0.178452504133077E-003  0.158393523170613E-002  0.104279323109887E-001  0.264948703034623E-002  0.308779158401529E-002 -0.177838206144297E-001 -0.863537322381975E+000 -0.117182224130287E+001  0.135083886314420E+002  0.125515957585592E+000  0.111407317216963E+001  0.733456734614051E+001
      0.33000000  0.177648970147627E-003  0.146269464207703E-002  0.102646508447282E-001  0.241693193756152E-002  0.309919469189860E-002 -0.186025617857013E-001 -0.648453709591051E+000 -0.111378686640203E+001  0.136877639816680E+002  0.121164398257877E+000  0.997621973237490E+000  0.700094259986519E+001
      0.34000000  0.211417838818989E-003  0.133641557194421E-002  0.101200657203888E-001  0.222630274020856E-002  0.309072957933398E-002 -0.194941874623900E-001 -0.473776337401479E+000 -0.104601289710604E+001  0.139048362022173E+002  0.139955183330905E+000  0.884685452384490E+000  0.669931951404758E+001
      0.35000000  0.259743630590163E-003  0.121241963958106E-002  0.100191800355527E-001  0.206797997927415E-002  0.306402574725309E-002 -0.204385928134007E-001 -0.329855828518077E+000 -0.970382953196764E+000  0.141434453195958E+002  0.167033329395198E+000  0.779670664351684E+000  0.644303383049598E+001
      0.36000000  0.318736357242131E-003  0.109556533445138E-002  0.997681120208756E-002  0.192703621389600E-002  0.302291182233464E-002 -0.214121619745485E-001 -0.204796371707074E+000 -0.889945383110350E+000  0.143870317907437E+002  0.199276175490272E+000  0.684955025960037E+000  0.623757138075781E+001
      0.37000000  0.398144730943670E-003  0.988019747470679E-003  0.999920641982838E-002  0.179627321531153E-002  0.297165544908224E-002 -0.223899395007543E-001 -0.926899420153500E-001 -0.807686042785044E+000  0.146200114137778E+002  0.242195195730904E+000  0.601021732869584E+000  0.608261159268406E+001
      0.38000000  0.510723010917261E-003  0.890109251369860E-003  0.100845107240394E-001  0.168355458026686E-002  0.291362297604902E-002 -0.233466548329701E-001  0.282844946045646E-002 -0.725742648779415E+000  0.148282537867077E+002  0.302501898460497E+000  0.527212858283089E+000  0.597306871603121E+001
      0.39000000  0.659661456356262E-003  0.801651443255328E-003  0.102221239109281E-001  0.160957809415470E-002  0.285098461910439E-002 -0.242582253177217E-001  0.710898223278178E-001 -0.645343359660797E+000  0.149997633365722E+002  0.380699913134187E+000  0.462644333499420E+000  0.589933161539082E+001
      0.40000000  0.831083490003598E-003  0.722845555807177E-003  0.103920802758659E-001  0.159752471247419E-002  0.278546957036688E-002 -0.251047407943800E-001  0.101094848617803E+000 -0.567345360149851E+000  0.151260918519579E+002  0.467639232469776E+000  0.406735237768221E+000  0.584748043057523E+001
      0.41000000  0.995612679362982E-003  0.654056481148911E-003  0.105660277437266E-001  0.166027359287202E-002  0.271944964510448E-002 -0.258747824685998E-001  0.885726028506062E-001 -0.492874982989307E+000  0.152042767760750E+002  0.546553698629286E+000  0.359052266302108E+000  0.580034953637626E+001
      0.42000000  0.111808439379508E-002  0.594602921715626E-003  0.107109579623830E-001  0.179184864071055E-002  0.265630351027759E-002 -0.265697156414852E-001  0.397632864948801E-001 -0.423490854545399E+000  0.152384885903244E+002  0.599172083694199E+000  0.318642737124462E+000  0.573991286909795E+001
      0.43000000  0.117040773193398E-002  0.541494309275776E-003  0.107956251290973E-001  0.196719507478442E-002  0.259940150954466E-002 -0.272059023187615E-001 -0.296870441019412E-001 -0.360602256027143E+000  0.152403595351628E+002  0.612625404230043E+000  0.283433850492584E+000  0.565074377772677E+001
      0.44000000  0.114144244135250E-002  0.489363079232832E-003  0.107980744538627E-001  0.214996346737909E-002  0.255001564860561E-002 -0.278130871228082E-001 -0.997771176984463E-001 -0.304416983200265E+000  0.152273100237867E+002  0.583885399550366E+000  0.250325331082393E+000  0.552357069305885E+001
      0.45000000  0.103981194228779E-002  0.432282386608910E-003  0.107116636475775E-001  0.230421624912082E-002  0.250542691255251E-002 -0.284285732760966E-001 -0.152489551177295E+000 -0.253128190141393E+000  0.152189925394722E+002  0.520078095592497E+000  0.216212750827898E+000  0.535760497057038E+001
      0.46000000  0.889349013525345E-003  0.366955944211523E-003  0.105470932141747E-001  0.240471954290384E-002  0.245878865853909E-002 -0.290886759702396E-001 -0.176610925349944E+000 -0.203066531105786E+000  0.152328672179452E+002  0.435151686961176E+000  0.179548743784067E+000  0.516061223983591E+001
      0.47000000  0.720179669785539E-003  0.295611025318523E-003  0.103293996857170E-001  0.244199460356687E-002  0.240156520948670E-002 -0.298203550958935E-001 -0.169427002008792E+000 -0.150066097179948E+000  0.152804281416887E+002  0.344881004615996E+000  0.141562767826779E+000  0.494656249009511E+001
      0.48000000  0.559707616391489E-003  0.226608081202899E-003  0.100909908443375E-001  0.242132420168587E-002  0.232787945382195E-002 -0.306360363619213E-001 -0.135371480780238E+000 -0.915547536854011E-001  0.153653963997277E+002  0.262449805269334E+000  0.106257704991743E+000  0.473171796222012E+001
      0.49000000  0.426759335556455E-003  0.171682083793096E-003  0.986350754112198E-002  0.235761564559030E-002  0.223869215195408E-002 -0.315332437478554E-001 -0.829370203623032E-001 -0.283112147988056E-001  0.154843444225239E+002  0.196025795860203E+000  0.788597092236958E-001  0.453066108841050E+001
      0.50000000  0.329926505298937E-003  0.140516695887907E-003  0.967162236742115E-002  0.226913541094109E-002  0.214331101462726E-002 -0.324984652839676E-001 -0.214489925077308E-001  0.351907312513524E-001  0.156291510247900E+002  0.148516080095647E+000  0.632534474378023E-001  0.435367095127230E+001
      0.51000000  0.269150099766945E-003  0.135081021099654E-003  0.953062534280350E-002  0.217252795948741E-002  0.205673165451862E-002 -0.335128573914882E-001  0.412144640203730E-001  0.923179823153285E-001  0.157899790177559E+002  0.118782003028816E+000  0.596142980117341E-001  0.420607969053565E+001
      0.52000000  0.238773037008807E-003  0.146782646734842E-003  0.944752512186238E-002  0.208006459736710E-002  0.199338153812943E-002 -0.345569721728254E-001  0.996740783842106E-001  0.137193588737600E+000  0.159574863488047E+002  0.103349460816776E+000  0.635327488704085E-001  0.408922481210227E+001
      0.53000000  0.230644752142840E-003  0.158478115935969E-003  0.942365692738662E-002  0.199883020053253E-002  0.195992361915041E-002 -0.356128588927321E-001  0.151159077792155E+000  0.167681490957390E+000  0.161236718241053E+002  0.979476416051589E-001  0.673007192131728E-001  0.400193354827342E+001
      0.54000000  0.236683890222699E-003  0.151090019951138E-003  0.945644546475385E-002  0.193114762655505E-002  0.195069104008301E-002 -0.366638777889123E-001  0.195088763104474E+000  0.186942978214891E+000  0.162816733504234E+002  0.986509369934833E-001  0.629750171189068E-001  0.394149008134005E+001
      0.55000000  0.250825242251232E-003  0.112135858376732E-003  0.953916557946376E-002  0.187580551490696E-002  0.194841996108657E-002 -0.376941079533886E-001  0.232370963005401E+000  0.202655218516018E+000  0.164254220699769E+002  0.102644297414170E+000  0.458889475983673E-001  0.390367787561334E+001
      0.56000000  0.270222834399956E-003  0.421974661208742E-004  0.965945600205723E-002  0.182998163137206E-002  0.193053416620409E-002 -0.386893578396300E-001  0.264496101584801E+000  0.224082154200512E+000  0.165499776775863E+002  0.108607619188481E+000  0.169599521126757E-001  0.388231631634270E+001
      0.57000000  0.295283449466006E-003 -0.439657067242340E-004  0.979869969805672E-002  0.179164528491240E-002  0.187847903962008E-002 -0.396404254148190E-001  0.292537457071028E+000  0.258249627088785E+000  0.166527167530961E+002  0.116597845457045E+000 -0.173606298873589E-001  0.386918831766606E+001
      0.58000000  0.328130441506539E-003 -0.122553580611705E-003  0.993425957620603E-002  0.176170734537035E-002  0.178593370744678E-002 -0.405472854550027E-001  0.316352787959273E+000  0.306951518823982E+000  0.167347579494282E+002  0.127334123974195E+000 -0.475580770727774E-001  0.385508346821046E+001
      0.59000000  0.369726439964790E-003 -0.170034649712074E-003  0.100449507248713E-001  0.174477607871076E-002  0.166207205088005E-002 -0.414215921802493E-001  0.334399005477150E+000  0.365949118896773E+000  0.168015995784776E+002  0.141044050949963E+000 -0.648651900565528E-001  0.383196977193068E+001
      0.60000000  0.416828842822068E-003 -0.172511613192604E-003  0.101179784251474E-001  0.174763286532129E-002  0.152829280364545E-002 -0.422851757353399E-001  0.344420705734979E+000  0.426700460076324E+000  0.168621906331283E+002  0.156362565633233E+000 -0.647132723774542E-001  0.379549806310570E+001
      0.61000000  0.460528196656844E-003 -0.130977260508864E-003  0.101541868934060E-001  0.177558735792479E-002  0.140989325682303E-002 -0.431640353433708E-001  0.344853410268878E+000  0.479785235589837E+000  0.169264315709556E+002  0.169923195368647E+000 -0.483272789546082E-001  0.374663678754869E+001
      0.62000000  0.487736133814470E-003 -0.602666037858601E-004  0.101687462515117E-001  0.182821095261817E-002  0.132648759964096E-002 -0.440797179063332E-001  0.336316695976890E+000  0.518453999187225E+000  0.170019678137175E+002  0.177059615750509E+000 -0.218781857014752E-001  0.369149254921098E+001
      0.63000000  0.485622001873253E-003  0.175000762966499E-004  0.101863098797733E-001  0.189673424742750E-002  0.128541366375686E-002 -0.450415869426651E-001  0.322370644200484E+000  0.540771705847130E+000  0.170916067106089E+002  0.173493848565109E+000  0.625209643545201E-002  0.363917223046234E+001
      0.64000000  0.447298957184465E-003  0.816966934798645E-004  0.102322411679979E-001  0.196498131189206E-002  0.128075586456392E-002 -0.460434073734333E-001  0.308957550923466E+000  0.549585197599068E+000  0.171924944540713E+002  0.157305601316127E+000  0.287310025810982E-001  0.359846322887748E+001
      0.65000000  0.376018151985656E-003  0.120132768537133E-003  0.103234115206201E-001  0.201412099587888E-002  0.129781929673533E-002 -0.470658876649595E-001  0.302573451168514E+000  0.550606127943142E+000  0.172974318171683E+002  0.130203221441975E+000  0.415981871664393E-001  0.357467167251864E+001
      0.66000000  0.285468881997026E-003  0.131339340108051E-003  0.104623475999642E-001  0.202950037552802E-002  0.132037178898160E-002 -0.480842189914269E-001  0.307895813973364E+000  0.549724231005430E+000  0.173977743719953E+002  0.973511562711994E-001  0.447895985508791E-001  0.356789023392867E+001
      0.67000000  0.195490011155124E-003  0.121894493068975E-003  0.106370482448079E-001  0.200648997980859E-002  0.133697154921004E-002 -0.490775074330158E-001  0.325955657183205E+000  0.550868372969397E+000  0.174867089183915E+002  0.656713651312994E-001  0.409482700140381E-001  0.357332569104882E+001
      0.68000000  0.124767245610412E-003  0.100905718729027E-003  0.108263525372583E-001  0.195243220963783E-002  0.134361291066588E-002 -0.500362966555294E-001  0.353760757920292E+000  0.555275013006319E+000  0.175616087808462E+002  0.412969473877929E-001  0.333989753247569E-001  0.358343497081690E+001
      0.69000000  0.837362231517349E-004  0.748687624098387E-004  0.110084886080773E-001  0.188348293085827E-002  0.134213101234405E-002 -0.509653520195119E-001  0.385617448072727E+000  0.562203690367970E+000  0.176246385993799E+002  0.273143300774546E-001  0.244218094867644E-001  0.359091299054719E+001
      0.70000000  0.710177024731639E-004  0.454484222612537E-004  0.111693432058868E-001  0.181757067919269E-002  0.133605321259631E-002 -0.518809526168533E-001  0.415587436606531E+000  0.570412148621203E+000  0.176815413877481E+002  0.228346759902020E-001  0.146132578281278E-001  0.359133461443878E+001
      0.71000000  0.751481081234884E-004  0.107898399851098E-004  0.113074056507478E-001  0.176663723010994E-002  0.132668419594054E-002 -0.528041118325039E-001  0.439964824959029E+000  0.579432719273432E+000  0.177392374104779E+002  0.238224255493114E-001  0.342044751561643E-002  0.358451910496742E+001
      0.72000000  0.808797126938934E-004 -0.310785224843153E-004  0.114338913006766E-001  0.173176051279536E-002  0.131167608349694E-002 -0.537525078485727E-001  0.458645673746008E+000  0.589965519366897E+000  0.178032198770115E+002  0.252832779414420E-001 -0.971525362551918E-002  0.357427396906504E+001
      0.73000000  0.771428136500651E-004 -0.792163406578138E-004  0.115684451035572E-001  0.170344868646930E-002  0.128659823594291E-002 -0.547340325943901E-001  0.474790623259730E+000  0.603314462606275E+000  0.178756636896202E+002  0.237847663971131E-001 -0.244240787732617E-001  0.356679710457649E+001
      0.74000000  0.629677608259288E-004 -0.129096924777950E-003  0.117322733060033E-001  0.166697299317081E-002  0.124814859639357E-002 -0.557439302636505E-001  0.492982301433176E+000  0.620369717202711E+000  0.179547793198409E+002  0.191519414583565E-001 -0.392654385890604E-001  0.356842626421438E+001
      0.75000000  0.486334118149030E-004 -0.174645343241586E-003  0.119411068344998E-001  0.161026565153230E-002  0.119671488112697E-002 -0.567660583797255E-001  0.516760372108624E+000  0.640866677310315E+000  0.180354555487010E+002  0.145948538405188E-001 -0.524109488398490E-001  0.358351804736307E+001
      0.76000000  0.515379654312515E-004 -0.211590390825564E-003  0.122000768309404E-001  0.153077104473782E-002  0.113648939362224E-002 -0.577774885880032E-001  0.546661167361650E+000  0.663427932752142E+000  0.181108405266100E+002  0.152630017176480E-001 -0.626626307729661E-001  0.361306062565612E+001
      0.77000000  0.886781130900602E-004 -0.239870498568772E-003  0.125017244774369E-001  0.143820242315924E-002  0.107292274258338E-002 -0.587548715927474E-001  0.579606912367767E+000  0.686379818805570E+000  0.181743153012165E+002  0.259210144323356E-001 -0.701152340598189E-001  0.365431073482154E+001
      0.78000000  0.169046713207238E-003 -0.263356306275394E-003  0.128273981844704E-001  0.135207702005367E-002  0.100901775600155E-002 -0.596807967923996E-001  0.609848658637430E+000  0.708840824062648E+000  0.182213140056307E+002  0.487796190102540E-001 -0.759933159322225E-001  0.370143603776675E+001
      0.79000000  0.289119895378758E-003 -0.286745612982281E-003  0.131515034172223E-001  0.129520708093546E-002  0.942808427430012E-003 -0.605486179804186E-001  0.630989780130375E+000  0.731389713489206E+000  0.182505687797961E+002  0.823715355889984E-001 -0.816950920441378E-001  0.374692142981508E+001
      0.80000000  0.433089146303489E-003 -0.311232230341947E-003  0.134475472804690E-001  0.128592984278831E-002  0.867842491178688E-003 -0.613646681547749E-001  0.638212494939046E+000  0.755838491943991E+000  0.182645267664607E+002  0.121846648624603E+000 -0.875630445482284E-001  0.378337481401076E+001
      0.81000000  0.577422016422410E-003 -0.331451702311009E-003  0.136946069797602E-001  0.133210937800110E-002  0.776868189697461E-003 -0.621473165175042E-001  0.629847111847604E+000  0.784131837160596E+000  0.182688587587260E+002  0.160448106282575E+000 -0.921003987506998E-001  0.380531689768347E+001
      0.82000000  0.697700256085335E-003 -0.335739776666332E-003  0.138826968500773E-001  0.142888842989818E-002  0.667100227128183E-003 -0.629229224208444E-001  0.607797152207261E+000  0.816893605289042E+000  0.182711520707431E+002  0.191505523886068E+000 -0.921542184614211E-001  0.381053770589466E+001
      0.83000000  0.775148564198226E-003 -0.310130093441051E-003  0.140155656336987E-001  0.156046763990519E-002  0.544401771736609E-003 -0.637194463556615E-001  0.576841615868799E+000  0.852372347778886E+000  0.182790625502716E+002  0.210200202490370E+000 -0.840992442617693E-001  0.380065818385126E+001
      0.84000000  0.800873222580416E-003 -0.244603448115299E-003  0.141098664852506E-001  0.170470958147596E-002  0.424034683321265E-003 -0.645592233165314E-001  0.543230190093497E+000  0.886381678264093E+000  0.182983741526646E+002  0.214590633860659E+000 -0.655404719444148E-001  0.378067977226591E+001
      0.85000000  0.777063676159944E-003 -0.138868699903647E-003  0.141905084606512E-001  0.183871493301481E-002  0.327146539514217E-003 -0.654529553289234E-001  0.513120204083276E+000  0.913373716864102E+000  0.183315183123256E+002  0.205761424606870E+000 -0.367715316030253E-001  0.375755465908361E+001
      0.86000000  0.715552072875628E-003 -0.501812272167579E-005  0.142832179935418E-001  0.194377310260910E-002  0.274115223626932E-003 -0.663969970338561E-001  0.491286348241352E+000  0.928260064805548E+000  0.183770584547973E+002  0.187270369945661E+000 -0.131331559804494E-002  0.373812559429203E+001
      0.87000000  0.634672910901292E-003  0.134301057813555E-003  0.144065317657986E-001  0.200883906836055E-002  0.277304621401544E-003 -0.673752367657937E-001  0.480300655636809E+000  0.928259544429868E+000  0.184303989428452E+002  0.164193887342936E+000  0.347445312032633E-001  0.372706068452928E+001
      0.88000000  0.555279509716533E-003  0.251682417088990E-003  0.145660508873090E-001  0.203235492177423E-002  0.336049030774452E-003 -0.683653705107333E-001  0.480191763273574E+000  0.914049926875963E+000  0.184855692367501E+002  0.142021878040911E+000  0.643719224631603E-001  0.372550736423025E+001
      0.89000000  0.496426216245762E-003  0.322642362563550E-003  0.147533417431469E-001  0.202245798907030E-002  0.435736075899679E-003 -0.693475968583457E-001  0.488535167152306E+000  0.889805533449826E+000  0.185375000258214E+002  0.125542559146096E+000  0.815938936333649E-001  0.373101221848978E+001
      0.90000000  0.471083202675606E-003  0.332508013151171E-003  0.149502986210395E-001  0.199546397429671E-002  0.551223671915732E-003 -0.703124899270436E-001  0.500968847649358E+000  0.862148458833485E+000  0.185839420430039E+002  0.117809790861844E+000  0.831545240134608E-001  0.373881204819698E+001
      0.91000000  0.482523331816910E-003  0.280330400783294E-003  0.151375748839884E-001  0.197238871753508E-002  0.653277218537506E-003 -0.712647510576601E-001  0.512160015978867E+000  0.838421937309100E+000  0.186262390410984E+002  0.119344717595810E+000  0.693354088993502E-001  0.374404610200386E+001
      0.92000000  0.522487147831981E-003  0.178867935649296E-003  0.153037715068660E-001  0.197359394074568E-002  0.715860973451283E-003 -0.722209640361654E-001  0.517167771240034E+000  0.824867343703351E+000  0.186685833437449E+002  0.127824487539132E+000  0.437593581132567E-001  0.374400931850325E+001
      0.93000000  0.572377244432687E-003  0.510222405357947E-004  0.154514128629538E-001  0.201249057410508E-002  0.722154424645010E-003 -0.732019499866398E-001  0.512945924311183E+000  0.825227377297669E+000  0.187160124614329E+002  0.138524211402303E+000  0.123481771907352E-001  0.373948266237163E+001
      0.94000000  0.608113438025107E-003 -0.759556742988390E-004  0.155968397950458E-001  0.209021149293078E-002  0.667863003144244E-003 -0.742227995454551E-001  0.499517780225221E+000  0.840086249908420E+000  0.187719774290984E+002  0.145607257622976E+000 -0.181868986014766E-001  0.373452209429347E+001
      0.95000000  0.607891996170396E-003 -0.176833283386436E-003  0.157636970472445E-001  0.219358933033770E-002  0.561323388076440E-003 -0.752849549194579E-001  0.480293683515000E+000  0.867010973139090E+000  0.188365503819748E+002  0.144022085529470E+000 -0.418954327821081E-001  0.373474324172960E+001
      0.96000000  0.560494739237019E-003 -0.233831606666978E-003  0.159726069990888E-001  0.229809665024462E-002  0.420705965224343E-003 -0.763740714455647E-001  0.461205278717394E+000  0.901364395074136E+000  0.189060991770519E+002  0.131409445627725E+000 -0.548224267799127E-001  0.374481914645087E+001
      0.97000000  0.470871676656801E-003 -0.240013416202824E-003  0.162315258871066E-001  0.237562424896385E-002  0.269150925274218E-003 -0.774649478496609E-001  0.448770703912837E+000  0.937547415107913E+000  0.189746223306240E+002  0.109258971819352E+000 -0.556916467419724E-001  0.376629115192471E+001
      0.98000000  0.360192297535159E-003 -0.199973816254758E-003  0.165311785272300E-001  0.240476384080560E-002  0.128988101087286E-003 -0.785316290533481E-001  0.447703065317716E+000  0.970375580490627E+000  0.190361901928966E+002  0.827245896038566E-001 -0.459275559038770E-001  0.379668018636546E+001
      0.99000000  0.259506131929830E-003 -0.127691084063131E-003  0.168478002808378E-001  0.237970443831337E-002  0.163647196485942E-004 -0.795583537621616E-001  0.458979026522116E+000  0.996279514206710E+000  0.190874302319701E+002  0.589981923215915E-001 -0.290303087610515E-001  0.383031319442349E+001
      1.00000000  0.198853757151634E-003 -0.419961463055586E-004  0.171521449227401E-001  0.231387720795391E-002 -0.623825740536746E-004 -0.805465446680980E-001  0.479205266584136E+000  0.101404072606463E+001  0.191289724942166E+002  0.447569080539519E-001 -0.945226122825989E-002  0.386051027765975E+001
      1.01000000  0.195887564030961E-003  0.392212135661462E-004  0.174208934627543E-001  0.223632573871392E-002 -0.111553855434850E-003 -0.815147967550296E-001  0.501643687131365E+000  0.102485933382530E+001  0.191652488507487E+002  0.436527659890145E-001  0.874029173867071E-002  0.388217694885913E+001
      1.02000000  0.248648294549447E-003  0.104430104099786E-003  0.176455831848779E-001  0.218175917519464E-002 -0.143725338734029E-003 -0.824919804494958E-001  0.518570260273886E+000  0.103171461507093E+001  0.192027847659902E+002  0.548670472384299E-001  0.230436788844240E-001  0.389369670887411E+001
      1.03000000  0.335657475522508E-003  0.151773631091297E-003  0.178354403327080E-001  0.217803702646475E-002 -0.174797579000963E-003 -0.835066099407182E-001  0.524057695347491E+000  0.103819657865616E+001  0.192477744436760E+002  0.733475099518062E-001  0.331654103623387E-001  0.389738120761866E+001
      1.04000000  0.423483917861413E-003  0.189101617160831E-003  0.180133783576514E-001  0.223609502184196E-002 -0.218007436393298E-003 -0.845770778969637E-001  0.516069281235635E+000  0.104718068523889E+001  0.193039833718480E+002  0.916494490413061E-001  0.409249520339089E-001  0.389841534051267E+001
      1.05000000  0.478760232363171E-003  0.230639755115984E-003  0.182074610082496E-001  0.234638035497559E-002 -0.278952527759256E-003 -0.857065933729809E-001  0.497037749840012E+000  0.105979533145685E+001  0.193717788827422E+002  0.102625443162221E+000  0.494391669975822E-001  0.390289048362952E+001
      1.06000000  0.479742740306833E-003  0.291462128782747E-003  0.184418438420833E-001  0.248309323101711E-002 -0.353392436706414E-003 -0.868841806067134E-001  0.472753826817537E+000  0.107503737981226E+001  0.194485025220819E+002  0.101865898863265E+000  0.618874434953743E-001  0.391583830631449E+001
      1.07000000  0.422816329167418E-003  0.381778348797272E-003  0.187308582629464E-001  0.261419292113134E-002 -0.428564820914186E-003 -0.880902448115576E-001  0.450104542507701E+000  0.109014860623206E+001  0.195297822053227E+002  0.889394110447329E-001  0.803070722422718E-001  0.394003586746336E+001
      1.08000000  0.321695076487384E-003  0.503074998322729E-003  0.190778472340817E-001  0.271276896260157E-002 -0.487405741706064E-003 -0.893034384917211E-001  0.434652692763160E+000  0.110157648049063E+001  0.196110425083407E+002  0.670419957433740E-001  0.104841989701614E+000  0.397586735558945E+001
      1.09000000  0.200335114575397E-003  0.647335477140394E-003  0.194778195608336E-001  0.276507739674081E-002 -0.513999804222222E-003 -0.905056595705569E-001  0.429038178006408E+000  0.110613600366810E+001  0.196885460602464E+002  0.413672695607317E-001  0.133668534524502E+000  0.402198193729563E+001
      1.10000000  0.832111022495427E-004  0.799294748806590E-003  0.199213445838819E-001  0.277237648577073E-002 -0.498283367817165E-003 -0.916837235706410E-001  0.432735250257483E+000  0.110195534098504E+001  0.197596976001270E+002  0.170260876672611E-001  0.163546234784280E+000  0.407616952744735E+001
      1.11000000 -0.125982767495915E-004  0.940573632676720E-003  0.203971540690500E-001  0.274672065812422E-002 -0.438569553008038E-003 -0.928284655623608E-001  0.443047970825605E+000  0.108892866544672E+001  0.198228104329363E+002 -0.255455019753532E-002  0.190719937885850E+000  0.413592707891098E+001
      1.12000000 -0.804062496241831E-004  0.105407378985394E-002  0.208924488400093E-001  0.270359548274796E-002 -0.341514587942618E-003 -0.939334346952336E-001  0.456687164720901E+000  0.106863055521741E+001  0.198768035223593E+002 -0.161583889809844E-001  0.211826000972911E+000  0.419853328192853E+001
      1.13000000 -0.121599237298360E-003  0.112731667870244E-002  0.213918842194000E-001  0.265540560261957E-002 -0.220136396701988E-003 -0.949951791778855E-001  0.471093749734055E+000  0.104384697991593E+001  0.199212314543403E+002 -0.242202534223878E-001  0.224540023869260E+000  0.426085614093924E+001
      1.14000000 -0.140298747470079E-003  0.115418414121187E-002  0.218773779876176E-001  0.260889175834954E-002 -0.909673925348851E-004 -0.960155746853597E-001  0.484916681574432E+000  0.101796003466431E+001  0.199567162651318E+002 -0.276997097279177E-001  0.227874918776114E+000  0.431933307169531E+001
      1.15000000 -0.138625684659815E-003  0.113526611591343E-002  0.223305099253082E-001  0.256711799390702E-002  0.287352353014021E-004 -0.970047383964418E-001  0.497571500642276E+000  0.994376027441886E+000  0.199854713569033E+002 -0.271313959394852E-001  0.222190819566479E+000  0.437045925364338E+001
      1.16000000 -0.115527411595925E-003  0.107734992777353E-002  0.227375644028557E-001  0.253403491433867E-002  0.123322857543875E-003 -0.979820298311636E-001  0.508321881907885E+000  0.976071698865783E+000  0.200114270966171E+002 -0.224157528375499E-001  0.209037918939885E+000  0.441176355240235E+001
      1.17000000 -0.698720806335914E-004  0.992432181643061E-003  0.230952324658393E-001  0.251816366404230E-002  0.180691957040500E-003 -0.989732027285789E-001  0.515577432979084E+000  0.965240042607444E+000  0.200396095443201E+002 -0.134413871294143E-001  0.190915527807261E+000  0.444286126307109E+001
      1.18000000 -0.586778730484692E-005  0.896262998168061E-003  0.234139017093830E-001  0.253242023730808E-002  0.193969847162647E-003 -0.100003733248417E+000  0.516963394595727E+000  0.963001979235553E+000  0.200748214393586E+002 -0.111922816727306E-002  0.170954184383217E+000  0.446599321643068E+001
      1.19000000  0.627668685809841E-004  0.806224433042551E-003  0.237160948137137E-001  0.258928006882174E-002  0.162818916299621E-003 -0.101090653217264E+000  0.510268158000925E+000  0.969204718812828E+000  0.201201069382614E+002  0.118716142517048E-001  0.152487860009002E+000  0.448562012970268E+001
      1.20000000  0.113164729749685E-003  0.738523556045059E-003  0.240297880477120E-001  0.269325466251935E-002  0.938831147279202E-004 -0.102236532669763E+000  0.494847566108855E+000  0.982391088163298E+000  0.201756962419633E+002  0.212254115658758E-001  0.138519010851030E+000  0.450707691594049E+001
      1.21000000  0.119340143372315E-003  0.705155156337052E-003  0.243789693559110E-001  0.283456572937035E-002 -0.157529630807995E-006 -0.103428723784601E+000  0.472736828902498E+000  0.100002930239783E+001  0.202389812380009E+002  0.221986958290414E-001  0.131167303687334E+000  0.453478025134446E+001
      1.22000000  0.620355046243810E-004  0.711517701781687E-003  0.247754672278589E-001  0.298789463820983E-002 -0.103069393034927E-003 -0.104644715495898E+000  0.448771423731328E+000  0.101901499271526E+001  0.203056196825617E+002  0.114447619587732E-001  0.131265970602653E+000  0.457075873819509E+001
      1.23000000 -0.617980171773717E-004  0.755591660293861E-003  0.252158139934832E-001  0.311802537811170E-002 -0.198556236932670E-003 -0.105861531619819E+000  0.429440672344827E+000  0.103633328767666E+001  0.203713254322933E+002 -0.113082579053598E-001  0.138263746249623E+000  0.461417600363235E+001
      1.24000000 -0.234502211846229E-003  0.829088758660654E-003  0.256847067745510E-001  0.319098962539802E-002 -0.273665153667135E-003 -0.107065029023644E+000  0.420798093717051E+000  0.104967342338741E+001  0.204335539085305E+002 -0.425648917965260E-001  0.150489298264051E+000  0.466207442598091E+001
      1.25000000 -0.420995031105345E-003  0.920166588276303E-003  0.261635292271527E-001  0.318648958474877E-002 -0.320932170281066E-003 -0.108254839046272E+000  0.426241984452023E+000  0.105778691574179E+001  0.204923221848698E+002 -0.758041936677492E-001  0.165684820747528E+000  0.471099440618012E+001
      1.26000000 -0.579306590249581E-003  0.101660877765190E-002  0.266399439994462E-001  0.310633881020606E-002 -0.338606661934384E-003 -0.109442685298232E+000  0.445112996269809E+000  0.106048549355483E+001  0.205498068419954E+002 -0.103481853637022E+000  0.181597382984650E+000  0.475870779350440E+001
      1.27000000 -0.674520859350793E-003  0.110819539679810E-002  0.271140182201032E-001  0.297503337645850E-002 -0.329170506985972E-003 -0.110644959260808E+000  0.472752660540733E+000  0.105833691662425E+001  0.206089431656343E+002 -0.119541290298342E+000  0.196398830072404E+000  0.480525498695995E+001
      1.28000000 -0.690549185835145E-003  0.118745607012868E-002  0.275980083564676E-001  0.283181459164101E-002 -0.297151221443401E-003 -0.111873183549425E+000  0.502055292105047E+000  0.105225090604414E+001  0.206717185751612E+002 -0.121425786011124E+000  0.208801617070442E+000  0.485281848963855E+001
      1.29000000 -0.634903597870695E-003  0.124888189686479E-002  0.281099890287226E-001  0.271725692610140E-002 -0.247496585403135E-003 -0.113126972289379E+000  0.525902931850063E+000  0.104318230064652E+001  0.207379811146619E+002 -0.110775661814289E+000  0.217900353875861E+000  0.490452826018373E+001
      1.30000000 -0.534574213253478E-003  0.128751482821511E-002  0.286644414810907E-001  0.265981320842153E-002 -0.185377883792255E-003 -0.114392837285302E+000  0.539495305822883E+000  0.103209525594228E+001  0.208053150436766E+002 -0.925530912508547E-001  0.222912879873833E+000  0.496279581446292E+001
      1.31000000 -0.424927761350575E-003  0.129819363996169E-002  0.292642843891407E-001  0.266774373555183E-002 -0.117414457191328E-003 -0.115649349639673E+000  0.541648044440713E+000  0.102017328176893E+001  0.208700140722247E+002 -0.730079384278557E-001  0.223046009120508E+000  0.502797243942593E+001
      1.32000000 -0.336487875816706E-003  0.127641482955165E-002  0.298980153864507E-001  0.272943521162892E-002 -0.534002567028806E-004 -0.116876184444047E+000  0.534601333846662E+000  0.100910532997299E+001  0.209286724643993E+002 -0.573748766465154E-001  0.217642740373806E+000  0.509793983099602E+001
      1.33000000 -0.285190601130776E-003  0.122089768288231E-002  0.305431297490641E-001  0.282139839557021E-002 -0.712069712714549E-005 -0.118062902057319E+000  0.522537739787176E+000  0.100120502802793E+001  0.209796597857567E+002 -0.482625031690480E-001  0.206611220901249E+000  0.516878147618510E+001
      1.34000000 -0.269928884273503E-003  0.113691646134638E-002  0.311740976497406E-001  0.291993515110979E-002  0.496017757617189E-005 -0.119213678612614E+000  0.509550062596074E+000  0.999166858626699E+000  0.210238492252220E+002 -0.453388851273408E-001  0.190963353103543E+000  0.523618965822858E+001
      1.35000000 -0.277777604961085E-003  0.103874688017264E-002  0.317713174730084E-001  0.301107973622299E-002 -0.324776109435473E-004 -0.120346262193023E+000  0.497987231727526E+000  0.100541472720915E+001  0.210643508399907E+002 -0.463115947256620E-001  0.173181796076903E+000  0.529697265881617E+001
      1.36000000 -0.293835263317116E-003  0.949519803197535E-003  0.323274010818411E-001  0.309451893814371E-002 -0.128074165908892E-003 -0.121486060992974E+000  0.487869652191856E+000  0.102119575560636E+001  0.211054509323814E+002 -0.486285456993070E-001  0.157141680753124E+000  0.535005391490930E+001
      1.37000000 -0.310705317038867E-003  0.897486454725537E-003  0.328487035278640E-001  0.318019122800291E-002 -0.278388989034072E-003 -0.122658169984301E+000  0.477532905109436E+000  0.104573595608636E+001  0.211512591985026E+002 -0.510451393397152E-001  0.147446209075467E+000  0.539664613624576E+001
      1.38000000 -0.333080258815434E-003  0.908994583760563E-003  0.333522337645346E-001  0.327971825735058E-002 -0.464957175294660E-003 -0.123880538876761E+000  0.465086293180445E+000  0.107583333281504E+001  0.212046008387632E+002 -0.543245431256371E-001  0.148254704863292E+000  0.543966450585042E+001
      1.39000000 -0.375389532878703E-003  0.999931108076790E-003  0.338598437202612E-001  0.339714412595651E-002 -0.655731289414660E-003 -0.125160452978150E+000  0.449920515865749E+000  0.110617869482071E+001  0.212664929292174E+002 -0.607846099367871E-001  0.161912938546815E+000  0.548272451091940E+001
      1.40000000 -0.453814038005633E-003  0.116845388577934E-002  0.343921908522625E-001  0.352364129843789E-002 -0.811569073195177E-003 -0.126494797173646E+000  0.433513021729136E+000  0.113047392540672E+001  0.213362514367316E+002 -0.729585452414465E-001  0.187849402065252E+000  0.552914630687584E+001
      1.41000000 -0.576616555961068E-003  0.139200656632876E-002  0.349644224556045E-001  0.363888346680857E-002 -0.896608219923837E-003 -0.127873121844359E+000  0.419134863902690E+000  0.114312314764748E+001  0.214120409463003E+002 -0.920437428978838E-001  0.222202247193162E+000  0.558127628803976E+001
      1.42000000 -0.737525828415069E-003  0.163062319236327E-002  0.355844134301768E-001  0.371863202143734E-002 -0.889614549351489E-003 -0.129281888180865E+000  0.410585065359168E+000  0.114100671925556E+001  0.214915880982799E+002 -0.116900176044622E+000  0.258458932427288E+000  0.564024205548392E+001
      1.43000000 -0.915539928691575E-003  0.183653493570471E-002  0.362533822901677E-001  0.374516585482268E-002 -0.792429384864400E-003 -0.130708421883783E+000  0.410530562085733E+000  0.112472422375668E+001  0.215728191928479E+002 -0.144101176843460E+000  0.289060954367541E+000  0.570609198883877E+001
      1.44000000 -0.108162294051420E-002  0.196770272132129E-002  0.369681768276870E-001  0.371578346274758E-002 -0.632039840069301E-003 -0.132143630698301E+000  0.419216618545468E+000  0.109878892007824E+001  0.216542780127152E+002 -0.169059536205084E+000  0.307555338367654E+000  0.577818997243641E+001
      1.45000000 -0.120962832236107E-002  0.200103643032617E-002  0.377243876363473E-001  0.364532241915240E-002 -0.454653620960685E-003 -0.133583017590829E+000  0.434159251162296E+000  0.107057305658192E+001  0.217352617997422E+002 -0.187763088429151E+000  0.310608451597694E+000  0.585572229151623E+001
      1.46000000 -0.128674963814078E-002  0.194060208972571E-002  0.385194180174558E-001  0.356117736461328E-002 -0.312957816581176E-003 -0.135025823263373E+000  0.451006725654073E+000  0.104824576786439E+001  0.218156632610359E+002 -0.198366108952019E+000  0.299164401646353E+000  0.593817697299639E+001
      1.47000000 -0.131877232475341E-002  0.181747953746312E-002  0.393545399012542E-001  0.349259941381881E-002 -0.250445005160856E-003 -0.136472441741913E+000  0.465241474001576E+000  0.103834611014180E+001  0.218955546108607E+002 -0.201919733973028E+000  0.278277741970810E+000  0.602564830815512E+001
      1.48000000 -0.132746385114253E-002  0.168078490639946E-002  0.402349408952898E-001  0.345873483949311E-002 -0.288141255444901E-003 -0.137920787711201E+000  0.474004742291285E+000  0.104381976096684E+001  0.219746290600797E+002 -0.201877195819685E+000  0.255609328561326E+000  0.611882352571855E+001
      1.49000000 -0.134081404785863E-002  0.158267335090387E-002  0.411671545420401E-001  0.346071920441150E-002 -0.418513202888204E-003 -0.139362990431359E+000  0.477235160180093E+000  0.106321922541172E+001  0.220517141283242E+002 -0.202538952037367E+000  0.239073421419982E+000  0.621857471781521E+001
      1.50000000 -0.138014220468230E-002  0.156252948635074E-002  0.421542456815985E-001  0.348168143405942E-002 -0.608822833032152E-003 -0.140784222024441E+000  0.477574883675201E+000  0.109135365925686E+001  0.221246246851658E+002 -0.207089868927282E+000  0.234457018577934E+000  0.632523024316919E+001
      1.51000000 -0.144985263549122E-002  0.163596499918326E-002  0.431904241798685E-001  0.349517545416234E-002 -0.812670746545471E-003 -0.142165110612058E+000  0.479023288619046E+000  0.112113341333596E+001  0.221905561741048E+002 -0.216109167602932E+000  0.243850323506321E+000  0.643778987563557E+001
      1.52000000 -0.153489180445079E-002  0.179241468613421E-002  0.442576819322660E-001  0.347865789248543E-002 -0.985364058117234E-003 -0.143487849404718E+000  0.484896610257732E+000  0.114590810081176E+001  0.222470095938036E+002 -0.227279599143145E+000  0.265412382932514E+000  0.655347053088833E+001
      1.53000000 -0.160778484816175E-002  0.200177121558172E-002  0.453268502955720E-001  0.342589806098464E-002 -0.109737729105099E-002 -0.144744228481328E+000  0.496024666522939E+000  0.116143244088489E+001  0.222929630477071E+002 -0.236517225728193E+000  0.294475579237646E+000  0.666792008592638E+001
      1.54000000 -0.164268932110142E-002  0.222702259456548E-002  0.463639112659730E-001  0.335207106999563E-002 -0.114112045897608E-002 -0.145942340920614E+000  0.510087215684619E+000  0.116677734141745E+001  0.223298039024023E+002 -0.240082767417872E+000  0.325484399720158E+000  0.677619071486265E+001
      1.55000000 -0.163015396555226E-002  0.243770310288025E-002  0.473400145722317E-001  0.328816019047880E-002 -0.112905826244092E-002 -0.147108606295576E+000  0.522528400511118E+000  0.116394981486754E+001  0.223615448997638E+002 -0.236713595523472E+000  0.353977279751009E+000  0.687421268072071E+001
      1.56000000 -0.158513203565377E-002  0.261898581477814E-002  0.482416153214666E-001  0.326620254755940E-002 -0.108470722235648E-002 -0.148283350833885E+000  0.528757132104220E+000  0.115649995211488E+001  0.223941023223960E+002 -0.228700503290319E+000  0.377863395905018E+000  0.696022883608368E+001
      1.57000000 -0.154320830709891E-002  0.277332344920665E-002  0.490766079236903E-001  0.330172125868272E-002 -0.103071454895467E-002 -0.149510886313493E+000  0.526666732660529E+000  0.114776277187787E+001  0.224338130862749E+002 -0.221233645409537E+000  0.397582396197152E+000  0.703560033039444E+001
      1.58000000 -0.154526572251615E-002  0.291471732380268E-002  0.498737425111883E-001  0.338198248510684E-002 -0.979055325108837E-003 -0.150827539538806E+000  0.518229123823529E+000  0.113946859390315E+001  0.224857162020034E+002 -0.220126515835150E+000  0.415207921708321E+000  0.710462479732676E+001
      1.59000000 -0.161670153254218E-002  0.305861419352629E-002  0.506753821220675E-001  0.346698237175186E-002 -0.927168980611840E-003 -0.152252096588413E+000  0.509226861302486E+000  0.113124659485590E+001  0.225522409126689E+002 -0.228854260098786E+000  0.432966057183374E+000  0.717341874633650E+001
      1.60000000 -0.175091602403380E-002  0.321196770734179E-002  0.515264377060347E-001  0.350461682225260E-002 -0.861229914029378E-003 -0.153782083533936E+000  0.507000096689512E+000  0.112115055250796E+001  0.226327650520110E+002 -0.246304082395697E+000  0.451832496808629E+000  0.724830419283369E+001
      1.61000000 -0.190600077361959E-002  0.336767623646471E-002  0.524637255636950E-001  0.345457295599110E-002 -0.764838827569888E-003 -0.155396739144058E+000  0.517058231303975E+000  0.110692280083806E+001  0.227241253862289E+002 -0.266454753300689E+000  0.470793796730583E+000  0.733431446922350E+001
      1.62000000 -0.201817946378907E-002  0.350569824742750E-002  0.535094011984269E-001  0.331041607359019E-002 -0.629347570404030E-003 -0.157064769694151E+000  0.540067771137442E+000  0.108743832326528E+001  0.228217734554651E+002 -0.280395502677244E+000  0.487063732417853E+000  0.743432173213280E+001
      1.63000000 -0.202775878141651E-002  0.360047322860067E-002  0.546699888013644E-001  0.310891344950914E-002 -0.461482942345131E-003 -0.158753368145027E+000  0.570713429245931E+000  0.106372272274486E+001  0.229210634562364E+002 -0.279998021086172E+000  0.497162378593024E+000  0.754896924499668E+001
      1.64000000 -0.190677754857984E-002  0.363184131969117E-002  0.559400672440916E-001  0.292057661500065E-002 -0.285002206773549E-003 -0.160435159484879E+000  0.599178479707558E+000  0.103911385759200E+001  0.230182083917272E+002 -0.261687186001486E+000  0.498435874526509E+000  0.767724519975765E+001
      1.65000000 -0.167561197059301E-002  0.359528553892803E-002  0.573081272006956E-001  0.282379680142971E-002 -0.135339808651636E-003 -0.162091312907552E+000  0.614809317539611E+000  0.101846153846204E+001  0.231106785757915E+002 -0.228568188109262E+000  0.490428521513476E+000  0.781733183343299E+001
      1.66000000 -0.139988862787068E-002  0.350744558059707E-002  0.587620252860606E-001  0.287293559675641E-002 -0.488004410520791E-004 -0.163710972780822E+000  0.610467159411805E+000  0.100661670747038E+001  0.231970866088221E+002 -0.189806758751304E+000  0.475564172674465E+000  0.796736921434555E+001
      1.67000000 -0.116763134390237E-002  0.340442064282085E-002  0.602924668276253E-001  0.307433466371949E-002 -0.499444706366670E-004 -0.165288380013270E+000  0.585656103150262E+000  0.100673127321951E+001  0.232767652093609E+002 -0.157367682453633E+000  0.458831282198620E+000  0.812592589572455E+001
      1.68000000 -0.105571335887710E-002  0.333289173029913E-002  0.618941554812312E-001  0.338136100043158E-002 -0.141678746560101E-003 -0.166819218105537E+000  0.546989223802232E+000  0.101898111409628E+001  0.233492562518609E+002 -0.141436991816675E+000  0.446517206986542E+000  0.829214018056019E+001
      1.69000000 -0.109996889780010E-002  0.333672658341743E-002  0.635649134925088E-001  0.371134765528813E-002 -0.301849210752257E-003 -0.168297226177374E+000  0.505722081543727E+000  0.104020032975507E+001  0.234138535010024E+002 -0.146494046817898E+000  0.444385819732977E+000  0.846558610136218E+001
      1.70000000 -0.128201470367412E-002  0.344354811349224E-002  0.653031080492708E-001  0.397741051899351E-002 -0.487978541194304E-003 -0.169711705325914E+000  0.473403737851463E+000  0.106460677734282E+001  0.234692797589562E+002 -0.169734591828125E+000  0.455914609878523E+000  0.864591986198348E+001
      1.71000000 -0.153838937065936E-002  0.365600714293782E-002  0.671036375728537E-001  0.412134930673739E-002 -0.648885415869154E-003 -0.171046620341036E+000  0.457537663770772E+000  0.108540792649194E+001  0.235135853257159E+002 -0.202486668789238E+000  0.481212833085193E+000  0.883234914054547E+001
      1.72000000 -0.178753145377941E-002  0.395096808600112E-002  0.689531431518990E-001  0.413348177186273E-002 -0.739319023440784E-003 -0.172282306485966E+000  0.459103893396921E+000  0.109674526304649E+001  0.235443908932163E+002 -0.233911471525399E+000  0.517012865419743E+000  0.902301950931297E+001
      1.73000000 -0.196222896548658E-002  0.428695645489481E-002  0.708260897400821E-001  0.405149640288036E-002 -0.732507410882629E-003 -0.173400604945086E+000  0.472896827622094E+000  0.109529984521079E+001  0.235595680879349E+002 -0.255287678869583E+000  0.557736727993764E+000  0.921453529184387E+001
      1.74000000 -0.203324488523260E-002  0.461711050647428E-002  0.726842364951955E-001  0.394017225629741E-002 -0.626257728708417E-003 -0.174393025250939E+000  0.490326285831604E+000  0.108100841330156E+001  0.235582880958187E+002 -0.263006641604090E+000  0.597237812839176E+000  0.940193533843412E+001
      1.75000000 -0.201464139113736E-002  0.490282395665987E-002  0.744817676322567E-001  0.386233227992195E-002 -0.440761195396545E-003 -0.175269514270157E+000  0.503250017349728E+000  0.105668805796548E+001  0.235421123463208E+002 -0.259111076821755E+000  0.630571773451181E+000  0.957939765343876E+001
      1.76000000 -0.195033264031579E-002  0.512319355582707E-002  0.761764134446771E-001  0.385461147422881E-002 -0.209527517300752E-003 -0.176063717644807E+000  0.507059822027752E+000  0.102679505635233E+001  0.235155974578867E+002 -0.249414843817611E+000  0.655170556119649E+000  0.974168604326572E+001
      1.77000000 -0.189004529258293E-002  0.527736673934035E-002  0.777437650821428E-001  0.391822337558155E-002  0.325323630018579E-004 -0.176830639501271E+000  0.501755859033245E+000  0.995863161003404E+000  0.234859130349698E+002 -0.240339537316826E+000  0.671073801967426E+000  0.988595384588665E+001
      1.78000000 -0.186697195404658E-002  0.538002050154270E-002  0.791892347142328E-001  0.402691909775169E-002  0.259119173267106E-003 -0.177635039097199E+000  0.490810806861421E+000  0.967235328160360E+000  0.234613010679909E+002 -0.236071775920231E+000  0.680283917245576E+000  0.100131891281140E+002
      1.79000000 -0.188724655065076E-002  0.545300511127728E-002  0.805515488190540E-001  0.414596318508172E-002  0.457327266516345E-003 -0.178533071854018E+000  0.478686842973763E+000  0.942495697511333E+000  0.234487375229733E+002 -0.237302265718800E+000  0.685660528793175E+000  0.101285468161692E+002
      1.80000000 -0.193446811827538E-002  0.551731274567647E-002  0.818942206569105E-001  0.425136701236406E-002  0.626696227693438E-003 -0.179553642724099E+000  0.468403186784347E+000  0.921637036622052E+000  0.234516359081208E+002 -0.241888569947442E+000  0.689892419211479E+000  0.102401666558975E+002
      1.81000000 -0.198466996750839E-002  0.558849723793734E-002  0.832864121934256E-001  0.433982272351190E-002  0.774767079470998E-003 -0.180687438243687E+000  0.460340669670019E+000  0.903657289731252E+000  0.234685818140334E+002 -0.246794796430046E+000  0.694932689447666E+000  0.103567109288554E+002
      1.82000000 -0.202241490353854E-002  0.567614286697780E-002  0.847797425763263E-001  0.442569037298284E-002  0.912582272522013E-003 -0.181889381196125E+000  0.452686810250923E+000  0.887143412125812E+000  0.234937691103866E+002 -0.250106595483706E+000  0.701953276479049E+000  0.104844820638189E+002
      1.83000000 -0.204925746692218E-002  0.578544577417697E-002  0.863902774247448E-001  0.452858410241636E-002  0.105265216730461E-002 -0.183094920158925E+000  0.443022536032587E+000  0.870532704853094E+000  0.235191234145392E+002 -0.252041300576394E+000  0.711560797447196E+000  0.106252719488639E+002
      1.84000000 -0.208092491362655E-002  0.591793211601142E-002  0.880935077579109E-001  0.465972802843102E-002  0.120949294685268E-002 -0.184244475552680E+000  0.430007656860620E+000  0.852051082256137E+000  0.235373540451285E+002 -0.254545170915155E+000  0.723899758261412E+000  0.107758703074364E+002
      1.85000000 -0.213616797036834E-002  0.606944067605461E-002  0.898349722462593E-001  0.481506932098595E-002  0.140044633358169E-002 -0.185306461349039E+000  0.414189581818650E+000  0.829619056834670E+000  0.235447337053828E+002 -0.259890225582639E+000  0.738419603861154E+000  0.109294922151017E+002
      1.86000000 -0.222467386119601E-002  0.622611105058658E-002  0.915525913291973E-001  0.497859983081927E-002  0.164370245167529E-002 -0.186289583913863E+000  0.397550634516023E+000  0.801099198026269E+000  0.235424909490491E+002 -0.269202868603676E+000  0.753407941855294E+000  0.110785767944744E+002
      1.87000000 -0.234145212780021E-002  0.636161445613131E-002  0.932018502517729E-001  0.513320132191348E-002  0.195196187458411E-002 -0.187239547601367E+000  0.382164346725952E+000  0.765060521822636E+000  0.235362811540586E+002 -0.281818793822429E+000  0.765688305775699E+000  0.112178390102941E+002
      1.88000000 -0.247094450072216E-002  0.643951610042444E-002  0.947739712068980E-001  0.527205075766882E-002  0.232330580054216E-002 -0.188221794451243E+000  0.368827586374108E+000  0.721852729208615E+000  0.235340023762059E+002 -0.295822645900710E+000  0.770941917388689E+000  0.113463847191826E+002
      1.89000000 -0.259827176000616E-002  0.642267487987277E-002  0.963004801899517E-001  0.540347802381916E-002  0.273379474982234E-002 -0.189297443821435E+000  0.356515839910360E+000  0.674440497270028E+000  0.235428707413261E+002 -0.309420472111121E+000  0.764857288654733E+000  0.114681383616439E+002
      1.90000000 -0.272081846079034E-002  0.628770150400340E-002  0.978433850475486E-001  0.554608680767674E-002  0.313712485412203E-002 -0.190501752706621E+000  0.343009125304235E+000  0.628375380081215E+000  0.235668867945881E+002 -0.322308857115030E+000  0.744842743035164E+000  0.115905526463462E+002
      1.91000000 -0.285307214606449E-002  0.603872837761819E-002  0.994757550894656E-001  0.571664331694912E-002  0.347436525416494E-002 -0.191832535275250E+000  0.326350480979103E+000  0.590580634017898E+000  0.236055550356950E+002 -0.336206156719603E+000  0.711604037813463E+000  0.117222276876323E+002
      1.92000000 -0.302137146529022E-002  0.571338153845990E-002  0.101260442032828E+000  0.591751383538266E-002  0.369210778254574E-002 -0.193251345899139E+000  0.306311765155396E+000  0.567187876230025E+000  0.236541396855811E+002 -0.354184188980691E+000  0.669758561561809E+000  0.118703866602442E+002
      1.93000000 -0.325087817590031E-002  0.537615111021784E-002  0.103234135469836E+000  0.613093440100621E-002  0.376252158153090E-002 -0.194695222522539E+000  0.285017131632600E+000  0.561218845822963E+000  0.237051440370571E+002 -0.379113859469238E+000  0.626960866018936E+000  0.120390520374086E+002
      1.94000000 -0.355155645247169E-002  0.509970686479740E-002  0.105400760631091E+000  0.632384902360242E-002  0.369650133874537E-002 -0.196093571553944E+000  0.266321084371347E+000  0.571140126257215E+000  0.237503405603903E+002 -0.412043690024564E+000  0.591656661729909E+000  0.122283621063114E+002
      1.95000000 -0.391077278007235E-002  0.494068163577400E-002  0.107734282482251E+000  0.646137191006160E-002  0.354299587600549E-002 -0.197384288292226E+000  0.254210261586164E+000  0.591057440378441E+000  0.237826503073180E+002 -0.451392405396813E+000  0.570267385319847E+000  0.124349942193429E+002
      1.96000000 -0.429683632447764E-002  0.491995093018478E-002  0.110188064666511E+000  0.652217036155189E-002  0.337329718331482E-002 -0.198524944596374E+000  0.251033586534217E+000  0.612631048732622E+000  0.237973983345110E+002 -0.493422574510578E+000  0.564977269580453E+000  0.126533278073368E+002
      1.97000000 -0.467209912960003E-002  0.501632045423916E-002  0.112706882482774E+000  0.650779613266943E-002  0.325604603790150E-002 -0.199497475263626E+000  0.256477716673908E+000  0.627993450415240E+000  0.237927881116580E+002 -0.533792046024211E+000  0.573119680149134E+000  0.128768751973464E+002
      1.98000000 -0.500912857857158E-002  0.517687404392155E-002  0.115238233085268E+000  0.644094276435648E-002  0.323348035946653E-002 -0.200306946487137E+000  0.267832368511008E+000  0.632437401965748E+000  0.237696888399430E+002 -0.569407607142895E+000  0.588475902662920E+000  0.130995891846660E+002
      1.99000000 -0.530166141051458E-002  0.533954244191305E-002  0.117740827928186E+000  0.635328590511538E-002  0.330934363896224E-002 -0.200976095105761E+000  0.281425835464863E+000  0.625704103979911E+000  0.237309508479509E+002 -0.599632532771954E+000  0.603916981936592E+000  0.133168124847099E+002
      2.00000000 -0.556455573686596E-002  0.545755229166368E-002  0.120189287552733E+000  0.626904075612800E-002  0.345355904804558E-002 -0.201537566875737E+000  0.294499423275814E+000  0.611345978606773E+000  0.236804825799602E+002 -0.626219773373676E+000  0.614177900423992E+000  0.135257713234096E+002
      2.01000000 -0.582255064917809E-002  0.551449165596115E-002  0.122574819124506E+000  0.619278551100444E-002  0.362068187537279E-002 -0.202025681797169E+000  0.306548237307326E+000  0.594565607969936E+000  0.236223021776695E+002 -0.651993840875820E+000  0.617498208582402E+000  0.137256044525653E+002
      2.02000000 -0.609348730417816E-002  0.552354461764525E-002  0.124902253344066E+000  0.610813917262479E-002  0.377236118363205E-002 -0.202469447920912E+000  0.319412717060541E+000  0.579672143074116E+000  0.235597563422136E+002 -0.678954727581066E+000  0.615449995043682E+000  0.139169856537379E+002
      2.03000000 -0.637473944808301E-002  0.551272207817890E-002  0.127184521047945E+000  0.598846341710203E-002  0.389223824606243E-002 -0.202888336171618E+000  0.336034309433087E+000  0.568451458262659E+000  0.234950684092766E+002 -0.706793710677596E+000  0.611218281986736E+000  0.141014735275592E+002
      2.04000000 -0.664030714730956E-002  0.550533823288107E-002  0.129436397772211E+000  0.581457492764730E-002  0.398607935549270E-002 -0.203291693269646E+000  0.358474270244448E+000  0.560213343328490E+000  0.234293011098614E+002 -0.732629287864803E+000  0.607407449615448E+000  0.142807996407307E+002
      2.05000000 -0.685090974721115E-002  0.550744087524539E-002  0.131669693441958E+000  0.559062183420122E-002  0.406835861425392E-002 -0.203681487473088E+000  0.386192019355287E+000  0.553325003977753E+000  0.233626863394222E+002 -0.752178058581865E+000  0.604675340670314E+000  0.144563361716388E+002
      2.06000000 -0.697296653928369E-002  0.550978956381663E-002  0.133891536197163E+000  0.534976264764079E-002  0.414446326156879E-002 -0.204056724649174E+000  0.415487814733146E+000  0.547178176428805E+000  0.232951278213594E+002 -0.761862568139683E+000  0.601996639930783E+000  0.146289171251088E+002
      2.07000000 -0.699775391404011E-002  0.550326807214147E-002  0.136105949832206E+000  0.514591765018759E-002  0.420064899889843E-002 -0.204417086181719E+000  0.440475945541810E+000  0.543256554225327E+000  0.232266045895148E+002 -0.760877244497230E+000  0.598379351131408E+000  0.147990228493499E+002
      2.08000000 -0.695155292544139E-002  0.549803295710038E-002  0.138317156809616E+000  0.503441846646787E-002  0.420981076021363E-002 -0.204763764490098E+000  0.455231167897439E+000  0.544461052157351E+000  0.231572595884062E+002 -0.752219823146482E+000  0.594936041342300E+000  0.149671459527653E+002
      2.09000000 -0.689150356648345E-002  0.553322447301933E-002  0.140531953218116E+000  0.504969809413704E-002  0.415189605556777E-002 -0.205097121478874E+000  0.456192236753883E+000  0.552877565130053E+000  0.230871435876810E+002 -0.742153901090289E+000  0.595879272011317E+000  0.151340467725945E+002
      2.10000000 -0.688828610835614E-002  0.566814316919103E-002  0.142758893545305E+000  0.518970442101782E-002  0.403831365377986E-002 -0.205412892303485E+000  0.443776153400432E+000  0.567180291581913E+000  0.230158105027066E+002 -0.738274993109682E+000  0.607502112042477E+000  0.153006596257161E+002
      2.11000000 -0.700260660014503E-002  0.595574682556196E-002  0.145003908799855E+000  0.541380596600112E-002  0.392544575236079E-002 -0.205699983611205E+000  0.422507289624243E+000  0.581271231144939E+000  0.229420943059079E+002 -0.746970669176007E+000  0.635301744873225E+000  0.154676212693601E+002
      2.12000000 -0.726506320634522E-002  0.640999239801074E-002  0.147264450371744E+000  0.565505078551244E-002  0.390628672254009E-002 -0.205942517790644E+000  0.399619021837409E+000  0.585280427636400E+000  0.228643430388237E+002 -0.771311508892724E+000  0.680531024724250E+000  0.156346561889898E+002
      2.13000000 -0.766724011064372E-002  0.698396563307149E-002  0.149525887384216E+000  0.584155993353260E-002  0.407986097380609E-002 -0.206126597808866E+000  0.382729518709270E+000  0.568886089408382E+000  0.227811450509856E+002 -0.810187868843207E+000  0.737987091923397E+000  0.158002173257277E+002
      2.14000000 -0.816682316956567E-002  0.757241939313593E-002  0.151763551965106E+000  0.591834991032061E-002  0.451010854131183E-002 -0.206249313829118E+000  0.377537574746622E+000  0.525649354411210E+000  0.226922706562247E+002 -0.858945590202175E+000  0.796429175684166E+000  0.159617308967373E+002
      2.15000000 -0.870364354282801E-002  0.804137751417914E-002  0.153951374792995E+000  0.586137262145264E-002  0.519291561764427E-002 -0.206325386537780E+000  0.386397462425020E+000  0.456375424975187E+000  0.225993401071888E+002 -0.911147969757258E+000  0.841818114453171E+000  0.161165242916645E+002
      2.16000000 -0.921951367640655E-002  0.827418458072975E-002  0.156074515779177E+000  0.567948350110471E-002  0.604781385194418E-002 -0.206386898962485E+000  0.408191270965011E+000  0.369810823737210E+000  0.225057528278237E+002 -0.960683954816241E+000  0.862179573119655E+000  0.162631444919349E+002
      2.17000000 -0.967411346992799E-002  0.821463306321220E-002  0.158140537861671E+000  0.540532702246966E-002  0.694019672041851E-002 -0.206474139756476E+000  0.439354274194276E+000  0.280156110559289E+000  0.224156966752758E+002 -0.100340836832415E+001  0.852029654599524E+000  0.164024889262399E+002
      2.18000000 -0.100518663733842E-001  0.788826521581710E-002  0.160183114774317E+000  0.508029957314866E-002  0.772587244479484E-002 -0.206619700275993E+000  0.475483560789795E+000  0.202340915887276E+000  0.223324879564681E+002 -0.103780674380912E+001  0.814425354838228E+000  0.165381343704799E+002
      2.19000000 -0.103590981656524E-001  0.739258442355484E-002  0.162254627229210E+000  0.474015976453904E-002  0.829943519931350E-002 -0.206831765678192E+000  0.512836053245422E+000  0.147036005457380E+000  0.222568740901509E+002 -0.106464326053958E+001  0.759763548781063E+000  0.166755148574325E+002
      2.20000000 -0.106146573956667E-001  0.686091250913295E-002  0.164408525948460E+000  0.440633449454792E-002  0.862646430437105E-002 -0.207084113170485E+000  0.549202958696164E+000  0.117455883084834E+000  0.221860687457549E+002 -0.108594936547399E+001  0.701916539379505E+000  0.168200750883518E+002
      2.21000000 -0.108390152028186E-001  0.641598976776615E-002  0.166677161588282E+000  0.408468709937689E-002  0.874751287552464E-002 -0.207318656449155E+000  0.584000512527794E+000  0.109121265756222E+000  0.221140909274131E+002 -0.110388498785227E+001  0.653427885681818E+000  0.169750123099086E+002
      2.22000000 -0.110462746869501E-001  0.613267014553272E-002  0.169053738818733E+000  0.377021469205489E-002  0.875494421673315E-002 -0.207461838049586E+000  0.617757139417829E+000  0.112380807200809E+000  0.220334988627630E+002 -0.111992551618192E+001  0.621760183677407E+000  0.171394973486148E+002
      2.23000000 -0.112412791028122E-001  0.602313005294192E-002  0.171486636337429E+000  0.345422124676254E-002  0.875520780736990E-002 -0.207450459929885E+000  0.651364535055957E+000  0.116334558052716E+000  0.219380298434262E+002 -0.113458527598597E+001  0.607916110872732E+000  0.173081916067838E+002
      2.24000000 -0.114214367415782E-001  0.604655087200259E-002  0.173890375333694E+000  0.313044781519698E-002  0.883362907754098E-002 -0.207257984408926E+000  0.685453595217727E+000  0.112399748677547E+000  0.218252166165389E+002 -0.114762234561816E+001  0.607555516143257E+000  0.174724498271222E+002
      2.25000000 -0.115811129817360E-001  0.613444197131072E-002  0.176171319244148E+000  0.279799025193696E-002  0.903477846130225E-002 -0.206910955071782E+000  0.720108342185015E+000  0.962230408864235E-001  0.216979456754834E+002 -0.115849471225169E+001  0.613647289132397E+000  0.176229644004524E+002
      2.26000000 -0.117159617056145E-001  0.621787816099562E-002  0.178260073325265E+000  0.246068778499554E-002  0.936205577901823E-002 -0.206487857971853E+000  0.754938916270778E+000  0.676283480052313E-001  0.215642254007449E+002 -0.116679827892638E+001  0.619241486027296E+000  0.177530067085774E+002
      2.27000000 -0.118252045421790E-001  0.624549149457628E-002  0.180139006509774E+000  0.212419066341510E-002  0.979081084550648E-002 -0.206098779232820E+000  0.789382761643576E+000  0.292238935673510E-001  0.214350562584900E+002 -0.117248981768398E+001  0.619251460531035E+000  0.178610991587549E+002
      2.28000000 -0.119110986361836E-001  0.618848944488889E-002  0.181854012373151E+000  0.179267853689255E-002  0.102848672682740E-001 -0.205851519861413E+000  0.823032364854213E+000 -0.152900259573183E-001  0.213210201446305E+002 -0.117582651560465E+001  0.610908380754656E+000  0.179520610355688E+002
      2.29000000 -0.119761509432338E-001  0.603641899607422E-002  0.183504695127789E+000  0.146715772193983E-002  0.108081526281858E-001 -0.205815602657495E+000  0.855799224194724E+000 -0.622879672033967E-001  0.212287519141438E+002 -0.117708562027813E+001  0.593294292292392E+000  0.180359064370743E+002
      2.30000000 -0.120196927136424E-001  0.579074958265874E-002  0.185215002534535E+000  0.114655609535662E-002  0.113289688967423E-001 -0.205997386174418E+000  0.887799770056004E+000 -0.108635609187107E+000  0.211585898764448E+002 -0.117622878792284E+001  0.566673917965023E+000  0.181248575256050E+002
      2.31000000 -0.120359797418797E-001  0.546151333382917E-002  0.187094035188697E+000  0.831632242926317E-003  0.118200273870428E-001 -0.206336185789385E+000  0.918970041873444E+000 -0.151682528393361E+000  0.211043341413453E+002 -0.117272381246886E+001  0.532141701469616E+000  0.182294781930571E+002
      2.32000000 -0.120157891022265E-001  0.506741055997354E-002  0.189201191069993E+000  0.530253939085274E-003  0.122592949186837E-001 -0.206723765250393E+000  0.948557484862354E+000 -0.189333860525701E+000  0.210552784983540E+002 -0.116571017623810E+001  0.491614159226796E+000  0.183553283026407E+002
      2.33000000 -0.119523423579372E-001  0.463571157507550E-002  0.191528837316873E+000  0.261309382000254E-003  0.126343163727203E-001 -0.207040528709938E+000  0.974757907300845E+000 -0.220455930933019E+000  0.209998032147700E+002 -0.115457826834089E+001  0.447802755526344E+000  0.185013971909708E+002
      2.34000000 -0.118503769078872E-001  0.419775915769855E-002  0.194009284775241E+000  0.540471332598629E-004  0.129482357340141E-001 -0.207194855697633E+000  0.994801439753952E+000 -0.245434854419712E+000  0.209291780164631E+002 -0.113983655706258E+001  0.403764317614611E+000  0.186609149156430E+002
      2.35000000 -0.117349103892342E-001  0.377905287303665E-002  0.196543262139832E+000 -0.593675678877855E-004  0.132226432923719E-001 -0.207150362006677E+000  0.100568601067588E+001 -0.266416893914867E+000  0.208401115590238E+002 -0.112392722369488E+001  0.361943999818257E+000  0.188242019432389E+002
      2.36000000 -0.116547956671886E-001  0.338740523946654E-002  0.199038229696514E+000 -0.576877531629608E-004  0.134929061595382E-001 -0.206930524263488E+000  0.100550171256151E+001 -0.286825838050834E+000  0.207350772439357E+002 -0.111152423535824E+001  0.323058689844436E+000  0.189823847957553E+002
      2.37000000 -0.116767042513159E-001  0.300531802543014E-002  0.201440638872721E+000  0.530828739798170E-004  0.137955265206580E-001 -0.206599455143760E+000  0.994958818223761E+000 -0.310135485806769E+000  0.206203658575021E+002 -0.110891487715324E+001  0.285409461201409E+000  0.191304426746990E+002
      2.38000000 -0.118682108088746E-001  0.259165743052510E-002  0.203748764621077E+000  0.227602372497084E-003  0.141518251576698E-001 -0.206227802805499E+000  0.978475845377152E+000 -0.338325561141068E+000  0.205027805132949E+002 -0.112236617634576E+001  0.245090745988558E+000  0.192683400695860E+002
      2.39000000 -0.122734578420275E-001  0.209348089978731E-002  0.206001224828550E+000  0.380516346715113E-003  0.145548692895412E-001 -0.205859262090160E+000  0.964165471621878E+000 -0.370681919708465E+000  0.203864721790575E+002 -0.115583358542834E+001  0.197150270573397E+000  0.193998412966299E+002
      2.40000000 -0.128895041339057E-001  0.146401257621620E-002  0.208247177846296E+000  0.401356472018318E-003  0.149654852042976E-001 -0.205492921908792E+000  0.962360373580796E+000 -0.403478731610385E+000  0.202713394492979E+002 -0.120879107265736E+001  0.137296618551299E+000  0.195296364291104E+002
      2.41000000 -0.136534723953565E-001  0.680053890124604E-003  0.210512580382583E+000  0.183283352288281E-003  0.153191749223428E-001 -0.205089498554382E+000  0.982882818624857E+000 -0.430686924859653E+000  0.201536989097128E+002 -0.127512379315409E+001  0.635115281164515E-001  0.196601708511445E+002
      2.42000000 -0.144483386136021E-001 -0.247169861095881E-003  0.212778853790691E+000 -0.342592513776000E-003  0.155412284079129E-001 -0.204598497792135E+000  0.103186315514510E+001 -0.445427299180493E+000  0.200288853826701E+002 -0.134378200434085E+001 -0.229882770772954E-001  0.197897074725963E+002
      2.43000000 -0.151288217543637E-001 -0.127045500471160E-002  0.214984767075928E+000 -0.117969820376988E-002  0.155647366142632E-001 -0.203993496752879E+000  0.110926747820284E+001 -0.441656445095133E+000  0.198945400516308E+002 -0.140128059532258E+001 -0.117673667800292E+000  0.199125871984413E+002
      2.44000000 -0.155606317832649E-001 -0.231348731257308E-002  0.217051707996355E+000 -0.225694637062633E-002  0.153464957235201E-001 -0.203298629824411E+000  0.120818895664616E+001 -0.415616682095868E+000  0.197530063547730E+002 -0.143536937247380E+001 -0.213404499144146E+000  0.200216403961283E+002
      2.45000000 -0.156598960618160E-001 -0.328332573198506E-002  0.218921627011510E+000 -0.344377973887938E-002  0.148779660287833E-001 -0.202592989707345E+000  0.131637019173856E+001 -0.366796172259717E+000  0.196116383330185E+002 -0.143862984724300E+001 -0.301629741194267E+000  0.201117035248850E+002
      2.46000000 -0.154181282816579E-001 -0.408587410986760E-002  0.220590820940022E+000 -0.458574547339443E-002  0.141905407497266E-001 -0.201989407185287E+000  0.141956679898517E+001 -0.298345011247258E+000  0.194807572712732E+002 -0.141066153082620E+001 -0.373831720770270E+000  0.201826693531699E+002
      2.47000000 -0.149028241123349E-001 -0.464281268154876E-002  0.222124176338292E+000 -0.554851455964892E-002  0.133549707465178E-001 -0.201595485759562E+000  0.150559882063154E+001 -0.216948678140500E+000  0.193700409810452E+002 -0.135799414677080E+001 -0.423068298905703E+000  0.202406825075536E+002
      2.48000000 -0.142330363751724E-001 -0.490872997405055E-002  0.223642785218939E+000 -0.625433242063180E-002  0.124740504248806E-001 -0.201472648209670E+000  0.156761721061775E+001 -0.132092960700126E+000  0.192848200097735E+002 -0.129173121326995E+001 -0.445495926368563E+000  0.202968894812813E+002
      2.49000000 -0.135392218823940E-001 -0.488580961794978E-002  0.225289117485361E+000 -0.669757736407068E-002  0.116671691067936E-001 -0.201609843755259E+000  0.160540313738815E+001 -0.546113016301120E-001  0.192237882898579E+002 -0.122382870101165E+001 -0.441634983905619E+000  0.203641900841215E+002
      2.50000000 -0.129228735386795E-001 -0.463128979816758E-002  0.227183100022123E+000 -0.693447061488042E-002  0.110467557888189E-001 -0.201922312528558E+000  0.162430897592016E+001  0.546282812727572E-002  0.191790246366643E+002 -0.116344367046077E+001 -0.416954076476877E+000  0.204532481854962E+002
      2.51000000 -0.124311387195913E-001 -0.425216120866539E-002  0.229385623499690E+000 -0.705243439754027E-002  0.106903114747989E-001 -0.202275485007797E+000  0.163239963269625E+001  0.413878855180395E-001  0.191382676125286E+002 -0.111471402881927E+001 -0.381296022755367E+000  0.205692638697355E+002
      2.52000000 -0.120549164761437E-001 -0.388405074676960E-002  0.231882212390995E+000 -0.713253272556025E-002  0.106159779187204E-001 -0.202524403922661E+000  0.163704411445561E+001  0.518310237713818E-001  0.190885226211744E+002 -0.107668816770527E+001 -0.346905056545977E+000  0.207106233275680E+002
      2.53000000 -0.117488793058619E-001 -0.365697551518161E-002  0.234591042126698E+000 -0.722041085566729E-002  0.107715918907964E-001 -0.202554033793177E+000  0.164234398963590E+001  0.417349582769102E-001  0.190196624242554E+002 -0.104520672825072E+001 -0.325332766982199E+000  0.208697467422136E+002
      2.54000000 -0.114630019274762E-001 -0.365735776065857E-002  0.237390230519186E+000 -0.731650557335951E-002  0.110446554765173E-001 -0.202307065450239E+000  0.164833022180827E+001  0.213109437162020E-001  0.189268345115889E+002 -0.101575957370820E+001 -0.324085800854683E+000  0.210356240782512E+002
      2.55000000 -0.111713321327740E-001 -0.389977950351013E-002  0.240153256392549E+000 -0.738739585676065E-002  0.112935891835765E-001 -0.201792019285183E+000  0.165204484619743E+001  0.317692932578728E-002  0.188110729044338E+002 -0.986032112475575E+000 -0.344212111530893E+000  0.211970085486872E+002
      2.56000000 -0.108862735547611E-001 -0.432054165488334E-002  0.242780444660531E+000 -0.739119045808127E-002  0.113916973207229E-001 -0.201072337383665E+000  0.164983141631326E+001 -0.155487077774330E-002  0.186782241676077E+002 -0.957118153372602E+000 -0.379860824688059E+000  0.213451893983355E+002
      2.57000000 -0.106539400360563E-001 -0.479782450406850E-002  0.245218150253186E+000 -0.730476202764069E-002  0.112686898710160E-001 -0.200243264403037E+000  0.163973369292798E+001  0.131149299091399E-001  0.185368290624362E+002 -0.933046740976580E+000 -0.420182064301889E+000  0.214756226473688E+002
      2.58000000 -0.105345120951772E-001 -0.519283948034631E-002  0.247463144737582E+000 -0.714130919987857E-002  0.109339663371790E-001 -0.199405580373096E+000  0.162299477864837E+001  0.461407359178012E-001  0.183957788311280E+002 -0.919011605185106E+000 -0.453013837108453E+000  0.215882330206402E+002
      2.59000000 -0.105771472998083E-001 -0.539743760804915E-002  0.249554894805523E+000 -0.695221027556122E-002  0.104721221628389E-001 -0.198643683307809E+000  0.160415644204167E+001  0.899584713703572E-001  0.182624037801575E+002 -0.919168354568638E+000 -0.469044601956838E+000  0.216866566694311E+002
      2.60000000 -0.107997268689955E-001 -0.537044619709979E-002  0.251561022046799E+000 -0.681434836399846E-002  0.100118945332271E-001 -0.198011811581468E+000  0.158989845592235E+001  0.133299207711392E+000  0.181413106091565E+002 -0.934901162092240E+000 -0.464904015770675E+000  0.217769110924321E+002
      2.61000000 -0.111799823507312E-001 -0.514923915270596E-002  0.253560996543140E+000 -0.680952911292035E-002  0.968034345652093E-002 -0.197528555443929E+000  0.158722271835924E+001  0.165211352367444E+000  0.180339612854100E+002 -0.964110662916188E+000 -0.444046888205027E+000  0.218659433260113E+002
      2.62000000 -0.116588403059902E-001 -0.483295173491010E-002  0.255631184634156E+000 -0.700411239954061E-002  0.955976315197764E-002 -0.197177788079331E+000  0.160169733931029E+001  0.178756175677760E+000  0.179388130416359E+002 -0.100156776353533E+001 -0.415180972838359E+000  0.219603277139297E+002
      2.63000000 -0.121522264509063E-001 -0.454496157147814E-002  0.257832382671508E+000 -0.743465094964119E-002  0.966318526371956E-002 -0.196914027682548E+000  0.163625485693996E+001  0.173027947216688E+000  0.178518343848647E+002 -0.103998333672901E+001 -0.388956239377719E+000  0.220652061357454E+002
      2.64000000 -0.125660653906527E-001 -0.438991722444673E-002  0.260200086184685E+000 -0.810122344345683E-002  0.993628542622904E-002 -0.196671178498360E+000  0.169067376443511E+001  0.152877129271360E+000  0.177672974529622E+002 -0.107132604699476E+001 -0.374264538699524E+000  0.221834855297895E+002
      2.65000000 -0.128107502076047E-001 -0.442163317524943E-002  0.262738112715626E+000 -0.896690765549633E-002  0.102827647821740E-001 -0.196374335472093E+000  0.176159327206646E+001  0.126646021435790E+000  0.176788126350778E+002 -0.108806531115053E+001 -0.375545974955110E+000  0.223153384251712E+002
      2.66000000 -0.128141278997926E-001 -0.463260011713842E-002  0.265417042071106E+000 -0.996112454359136E-002  0.106015185209791E-001 -0.195954021912493E+000  0.184285527458864E+001  0.102958128376658E+000  0.175805457228282E+002 -0.108426064169053E+001 -0.391985003972485E+000  0.224581223632298E+002
      2.67000000 -0.125337385411475E-001 -0.496653752040103E-002  0.268179155885008E+000 -0.109861886960685E-001  0.108205678279905E-001 -0.195360893004264E+000  0.192610892215219E+001  0.878525132340940E-001  0.174684469797622E+002 -0.105656360108153E+001 -0.418667004280836E+000  0.226068490057181E+002
      2.68000000 -0.119683348902741E-001 -0.534650687942674E-002  0.270950432033113E+000 -0.119285028712011E-001  0.109156313373919E-001 -0.194577435382012E+000  0.200179168093504E+001  0.832723281348505E-001  0.173412004145115E+002 -0.100513689414184E+001 -0.449015787790335E+000  0.227552352283749E+002
      2.69000000 -0.111661162220992E-001 -0.570612662415121E-002  0.273657813317842E+000 -0.126762390597201E-001  0.109084712593109E-001 -0.193622690481205E+000  0.206063124404699E+001  0.872793272589821E-001  0.172005681743067E+002 -0.934278036570875E+000 -0.477436260988025E+000  0.228971720724940E+002
      2.70000000 -0.102247099758839E-001 -0.601183770371230E-002  0.276247407167212E+000 -0.131429694684953E-001  0.108483562670747E-001 -0.192547321627776E+000  0.209561005755301E+001  0.956710153960385E-001  0.170509223304494E+002 -0.852341254538693E+000 -0.501152336110362E+000  0.230282386633277E+002
      2.71000000 -0.927807048866513E-002 -0.626905369120827E-002  0.278697857384801E+000 -0.132924158766047E-001  0.107858462239580E-001 -0.191419343280141E+000  0.210397923599249E+001  0.104199689176502E+000  0.168980114909385E+002 -0.770574533978343E+000 -0.520665706570101E+000  0.231467816328214E+002
      2.72000000 -0.846920083088741E-002 -0.651188904129512E-002  0.281023924825670E+000 -0.131557683839765E-001  0.107497736932939E-001 -0.190304473048254E+000  0.208861318557818E+001  0.110478001516470E+000  0.167473096658622E+002 -0.700809213625497E+000 -0.538845627748368E+000  0.232541605400084E+002
      2.73000000 -0.791383311211314E-002 -0.678219152196104E-002  0.283268456680769E+000 -0.128326310088041E-001  0.107358259937394E-001 -0.189247714982861E+000  0.205798457316054E+001  0.114886240107766E+000  0.166025029333723E+002 -0.652454928489609E+000 -0.559156886653419E+000  0.233540305979061E+002
      2.74000000 -0.766597623170645E-002 -0.710683819677812E-002  0.285485383410615E+000 -0.124709049188416E-001  0.107100497297669E-001 -0.188262968208063E+000  0.202440969684947E+001  0.120233947070102E+000  0.164646684779566E+002 -0.629713756835147E+000 -0.583783936298023E+000  0.234509040825715E+002
      2.75000000 -0.769823610471554E-002 -0.748206382802071E-002  0.287720275821189E+000 -0.122286984871667E-001  0.106250137212968E-001 -0.187334660495661E+000  0.200086112006838E+001  0.130392891361341E+000  0.163324557252011E+002 -0.630064206620370E+000 -0.612371528433271E+000  0.235485434387791E+002
      2.76000000 -0.790618519493151E-002 -0.787055519596293E-002  0.289996388566886E+000 -0.122293672381964E-001  0.104421022025742E-001 -0.186430499283864E+000  0.199728934745842E+001  0.148459843517203E+000  0.162031701522910E+002 -0.644739349171883E+000 -0.641833768062965E+000  0.236488367293336E+002
      2.77000000 -0.813764990120812E-002 -0.821243124866796E-002  0.292311999197274E+000 -0.125251053828263E-001  0.101515477760398E-001 -0.185519471643922E+000  0.201771902930616E+001  0.175142800574582E+000  0.160742601222122E+002 -0.661219279611529E+000 -0.667295587795841E+000  0.237516152547104E+002
      2.78000000 -0.823798802154753E-002 -0.844647122483604E-002  0.294649812197135E+000 -0.130825881176013E-001  0.978263844330863E-002 -0.184586613145387E+000  0.205919311280983E+001  0.207977567502830E+000  0.159445100314244E+002 -0.666964372599452E+000 -0.683843599482903E+000  0.238554519155142E+002
      2.79000000 -0.809566292367331E-002 -0.853433964920769E-002  0.296993387022559E+000 -0.137962927601421E-001  0.939970049103249E-002 -0.183637368125575E+000  0.211297260298331E+001  0.241708674594682E+000  0.158143681176581E+002 -0.653092188871713E+000 -0.688481056415661E+000  0.239590090446821E+002
      2.80000000 -0.767196412117350E-002 -0.847909607451489E-002  0.299341810350767E+000 -0.145245016162580E-001  0.908414239242092E-002 -0.182689355973734E+000  0.216753385696948E+001  0.269782600126445E+000  0.156852548915366E+002 -0.616701219606657E+000 -0.681581509992192E+000  0.240622162208894E+002
      2.81000000 -0.700501510967530E-002 -0.833056621681032E-002  0.301714305382029E+000 -0.151342732890353E-001  0.890780334649454E-002 -0.181755871545378E+000  0.221222023061279E+001  0.286505587634375E+000  0.155582242577577E+002 -0.561085482568154E+000 -0.667259055497117E+000  0.241666169140980E+002
      2.82000000 -0.618853106611995E-002 -0.817414376677679E-002  0.304141350982489E+000 -0.155387534327656E-001  0.890654461439757E-002 -0.180830244031094E+000  0.224020461356268E+001  0.289136173665908E+000  0.154327216394419E+002 -0.493929246807796E+000 -0.652408242099054E+000  0.242746310568452E+002
      2.83000000 -0.533553357829947E-002 -0.810534995878328E-002  0.306646050900072E+000 -0.157142932992473E-001  0.906395863457864E-002 -0.179880540826165E+000  0.224978323542017E+001  0.279128667620016E+000  0.153061911866964E+002 -0.424343639971354E+000 -0.644631629485121E+000  0.243880578225599E+002
      2.84000000 -0.454212504331698E-002 -0.819816170925185E-002  0.309225358820803E+000 -0.156939025499208E-001  0.931239822176148E-002 -0.178859373567108E+000  0.224376659110058E+001  0.261977716861136E+000  0.151748881541940E+002 -0.359970591349661E+000 -0.649717277775434E+000  0.245065986104485E+002
      2.85000000 -0.386458540198424E-002 -0.847845456184157E-002  0.311842041705481E+000 -0.155433069900805E-001  0.955265038904445E-002 -0.177725753165813E+000  0.222750943853997E+001  0.245593712901129E+000  0.150356257276451E+002 -0.305199856118577E+000 -0.669573277136880E+000  0.246272591650762E+002
      2.86000000 -0.331580540357061E-002 -0.891310069066639E-002  0.314433795095618E+000 -0.153319419708832E-001  0.968638019338565E-002 -0.176468937147903E+000  0.220658357547407E+001  0.237707312659285E+000  0.148876419926705E+002 -0.260945178830859E+000 -0.701437620904661E+000  0.247451140538393E+002
      2.87000000 -0.287816049824906E-002 -0.942000052671207E-002  0.316937543255527E+000 -0.151112294082486E-001  0.964982230923167E-002 -0.175121856594828E+000  0.218507047327428E+001  0.243230369808856E+000  0.147336106724857E+002 -0.225714462514711E+000 -0.738746278071920E+000  0.248552460052782E+002
      2.88000000 -0.252356365759078E-002 -0.989628271443771E-002  0.319318780131618E+000 -0.149071257549388E-001  0.943579453363421E-002 -0.173755691401682E+000  0.216500476824333E+001  0.262584497873021E+000  0.145791575331222E+002 -0.197218682017545E+000 -0.773403051650269E+000  0.249550387887303E+002
      2.89000000 -0.223020098985582E-002 -0.102543211516299E-001  0.321592191265460E+000 -0.147263243169540E-001  0.909509226184965E-002 -0.172455904533427E+000  0.214689271315701E+001  0.291670153658300E+000  0.144309428471964E+002 -0.173689048882107E+000 -0.798611109877330E+000  0.250457434477336E+002
      2.90000000 -0.198919704398046E-002 -0.104515562785317E-001  0.323822986336653E+000 -0.145694958590758E-001  0.871645431080447E-002 -0.171289299604914E+000  0.213076615716809E+001  0.323499478602769E+000  0.142940868340072E+002 -0.154385348609762E+000 -0.811165070076142E+000  0.251325150440600E+002
      2.91000000 -0.180063711711196E-002 -0.105023664741505E-001  0.326107128524415E+000 -0.144431406261926E-001  0.839321256799393E-002 -0.170276627733019E+000  0.211710739386171E+001  0.350825415287068E+000  0.141700773928238E+002 -0.139270612206029E+000 -0.812307485259988E+000  0.252228164146643E+002
      2.92000000 -0.166360881254459E-002 -0.104677635269827E-001  0.328538705180144E+000 -0.143641700901565E-001  0.819040313259160E-002 -0.169383148006204E+000  0.210719461061064E+001  0.368681229043068E+000  0.140561046982625E+002 -0.128231474554592E+000 -0.806858404591312E+000  0.253238635764783E+002
      2.93000000 -0.156681608229569E-002 -0.104282498382677E-001  0.331178898807030E+000 -0.143562015708198E-001  0.812574342093219E-002 -0.168531173641414E+000  0.210280366981370E+001  0.375802880701899E+000  0.139460983013454E+002 -0.120358474834381E+000 -0.801069289438727E+000  0.254402463748912E+002
      2.94000000 -0.148456613869162E-002 -0.104523740201498E-001  0.334040096177874E+000 -0.144408429225805E-001  0.817144652071637E-002 -0.167628172763243E+000  0.210553243594150E+001  0.374427155973873E+000  0.138329338641027E+002 -0.113652369769751E+000 -0.800191413605028E+000  0.255727566049633E+002
      2.95000000 -0.137919529660503E-002 -0.105749240717467E-001  0.337091007228476E+000 -0.146288776493072E-001  0.827426703998770E-002 -0.166596797938423E+000  0.211613124812288E+001  0.368702902571555E+000  0.137107421685965E+002 -0.105227687639994E+000 -0.806829032681281E+000  0.257188429384900E+002
      2.96000000 -0.120771427834744E-002 -0.107936017701492E-001  0.340278202799754E+000 -0.149149654823545E-001  0.838297251474754E-002 -0.165393003115578E+000  0.213411427540328E+001  0.362569842314667E+000  0.135762655037392E+002 -0.918329985612537E-001 -0.820731222276484E+000  0.258743050971414E+002
      2.97000000 -0.929331831679770E-003 -0.110838838628224E-001  0.343551663268676E+000 -0.152766824335754E-001  0.846951845302231E-002 -0.164005220286410E+000  0.215770758035584E+001  0.358157390672895E+000  0.134287513057289E+002 -0.704272351591877E-001 -0.839966165662452E+000  0.260352577556930E+002
      2.98000000 -0.511660211703892E-003 -0.114230224559873E-001  0.346880788438188E+000 -0.156764819790688E-001  0.853390865204428E-002 -0.162437748669096E+000  0.218401885658347E+001  0.355447939284303E+000  0.132686555377651E+002 -0.386448528202810E-001 -0.862762066458794E+000  0.261993344581866E+002
      2.99000000  0.645323780529715E-004 -0.118099638475690E-001  0.350253312906721E+000 -0.160647879668874E-001  0.859114878966734E-002 -0.160689645060659E+000  0.220928895148635E+001  0.353294837545684E+000  0.130960334360247E+002  0.485772311178028E-002 -0.889003877782616E+000  0.263655805724061E+002
      3.00000000  0.800943639682121E-003 -0.122702665957182E-001  0.353659368591772E+000 -0.163837699099226E-001  0.864770875104613E-002 -0.158742243774173E+000  0.222918955440597E+001  0.351207119925843E+000  0.129096098738548E+002  0.600906605120783E-001 -0.920574667012311E+000  0.265332340530209E+002
      3.01000000  0.167724891690391E-002 -0.128426118711932E-001  0.357071242543607E+000 -0.165729966127592E-001  0.868020396880673E-002 -0.156563147573072E+000  0.223925540429499E+001  0.350932729302259E+000  0.127070998852428E+002  0.125417257553824E+000 -0.960313728320340E+000  0.267002086212832E+002
      3.02000000  0.264794289549281E-002 -0.135525509196611E-001  0.360431799716870E+000 -0.165784980777308E-001  0.862822124374391E-002 -0.154125092370137E+000  0.223556192263338E+001  0.356956126010806E+000  0.124866313318630E+002  0.197345827085099E+000 -0.101004420257925E+001  0.268622528620121E+002
      3.03000000  0.364362432487885E-002 -0.143855328979949E-001  0.363659907090003E+000 -0.163651126449898E-001  0.840691395691591E-002 -0.151429609868801E+000  0.221563346165710E+001  0.375517533120810E+000  0.122484957992973E+002  0.270655738650630E+000 -0.106858629903323E+001  0.270133888664104E+002
      3.04000000  0.457964683134308E-002 -0.152722658201748E-001  0.366672098934557E+000 -0.159291521784282E-001  0.793617956218290E-002 -0.148522369760854E+000  0.217935717400575E+001  0.412423825447957E+000  0.119962489099078E+002  0.339066341036745E+000 -0.113072284429159E+001  0.271475446742129E+002
      3.05000000  0.537249397808764E-002 -0.160948868541448E-001  0.369411030088025E+000 -0.153062177160331E-001  0.717577012155192E-002 -0.145490969073635E+000  0.212952103354251E+001  0.470464654656733E+000  0.117364936791023E+002  0.396462735824929E+000 -0.118772080546068E+001  0.272606555223606E+002
      3.06000000  0.596034891725581E-002 -0.167143785306841E-001  0.371867478144011E+000 -0.145691767184405E-001  0.615253474849115E-002 -0.142444581201172E+000  0.207161765535020E+001  0.547457966290326E+000  0.114773338311515E+002  0.438406044158577E+000 -0.122940530393982E+001  0.273522493913665E+002
      3.07000000  0.632121921045761E-002 -0.170114159547081E-001  0.374085581457765E+000 -0.138143604617218E-001  0.496813946983393E-002 -0.139483730832268E+000  0.201278831955996E+001  0.635764996943949E+000  0.112261334317289E+002  0.463434916112764E+000 -0.124717777749061E+001  0.274257725115854E+002
      3.08000000  0.648158515925927E-002 -0.169273386882804E-001  0.376148936470810E+000 -0.131387627687796E-001  0.378202791010075E-002 -0.136673057821012E+000  0.196012997876571E+001  0.723624024505191E+000  0.109875385843290E+002  0.473649180736806E+000 -0.123698445746792E+001  0.274875098015037E+002
      3.09000000  0.651145564583740E-002 -0.164909492127184E-001  0.378153976079714E+000 -0.126151134000051E-001  0.277275417682169E-002 -0.134028176431641E+000  0.191888033002460E+001  0.798033581444146E+000  0.107625642423517E+002  0.474292091007694E+000 -0.120119481882703E+001  0.275445998242157E+002
      3.10000000  0.650673903609950E-002 -0.158205848094242E-001  0.380182366811179E+000 -0.122730152725553E-001  0.208845030645552E-002 -0.131520820052542E+000  0.189107827679848E+001  0.848368745664553E+000  0.105490263063236E+002  0.472419668606654E+000 -0.114864840765336E+001  0.276030169248490E+002
      3.11000000  0.656457615190969E-002 -0.150983245962794E-001  0.382283652679235E+000 -0.120921230349125E-001  0.180174070527379E-002 -0.129098047386698E+000  0.187512168163071E+001  0.869605829240298E+000  0.103429830310279E+002  0.475086376864147E+000 -0.109268415251433E+001  0.276663338626875E+002
      3.12000000  0.675946819671133E-002 -0.145222367407456E-001  0.384473708254180E+000 -0.120087040547889E-001  0.188431534010343E-002 -0.126705498890826E+000  0.186629902097146E+001  0.864066886244721E+000  0.101404408952064E+002  0.487623031959354E+000 -0.104762340827333E+001  0.277356487036617E+002
      3.13000000  0.712678726859615E-002 -0.142505584376153E-001  0.386746847594207E+000 -0.119322090261233E-001  0.221116880092815E-002 -0.124304053090968E+000  0.185803062806273E+001  0.840997542797029E+000  0.993855316403532E+001  0.512478598284304E+000 -0.102474031251900E+001  0.278104950907275E+002
      3.14000000  0.765656502693796E-002 -0.143558035335578E-001  0.389093478726086E+000 -0.117659412871569E-001  0.259522885984192E-002 -0.121873578769614E+000  0.184338001249026E+001  0.813974581819672E+000  0.973587058411936E+001  0.548820850831540E+000 -0.102902075303193E+001  0.278901326242448E+002
      3.15000000  0.829653793348009E-002 -0.148048953652771E-001  0.391513609754299E+000 -0.114264265778175E-001  0.284240879141741E-002 -0.119404305371609E+000  0.181644353620107E+001  0.796903584056713E+000  0.953170259759803E+001  0.592806046799157E+000 -0.105784262847138E+001  0.279745162533308E+002
      3.16000000  0.896138228441053E-002 -0.154732280005475E-001  0.394019606311861E+000 -0.108586908666546E-001  0.280889216170947E-002 -0.116882226672099E+000  0.177342225100145E+001  0.799933553205667E+000  0.932506569759706E+001  0.638284351548966E+000 -0.110209775537417E+001  0.280644816759860E+002
      3.17000000  0.954558776647945E-002 -0.161883571387612E-001  0.396627479345860E+000 -0.100472329745964E-001  0.244044811855697E-002 -0.114277289611425E+000  0.171336777338578E+001  0.826724726618730E+000  0.911384943942126E+001  0.677750253014863E+000 -0.114939628811740E+001  0.281611128675889E+002
      3.18000000  0.993936969972575E-002 -0.167873956847383E-001  0.399341690558245E+000 -0.902315894205510E-002  0.177957119117123E-002 -0.111541186962928E+000  0.163864242158250E+001  0.874045258184358E+000  0.889467792883264E+001  0.703490116355069E+000 -0.118818066943229E+001  0.282646627344993E+002
      3.19000000  0.100482350647777E-001 -0.171663383412796E-001  0.402141450508560E+000 -0.786639238405071E-002  0.938648662590922E-003 -0.108616651509756E+000  0.155502327808277E+001  0.933772454735985E+000  0.866358541909847E+001  0.708965951902761E+000 -0.121119274423337E+001  0.283735993855022E+002
      3.20000000  0.981559014094301E-002 -0.173027512116027E-001  0.404975690151000E+000 -0.669962584567535E-002  0.512444083657346E-004 -0.105454692363929E+000  0.147122339782805E+001  0.996395684656722E+000  0.841723785735273E+001  0.690387171529634E+000 -0.121700247230491E+001  0.284842803384157E+002
      3.21000000  0.924420499849557E-002 -0.172448241990423E-001  0.407769999842475E+000 -0.567022022159768E-002 -0.777393340698342E-003 -0.102032618968811E+000  0.139757692423712E+001  0.105450822741241E+001  0.815418682804662E+001  0.648172812816023E+000 -0.120914953848710E+001  0.285914719354342E+002
      3.22000000  0.840859407905245E-002 -0.170747203413332E-001  0.410443755029951E+000 -0.491933611077499E-002 -0.149996223219178E-002 -0.983652996587192E-001  0.134385623236408E+001  0.110484572516201E+001  0.787562723391197E+001  0.587751561266344E+000 -0.119350434144583E+001  0.286895711177033E+002
      3.23000000  0.744954369742405E-002 -0.168653256824387E-001  0.412931544120938E+000 -0.454373607654111E-002 -0.212639129223529E-002 -0.945047726728859E-001  0.131661891080959E+001  0.114817227135583E+001  0.758532927219987E+001  0.519102864201203E+000 -0.117521813724878E+001  0.287741042912903E+002
      3.24000000  0.654621598294119E-002 -0.166512235308891E-001  0.415201394105278E+000 -0.456204020817741E-002 -0.269733187592680E-002 -0.905277472732486E-001  0.131691323302936E+001  0.118737672759237E+001  0.728873042719009E+001  0.454748835300418E+000 -0.115671779341393E+001  0.288429759843720E+002
      3.25000000  0.586989834882616E-002 -0.164259927637079E-001  0.417263532298187E+000 -0.489975020302278E-002 -0.324868939889906E-002 -0.865148780154933E-001  0.133932577846342E+001  0.122498372643307E+001  0.699147448642663E+001  0.406512116778475E+000 -0.113756060015896E+001  0.288970390437715E+002
      3.26000000  0.553299085484450E-002 -0.161633257353022E-001  0.419166806666195E+000 -0.540326475924342E-002 -0.378713724218781E-002 -0.825283991182673E-001  0.137304817857476E+001  0.126146870700606E+001  0.669786422534499E+001  0.382004630985278E+000 -0.111593628924993E+001  0.289398022701589E+002
      3.27000000  0.555220398185387E-002 -0.158468581824034E-001  0.420984020813534E+000 -0.588275884207852E-002 -0.428889454957083E-002 -0.785949813597536E-001  0.140491099342356E+001  0.129520512388402E+001  0.640970195018905E+001  0.382158862930436E+000 -0.109074114059928E+001  0.289763804124979E+002
      3.28000000  0.584233747499500E-002 -0.154898944145578E-001  0.422790846202395E+000 -0.617118730699229E-002 -0.471998130653600E-002 -0.746986676705830E-001  0.142346854824720E+001  0.132388639854895E+001  0.612584285338740E+001  0.400902783505386E+000 -0.106292075964100E+001  0.290120226379567E+002
      3.29000000  0.624618634265877E-002 -0.151333375283622E-001  0.424644598983587E+000 -0.617782216662020E-002 -0.506369704752531E-002 -0.707853481920531E-001  0.142263531182383E+001  0.134641611929614E+001  0.584254594885391E+001  0.427312221271586E+000 -0.103529733500466E+001  0.290506585760007E+002
      3.30000000  0.659115643341020E-002 -0.148238397190455E-001  0.426568662736656E+000 -0.591468616518710E-002 -0.533733941072201E-002 -0.667766959279746E-001  0.140340756802223E+001  0.136402998422157E+001  0.555446388067358E+001  0.449545810715385E+000 -0.101105096074397E+001  0.290938558738640E+002
      3.31000000  0.675088523307861E-002 -0.145863719865187E-001  0.428546079551109E+000 -0.548419320554407E-002 -0.558726805924666E-002 -0.625889588102846E-001  0.137291600935446E+001  0.137992492783470E+001  0.525594501768950E+001  0.459048958775672E+000 -0.991849015580515E+000  0.291404200802301E+002
      3.32000000  0.668681274380835E-002 -0.144088358984514E-001  0.430522729647050E+000 -0.503247384454193E-002 -0.586504364656211E-002 -0.581512122386271E-001  0.134116912228444E+001  0.139761196081083E+001  0.494227543989041E+001  0.453322581529114E+000 -0.976825721994908E+000  0.291866518007814E+002
      3.33000000  0.645259245927558E-002 -0.142489370500715E-001  0.432417685874151E+000 -0.468796959287500E-002 -0.619932483996186E-002 -0.534187088593080E-001  0.131685956970019E+001  0.141901197571919E+001  0.461056716938297E+001  0.436130318166778E+000 -0.963084758321113E+000  0.292270841698886E+002
      3.34000000  0.616036695746756E-002 -0.140597318015991E-001  0.434136711518227E+000 -0.451160318746574E-002 -0.658121264477576E-002 -0.483792873312142E-001  0.130402598451540E+001  0.144349194077883E+001  0.426016270710361E+001  0.415132171735219E+000 -0.947451188721378E+000  0.292554188941750E+002
      3.35000000  0.592488879863320E-002 -0.138183913872880E-001  0.435584940132022E+000 -0.447957833494372E-002 -0.697283298030140E-002 -0.430534550049649E-001  0.130096680922987E+001  0.146847965064116E+001  0.389260729700553E+001  0.398072037909532E+000 -0.928408178975140E+000  0.292653905742595E+002
      3.36000000  0.581114137345141E-002 -0.135400942235374E-001  0.436676360783255E+000 -0.450481165099833E-002 -0.733476783001007E-002 -0.374906790031625E-001  0.130176136508096E+001  0.149133009866134E+001  0.351136769975703E+001  0.389267762869180E+000 -0.907002918826575E+000  0.292514015984082E+002
      3.37000000  0.580876129367386E-002 -0.132673782951788E-001  0.437340048126856E+000 -0.448524478929624E-002 -0.765599065053831E-002 -0.317648409414955E-001  0.129955910541419E+001  0.151132587363074E+001  0.312150011494720E+001  0.387953705637215E+000 -0.886097450640802E+000  0.292089283267934E+002
      3.38000000  0.584330989852904E-002 -0.130399296069719E-001  0.437525000544212E+000 -0.435537683558827E-002 -0.796754793647520E-002 -0.259705957803569E-001  0.129002491767645E+001  0.153055970162620E+001  0.272938420429216E+001  0.389106508174272E+000 -0.868330032861071E+000  0.291348273764431E+002
      3.39000000  0.581681887012110E-002 -0.128619887685686E-001  0.437205966917573E+000 -0.411699090278528E-002 -0.833005742278474E-002 -0.202201457065646E-001  0.127334207357036E+001  0.155306295852238E+001  0.234248937776083E+001  0.386199865165219E+000 -0.853954444703954E+000  0.290277021243195E+002
      3.40000000  0.565670519443073E-002 -0.126869869411019E-001  0.436391333999068E+000 -0.383615177115819E-002 -0.880017182482365E-002 -0.146378940424153E-001  0.125394703087344E+001  0.158255711436969E+001  0.196900486530779E+001  0.374464717337906E+000 -0.839857976591537E+000  0.288883991507211E+002
      3.41000000  0.534949496849645E-002 -0.124300441253232E-001  0.435131496003166E+000 -0.361033697262033E-002 -0.939372746958532E-002 -0.934987060381559E-002  0.123829758189596E+001  0.162002593053446E+001  0.161713119102905E+001  0.353089399971471E+000 -0.820435732284247E+000  0.287205277764060E+002
      3.42000000  0.494469237334837E-002 -0.120036353725272E-001  0.433523456431312E+000 -0.352355007664783E-002 -0.100660166766436E-001 -0.446645487550992E-002  0.123188925084249E+001  0.166245718532132E+001  0.129394299853093E+001  0.325416408213263E+000 -0.789974302442673E+000  0.285307225235015E+002
      3.43000000  0.452962222545355E-002 -0.113588009223005E-001  0.431706363104029E+000 -0.361166434837788E-002 -0.107208787241742E-001 -0.604389225670421E-004  0.123699519320333E+001  0.170349746805412E+001  0.100396596492617E+001  0.297231024511350E+000 -0.745357530344110E+000  0.283283060279118E+002
      3.44000000  0.419007887999075E-002 -0.105110307501348E-001  0.429844409614936E+000 -0.385339383215283E-002 -0.112450944423629E-001  0.385359870751289E-002  0.125212228286669E+001  0.173575113402726E+001  0.747864312418988E+000  0.274151124600877E+000 -0.687722351630342E+000  0.281241312334423E+002
      3.45000000  0.397719448263085E-002 -0.953801998164720E-002  0.428097977214914E+000 -0.418831777663695E-002 -0.115514757790539E-001  0.733038068642915E-002  0.127324159106873E+001  0.175360652877563E+001  0.521773421044543E+000  0.259468122138632E+000 -0.622250720794951E+000  0.279286765393038E+002
      3.46000000  0.389584014272860E-002 -0.855106265806262E-002  0.426589477701860E+000 -0.454983462239768E-002 -0.116101813365176E-001  0.104883966838263E-001  0.129596870202768E+001  0.175524729702467E+001  0.317725277841494E+000  0.253426079417166E+000 -0.556250309276180E+000  0.277498292778719E+002
      3.47000000  0.391746019530194E-002 -0.765469396255659E-002  0.425374528544331E+000 -0.489466539831315E-002 -0.114547924570039E-001  0.134855611758272E-001  0.131748251301940E+001  0.174299180831004E+001  0.125286510278313E+000  0.254098085619205E+000 -0.496506150648100E+000  0.275910533829829E+002
      3.48000000  0.400743752033894E-002 -0.691351780671135E-002  0.424429427515383E+000 -0.521422128538054E-002 -0.111630405549671E-001  0.164810163117361E-001  0.133723798810678E+001  0.172198725981703E+001 -0.659357320542471E-001  0.259187344160463E+000 -0.447142671603283E+000  0.274506428466922E+002
      3.49000000  0.415054420589100E-002 -0.633940477776122E-002  0.423661420307081E+000 -0.552410189789036E-002 -0.108240821026905E-001  0.195944490264327E-001  0.135625628067490E+001  0.169805867141896E+001 -0.263670667388809E+000  0.267673817192292E+000 -0.408836189042861E+000  0.273224579585848E+002
      3.50000000  0.436064142769354E-002 -0.590058383221186E-002  0.422940212026986E+000 -0.583991493447998E-002 -0.105086052736075E-001  0.228768374545958E-001  0.137554739366451E+001  0.167577685049001E+001 -0.471140723409381E+000  0.280419756323321E+000 -0.379448828304455E+000  0.271980150541001E+002
      3.51000000  0.467043100224126E-002 -0.554360796447839E-002  0.422140745869537E+000 -0.615419256986144E-002 -0.102534542716690E-001  0.263034701243187E-001  0.139463013004321E+001  0.165749031196013E+001 -0.686678100809154E+000  0.299485720157409E+000 -0.355477133205788E+000  0.270692630345797E+002
      3.52000000  0.510807952462104E-002 -0.521531244060137E-002  0.421182246893058E+000 -0.642742770737370E-002 -0.100627261322936E-001  0.297921282365186E-001  0.141098011812078E+001  0.164342697619495E+001 -0.904956841080807E+000  0.326618862471329E+000 -0.333475508470703E+000  0.269310737450852E+002
      3.53000000  0.567403321395748E-002 -0.487571370005968E-002  0.420049468139442E+000 -0.659781125866638E-002 -0.991870939375945E-002  0.332396297979413E-001  0.142067960531557E+001  0.163242166067206E+001 -0.111937471322271E+001  0.361779074819663E+000 -0.310877840326009E+000  0.267825552356941E+002
      3.54000000  0.633032304718684E-002 -0.450068685349822E-002  0.418788926893887E+000 -0.660415059568545E-002 -0.979331275227786E-002  0.365627208769949E-001  0.141989430220705E+001  0.162266239463099E+001 -0.132467112113813E+001  0.402484246858377E+000 -0.286155310727883E+000  0.266267526281173E+002
      3.55000000  0.700737675786301E-002 -0.407966770719203E-002  0.417482849016816E+000 -0.641012526044447E-002 -0.965426645788480E-002  0.397278483425136E-001  0.140641004967887E+001  0.161209270511040E+001 -0.151879583666605E+001  0.444276550078550E+000 -0.258656093007177E+000  0.264689407016727E+002
      3.56000000  0.762423864978305E-002 -0.361474067245716E-002  0.416212193163207E+000 -0.601839143162691E-002 -0.946682094268263E-002  0.427593531710602E-001  0.138050179339004E+001  0.159852244363232E+001 -0.170338191701638E+001  0.482028547400728E+000 -0.228535369315130E+000  0.263142548517472E+002
      3.57000000  0.811207577829352E-002 -0.312343881338040E-002  0.415023716039563E+000 -0.546915121217799E-002 -0.919601892955202E-002  0.457247770046366E-001  0.134480852156075E+001  0.157977290594618E+001 -0.188276775426456E+001  0.511434543933234E+000 -0.196920560000070E+000  0.261656166356499E+002
      3.58000000  0.843064732842312E-002 -0.264200718022813E-002  0.413913197276158E+000 -0.482579917452280E-002 -0.881394657210471E-002  0.487050855554574E-001  0.130339784635539E+001  0.155413255114009E+001 -0.206208723771483E+001  0.530034539424937E+000 -0.166102910533149E+000  0.260227100403696E+002
      3.59000000  0.857234431065351E-002 -0.222316065539347E-002  0.412829344982846E+000 -0.415576808979071E-002 -0.831149180306391E-002  0.517626877141382E-001  0.126054523259268E+001  0.152108768300650E+001 -0.224525363752466E+001  0.537441790308420E+000 -0.139380710745953E+000  0.258822714322961E+002
      3.60000000  0.855514788568520E-002 -0.192466849815768E-002  0.411694324980455E+000 -0.351524705095062E-002 -0.770883150880740E-002  0.549193223280261E-001  0.121977567738994E+001  0.148196147871737E+001 -0.243359402383229E+001  0.534873764061355E+000 -0.120331605944818E+000  0.257394139981436E+002
      3.61000000  0.841059582138264E-002 -0.179097889075347E-002  0.410431176971370E+000 -0.294257520054151E-002 -0.705717866605638E-002  0.581502672177257E-001  0.118346221986416E+001  0.143999747697677E+001 -0.262552403333473E+001  0.524379658840027E+000 -0.111663064028751E+000  0.255893595564763E+002
      3.62000000  0.817344506625038E-002 -0.183557873680962E-002  0.408987647549638E+000 -0.245966914461700E-002 -0.642780752963679E-002  0.613941000826635E-001  0.115293060200662E+001  0.139965069173687E+001 -0.281719496943078E+001  0.508186183164202E+000 -0.114127610156507E+000  0.254289188811916E+002
      3.63000000  0.787665631723712E-002 -0.203305430815598E-002  0.407349572302051E+000 -0.207707238534207E-002 -0.589109946855651E-002  0.645718953874194E-001  0.112878677924064E+001  0.136527168340197E+001 -0.300371527496850E+001  0.488384134053831E+000 -0.126057482741795E+000  0.252572995587700E+002
      3.64000000  0.755106001843469E-002 -0.232575061722062E-002  0.405542277951856E+000 -0.179788434171382E-002 -0.549418004838245E-002  0.676082195231723E-001  0.111116975329660E+001  0.133972521278180E+001 -0.318046306474259E+001  0.466909611425299E+000 -0.143809652460389E+000  0.250761597646901E+002
      3.65000000  0.722632439185251E-002 -0.264279028306256E-002  0.403622645103503E+000 -0.161841678104129E-002 -0.524701966512302E-002  0.704482078906698E-001  0.109979844718874E+001  0.132355350060765E+001 -0.334413547676824E+001  0.445605830115654E+000 -0.162965664706865E+000  0.248890852488724E+002
      3.66000000  0.693000294893566E-002 -0.292317788360826E-002  0.401665907430420E+000 -0.152677199730145E-002 -0.512282143707161E-002  0.730682889142948E-001  0.109389000798944E+001  0.131503180992659E+001 -0.349339013425928E+001  0.426165814799082E+000 -0.179763052591760E+000  0.247007512086828E+002
      3.67000000  0.668386966725334E-002 -0.313320200014020E-002  0.399750383627764E+000 -0.150235510188605E-002 -0.507154758209409E-002  0.754805096887941E-001  0.109213673268357E+001  0.131102887944188E+001 -0.362908372014404E+001  0.409909689160994E+000 -0.192153635826932E+000  0.245159710844843E+002
      3.68000000  0.649948747475017E-002 -0.327193930211162E-002  0.397941892804842E+000 -0.151862944918528E-002 -0.503959323940095E-002  0.777309261092566E-001  0.109288172537326E+001  0.130822931525928E+001 -0.375414363639669E+001  0.397518704131892E+000 -0.200116867126298E+000  0.243387415026373E+002
      3.69000000  0.637607690565010E-002 -0.336490727560916E-002  0.396279240409784E+000 -0.154895986015163E-002 -0.498701610880226E-002  0.798918569158588E-001  0.109448004096620E+001  0.130418702148462E+001 -0.387306747480047E+001  0.388913891668254E+000 -0.205245200618632E+000  0.241713680458494E+002
      3.70000000  0.630259150531546E-002 -0.345101906523308E-002  0.394763212404118E+000 -0.157300516177123E-002 -0.489669929473058E-002  0.820476125531850E-001  0.109568738788479E+001  0.129787083739919E+001 -0.399103367121627E+001  0.383392586817323E+000 -0.209928745256573E+000  0.240138186103743E+002
      3.71000000  0.626336626955160E-002 -0.356929455384693E-002  0.393352798501611E+000 -0.158046074303881E-002 -0.477493209375486E-002  0.842747947057815E-001  0.109588177798601E+001  0.128968070287617E+001 -0.411269716213255E+001  0.379979507081924E+000 -0.216538316111928E+000  0.238635257865317E+002
      3.72000000  0.624454601319575E-002 -0.374929479324463E-002  0.391972109357386E+000 -0.157040787294095E-002 -0.464672668631826E-002  0.866211385360495E-001  0.109501579347146E+001  0.128114506476505E+001 -0.424091629392468E+001  0.377819357974610E+000 -0.226846939496934E+000  0.237158394522857E+002
      3.73000000  0.623814094423300E-002 -0.400541216076612E-002  0.390528692708199E+000 -0.154707401430334E-002 -0.454964756301256E-002  0.890894120231128E-001  0.109335305505952E+001  0.127453340662735E+001 -0.437580536478687E+001  0.376419944780916E+000 -0.241693324639328E+000  0.235651599184344E+002
      3.74000000  0.624216842939546E-002 -0.433297912346625E-002  0.388939432750269E+000 -0.151474898194414E-002 -0.452751239238173E-002  0.916330327408128E-001  0.109115811636010E+001  0.127246725787980E+001 -0.451450752605574E+001  0.375655849786987E+000 -0.260760178637574E+000  0.234065092568515E+002
      3.75000000  0.625779295744406E-002 -0.470509882986938E-002  0.387156149589684E+000 -0.147470413831395E-002 -0.462258834400124E-002  0.941668596885943E-001  0.108851154197701E+001  0.127744712422134E+001 -0.465188212172492E+001  0.375591882904406E+000 -0.282399392370398E+000  0.232370594858737E+002
      3.76000000  0.628602781475487E-002 -0.507203938131937E-002  0.385181816880215E+000 -0.142525024904944E-002 -0.486453527351444E-002  0.965910480221098E-001  0.108531581741743E+001  0.129119223342892E+001 -0.478196300804653E+001  0.376283113567053E+000 -0.303613478460560E+000  0.230570747722270E+002
      3.77000000  0.632635185300196E-002 -0.536712657244590E-002  0.383071092187941E+000 -0.136377294455834E-002 -0.525711761736020E-002  0.988204552458749E-001  0.108141923090461E+001  0.131385757789701E+001 -0.489972509417132E+001  0.377692418931362E+000 -0.320425272725856E+000  0.228699020846410E+002
      3.78000000  0.637773822778988E-002 -0.552182290978404E-002  0.380914618213717E+000 -0.128830170345887E-002 -0.576779793315065E-002  0.100809566429662E+000  0.107671001306362E+001  0.134343496838699E+001 -0.500255602937960E+001  0.379752958066098E+000 -0.328788750653113E+000  0.226809956556346E+002
      3.79000000  0.644043250560256E-002 -0.548789176912049E-002  0.378812677440124E+000 -0.119679839671510E-002 -0.632743430721252E-002  0.102564591328222E+000  0.107107355916773E+001  0.137576360216387E+001 -0.509094277723699E+001  0.382474159398205E+000 -0.325906185560795E+000  0.224963246252884E+002
      3.80000000  0.651593805798703E-002 -0.525877185090417E-002  0.376847436287214E+000 -0.108447896919108E-002 -0.684491269428730E-002  0.104139464544274E+000  0.106423382929851E+001  0.140542506222687E+001 -0.516819392428083E+001  0.385939852064235E+000 -0.311477735379902E+000  0.223207222839077E+002
      3.81000000  0.660382521808336E-002 -0.487943354075121E-002  0.375062697855155E+000 -0.941612358802720E-003 -0.723485731102613E-002  0.105618479344957E+000  0.105562543879443E+001  0.142739680376817E+001 -0.523937674929577E+001  0.390118791500000E+000 -0.288250923254280E+000  0.221567048781538E+002
      3.82000000  0.669654949073526E-002 -0.443682745746216E-002  0.373456349357467E+000 -0.754756265023028E-003 -0.744880181086632E-002  0.107092483660861E+000  0.104447025699533E+001  0.143888357896099E+001 -0.530989167148121E+001  0.394560854457941E+000 -0.261417978784550E+000  0.220040569414274E+002
      3.83000000  0.677574868719663E-002 -0.403119559173435E-002  0.371985667160712E+000 -0.512635027131269E-003 -0.749595491097141E-002  0.108636444557249E+000  0.103012560508877E+001  0.144050867665996E+001 -0.538414945091437E+001  0.398184904128600E+000 -0.236897987856526E+000  0.218601787128683E+002
      3.84000000  0.681376480039917E-002 -0.373826460183381E-002  0.370581704830533E+000 -0.214681014509427E-003 -0.744218770282551E-002  0.110294070171051E+000  0.101258313019221E+001  0.143621005329018E+001 -0.546468271804520E+001  0.399376208364162E+000 -0.219111458390065E+000  0.217209605115332E+002
      3.85000000  0.678178974808348E-002 -0.357843024005630E-002  0.369167463298943E+000  0.122408452091966E-003 -0.738483508200780E-002  0.112071749580250E+000  0.992843890915691E+000  0.143172415395609E+001 -0.555181608426075E+001  0.396469577016386E+000 -0.209198276024216E+000  0.215818645902000E+002
      3.86000000  0.666209681630924E-002 -0.350763738826700E-002  0.367675204507123E+000  0.464986664385210E-003 -0.741233123617114E-002  0.113941175388229E+000  0.972886881728814E+000  0.143220898332048E+001 -0.564384766462831E+001  0.388463224323878E+000 -0.204528419081134E+000  0.214389402293172E+002
      3.87000000  0.645852192673001E-002 -0.343568062603391E-002  0.366059865207019E+000  0.771686037383878E-003 -0.756578353910756E-002  0.115848568799123E+000  0.955119679170855E+000  0.144001676343678E+001 -0.573761177917425E+001  0.375619775545475E+000 -0.199815004150677E+000  0.212895962830437E+002
      3.88000000  0.619889099839952E-002 -0.326511269056267E-002  0.364306836988822E+000  0.100884022083245E-002 -0.781983812849959E-002  0.117728129155717E+000  0.941478299331593E+000  0.145362012415984E+001 -0.582927800897693E+001  0.359590781566065E+000 -0.189405560543627E+000  0.211330349697219E+002
      3.89000000  0.592625526469219E-002 -0.293402645197914E-002  0.362433057047056E+000  0.116523719496808E-002 -0.809197277074025E-002  0.119517246253876E+000  0.932579648368573E+000  0.146819965235506E+001 -0.591523992132515E+001  0.342891743868587E+000 -0.169762084443040E+000  0.209702919323950E+002
      3.90000000  0.568135341366808E-002 -0.244377936417302E-002  0.360480973445658E+000  0.125835174318386E-002 -0.827642699937515E-002  0.121170541940048E+000  0.927378749401477E+000  0.147764425363393E+001 -0.599292255845937E+001  0.327878903675092E+000 -0.141033947443087E+000  0.208038644603139E+002
      3.91000000  0.548386089293573E-002 -0.185955357546513E-002  0.358506278998560E+000  0.132742581670402E-002 -0.828765056428177E-002  0.122669259046098E+000  0.923588314774612E+000  0.147706872821588E+001 -0.606130971019985E+001  0.315671917102886E+000 -0.107042985513871E+000  0.206369867132630E+002
      3.92000000  0.532178195783733E-002 -0.128421291665457E-002  0.356562426793972E+000  0.141498602231129E-002 -0.809401739872754E-002  0.124022878318007E+000  0.918755801559396E+000  0.146473388807742E+001 -0.612101687109554E+001  0.305560551569213E+000 -0.737356040240220E-001  0.204727312511502E+002
      3.93000000  0.515538679142555E-002 -0.818042814327067E-003  0.354686882522267E+000  0.154458089976464E-002 -0.772759389390408E-002  0.125261893917043E+000  0.911540519366990E+000  0.144256596886686E+001 -0.617385672754160E+001  0.295253449075589E+000 -0.468500176986295E-001  0.203132237489420E+002
      3.94000000  0.493545582107260E-002 -0.522740555104470E-003  0.352894346187493E+000  0.170535619102078E-002 -0.726732208230811E-002  0.126424108947223E+000  0.902580666082425E+000  0.141514944523066E+001 -0.622204109007240E+001  0.281940407054032E+000 -0.298618182864770E-001  0.201592677998170E+002
      3.95000000  0.462842296455203E-002 -0.404864770065867E-003  0.351179862639309E+000  0.185174433930475E-002 -0.680523118536670E-002  0.127540076336289E+000  0.894485971263274E+000  0.138776808634525E+001 -0.626734624969020E+001  0.263731630399273E+000 -0.230695523547581E-001  0.200105388912359E+002
      3.96000000  0.423700003786615E-002 -0.423804505839225E-003  0.349530371692163E+000  0.191982858065724E-002 -0.641223384617821E-002  0.128624398495244E+000  0.890882717314045E+000  0.136445208717663E+001 -0.631062397566330E+001  0.240818339475896E+000 -0.240877735299725E-001  0.198662551227380E+002
      3.97000000  0.380628028303786E-002 -0.517539364866717E-003  0.347938842880736E+000  0.185402061277219E-002 -0.611861677055515E-002  0.129677332268313E+000  0.894888477430541E+000  0.134688779636082E+001 -0.635190415013082E+001  0.215792593199922E+000 -0.293412868530257E-001  0.197259843198645E+002
      3.98000000  0.341170240194754E-002 -0.631917261488314E-003  0.346413199273890E+000  0.163252884271434E-002 -0.591577384606186E-002  0.130696140802485E+000  0.907678241877290E+000  0.133454517178190E+001 -0.639104705720045E+001  0.192936477260380E+000 -0.357357928645783E-001  0.195901442946049E+002
      3.99000000  0.313355185013848E-002 -0.739272855844896E-003  0.344974258976478E+000  0.128037318190403E-002 -0.577481492014092E-002  0.131690250246638E+000  0.927774601144878E+000  0.132575526949217E+001 -0.642860049227993E+001  0.176762552830806E+000 -0.417021206245206E-001  0.194598760747818E+002
      4.00000000  0.302876880712375E-002 -0.839266372022742E-003  0.343642345224810E+000  0.864354348474506E-003 -0.567003820753489E-002  0.132691444675422E+000  0.951363971374190E+000  0.131904524001968E+001 -0.646636482251037E+001  0.170424648946596E+000 -0.472243627470820E-001  0.193362814323683E+002
      4.01000000  0.311170897334195E-002 -0.944681845550801E-003  0.342418474375617E+000  0.472573206790493E-003 -0.559443171750716E-002  0.133751928921967E+000  0.973475268405860E+000  0.131400595208609E+001 -0.650726863875411E+001  0.174654940506530E+000 -0.530233877736557E-001  0.192193674867287E+002
      4.02000000  0.335086065974516E-002 -0.106232146482609E-002  0.341269830008923E+000  0.187693715742202E-003 -0.556016477835673E-002  0.134928712453333E+000  0.989491276760960E+000  0.131130628208919E+001 -0.655448039677388E+001  0.187610262531193E+000 -0.594779757042184E-001  0.191072470339064E+002
      4.03000000  0.368091978675460E-002 -0.118049408677734E-002  0.340128325600015E+000  0.649388793630747E-004 -0.558585358903338E-002  0.136259801482438E+000  0.996373179856219E+000  0.131196852356586E+001 -0.661007577665671E+001  0.205578447937251E+000 -0.659302990062599E-001  0.189960817749840E+002
      4.04000000  0.402307694009849E-002 -0.126976908425365E-002  0.338905550751946E+000  0.122212243416652E-003 -0.567936942043667E-002  0.137742580636319E+000  0.993191371681440E+000  0.131640623219489E+001 -0.667384681741437E+001  0.224131681215559E+000 -0.707407498903924E-001  0.188809391404429E+002
      4.05000000  0.430413878505421E-002 -0.129574487168382E-002  0.337519794214454E+000  0.343040459991431E-003 -0.582660107420157E-002  0.139324894515658E+000  0.980935887230298E+000  0.132380722654529E+001 -0.674283447713346E+001  0.239197986082378E+000 -0.720096584384268E-001  0.187573075755315E+002
      4.06000000  0.446793135282175E-002 -0.123603369750758E-002  0.335924809917586E+000  0.687067209798883E-003 -0.599247942733950E-002  0.140914410294115E+000  0.961911009331943E+000  0.133220548111046E+001 -0.681188154832535E+001  0.247689007969047E+000 -0.685220824081401E-001  0.186226860598762E+002
      4.07000000  0.447820819401729E-002 -0.109187145195783E-002  0.334128500548730E+000  0.110077539261995E-002 -0.613339393167565E-002  0.142404077869177E+000  0.939126176773260E+000  0.133918194436391E+001 -0.687506763059346E+001  0.247648753599332E+000 -0.603814276721866E-001  0.184775926258749E+002
      4.08000000  0.431735547421423E-002 -0.888304018819483E-003  0.332193499437642E+000  0.152371264807073E-002 -0.621397976240694E-002  0.143704517391947E+000  0.915943909859731E+000  0.134279615890833E+001 -0.692750515181172E+001  0.238168280198781E+000 -0.490035721449152E-001  0.183255594603726E+002
      4.09000000  0.398651850768343E-002 -0.663458182297768E-003  0.330218965634371E+000  0.189068907848733E-002 -0.621936800389097E-002  0.144771150748923E+000  0.895954552363047E+000  0.134225454377803E+001 -0.696681979918117E+001  0.219379858573451E+000 -0.365103942001921E-001  0.181720942319761E+002
      4.10000000  0.350975505068323E-002 -0.453202698745825E-003  0.328310411475747E+000  0.213463997918624E-002 -0.615707487848845E-002  0.145616102095496E+000  0.882816340124087E+000  0.133800011965782E+001 -0.699377316399733E+001  0.192672275473741E+000 -0.248791137721136E-001  0.180229996473510E+002
      4.11000000  0.293960057583728E-002 -0.279447181429295E-003  0.326548783926227E+000  0.219520337535653E-002 -0.604873058199310E-002  0.146301134770130E+000  0.879784846466950E+000  0.133124451417913E+001 -0.701183779867058E+001  0.160980316683745E+000 -0.153032681149394E-001  0.178826766742496E+002
      4.12000000  0.235761959111223E-002 -0.147612912819890E-003  0.324969645272284E+000  0.203411307706854E-002 -0.591732683555143E-002  0.146915262575965E+000  0.888876950430544E+000  0.132326197136163E+001 -0.702594122705620E+001  0.128796123304337E+000 -0.806405367198946E-002  0.177530041998464E+002
      4.13000000  0.186397646417415E-002 -0.532207663744807E-004  0.323558692845221E+000  0.165260391832153E-002 -0.577762302197353E-002  0.147546018486839E+000  0.909937291830434E+000  0.131486575238806E+001 -0.704088254737887E+001  0.101581974039102E+000 -0.290039633659693E-002  0.176331254006961E+002
      4.14000000  0.155509358257854E-002  0.767935290856321E-005  0.322263320915817E+000  0.110195964877578E-002 -0.563490852241615E-002  0.148254713134612E+000  0.940091061260000E+000  0.130634641644998E+001 -0.705998889066855E+001  0.845439361388281E-001  0.417494309771742E-003  0.175201093545877E+002
      4.15000000  0.149549747655187E-002  0.314899674919966E-004  0.321014299281421E+000  0.479076400086762E-003 -0.549203339918463E-002  0.149063306190955E+000  0.974017379130217E+000  0.129785942615699E+001 -0.708442112709893E+001  0.811080319087457E-001  0.170785262308508E-002  0.174101517638890E+002
      4.16000000  0.169491967812280E-002  0.846240304091156E-005  0.319749007229108E+000 -0.952436298623983E-004 -0.535952822888848E-002  0.149955364937557E+000  0.100515310371505E+001  0.128997429924818E+001 -0.711325176568611E+001  0.917026881762589E-001  0.457853618256425E-003  0.172998425135252E+002
      4.17000000  0.210139988594482E-002 -0.676151125777820E-004  0.318428577404821E+000 -0.509346096349096E-003 -0.526155392070185E-002  0.150888365841198E+000  0.102749180169550E+001  0.128399078354570E+001 -0.714415396838823E+001  0.113422424087353E+000 -0.364950527731812E-002  0.171870862797270E+002
      4.18000000  0.261509857096170E-002 -0.186713033812175E-003  0.317044812135136E+000 -0.692972540076136E-003 -0.523246274533797E-002  0.151811320521257E+000  0.103731350270696E+001  0.128174494878363E+001 -0.717436736900726E+001  0.140811478036077E+000 -0.100536700802157E-001  0.170714592161631E+002
      4.19000000  0.311851441773811E-002 -0.314497884830615E-003  0.315617006286576E+000 -0.635842894881297E-003 -0.530380041090064E-002  0.152681263422347E+000  0.103415561229986E+001  0.128490457628593E+001 -0.720158891589156E+001  0.167517432782950E+000 -0.168939024244450E-001  0.169540183412445E+002
      4.20000000  0.351135477439763E-002 -0.394900555477047E-003  0.314182047491714E+000 -0.385255451021402E-003 -0.548697043947213E-002  0.153474115191552E+000  0.102064551769295E+001  0.129404216082722E+001 -0.722454958702330E+001  0.188170568200507E+000 -0.211623907810794E-001  0.168367533881723E+002
      4.21000000  0.373630257104792E-002 -0.364412719405803E-003  0.312782330463663E+000 -0.245772418832860E-004 -0.575972775228341E-002  0.154188521152676E+000  0.100131394541382E+001  0.130792584053604E+001 -0.724320732140922E+001  0.199749738037666E+000 -0.194821869628420E-001  0.167219296041660E+002
      4.22000000  0.378645310858782E-002 -0.173528938293238E-003  0.311455143021899E+000  0.357253480252020E-003 -0.606367085264225E-002  0.154843940348157E+000  0.980945818718148E+000  0.132340702063482E+001 -0.725863056032001E+001  0.201951185738953E+000 -0.925519842537044E-002  0.166115183877785E+002
      4.23000000  0.369394237067131E-002  0.192953498463751E-003  0.310225165928020E+000  0.691912778009108E-003 -0.631544221960969E-002  0.155475479156850E+000  0.963183944229811E+000  0.133603899271751E+001 -0.727271022224145E+001  0.196551346720047E+000  0.102668818762601E-001  0.165068016853011E+002
      4.24000000  0.350776257886805E-002  0.705069924584722E-003  0.309099845783817E+000  0.943619714340025E-003 -0.642855328527141E-002  0.156127542085234E+000  0.949909262657698E+000  0.134125079119266E+001 -0.728781296495110E+001  0.186204687467903E+000  0.374276542378425E-001  0.164081344978388E+002
      4.25000000  0.327269851495915E-002  0.129093421424807E-002  0.308066651798463E+000  0.110479189571933E-002 -0.633829130251797E-002  0.156846984784806E+000  0.941491653430331E+000  0.133566769056156E+001 -0.730641298126280E+001  0.173317870698714E+000  0.683662024481916E-001  0.163148105084951E+002
      4.26000000  0.301894670582375E-002  0.185326273870545E-002  0.307091869720562E+000  0.118162690808213E-002 -0.602096043403162E-002  0.157675239662375E+000  0.937569466156547E+000  0.131811375619146E+001 -0.733067469832222E+001  0.159504199845465E+000  0.979160015214547E-001  0.162250108172945E+002
      4.27000000  0.276490170291837E-002  0.229341349972003E-002  0.306122004889844E+000  0.118002622074819E-002 -0.550109903674973E-002  0.158638836186109E+000  0.937800046771161E+000  0.128996652513034E+001 -0.736195672397614E+001  0.145739775591443E+000  0.120887324288885E+000  0.161358909248593E+002
      4.28000000  0.252784600240792E-002  0.253484808770114E-002  0.305089879323306E+000  0.110049853926871E-002 -0.484503605415917E-002  0.159739134700497E+000  0.942127535536008E+000  0.125478832262459E+001 -0.740028138756675E+001  0.132933095978491E+000  0.133301318123134E+000  0.160439133442144E+002
      4.29000000  0.233310591582694E-002  0.253891088222941E-002  0.303927002452808E+000  0.944196003376432E-003 -0.414404877455987E-002  0.160944248504824E+000  0.950462835829242E+000  0.121741717158610E+001 -0.744392650679770E+001  0.122406206303341E+000  0.133203746614229E+000  0.159455047072770E+002
      4.30000000  0.221379712467100E-002  0.230935109545280E-002  0.302581421285642E+000  0.724851994857221E-003 -0.349346292385673E-002  0.162187642504425E+000  0.962059141080469E+000  0.118285799704638E+001 -0.748937232208883E+001  0.115876572016818E+000  0.120878144407257E+000  0.158379905113335E+002
      4.31000000  0.219954187369471E-002  0.188633894642771E-002  0.301036811311099E+000  0.477302834324393E-003 -0.297430491601297E-002  0.163377354380267E+000  0.975074549373677E+000  0.115532254367743E+001 -0.753180389307508E+001  0.114863286849972E+000  0.985073728720811E-001  0.157205816463702E+002
      4.32000000  0.229987673738662E-002  0.133400219660438E-002  0.299325801248124E+000  0.254797919484162E-003 -0.264189728214803E-002  0.164416620158088E+000  0.986724881508913E+000  0.113764437140146E+001 -0.756620069316693E+001  0.119824903851307E+000  0.695022834689779E-001  0.155950468004332E+002
      4.33000000  0.249228535800197E-002  0.726602642974789E-003  0.297530331376765E+000  0.113622797188537E-003 -0.252239768225572E-002  0.165231741472380E+000  0.994093858389280E+000  0.113111486672198E+001 -0.758878753092498E+001  0.129549620524289E+000  0.377689883572533E-001  0.154657015500130E+002
      4.34000000  0.272338684800243E-002  0.137351481684493E-003  0.295765210282475E+000  0.912006631907674E-004 -0.261531815348887E-002  0.165798427108060E+000  0.995270289679422E+000  0.113563165912816E+001 -0.759838628791933E+001  0.141236153677754E+000  0.712311399656174E-002  0.153385262628513E+002
      4.35000000  0.292534936008974E-002 -0.368558267713931E-003  0.294147245033421E+000  0.188536400298838E-003 -0.289867400797229E-002  0.166156088344520E+000  0.990244888685497E+000  0.114998105176193E+001 -0.759712572645976E+001  0.151361268149038E+000 -0.190696699509018E-001  0.152195497188201E+002
      4.36000000  0.304142306788706E-002 -0.737525327822943E-003  0.292758972312884E+000  0.366865853283476E-003 -0.333387436346571E-002  0.166402272874387E+000  0.981061434639690E+000  0.117210322784326E+001 -0.759011623112448E+001  0.157006134651148E+000 -0.380729672735885E-001  0.151129762618724E+002
      4.37000000  0.304896914113421E-002 -0.929833498026814E-003  0.291619963936776E+000  0.561917500861739E-003 -0.386919214908833E-002  0.166666235765667E+000  0.971058742528546E+000  0.119928065244732E+001 -0.758405448076447E+001  0.157035509306542E+000 -0.478905722471845E-001  0.150197287807680E+002
      4.38000000  0.296859540045943E-002 -0.922535693108698E-003  0.290677542488983E+000  0.710455468552927E-003 -0.444257664608738E-002  0.167069084702742E+000  0.963491917230001E+000  0.122829010836918E+001 -0.758515732880337E+001  0.152546825786782E+000 -0.474062216888704E-001  0.149370090741683E+002
      4.39000000  0.285415504580686E-002 -0.713359302582710E-003  0.289822265777618E+000  0.777236252567809E-003 -0.498568199765112E-002  0.167684317487022E+000  0.960151240669045E+000  0.125561499655826E+001 -0.759714403315597E+001  0.146332002834192E+000 -0.365737998854300E-001  0.148591341172894E+002
      4.40000000  0.276750097226986E-002 -0.324283946936485E-003  0.288924013275737E+000  0.769657942724779E-003 -0.543074725661073E-002  0.168513705149109E+000  0.960629461537063E+000  0.127780060710078E+001 -0.762003097975875E+001  0.141566788863670E+000 -0.165881918408802E-001  0.147794147842713E+002
      4.41000000  0.274946077613587E-002  0.197712675114410E-003  0.287875930661340E+000  0.732861109127994E-003 -0.572050456791688E-002  0.169488316818228E+000  0.962596748148075E+000  0.129195910440448E+001 -0.765022597181361E+001  0.140325052845504E+000  0.100907209968085E-001  0.146924100658655E+002
      4.42000000  0.280063170614006E-002  0.785118230559130E-003  0.286629767331172E+000  0.727281156552665E-003 -0.581930015055093E-002  0.170494845788232E+000  0.962965512288536E+000  0.129632941534805E+001 -0.768190962232788E+001  0.142613292769770E+000  0.399796573852018E-001  0.145957124013532E+002
      4.43000000  0.288109239290481E-002  0.136043206623522E-002  0.285209195078237E+000  0.799111090122603E-003 -0.572203488255680E-002  0.171417293034748E+000  0.959399656573814E+000  0.129071875512675E+001 -0.770917830126738E+001  0.146379323276017E+000  0.691193124208442E-001  0.144905901214635E+002
      4.44000000  0.292912361892751E-002  0.185129523814826E-002  0.283696423335151E+000  0.957584931750865E-003 -0.545719404649438E-002  0.172177910733286E+000  0.951457671053298E+000  0.127663855157637E+001 -0.772812061159870E+001  0.148484460773163E+000  0.938466964630934E-001  0.143812675470551E+002
      4.45000000  0.288995087363190E-002  0.220639879759880E-002  0.282198115657003E+000  0.116967824548013E-002 -0.508151303590688E-002  0.172761845441121E+000  0.940839385387176E+000  0.125701549595285E+001 -0.773804142073882E+001  0.146169487673725E+000  0.111596423590285E+000  0.142731678813059E+002
      4.46000000  0.274086211141847E-002  0.240715459618380E-002  0.280804633047664E+000  0.137437293163901E-002 -0.466645291179169E-002  0.173216895573137E+000  0.930642088071579E+000  0.123549316391745E+001 -0.774141356476576E+001  0.138317969275634E+000  0.121477375344629E+000  0.141708429783947E+002
      4.47000000  0.250109579878164E-002  0.247072305792911E-002  0.279558588517728E+000  0.150925904739814E-002 -0.427976047982880E-002  0.173630076054002E+000  0.924005433788244E+000  0.121549550537099E+001 -0.774266239038632E+001  0.125935763386757E+000  0.124406428002133E+000  0.140763997418470E+002
      4.48000000  0.222253899589060E-002  0.244249937559703E-002  0.278443986880369E+000  0.153660303247887E-002 -0.396773677404916E-002  0.174091741917479E+000  0.922801307037065E+000  0.119933846706227E+001 -0.774634153883516E+001  0.111660007116554E+000  0.122710781752586E+000  0.139889817969943E+002
      4.49000000  0.196661338223910E-002  0.237984387740626E-002  0.277398213830896E+000  0.145682711417280E-002 -0.374431260036945E-002  0.174662072959526E+000  0.926972244918608E+000  0.118769471055817E+001 -0.775545146160950E+001  0.985822950580466E-001  0.119296692188392E+000  0.139054034775849E+002
      4.50000000  0.177905678807198E-002  0.233234610575221E-002  0.276339950088691E+000  0.130403650519305E-002 -0.359111405598901E-002  0.175352402159252E+000  0.934776588475054E+000  0.117961514802234E+001 -0.777052279010210E+001  0.889822888796272E-001  0.116655913594659E+000  0.138215718759725E+002
      4.51000000  0.167455909187591E-002  0.232571606650796E-002  0.275200609775604E+000  0.112724480605067E-002 -0.346883371484594E-002  0.176126711076005E+000  0.943744113021775E+000  0.117311440812250E+001 -0.778971834596574E+001  0.835699632460275E-001  0.116066376601280E+000  0.137340658539961E+002
      4.52000000  0.163750483214484E-002  0.235547756379143E-002  0.273947057282817E+000  0.967641889075108E-003 -0.333578448274712E-002  0.176920115683402E+000  0.951816038701763E+000  0.116610619303550E+001 -0.780977984026373E+001  0.815399481446163E-001  0.117291573519077E+000  0.136412598037667E+002
      4.53000000  0.163659054499187E-002  0.239303737075429E-002  0.272588417142432E+000  0.843327750026672E-003 -0.316636014754437E-002  0.177665036295139E+000  0.958098992588772E+000  0.115732161073163E+001 -0.782734382010226E+001  0.813145216111781E-001  0.118898822674991E+000  0.135436421800880E+002
      4.54000000  0.164431929880142E-002  0.240168876200057E-002  0.271166999456610E+000  0.748140105906777E-003 -0.296180359349339E-002  0.178314222269872E+000  0.962910296678256E+000  0.114683401639964E+001 -0.784008429680562E+001  0.815185744986135E-001  0.119065831320192E+000  0.134433423380009E+002
      4.55000000  0.165073347836852E-002  0.235576891313304E-002  0.269739412833353E+000  0.663350312968352E-003 -0.274863632003001E-002  0.178852836229166E+000  0.967186102495728E+000  0.113596657560677E+001 -0.784729911426484E+001  0.816567025101254E-001  0.116532634639740E+000  0.133431782160001E+002
      4.56000000  0.166477682702227E-002  0.225455290106458E-002  0.268356516214948E+000  0.574383508599825E-003 -0.256530458446180E-002  0.179297397296632E+000  0.971649325550623E+000  0.112661943466110E+001 -0.784983998368735E+001  0.821707885883214E-001  0.111281216069021E+000  0.132456592392861E+002
      4.57000000  0.170388933733659E-002  0.212450358182664E-002  0.267049523587986E+000  0.482750383720351E-003 -0.244285538901792E-002  0.179684776785800E+000  0.976224333347123E+000  0.112031169185796E+001 -0.784955351569540E+001  0.839172919671324E-001  0.104632726700458E+000  0.131523053461011E+002
      4.58000000  0.177878246355975E-002  0.200852785976142E-002  0.265825624112004E+000  0.406800963322979E-003 -0.238834738925301E-002  0.180057450017118E+000  0.980008620193899E+000  0.111737032129287E+001 -0.784854559046958E+001  0.874145319887617E-001  0.987048874408561E-001  0.130634425503998E+002
      4.59000000  0.188247356808142E-002  0.194675664935571E-002  0.264672080560808E+000  0.371521838144773E-003 -0.237874121213405E-002  0.180451083395754E+000  0.981782115818978E+000  0.111664356559949E+001 -0.784856985543562E+001  0.923086664525482E-001  0.954608411276689E-001  0.129784169180604E+002
      4.60000000  0.198972535004303E-002  0.195736705870891E-002  0.263564838979595E+000  0.393608401225017E-003 -0.236846083222053E-002  0.180888009650476E+000  0.980741041234620E+000  0.111588698148512E+001 -0.785071230229805E+001  0.973557433013295E-001  0.957724767943584E-001  0.128960264824483E+002
      4.61000000  0.206699786087441E-002  0.202615429465966E-002  0.262477110172972E+000  0.470248587983826E-003 -0.230767207013401E-002  0.181376814610117E+000  0.977041006225763E+000  0.111266770394430E+001 -0.785537833357151E+001  0.100917242989804E+000  0.989231334775088E-001  0.128149461632156E+002
      4.62000000  0.208738660629902E-002  0.210975000519284E-002  0.261384862209867E+000  0.577563375270755E-003 -0.216343049311379E-002  0.181915718948112E+000  0.971862601220857E+000  0.110539675665404E+001 -0.786246487814073E+001  0.101692094517149E+000  0.102781581662066E+000  0.127339966793818E+002
      4.63000000  0.204279305194448E-002  0.215130872707627E-002  0.260268579653437E+000  0.679212518149344E-003 -0.193452278138390E-002  0.182496597578324E+000  0.966981984580543E+000  0.109404141018935E+001 -0.787156127401432E+001  0.993046663386602E-001  0.104579852144300E+000  0.126522284948637E+002
      4.64000000  0.194761670551121E-002  0.210199180562286E-002  0.259112722906931E+000  0.740499073844432E-003 -0.165368440171257E-002  0.183107329574773E+000  0.964080290585518E+000  0.108021598577348E+001 -0.788206657145574E+001  0.944738873872648E-001  0.101962227255205E+000  0.125688931170323E+002
      4.65000000  0.183299837104610E-002  0.193922607138499E-002  0.257905180691908E+000  0.741129662746936E-003 -0.137652393899940E-002  0.183731982701877E+000  0.964127014804500E+000  0.106662804819059E+001 -0.789320051092712E+001  0.887228331736126E-001  0.938645848982503E-001  0.124834144331943E+002
      4.66000000  0.173520235386801E-002  0.167450119898319E-002  0.256638445771215E+000  0.681373046002857E-003 -0.116220481932503E-002  0.184350092595116E+000  0.967090195043413E+000  0.105613361747719E+001 -0.790397063198278E+001  0.838089668515710E-001  0.808771467867506E-001  0.123954436475566E+002
      4.67000000  0.168370379853203E-002  0.134836738397528E-002  0.255312695450059E+000  0.580276901596031E-003 -0.105407005441654E-002  0.184937142818324E+000  0.972033077534374E+000  0.105080177309165E+001 -0.791319768198377E+001  0.811474891713101E-001  0.649856749064052E-001  0.123050053147086E+002
      4.68000000  0.169336521534730E-002  0.101583087306414E-002  0.253939251449930E+000  0.468321949903022E-003 -0.106766581032820E-002  0.185467903753969E+000  0.977477067475423E+000  0.105134708080584E+001 -0.791967818845641E+001  0.814387420718386E-001  0.488541914705116E-001  0.122126597459988E+002
      4.69000000  0.176208545986274E-002  0.728907027535127E-003  0.252541901209257E+000  0.378431080615495E-003 -0.118969441452014E-002  0.185922741927554E+000  0.981838980251812E+000  0.105709378764891E+001 -0.792248750364765E+001  0.845630036056094E-001  0.349804643427501E-001  0.121195607074525E+002
      4.70000000  0.187265868885206E-002  0.523245086056363E-003  0.251153865045159E+000  0.338309075853954E-003 -0.138646090343654E-002  0.186295061719106E+000  0.983798990884321E+000  0.106639510240276E+001 -0.792133320839465E+001  0.896782340588005E-001  0.250572598075755E-001  0.120273038692912E+002
      4.71000000  0.199679107487074E-002  0.412854200153940E-003  0.249809830489650E+000  0.364996843447771E-003 -0.161680130280366E-002  0.186596630728001E+000  0.982558072497954E+000  0.107726130133712E+001 -0.791680288119976E+001  0.954196886626286E-001  0.197288638443547E-001  0.119375414634851E+002
      4.72000000  0.210020436259170E-002  0.392841570813992E-003  0.248534866056910E+000  0.461124431757059E-003 -0.184374460996511E-002  0.186857488833416E+000  0.978011155405464E+000  0.108791946578510E+001 -0.791035043974414E+001  0.100148819202289E+000  0.187327577027047E-001  0.118514530345434E+002
      4.73000000  0.214908628486586E-002  0.446869792991035E-003  0.247334129811622E+000  0.612616845363375E-003 -0.204110247277824E-002  0.187118762680793E+000  0.970848958926576E+000  0.109712475663926E+001 -0.790394506419536E+001  0.102263107902784E+000  0.212640572791098E-001  0.117692607240038E+002
      4.74000000  0.211825775974279E-002  0.555082702987001E-003  0.246187998227577E+000  0.788981850054932E-003 -0.219432853765395E-002  0.187419565392708E+000  0.962535930837197E+000  0.110419564923434E+001 -0.789944370690671E+001  0.100583499113603E+000  0.263575857598410E-001  0.116900080680030E+002
      4.75000000  0.199986419025898E-002  0.699469065460401E-003  0.245055909829211E+000  0.948163104625302E-003 -0.229753792663184E-002  0.187782126882163E+000  0.955072141561161E+000  0.110886677431555E+001 -0.789788768699233E+001  0.947617712591397E-001  0.331437144116367E-001  0.116117545311558E+002
      4.76000000  0.180927265192623E-002  0.865836474031419E-003  0.243889067782414E+000  0.104687956495104E-002 -0.234942384541855E-002  0.188200966494451E+000  0.950498763742467E+000  0.111109146527909E+001 -0.789899929107274E+001  0.855506554867960E-001  0.409406939406855E-001  0.115321864798186E+002
      4.77000000  0.158411011614365E-002  0.104330976403483E-002  0.242648328065025E+000  0.105442338267490E-002 -0.235004356475265E-002  0.188641248072438E+000  0.950246581652896E+000  0.111088781084733E+001 -0.790111798266284E+001  0.747469134423340E-001  0.492290174976585E-001  0.114494651539482E+002
      4.78000000  0.137434930053135E-002  0.122275234291566E-002  0.241320791784861E+000  0.964732788587966E-003 -0.229906762046964E-002  0.189048362928610E+000  0.954573903607033E+000  0.110825553829705E+001 -0.790166609750768E+001  0.647135917241093E-001  0.575753892176827E-001  0.113630029775303E+002
      4.79000000  0.122561401208328E-002  0.139495253450307E-002  0.239928274032868E+000  0.800538375955165E-003 -0.219519635813086E-002  0.189366336510899E+000  0.962383973484465E+000  0.110314878948274E+001 -0.789802331692683E+001  0.575896553632782E-001  0.655466035131332E-001  0.112738484361585E+002
      4.80000000  0.116221079767796E-002  0.154871255526301E-002  0.238523414187806E+000  0.605907682523367E-003 -0.203649506958196E-002  0.189558708645616E+000  0.971588674402061E+000  0.109549231041192E+001 -0.788850619755562E+001  0.544966672955100E-001  0.726199352382316E-001  0.111844866448950E+002
      4.81000000  0.117800079613002E-002  0.166893313926091E-002  0.237173870447625E+000  0.428885020801974E-003 -0.182195361529506E-002  0.189623930600629E+000  0.979931168919985E+000  0.108525473627549E+001 -0.787307890780752E+001  0.551222305350052E-001  0.780944440377920E-001  0.110980848286715E+002
      4.82000000  0.124051898568153E-002  0.173549034598584E-002  0.235939899379528E+000  0.301443375153615E-003 -0.155475748119180E-002  0.189598972827836E+000  0.985923814513377E+000  0.107260088127934E+001 -0.785350460343594E+001  0.579272154620487E-001  0.810403745243734E-001  0.110174383021984E+002
      4.83000000  0.130756668098830E-002  0.172444744382421E-002  0.234853532684803E+000  0.226376494664995E-003 -0.124698243635076E-002  0.189549230166055E+000  0.989451019839744E+000  0.105810847544361E+001 -0.783285639426709E+001  0.609316572216101E-001  0.803579978532036E-001  0.109440039723394E+002
      4.84000000  0.134891091276905E-002  0.161297165949957E-002  0.233907176778729E+000  0.178212300111799E-003 -0.923948680517738E-003  0.189548157335071E+000  0.991712594497994E+000  0.104296637983849E+001 -0.781455680112048E+001  0.627283959254513E-001  0.750080112154482E-001  0.108773840109727E+002
      4.85000000  0.136239939392624E-002  0.138779048298536E-002  0.233055864987207E+000  0.118568791491883E-003 -0.625315066617072E-003  0.189654093419818E+000  0.994497564882116E+000  0.102901906597008E+001 -0.780129864488907E+001  0.632250204746051E-001  0.644033475736868E-001  0.108154494939101E+002
      4.86000000  0.137590681679610E-002  0.105467542169350E-002  0.232232101862288E+000  0.188997564923929E-004 -0.400289558787272E-003  0.189892727881784E+000  0.999124721592365E+000  0.101853805935274E+001 -0.779424052626121E+001  0.637204785228011E-001  0.488437310842293E-001  0.107550456748800E+002
      4.87000000  0.143333631163681E-002  0.644635499676449E-003  0.231367498594369E+000 -0.120684089456763E-003 -0.296482419579756E-003  0.190251255921750E+000  0.100557759957561E+001  0.101370238798724E+001 -0.779275245862772E+001  0.662438274960379E-001  0.297928144927995E-001  0.106930024312108E+002
      4.88000000  0.157101622297223E-002  0.212608354225410E-003  0.230413149869126E+000 -0.266387465018230E-003 -0.345165261641966E-003  0.190685583976313E+000  0.101228627519190E+001  0.101591965068975E+001 -0.779476652439793E+001  0.724581302842408E-001  0.980588462723667E-002  0.106270742391401E+002
      4.89000000  0.179598517379244E-002 -0.173072594687890E-003  0.229351729536558E+000 -0.362730123952581E-003 -0.548361615434413E-003  0.191137016133960E+000  0.101669556192217E+001  0.102523971598075E+001 -0.779755961183884E+001  0.826647132408095E-001 -0.796609939685990E-002  0.105564874532836E+002
      4.90000000  0.207704213127415E-002 -0.448160676318568E-003  0.228197934071243E+000 -0.356328009540650E-003 -0.873627922502232E-003  0.191551686117144E+000  0.101636741737973E+001  0.104012884886769E+001 -0.779865268102838E+001  0.954059590254295E-001 -0.205856195586312E-001  0.104819456571799E+002
      4.91000000  0.235328514071792E-002 -0.571056389050134E-003  0.226988490205405E+000 -0.220281306190238E-003 -0.125994264798501E-002  0.191895700139884E+000  0.101009769913121E+001  0.105775579417956E+001 -0.779650242727004E+001  0.107874634175199E+000 -0.261772353873786E-001  0.104051565699424E+002
      4.92000000  0.255633981368383E-002 -0.535318307113654E-003  0.225766566178312E+000  0.323196542510609E-004 -0.163367317917016E-002  0.192161337932956E+000  0.998521477701161E+000  0.107473539802297E+001 -0.779077544894332E+001  0.116944487975664E+000 -0.244891250350601E-001  0.103281087054305E+002
      4.93000000  0.263597034516093E-002 -0.370973551492462E-003  0.224566800005379E+000  0.351867631737983E-003 -0.192917859400040E-002  0.192363477572625E+000  0.983935815841831E+000  0.108807482533971E+001 -0.778217275561626E+001  0.120342734712439E+000 -0.169364468665384E-001  0.102523850042095E+002
      4.94000000  0.257751401489084E-002 -0.133949663157797E-003  0.223406062335656E+000  0.670567445833538E-003 -0.210641841656226E-002  0.192529019375932E+000  0.969447848958263E+000  0.109597187280678E+001 -0.777193743364505E+001  0.117435759794828E+000 -0.610296602707836E-002  0.101787460792020E+002
      4.95000000  0.240400441458254E-002  0.112139574190188E-003  0.222282274689339E+000  0.926687580937093E-003 -0.215913609633883E-002  0.192684167937808E+000  0.957863891912242E+000  0.109817504173253E+001 -0.776127089004162E+001  0.109309104751210E+000  0.509894091190340E-002  0.101070847877679E+002
      4.96000000  0.216344151767777E-002  0.314615496412929E-003  0.221180391112455E+000  0.108372165480833E-002 -0.211125815775537E-002  0.192844463266822E+000  0.950822963873879E+000  0.109580450684439E+001 -0.775088090628964E+001  0.981724792519766E-001  0.142765972833424E-001  0.100367064142964E+002
      4.97000000  0.190845456272935E-002  0.443834339481508E-003  0.220082236027361E+000  0.113681417115131E-002 -0.200414388803252E-002  0.193010747956944E+000  0.948517531137783E+000  0.109076089824474E+001 -0.774080397124473E+001  0.864274523435659E-001  0.200997560922366E-001  0.996678010437793E+001
      4.98000000  0.167829971570478E-002  0.495217337815607E-003  0.218975986315446E+000  0.110552765324460E-002 -0.188084974041855E-002  0.193171688292857E+000  0.950034925066035E+000  0.108500628450472E+001 -0.773052596409153E+001  0.758518982412900E-001  0.223816847275922E-001  0.989676878084333E+001
      4.99000000  0.149078155846716E-002  0.482361899373961E-003  0.217861764869781E+000  0.101849422992354E-002 -0.177404267698027E-002  0.193311038064662E+000  0.954060707460949E+000  0.108001838706605E+001 -0.771931530662354E+001  0.672418636396064E-001  0.217569857088891E-001  0.982667849790182E+001
      5.00000000  0.134595041652572E-002  0.426079124841525E-003  0.216751626236924E+000  0.898553074731269E-003 -0.170159157408297E-002  0.193416329768921E+000  0.959551724922475E+000  0.107659697127929E+001 -0.770661637134605E+001  0.605878208191803E-001  0.191799083782951E-001  0.975705236349452E+001
      5.01000000  0.123749243622360E-002  0.345203150006420E-003  0.215664433136283E+000  0.755499402077488E-003 -0.166968845159523E-002  0.193485477344426E+000  0.966059153110579E+000  0.107501083380449E+001 -0.769234435370239E+001  0.555944070758836E-001  0.155082680779041E-001  0.968873500686332E+001
      5.02000000  0.116452501765886E-002  0.253088774711116E-003  0.214617985076006E+000  0.588815431036084E-003 -0.167977814561626E-002  0.193528820972436E+000  0.973600132853205E+000  0.107531378687262E+001 -0.767697226235763E+001  0.522121264743645E-001  0.113473758949589E-001  0.962251665746891E+001
      5.03000000  0.113726136833059E-002  0.160100650893584E-003  0.213621671641076E+000  0.397442824700768E-003 -0.173430743410644E-002  0.193566015511852E+000  0.982215856614213E+000  0.107760404809524E+001 -0.766138614295026E+001  0.508883743384598E-001  0.716393089696110E-002  0.955880494669062E+001
      5.04000000  0.117384030385324E-002  0.790823143564204E-004  0.212672595555447E+000  0.190430905779461E-003 -0.183773792093148E-002  0.193619196270548E+000  0.991495805739347E+000  0.108206903294295E+001 -0.764657578000041E+001  0.524209341655532E-001  0.353162928630862E-002  0.949745556855856E+001
      5.05000000  0.129028605155150E-002  0.294246435506457E-004  0.211756655083507E+000 -0.758507539765708E-005 -0.199239537907938E-002  0.193705317670677E+000  0.100033806078807E+001  0.108879948012095E+001 -0.763329221018774E+001  0.575070248546913E-001  0.131143300043640E-002  0.943782598625377E+001
      5.06000000  0.148876469435041E-002  0.364313505418713E-004  0.210854009544670E+000 -0.159184069735016E-003 -0.219178362729804E-002  0.193830876383696E+000  0.100708068643766E+001  0.109749300058682E+001 -0.762181536063153E+001  0.662219278455264E-001  0.162050744221305E-002  0.937902346757331E+001
      5.07000000  0.174980251453848E-002  0.125410242510528E-003  0.209946475451332E+000 -0.224348203409048E-003 -0.241542215421833E-002  0.193991212847391E+000  0.100995957742667E+001  0.110722877918116E+001 -0.761192768691388E+001  0.776796665189162E-001  0.556738588231126E-002  0.932023589198167E+001
      5.08000000  0.203214409992412E-002  0.312756728411521E-003  0.209023521945113E+000 -0.174010077946013E-003 -0.262851256910392E-002  0.194174575611476E+000  0.100770969086953E+001  0.111645888326512E+001 -0.760309914435771E+001  0.900361806493654E-001  0.138570002489566E-001  0.926099659099940E+001
      5.09000000  0.228071638205808E-002  0.597819158584791E-003  0.208084118415170E+000 -0.179524377360683E-005 -0.278740506539456E-002  0.194368946025895E+000  0.100007938380697E+001  0.112325614432553E+001 -0.759479203837138E+001  0.100850899297897E+000  0.264349395808624E-001  0.920126265451868E+001
      5.10000000  0.244021013605929E-002  0.958961664551559E-003  0.207133586802101E+000  0.270280510865752E-003 -0.284923978454146E-002  0.194568247144038E+000  0.988071912108491E+000  0.112574337108189E+001 -0.758673511233556E+001  0.107691971142988E+000  0.423211388150749E-001  0.914127186138917E+001
      5.11000000  0.247008121820693E-002  0.135540939544905E-002  0.206177040328675E+000  0.594190705191110E-003 -0.278253469888114E-002  0.194774721876966E+000  0.973828342432860E+000  0.112255921318120E+001 -0.757902568849403E+001  0.108796922000225E+000  0.597002111461299E-001  0.908125093601558E+001
      5.12000000  0.235655052887630E-002  0.173425197286283E-002  0.205212818317405E+000  0.905883711683062E-003 -0.257543829022978E-002  0.194996021285696E+000  0.960177477585192E+000  0.111321591029612E+001 -0.757199807028300E+001  0.103593634643733E+000  0.762374763687304E-001  0.902112705180193E+001
      5.13000000  0.211813960116175E-002  0.204043937512586E-002  0.204229595230089E+000  0.114033633425323E-002 -0.223955339262484E-002  0.195238174638375E+000  0.949968690192891E+000  0.109825854552758E+001 -0.756591279966872E+001  0.929316162409481E-001  0.895225833406416E-001  0.896040391226198E+001
      5.14000000  0.180295432827951E-002  0.222719792673232E-002  0.203209270341792E+000  0.124783444624433E-002 -0.180882919061227E-002  0.195497886011357E+000  0.945358812823882E+000  0.107920648021165E+001 -0.756062005198916E+001  0.789492269731936E-001  0.975263498768764E-001  0.889829240576529E+001
      5.15000000  0.147795664808906E-002  0.226478784295938E-002  0.202134948992247E+000  0.120719160808394E-002 -0.133421917785744E-002  0.195758340116573E+000  0.947241158058620E+000  0.105831042748174E+001 -0.755538031887902E+001  0.645922989114427E-001  0.989797999234807E-001  0.883406225929411E+001
      5.16000000  0.121256284249123E-002  0.214629346058007E-002  0.201000601385499E+000  0.103209249287004E-002 -0.875312906264765E-003  0.195991385835449E+000  0.954981067466512E+000  0.103818035006073E+001 -0.754896536601579E+001  0.528908844661082E-001  0.936193617979228E-001  0.876746277632669E+001
      5.17000000  0.106070992744794E-002  0.188966858482519E-002  0.199817708539634E+000  0.768233444387935E-003 -0.490215703742503E-003  0.196166071810022E+000  0.966555173887875E+000  0.102134140226369E+001 -0.754003455422585E+001  0.461777072295587E-001  0.822661883451026E-001  0.869900752831163E+001
      5.18000000  0.104648684782577E-002  0.153549137907064E-002  0.198615144580674E+000  0.481345868033907E-003 -0.225046418689847E-003  0.196260344177488E+000  0.979085197692805E+000  0.100977841853316E+001 -0.752764419892151E+001  0.454705586832078E-001  0.667181350674900E-001  0.862996186315470E+001
      5.19000000  0.115795151229461E-002  0.114017777155821E-002  0.197431416264949E+000  0.239044871594400E-003 -0.104799361859389E-003  0.196270833088774E+000  0.989633352089490E+000  0.100454482908751E+001 -0.751166815737492E+001  0.502168297748254E-001  0.494460367808659E-001  0.856199911439576E+001
      5.20000000  0.135159774726030E-002  0.765180688874652E-003  0.196301914194418E+000  0.918212216633365E-004 -0.127749111423660E-003  0.196216076698093E+000  0.996025651024369E+000  0.100552943579847E+001 -0.749292951347066E+001  0.585019565736686E-001  0.331197410785071E-001  0.849664486553643E+001
      5.21000000  0.156652298818312E-002  0.464014586740524E-003  0.195246343616232E+000  0.593233656382120E-004 -0.265495081280584E-003  0.196131204865132E+000  0.997437202247694E+000  0.101146951441871E+001 -0.747296180143854E+001  0.676745418918833E-001  0.200456519474618E-001  0.843473537251990E+001
      5.22000000  0.174381897442337E-002  0.270286401709886E-003  0.194261723051309E+000  0.126687371020969E-003 -0.469661137651691E-003  0.196055860504896E+000  0.994537529603070E+000  0.102025071670787E+001 -0.745348139693690E+001  0.751894955955445E-001  0.116541329742218E-001  0.837612228332312E+001
      5.23000000  0.184453296531901E-002  0.190447625120504E-003  0.193324060757962E+000  0.252270642225880E-003 -0.684231289763374E-003  0.196020218501616E+000  0.989143463433938E+000  0.102944608199914E+001 -0.743578408915598E+001  0.793799841654270E-001  0.819596599825158E-002  0.831975419810890E+001
      5.24000000  0.185984161498255E-002  0.204053233805941E-003  0.192398051773172E+000  0.383912251447465E-003 -0.860241565914885E-003  0.196034880152550E+000  0.983509760620081E+000  0.103695008245506E+001 -0.742031502860651E+001  0.798860503257315E-001  0.876472855195393E-002  0.826410180453379E+001
      5.25000000  0.180997596357349E-002  0.271945790927413E-003  0.191450643842234E+000  0.477522736579643E-003 -0.968168923301914E-003  0.196088702379274E+000  0.979527964459526E+000  0.104150669086249E+001 -0.740658376383808E+001  0.775960795481418E-001  0.116586781538931E-001  0.820774401876293E+001
      5.26000000  0.173287339262192E-002  0.349823995471711E-003  0.190462753441021E+000  0.510920460754196E-003 -0.100374915401343E-002  0.196155070244984E+000  0.978137801837183E+000  0.104295025272311E+001 -0.739344153492456E+001  0.741493528065984E-001  0.149689082715954E-001  0.814986828324843E+001
      5.27000000  0.166764129362571E-002  0.402431374153817E-003  0.189434493544293E+000  0.487905265614358E-003 -0.985223542787149E-003  0.196203438945648E+000  0.979162233582735E+000  0.104207754968075E+001 -0.737958046192717E+001  0.712226782398040E-001  0.171872934452489E-001  0.809048806406784E+001
      5.28000000  0.163985801762234E-002  0.413246795685214E-003  0.188382422918433E+000  0.431777044641928E-003 -0.943307935660262E-003  0.196210908010853E+000  0.981594318506276E+000  0.104021108956513E+001 -0.736402843378804E+001  0.699034484158744E-001  0.176157787776597E-001  0.803031777228464E+001
      5.29000000  0.165459431467590E-002  0.386380075484666E-003  0.187330957862622E+000  0.372012972994499E-003 -0.908044450934309E-003  0.196169066883876E+000  0.984171903531775E+000  0.103863471494323E+001 -0.734643719472004E+001  0.703982934187995E-001  0.164393759146184E-001  0.797040073271427E+001
      5.30000000  0.169931349986001E-002  0.340623818663278E-003  0.186302425586821E+000  0.330563948107465E-003 -0.897796969460160E-003  0.196084002208541E+000  0.985961978837149E+000  0.103812664063756E+001 -0.732707676822970E+001  0.721645509437028E-001  0.144652325286592E-001  0.791168367891097E+001
      5.31000000  0.175422917652992E-002  0.298814603164713E-003  0.185310227154155E+000  0.313959585281109E-003 -0.914460957130857E-003  0.195970743530570E+000  0.986692223415887E+000  0.103876117399472E+001 -0.730659420572323E+001  0.743563536615402E-001  0.126658275950578E-001  0.785472786094643E+001
      5.32000000  0.180441654220859E-002  0.277347433909105E-003  0.184357405991340E+000  0.314284953769497E-003 -0.946052336610491E-003  0.195845804008685E+000  0.986703472592415E+000  0.104002485856188E+001 -0.728569446112253E+001  0.763398747551039E-001  0.117338030731836E-001  0.779965210600899E+001
      5.33000000  0.184752193308333E-002  0.280146695885414E-003  0.183439879815023E+000  0.317642909331015E-003 -0.974612173937949E-003  0.195721723637791E+000  0.986586619897724E+000  0.104115578581265E+001 -0.726490941968572E+001  0.780168963567623E-001  0.118299952743218E-001  0.774627344604307E+001
      5.34000000  0.189345639545126E-002  0.298997100137484E-003  0.182551359779347E+000  0.315110996272217E-003 -0.985314982402128E-003  0.195605714444138E+000  0.986718455636012E+000  0.104152982538245E+001 -0.724454241512780E+001  0.798068788933622E-001  0.126023632851876E-001  0.769431727962068E+001
      5.35000000  0.195669164052248E-002  0.319122046035745E-003  0.181686678323558E+000  0.310183795932680E-003 -0.972657959435046E-003  0.195501816445814E+000  0.986950568262018E+000  0.104091971860712E+001 -0.722476106687038E+001  0.823180138037262E-001  0.134254639037704E-001  0.764355823087087E+001
      5.36000000  0.204557600271281E-002  0.326717265588639E-003  0.180841862351926E+000  0.318714698064287E-003 -0.941461905023208E-003  0.195413988480580E+000  0.986616688759686E+000  0.103953340643638E+001 -0.720572833455954E+001  0.858968239503679E-001  0.137193511297526E-001  0.759382276322142E+001
      5.37000000  0.215456121135598E-002  0.314735966536445E-003  0.180011718175559E+000  0.361374609657589E-003 -0.903079186426091E-003  0.195347370778789E+000  0.984853592903124E+000  0.103785104053460E+001 -0.718765548006655E+001  0.903047982625475E-001  0.131916270534518E-001  0.754488747363443E+001
      5.38000000  0.226366349709878E-002  0.284571658849066E-003  0.179187418583443E+000  0.452583848272103E-003 -0.869340080594959E-003  0.195306552544975E+000  0.981065970444115E+000  0.103636919621180E+001 -0.717072914215296E+001  0.947012840212501E-001  0.119051712074710E-001  0.749637861018381E+001
      5.39000000  0.234569712492974E-002  0.243545784895836E-003  0.178356562802677E+000  0.591746180007075E-003 -0.847436065090172E-003  0.195291978565331E+000  0.975289987030050E+000  0.103538705760522E+001 -0.715496151275352E+001  0.979511289450088E-001  0.101699338447456E-001  0.744777597056433E+001
      5.40000000  0.237775812796525E-002  0.200094394980521E-003  0.177506468995223E+000  0.761473741740869E-003 -0.838014366511706E-003  0.195297152205465E+000  0.968261423264596E+000  0.103492882527518E+001 -0.714007537188112E+001  0.991060553580284E-001  0.834002666315796E-002  0.739855149089656E+001
      5.41000000  0.235118044694980E-002  0.159363039346662E-003  0.176629155658272E+000  0.933925580712272E-003 -0.836896213234518E-003  0.195309050819349E+000  0.961145503854847E+000  0.103481774282937E+001 -0.712552404484555E+001  0.978171424996177E-001  0.663004711066203E-002  0.734837656166557E+001
      5.42000000  0.227489557164255E-002  0.121347346547755E-003  0.175725050549129E+000  0.108221460149901E-002 -0.839038175965690E-003  0.195312272072325E+000  0.955059243555357E+000  0.103484245200684E+001 -0.711066607093846E+001  0.944688120827192E-001  0.503914984962557E-002  0.729727420699398E+001
      5.43000000  0.217044887992585E-002  0.822276757009265E-004  0.174802888177452E+000  0.119120183001455E-002 -0.842452477160867E-003  0.195295025346113E+000  0.950624466878892E+000  0.103491980883584E+001 -0.709501442106323E+001  0.899655019478454E-001  0.340835215556482E-002  0.724561159779760E+001
      5.44000000  0.206117558811141E-002  0.379552627361014E-004  0.173875354610620E+000  0.126225142066898E-002 -0.850064502504823E-003  0.195253675755978E+000  0.947775625871892E+000  0.103517055784996E+001 -0.707842308243485E+001  0.852790524095456E-001  0.157036055480156E-002  0.719391669690488E+001
      5.45000000  0.196105217453174E-002 -0.118278775802892E-004  0.172952598433248E+000  0.130955524209840E-002 -0.868618462439261E-003  0.195193085551674E+000  0.945917893805716E+000  0.103587226748272E+001 -0.706109802919066E+001  0.809876731779666E-001 -0.488468535565704E-003  0.714260879904259E+001
      5.46000000  0.186897084237458E-002 -0.614964973934095E-004  0.172037196320713E+000  0.134992878196017E-002 -0.905130546207645E-003  0.195122271176986E+000  0.944352649694384E+000  0.103731168432752E+001 -0.704341497248965E+001  0.770435274560055E-001 -0.253503531352992E-002  0.709179199465146E+001
      5.47000000  0.177149292313611E-002 -0.999782310515423E-004  0.171123578801393E+000  0.139136429640551E-002 -0.962440275582864E-003  0.195047629337805E+000  0.942749431450332E+000  0.103960160046838E+001 -0.702563908151329E+001  0.728917489785134E-001 -0.411381159131218E-002  0.704123442289225E+001
      5.48000000  0.165285263072828E-002 -0.114156709364247E-003  0.170202514733630E+000  0.142638703026552E-002 -0.103578900755602E-002  0.194967570606797E+000  0.941415450010501E+000  0.104254191296204E+001 -0.700770558353915E+001  0.678859422552026E-001 -0.468864291702196E-002  0.699055552327519E+001
      5.49000000  0.150723630437750E-002 -0.940572491709377E-004  0.169268344120684E+000  0.143399082523340E-002 -0.111202421600746E-002  0.194871835788308E+000  0.941210427282347E+000  0.104558985131590E+001 -0.698919474176866E+001  0.617924304393403E-001 -0.385608149819034E-002  0.693952391491761E+001
      5.50000000  0.134701832443632E-002 -0.379804676875383E-004  0.168324907360067E+000  0.138973062684466E-002 -0.117215933322871E-002  0.194746280918161E+000  0.943128561341308E+000  0.104796784810686E+001 -0.696953089707185E+001  0.551235387135758E-001 -0.155426080176738E-002  0.688829868086950E+001
      5.51000000  0.120236981731109E-002  0.444364979502121E-004  0.167386595497352E+000  0.127946842114782E-002 -0.119687099899304E-002  0.194580847129468E+000  0.947735807102395E+000  0.104889022326069E+001 -0.694830943887678E+001  0.491148409976624E-001  0.181515828149979E-002  0.683746872603457E+001
      5.52000000  0.111164275673087E-002  0.132794138847131E-003  0.166473453021055E+000  0.111028256191019E-002 -0.117338388603676E-002  0.194376497265245E+000  0.954728934453637E+000  0.104784398191792E+001 -0.692557809178602E+001  0.453265266253674E-001  0.541459658123284E-002  0.678784920343121E+001
      5.53000000  0.110626906593946E-002  0.200639572065022E-003  0.165602465732222E+000  0.913104600059809E-003 -0.110140797489962E-002  0.194147213816210E+000  0.962836066449293E+000  0.104482799975896E+001 -0.690191414307620E+001  0.450258492324799E-001  0.816615722161335E-002  0.674012487934286E+001
      5.54000000  0.119656832708595E-002  0.223350283644157E-003  0.164779321480501E+000  0.735229040134820E-003 -0.995691418600654E-003  0.193915589507355E+000  0.970129728965408E+000  0.104045211888661E+001 -0.687824052128752E+001  0.486131780579725E-001  0.907408867702057E-002  0.669451657216404E+001
      5.55000000  0.136463412669388E-002  0.186809023848475E-003  0.163994867439014E+000  0.625267973804465E-003 -0.883560157060320E-003  0.193703815558314E+000  0.974642906204668E+000  0.103583186524024E+001 -0.685545722058985E+001  0.553413208361587E-001  0.757584609798282E-002  0.665064166056993E+001
      5.56000000  0.156753903976722E-002  0.936885018487911E-004  0.163228235330311E+000  0.616382048609583E-003 -0.797467632887261E-003  0.193524252891549E+000  0.975048223834682E+000  0.103228230594933E+001 -0.683405981988446E+001  0.634555846311547E-001  0.379260644054829E-002  0.660764602247782E+001
      5.57000000  0.174984966264519E-002 -0.354866272224505E-004  0.162455358286959E+000  0.714319375720879E-003 -0.764596346678114E-003  0.193374033216370E+000  0.971135535104246E+000  0.103089607416268E+001 -0.681392495183470E+001  0.707085316134646E-001 -0.143395593140315E-002  0.656455241980366E+001
      5.58000000  0.186076957860607E-002 -0.167696096614542E-003  0.161659036397193E+000  0.894761107469203E-003 -0.797125300798597E-003  0.193236198942830E+000  0.963908978442917E+000  0.103215279047632E+001 -0.679436182846658E+001  0.750558718004483E-001 -0.676417804420765E-002  0.652066760479881E+001
      5.59000000  0.186963590664321E-002 -0.267920528752313E-003  0.160836075147468E+000  0.111073876628532E-002 -0.887075806346458E-003  0.193086806107688E+000  0.955277466586194E+000  0.103571701879334E+001 -0.677440330708501E+001  0.752785955118304E-001 -0.107874913193513E-001  0.647586720051539E+001
      5.60000000  0.177446623010454E-002 -0.311169048615737E-003  0.159998523857352E+000  0.130712476592687E-002 -0.100826987435656E-002  0.192904753142293E+000  0.947464207040513E+000  0.104052425502697E+001 -0.675320339432039E+001  0.713191218684239E-001 -0.125064669720989E-001  0.643064039662120E+001
      5.61000000  0.160114060948896E-002 -0.291361004175908E-003  0.159168806060748E+000  0.143691162919631E-002 -0.112522555414260E-002  0.192680102866001E+000  0.942350774922744E+000  0.104514430805305E+001 -0.673037004665609E+001  0.642381295420318E-001 -0.116894705054806E-001  0.638588911066609E+001
      5.62000000  0.139425178459618E-002 -0.223278389003745E-003  0.158371151336886E+000  0.147389750479056E-002 -0.120584363757506E-002  0.192417651156692E+000  0.940972112137975E+000  0.104829264096490E+001 -0.670610405284962E+001  0.558381690213028E-001 -0.894204085785429E-002  0.634258117088130E+001
      5.63000000  0.120328201752254E-002 -0.136494922531598E-003  0.157623024405663E+000  0.141820817141184E-002 -0.123287925232172E-002  0.192134794834294E+000  0.943303289262176E+000  0.104928768551232E+001 -0.668110853186435E+001  0.481044559315897E-001 -0.545675401958212E-002  0.630140708571177E+001
      5.64000000  0.106874651412854E-002 -0.635953671485785E-004  0.156929796922215E+000  0.129382447832783E-002 -0.120944108470331E-002  0.191855163737869E+000  0.948367573560342E+000  0.104826495315636E+001 -0.665633035600530E+001  0.426502796149765E-001 -0.253788915823096E-002  0.626256987056608E+001
      5.65000000  0.101225806578820E-002 -0.275730395239778E-004  0.156284175392924E+000  0.113980566357045E-002 -0.115618867435660E-002  0.191600934623363E+000  0.954594481614695E+000  0.104605815516474E+001 -0.663265180875733E+001  0.403245076646165E-001 -0.109840492380336E-002  0.622576657226545E+001
      5.66000000  0.103272132522887E-002 -0.337540247609038E-004  0.155669840003441E+000  0.998409536484414E-003 -0.110150375617342E-002  0.191386779115457E+000  0.960297435047823E+000  0.104380219020997E+001 -0.661065049075473E+001  0.410670010592766E-001 -0.134225616993401E-002  0.619033743967854E+001
      5.67000000  0.110887901226159E-002 -0.696123090140523E-004  0.155067278747709E+000  0.903600070200592E-003 -0.106904102013639E-002  0.191217266865852E+000  0.964130983188553E+000  0.104243630737533E+001 -0.659049892318809E+001  0.440177034557364E-001 -0.276330775600140E-002  0.615550065979104E+001
      5.68000000  0.120684042079181E-002 -0.112266826266695E-003  0.154459386787935E+000  0.872779115238883E-003 -0.106820477894921E-002  0.191087942392869E+000  0.965415437572284E+000  0.104232845884842E+001 -0.657201078426480E+001  0.478220057565667E-001 -0.444866174475237E-002  0.612057531125952E+001
      5.69000000  0.129028292509886E-002 -0.139964817007071E-003  0.153834966700531E+000  0.903449494585803E-003 -0.109165728591308E-002  0.190988941206857E+000  0.964263016767813E+000  0.104318175875438E+001 -0.655478710248401E+001  0.510386242234544E-001 -0.553646921986596E-002  0.608511893409306E+001
      5.70000000  0.133068103975886E-002 -0.142135682894520E-003  0.153189374920212E+000  0.975283986907880E-003 -0.112060795124525E-002  0.190909343669956E+000  0.961489202395915E+000  0.104424916904538E+001 -0.653839004176830E+001  0.525442731406066E-001 -0.561247656041578E-002  0.604895096386511E+001
      5.71000000  0.131504363813935E-002 -0.123476680750837E-003  0.152522703647493E+000  0.105690545098160E-002 -0.113498669517928E-002  0.190840549713320E+000  0.958339324732935E+000  0.104473845044170E+001 -0.652247626503456E+001  0.518358628197636E-001 -0.486715428994907E-002  0.601207877356627E+001
      5.72000000  0.124917117901550E-002 -0.100549576479158E-003  0.151836694054451E+000  0.111562796335796E-002 -0.112344720311536E-002  0.190777596868809E+000  0.956101504314207E+000  0.104420617250462E+001 -0.650684797097029E+001  0.491532458972924E-001 -0.395649382612544E-002  0.597457456949362E+001
      5.73000000  0.115541996645062E-002 -0.930023669182812E-004  0.151131873804863E+000  0.112757462207332E-002 -0.108850213190971E-002  0.190718241739702E+000  0.955708851056716E+000  0.104275638091326E+001 -0.649141554424328E+001  0.453849145097029E-001 -0.365313443972461E-002  0.593646238726138E+001
      5.74000000  0.106536560809701E-002 -0.113971351612132E-003  0.150406186144242E+000  0.108523072863689E-002 -0.104471094360778E-002  0.190660493968598E+000  0.957446384458452E+000  0.104096477059968E+001 -0.647609991609084E+001  0.417746727049386E-001 -0.446899719227916E-002  0.589766475585501E+001
      5.75000000  0.100934872553643E-002 -0.164299585485827E-003  0.149655723774695E+000  0.999926469922871E-003 -0.101133426586522E-002  0.190599886140248E+000  0.960859488582619E+000  0.103958705121882E+001 -0.646072560735332E+001  0.395093304400927E-001 -0.643124269135017E-002  0.585803230664727E+001
      5.76000000  0.100614644788871E-002 -0.232997015397224E-003  0.148877291785065E+000  0.898110499432081E-003 -0.100344701921242E-002  0.190527890941124E+000  0.964905943927483E+000  0.103921012612625E+001 -0.644495971519583E+001  0.393156074689012E-001 -0.910445911527581E-002  0.581744454511268E+001
      5.77000000  0.105633284206587E-002 -0.303105236373795E-003  0.148071693165723E+000  0.812316903585982E-003 -0.102591287856833E-002  0.190432471455330E+000  0.968313377276686E+000  0.104001851270936E+001 -0.642833474304837E+001  0.412051258431603E-001 -0.118234413540314E-001  0.577593776102910E+001
      5.78000000  0.114189683644490E-002 -0.359544020216331E-003  0.147246194844360E+000  0.769756342674119E-003 -0.107278735159602E-002  0.190300870684800E+000  0.970025516166890E+000  0.104177457897270E+001 -0.641035838945095E+001  0.444657177415259E-001 -0.140007244160225E-001  0.573379970019648E+001
      5.79000000  0.123253717563930E-002 -0.394896493391184E-003  0.146414834433647E+000  0.782602158539939E-003 -0.113173397418090E-002  0.190123730466892E+000  0.969577930567344E+000  0.104399385967202E+001 -0.639067387681391E+001  0.479123793954044E-001 -0.153507991379323E-001  0.569157931716063E+001
      5.80000000  0.129650090619313E-002 -0.410616065393442E-003  0.145596058150659E+000  0.843652572928304E-003 -0.119055180095290E-002  0.189898925374794E+000  0.967261263289325E+000  0.104620048963583E+001 -0.636920756124319E+001  0.503119449581953E-001 -0.159343451148719E-001  0.564999286064129E+001
      5.81000000  0.131194685653785E-002 -0.413833142877972E-003  0.144808314730505E+000  0.929108923635413E-003 -0.124220544786033E-002  0.189633471607924E+000  0.964007105420258E+000  0.104812198935328E+001 -0.634624044473474E+001  0.508237125920878E-001 -0.160315462550168E-001  0.560975174576019E+001
      5.82000000  0.127449574026551E-002 -0.412249437118978E-003  0.144065147580811E+000  0.100742794599490E-002 -0.128606100331310E-002  0.189342592248109E+000  0.961040149217515E+000  0.104973531356307E+001 -0.632236897942134E+001  0.492880548540075E-001 -0.159427546348809E-001  0.557137279645552E+001
      5.83000000  0.119812148231129E-002 -0.410284278062944E-003  0.143371573176604E+000  0.105076139479395E-002 -0.132547205347918E-002  0.189046175153504E+000  0.959434033368860E+000  0.105117151749041E+001 -0.629836561470320E+001  0.462549883468293E-001 -0.158395411324058E-001  0.553504009773474E+001
      5.84000000  0.110925641769780E-002 -0.408423521523921E-003  0.142722982332750E+000  0.104449117954315E-002 -0.136395536136455E-002  0.188763892796119E+000  0.959745150692241E+000  0.105256704758221E+001 -0.627498920821642E+001  0.427509114606594E-001 -0.157407047897529E-001  0.550056549933879E+001
      5.85000000  0.103673683387763E-002 -0.405458790244025E-003  0.142106746058911E+000  0.991278520177224E-003 -0.140274541620746E-002  0.188510668950307E+000  0.961861280723422E+000  0.105396960849679E+001 -0.625281072614222E+001  0.398876947962906E-001 -0.155997317248167E-001  0.546745358134047E+001
      5.86000000  0.100177329396228E-002 -0.401413213434240E-003  0.141505700880914E+000  0.908458811202357E-003 -0.144127749672878E-002  0.188293824887261E+000  0.965107354270335E+000  0.105535747407737E+001 -0.623210523565647E+001  0.384767258753347E-001 -0.154177260155910E-001  0.543503814226961E+001
      5.87000000  0.101182226312319E-002 -0.398586083360156E-003  0.140902213556667E+000  0.820412136473837E-003 -0.147995197899751E-002  0.188112394251545E+000  0.968542786451383E+000  0.105674607112118E+001 -0.621282815554874E+001  0.387964872644539E-001 -0.152830595554786E-001  0.540263950796173E+001
      5.88000000  0.106028253674914E-002 -0.399526571162221E-003  0.140281711504700E+000  0.749447409926954E-003 -0.152277990568555E-002  0.187958278750666E+000  0.971312671111080E+000  0.105828893048559E+001 -0.619466221177702E+001  0.405854679648109E-001 -0.152930679257536E-001  0.536969978377552E+001
      5.89000000  0.113132832697237E-002 -0.403011214715521E-003  0.139635133350884E+000  0.708951937377443E-003 -0.157733646903868E-002  0.187818544880422E+000  0.972908829198730E+000  0.106027473717312E+001 -0.617710751708199E+001  0.432314340682956E-001 -0.154002621010861E-001  0.533587546351947E+001
      5.90000000  0.120715880921719E-002 -0.400829192781372E-003  0.138960235149691E+000  0.701122638596533E-003 -0.165104137695934E-002  0.187678287454297E+000  0.973253420239624E+000  0.106298428754907E+001 -0.615959235710231E+001  0.460509582728627E-001 -0.152909197119557E-001  0.530108544261490E+001
      5.91000000  0.127435628301653E-002 -0.378223522477677E-003  0.138261773587913E+000  0.719333955049749E-003 -0.174524790077616E-002  0.187523787987613E+000  0.972605122951550E+000  0.106646544532647E+001 -0.614159408090921E+001  0.485321642945989E-001 -0.144041398607287E-001  0.526551577518623E+001
      5.92000000  0.132699241333985E-002 -0.319013072610363E-003  0.137550361952381E+000  0.753246567731677E-003 -0.185047828126192E-002  0.187345749562236E+000  0.971362062943636E+000  0.107035396218602E+001 -0.612276167403905E+001  0.504513752010039E-001 -0.121286663423965E-001  0.522957392230110E+001
      5.93000000  0.136594757157775E-002 -0.213662752564613E-003  0.136839672191681E+000  0.793972626610943E-003 -0.194618372375969E-002  0.187142024866830E+000  0.969864589490438E+000  0.107386784314324E+001 -0.610301785469002E+001  0.518448488328126E-001 -0.810961806910353E-002  0.519378068875283E+001
      5.94000000  0.139562244243443E-002 -0.664313066935778E-004  0.136142047330261E+000  0.837158477271302E-003 -0.200641317030509E-002  0.186918744036397E+000  0.968278953257350E+000  0.107602566024030E+001 -0.608259950491367E+001  0.528819882178737E-001 -0.251717045459650E-002  0.515860301753089E+001
      5.95000000  0.142004873026242E-002  0.102483537406083E-003  0.135463518405301E+000  0.883217649425940E-003 -0.200969130992268E-002  0.186688661238901E+000  0.966589955907220E+000  0.107602189032458E+001 -0.606199248584743E+001  0.537170998822331E-001  0.387671091689215E-002  0.512426594489582E+001
      5.96000000  0.144015402564334E-002  0.261855301546997E-003  0.134800189212820E+000  0.935324595650789E-003 -0.194886274497394E-002  0.186466315840898E+000  0.964678237127581E+000  0.107359719617013E+001 -0.604174681437002E+001  0.543862304381511E-001  0.988874975718285E-002  0.509061810271284E+001
      5.97000000  0.145299419516705E-002  0.380091239395428E-003  0.134138182693791E+000  0.996515804065212E-003 -0.183609409175732E-002  0.186261146229663E+000  0.962430437726947E+000  0.106922243584904E+001 -0.602221651054473E+001  0.547792174243734E-001  0.143297892814691E-001  0.505713284962486E+001
      5.98000000  0.145278188445469E-002  0.437339212197542E-003  0.133458301660730E+000  0.106718080937438E-002 -0.170009139710046E-002  0.186071260946743E+000  0.959833582470098E+000  0.106398782689408E+001 -0.600332679509454E+001  0.546796224578796E-001  0.164605184473127E-001  0.502308682863131E+001
      5.99000000  0.143299646351609E-002  0.433652704906223E-003  0.132744425586912E+000  0.114367267346824E-002 -0.157607689669436E-002  0.185881129349029E+000  0.957026453395814E+000  0.105922115264544E+001 -0.598449089519232E+001  0.538448996265645E-001  0.162945177904842E-001  0.498787711881397E+001
      6.00000000  0.138883391797349E-002  0.389314388527470E-003  0.131992415913921E+000  0.121820842370827E-002 -0.149249922513821E-002  0.185665316148863E+000  0.954302059973246E+000  0.105598725041871E+001 -0.596475440269239E+001  0.520985143884324E-001  0.146041229335164E-001  0.495135429129589E+001
      6.01000000  0.131946843344457E-002  0.336827313269828E-003  0.131215249840531E+000  0.127996518493078E-002 -0.146013280375731E-002  0.185397755855511E+000  0.952065305870033E+000  0.105468197116707E+001 -0.594314566047890E+001  0.494140907236729E-001  0.126141823436244E-001  0.491401089681450E+001
      6.02000000  0.122971112841459E-002  0.307808208837915E-003  0.130441143054274E+000  0.131725725812065E-002 -0.146830865220952E-002  0.185063110492382E+000  0.950750663440188E+000  0.105489681422558E+001 -0.591910054566597E+001  0.459761803256576E-001  0.115082683959240E-001  0.487690594674876E+001
      6.03000000  0.113055662124267E-002  0.320299083570891E-003  0.129704396386207E+000  0.132061727882053E-002 -0.148992739164904E-002  0.184665075843211E+000  0.950706921884443E+000  0.105561271117750E+001 -0.589276912754352E+001  0.421989146581118E-001  0.119554150926318E-001  0.484131856029228E+001
      6.04000000  0.103801161129481E-002  0.371803893197847E-003  0.129032306822313E+000  0.128627288515164E-002 -0.149309020682865E-002  0.184227246173467E+000  0.952068342030816E+000  0.105563849626078E+001 -0.586504197835931E+001  0.386804527211653E-001  0.138548959914283E-001  0.480825839444857E+001
      6.05000000  0.969841023625252E-003  0.440808494125685E-003  0.128433860971904E+000  0.121898407388266E-002 -0.145440308498129E-002  0.183785271774441E+000  0.954650872854835E+000  0.105410727821165E+001 -0.583725229531602E+001  0.360804089514402E-001  0.163991317647837E-001  0.477804724093552E+001
      6.06000000  0.940604236835205E-003  0.495884419006576E-003  0.127895657268231E+000  0.113286812130521E-002 -0.136847468955072E-002  0.183373180907436E+000  0.957924139424581E+000  0.105082652530834E+001 -0.581066423181098E+001  0.349349866779981E-001  0.184176456934848E-001  0.475017324807380E+001
      6.07000000  0.956352055345783E-003  0.508382811241937E-003  0.127387447533046E+000  0.104912208502940E-002 -0.124996249381899E-002  0.183009817833449E+000  0.961098744868255E+000  0.104634838077572E+001 -0.578597059078561E+001  0.354613593895820E-001  0.188507417076843E-001  0.472350326790227E+001
      6.08000000  0.101105449386903E-002  0.463505083361603E-003  0.126875199237834E+000  0.990594191595292E-003 -0.112777589834705E-002  0.182691680227980E+000  0.963329361371523E+000  0.104174894499996E+001 -0.576303237280303E+001  0.374280550935400E-001  0.171584161896235E-001  0.469677151515896E+001
      6.09000000  0.108667289153719E-002  0.365569967604598E-003  0.126335868907373E+000  0.974603567330966E-003 -0.103421453462732E-002  0.182395665480880E+000  0.963980558086411E+000  0.103822254668964E+001 -0.574098710316745E+001  0.401613049734547E-001  0.135107510939522E-001  0.466912665236183E+001
      6.10000000  0.115761043324330E-002  0.235943038049132E-003  0.125767075653894E+000  0.100654605628063E-002 -0.993574248103604E-003  0.182090610788897E+000  0.962861009725239E+000  0.103666036353461E+001 -0.571868056212280E+001  0.427128816947027E-001  0.870569820509146E-002  0.464048532151100E+001
      6.11000000  0.119848321602021E-002  0.105087552274496E-003  0.125187173955971E+000  0.107695988272704E-002 -0.101450917144599E-002  0.181752307824806E+000  0.960327954700459E+000  0.103737154415120E+001 -0.569522226869186E+001  0.441486086893959E-001  0.387111739361637E-002  0.461152854043828E+001
      6.12000000  0.119257829708343E-002  0.226952211830900E-005  0.124625755829117E+000  0.116361752981805E-002 -0.108852775522272E-002  0.181375005349215E+000  0.957205780631046E+000  0.104003265192600E+001 -0.567040635609298E+001  0.438593059594265E-001  0.834659369636649E-004  0.458334615739837E+001
      6.13000000  0.113781924792006E-002 -0.531116901275736E-004  0.124109122705704E+000  0.123826363451725E-002 -0.119440711390790E-002  0.180974126384248E+000  0.954534819492151E+000  0.104385490578899E+001 -0.564480575375845E+001  0.417771757564037E-001 -0.195009569159193E-002  0.455690008911988E+001
      6.14000000  0.104788477025150E-002 -0.557368823144560E-004  0.123647529693692E+000  0.127570791008517E-002 -0.130615587372402E-002  0.180579144270615E+000  0.953236269095316E+000  0.104787986443881E+001 -0.561950470237759E+001  0.384123991297392E-001 -0.204315152819364E-002  0.453255777432518E+001
      6.15000000  0.947984865824767E-003 -0.133317813838215E-004  0.123229964098397E+000  0.126199935935888E-002 -0.140121094170580E-002  0.180220157803830E+000  0.953814006067319E+000  0.105128078677069E+001 -0.559560328073630E+001  0.346938553784204E-001 -0.487909577400911E-003  0.450990591394949E+001
      6.16000000  0.866848221916445E-003  0.583958740309658E-004  0.122828511142218E+000  0.119879320218692E-002 -0.146598215430224E-002  0.179914430520320E+000  0.956198414111898E+000  0.105356415362129E+001 -0.557372544870006E+001  0.316729580839761E-001  0.213367233582237E-002  0.448791632325648E+001
      6.17000000  0.827810230994682E-003  0.142380083769593E-003  0.122409918480010E+000  0.110254879064034E-002 -0.149726790899466E-002  0.179658802650922E+000  0.959780290569119E+000  0.105461860803908E+001 -0.555374610235933E+001  0.301975633524390E-001  0.519386139331910E-002  0.446537277489961E+001
      6.18000000  0.842007097517635E-003  0.225752283143902E-003  0.121948973673180E+000  0.999128659171218E-003 -0.149977262455255E-002  0.179430841092371E+000  0.963611913624339E+000  0.105462144970533E+001 -0.553483901617096E+001  0.306657473110684E-001  0.822185761877460E-002  0.444135972550700E+001
      6.19000000  0.905677441952659E-003  0.302485955262622E-003  0.121438042144700E+000  0.915872910627346E-003 -0.148131177730229E-002  0.179197552290100E+000  0.966697959834305E+000  0.105386195369819E+001 -0.551579931529089E+001  0.329313228932735E-001  0.109986869518987E-001  0.441560669632214E+001
      6.20000000  0.100201898110644E-002  0.372590105391154E-003  0.120889391318126E+000  0.873786595379319E-003 -0.144789648451119E-002  0.178927455732005E+000  0.968279504408288E+000  0.105256202635411E+001 -0.549548482523873E+001  0.363756308932628E-001  0.135258916285447E-001  0.438856744274813E+001
      6.21000000  0.110662354948858E-002  0.438624975646885E-003  0.120330336067144E+000  0.882090573324959E-003 -0.140067365470788E-002  0.178601070096023E+000  0.968029615737040E+000  0.105076584686675E+001 -0.547319562573097E+001  0.401083303477916E-001  0.158974706711849E-001  0.436123817541405E+001
      6.22000000  0.119466038017688E-002  0.501228588476062E-003  0.119794016745183E+000  0.936420995647267E-003 -0.133584468689760E-002  0.178216361651979E+000  0.966115035628602E+000  0.104833835404337E+001 -0.544886764932406E+001  0.432295138686349E-001  0.181372619167918E-001  0.433481949698426E+001
      6.23000000  0.124776777588450E-002  0.555630901195112E-003  0.119309616536591E+000  0.102087650683709E-002 -0.124752129215624E-002  0.177788303974856E+000  0.963118256896925E+000  0.104506985860168E+001 -0.542305167179097E+001  0.450787634491147E-001  0.200735701338639E-001  0.431036133886778E+001
      6.24000000  0.125887037680732E-002  0.590751295124926E-003  0.118895016964927E+000  0.111319404693078E-002 -0.113236264079998E-002  0.177343937584950E+000  0.959847502752688E+000  0.104084390133332E+001 -0.539673018854185E+001  0.454069885469139E-001  0.213081805609266E-001  0.428849925542246E+001
      6.25000000  0.123366928231551E-002  0.591545814517163E-003  0.118553187037280E+000  0.119165040600196E-002 -0.994101553868986E-003  0.176915268256679E+000  0.957086382742498E+000  0.103579950410200E+001 -0.537105821534285E+001  0.444267976052180E-001  0.213026996395997E-001  0.426932770513109E+001
      6.26000000  0.118829068262758E-002  0.544053694059426E-003  0.118272138295025E+000  0.124182200989427E-002 -0.845951492577465E-003  0.176532022144655E+000  0.955351045361385E+000  0.103041567110070E+001 -0.534710142532479E+001  0.427242683439349E-001  0.195611194788682E-001  0.425240275633070E+001
      6.27000000  0.114354185039343E-002  0.441457564582948E-003  0.118027689035779E+000  0.126116839720999E-002 -0.709488606058339E-003  0.176215430309621E+000  0.954727777623000E+000  0.102546854648315E+001 -0.532561374427430E+001  0.410497765904591E-001  0.158470233459872E-001  0.423684560800290E+001
      6.28000000  0.111732534713160E-002  0.288826765090968E-003  0.117788401982641E+000  0.125974312378706E-002 -0.609812556910283E-003  0.175973668975338E+000  0.954850948787508E+000  0.102185561313420E+001 -0.530687641202053E+001  0.400448141895851E-001  0.103515186250263E-001  0.422152301761705E+001
      6.29000000  0.111767647615649E-002  0.104380349451114E-003  0.117522213383172E+000  0.125635166226469E-002 -0.568255588601741E-003  0.175799627572536E+000  0.955044084238377E+000  0.102033383736382E+001 -0.529062187399772E+001  0.399937143556333E-001  0.373503242606006E-002  0.420528653215592E+001
      6.30000000  0.113911678999449E-002 -0.838335103285499E-004  0.117203893667884E+000  0.127105653922254E-002 -0.595100869782036E-003  0.175671915163822E+000  0.954590094789172E+000  0.102126063888882E+001 -0.527607409240275E+001  0.406962112710988E-001 -0.299504517701385E-002  0.418723914913646E+001
      6.31000000  0.116417286505015E-002 -0.245261307428535E-003  0.116821626503830E+000  0.131655394163671E-002 -0.685149498444333E-003  0.175559737183484E+000  0.953039190571971E+000  0.102443893410562E+001 -0.526212652620910E+001  0.415254539353982E-001 -0.874834608288216E-002  0.416696799562847E+001
      6.32000000  0.117005589852059E-002 -0.355881189926733E-003  0.116380359609457E+000  0.139183721540034E-002 -0.818232970155150E-003  0.175431096345914E+000  0.950432428486005E+000  0.102913977354141E+001 -0.524763680528787E+001  0.416692618817557E-001 -0.126740154214837E-001  0.414465983086024E+001
      6.33000000  0.113827629122454E-002 -0.405661399494545E-003  0.115900001332873E+000  0.148109029930016E-002 -0.965030159125302E-003  0.175262069107855E+000  0.947337180988414E+000  0.103431337618966E+001 -0.523175685465253E+001  0.404734527923534E-001 -0.144240178142160E-001  0.412103218589696E+001
      6.34000000  0.106338814299541E-002 -0.401409185462334E-003  0.115408301537570E+000  0.155885712027104E-002 -0.109641548300378E-002  0.175043698912659E+000  0.944659468147797E+000  0.103892352619839E+001 -0.521417528857243E+001  0.377510322360144E-001 -0.142503103876402E-001  0.409707644414397E+001
      6.35000000  0.957002682844839E-003 -0.363576059036204E-003  0.114930727782638E+000  0.159988869389483E-002 -0.119292595953671E-002  0.174783356402678E+000  0.943292262603712E+000  0.104228302400334E+001 -0.519516139713185E+001  0.339207702594566E-001 -0.128868812924794E-001  0.407369684824497E+001
      6.36000000  0.844915277655713E-003 -0.317984136120830E-003  0.114481499459371E+000  0.158985224628495E-002 -0.125059179673883E-002  0.174499527331938E+000  0.943736606268040E+000  0.104425728165765E+001 -0.517537613024078E+001  0.299007665951189E-001 -0.112531631117857E-001  0.405139389157633E+001
      6.37000000  0.758032869480566E-003 -0.285652807128783E-003  0.114059916135691E+000  0.153240206450099E-002 -0.128064226118847E-002  0.174212076120304E+000  0.945854848705312E+000  0.104524959251409E+001 -0.515552500052741E+001  0.267839657457897E-001 -0.100931177385075E-001  0.403013775489627E+001
      6.38000000  0.720517504349624E-003 -0.274906011408702E-003  0.113653868521754E+000  0.144940639973960E-002 -0.130307488571289E-002  0.173932492194538E+000  0.948867647837612E+000  0.104597004950593E+001 -0.513601364322023E+001  0.254185125567190E-001 -0.969817091288726E-002  0.400949632271264E+001
      6.39000000  0.739900998961475E-003 -0.279151374268667E-003  0.113248892952585E+000  0.137390491550398E-002 -0.133674292834757E-002  0.173658960893489E+000  0.951607050280490E+000  0.104708399583512E+001 -0.511677654547022E+001  0.260614773526911E-001 -0.983252790398552E-002  0.398895725650293E+001
      6.40000000  0.803219154899438E-003 -0.281355553351086E-003  0.112838153199798E+000  0.133840889846673E-002 -0.139025873893785E-002  0.173378860958236E+000  0.952930984255942E+000  0.104889246518485E+001 -0.509736855865125E+001  0.282475221818996E-001 -0.989468090471581E-002  0.396827966070475E+001
      6.41000000  0.880763879733485E-003 -0.263277597463463E-003  0.112428029084093E+000  0.136308485106095E-002 -0.145779120528482E-002  0.173077472963774E+000  0.952137967516830E+000  0.105118745906883E+001 -0.507727363901769E+001  0.309262841480450E-001 -0.924447286761291E-002  0.394768819846639E+001
      6.42000000  0.935968539127112E-003 -0.215308433938519E-003  0.112036140109486E+000  0.144834390086248E-002 -0.152173799276189E-002  0.172748289093522E+000  0.949223478909233E+000  0.105334959551946E+001 -0.505626684334272E+001  0.328134956338623E-001 -0.754835452435632E-002  0.392780017771315E+001
      6.43000000  0.937588649510568E-003 -0.142377398412568E-003  0.111682630855030E+000  0.157447454389572E-002 -0.156115984591665E-002  0.172399266013368E+000  0.944887394151389E+000  0.105464654070671E+001 -0.503463093971364E+001  0.328191737928981E-001 -0.498375122728071E-002  0.390931745344043E+001
      6.44000000  0.869675964538853E-003 -0.630893757169758E-004  0.111379269944192E+000  0.170811728418379E-002 -0.156218503692582E-002  0.172051378035943E+000  0.940302231790086E+000  0.105459751569691E+001 -0.501310189955363E+001  0.303947010135091E-001 -0.220493929950475E-002  0.389264478621268E+001
      6.45000000  0.736010145093802E-003 -0.232047693464486E-005  0.111122276497625E+000  0.181284782403818E-002 -0.152560454424339E-002  0.171729931662921E+000  0.936740186021966E+000  0.105323638222314E+001 -0.499256230302762E+001  0.256832726096480E-001 -0.809736687655150E-004  0.387764182235485E+001
      6.46000000  0.557986214022212E-003  0.194833484757245E-004  0.110892931666724E+000  0.185991273962796E-002 -0.146809373795678E-002  0.171453093198157E+000  0.935198310828150E+000  0.105115022444615E+001 -0.497364049197368E+001  0.194409385090172E-001  0.678824261509868E-003  0.386364861969799E+001
      6.47000000  0.367383561761355E-003 -0.448411292758308E-005  0.110665881280387E+000  0.183557529744855E-002 -0.141637961230172E-002  0.171223732121806E+000  0.936145104381126E+000  0.104927216683834E+001 -0.495642878682748E+001  0.127803196202138E-001 -0.155990638647221E-003  0.384977849045602E+001
      6.48000000  0.197004447149034E-003 -0.637928620707372E-004  0.110420832610435E+000  0.174318481915395E-002 -0.139687864167424E-002  0.171029008573990E+000  0.939452710673666E+000  0.104851878833610E+001 -0.494047329436439E+001  0.684269684375542E-002 -0.221576325947269E-002  0.383532602295357E+001
      6.49000000  0.724124383221877E-004 -0.134352485459184E-003  0.110151427719617E+000  0.160015158397017E-002 -0.142535032378152E-002  0.170847985415568E+000  0.944506424912763E+000  0.104943143262849E+001 -0.492504210359782E+001  0.251127775864337E-002 -0.465937090877831E-002  0.382007341451901E+001
      6.50000000  0.706816198053661E-005 -0.187487610968111E-003  0.109866546199294E+000  0.143165097382483E-002 -0.150101146586689E-002  0.170663177920129E+000  0.950426444098995E+000  0.105197529088560E+001 -0.490952735376813E+001  0.244748147045482E-003 -0.649210438368388E-002  0.380433183034136E+001
      6.51000000  0.161198658000480E-005 -0.200466524614438E-003  0.109583386774174E+000  0.126358312223846E-002 -0.160743086002802E-002  0.170469781974029E+000  0.956313313777417E+000  0.105557475908838E+001 -0.489376333417512E+001  0.557322669765720E-004 -0.693086034850497E-002  0.378869814652988E+001
      6.52000000  0.465500185844074E-004 -0.163999578276407E-003  0.109316165040714E+000  0.111701564327016E-002 -0.171943319126514E-002  0.170277568284917E+000  0.961439919222115E+000  0.105935591246803E+001 -0.487808848272335E+001  0.160693584520611E-002 -0.566136832906265E-002  0.377366259791852E+001
      6.53000000  0.126669627755047E-003 -0.838406284910223E-004  0.109066672906514E+000  0.100534150048465E-002 -0.181266702660341E-002  0.170104433129051E+000  0.965348127734440E+000  0.106247857691697E+001 -0.486311923436145E+001  0.436601867005185E-002 -0.288979888697983E-002  0.375928419961198E+001
      6.54000000  0.225356345178510E-003  0.235714855368672E-004  0.108821941981214E+000  0.934171955124989E-003 -0.187160134667383E-002  0.169965166995349E+000  0.967850416400510E+000  0.106441127206795E+001 -0.484936136793702E+001  0.775565207159613E-002  0.811214081812484E-003  0.374511362923097E+001
      6.55000000  0.327520009926853E-003  0.138883860281234E-003  0.108560383087258E+000  0.903020610833910E-003 -0.189280817609519E-002  0.169861638558125E+000  0.968969938351260E+000  0.106504165429761E+001 -0.483687354748985E+001  0.112544121111931E-001  0.477239909569939E-002  0.373040807639773E+001
      6.56000000  0.420759988912545E-003  0.247242648988067E-003  0.108263151074483E+000  0.907432014441999E-003 -0.188280454514698E-002  0.169779857484834E+000  0.968865884417948E+000  0.106459927949871E+001 -0.482516995467434E+001  0.144363323297135E-001  0.848292884524325E-002  0.371452340801842E+001
      6.57000000  0.495297853006262E-003  0.342187911276064E-003  0.107924618753385E+000  0.940452709449154E-003 -0.185223051920012E-002  0.169695686028068E+000  0.967782052614997E+000  0.106345355254220E+001 -0.481342009968437E+001  0.169678709069885E-001  0.117226437975109E-001  0.369727223241211E+001
      6.58000000  0.543699413101699E-003  0.424852289735066E-003  0.107556269643769E+000  0.993070522298021E-003 -0.180956426748590E-002  0.169586325151894E+000  0.966031179068069E+000  0.106189768318247E+001 -0.480084433304747E+001  0.185977003543614E-001  0.145324335266096E-001  0.367905358340631E+001
      6.59000000  0.561282799890159E-003  0.499580832347658E-003  0.107181779470687E+000  0.105409149012545E-002 -0.175737485920610E-002  0.169441598764083E+000  0.963998618365819E+000  0.106002128237755E+001 -0.478709886092096E+001  0.191700212674539E-001  0.170626557286115E-001  0.366068048466606E+001
      6.60000000  0.547429714920674E-003  0.568603986550653E-003  0.106825680324576E+000  0.111044219984559E-002 -0.169256235406178E-002  0.169269126071961E+000  0.962131482993502E+000  0.105772009231841E+001 -0.477244883184587E+001  0.186685551685791E-001  0.193906443195781E-001  0.364299023638008E+001
      6.61000000  0.507138282017099E-003  0.628526414023954E-003  0.106501344096060E+000  0.114876402685012E-002 -0.161000328372091E-002  0.169090624149523E+000  0.960883891387758E+000  0.105482158375448E+001 -0.475763783070435E+001  0.172683646572741E-001  0.214017038329766E-001  0.362643506032657E+001
      6.62000000  0.451587968565910E-003  0.670250404932875E-003  0.106204372079470E+000  0.115840540408235E-002 -0.150749184105663E-002  0.168931125746120E+000  0.960615180363419E+000  0.105125346796070E+001 -0.474351767962099E+001  0.153536150896218E-001  0.227879559406388E-001  0.361086026034188E+001
      6.63000000  0.396635265010489E-003  0.682210182637121E-003  0.105914724637602E+000  0.113489256042872E-002 -0.138946755265237E-002  0.168806469303307E+000  0.961472795672535E+000  0.104716948738055E+001 -0.473062293420067E+001  0.134649291319390E-001  0.231595941476689E-001  0.359558109699711E+001
      6.64000000  0.359065181682686E-003  0.655302131049595E-003  0.105606546739667E+000  0.108226478963563E-002 -0.126778013937867E-002  0.168715237688239E+000  0.963314729518187E+000  0.104297363987997E+001 -0.471890002175920E+001  0.121711465038657E-001  0.222126194579023E-001  0.357971983279551E+001
      6.65000000  0.351673430538680E-003  0.587270408975454E-003  0.105260878510991E+000  0.101279645482317E-002 -0.115917893720789E-002  0.168639067945256E+000  0.965721105873268E+000  0.103923332459672E+001 -0.470772214712718E+001  0.119026643855350E-001  0.198766297780403E-001  0.356263738185674E+001
      6.66000000  0.379148828400759E-003  0.484697151716335E-003  0.104875113777812E+000  0.943671525623414E-003 -0.108062942005683E-002  0.168551146238957E+000  0.968108650491056E+000  0.103651983724094E+001 -0.469618068245583E+001  0.128133227231237E-001  0.163803249877266E-001  0.354425116946167E+001
      6.67000000  0.436666488399169E-003  0.361856686568617E-003  0.104464725583932E+000  0.891662167531213E-003 -0.104437429517929E-002  0.168428802643491E+000  0.969911483064286E+000  0.103524168099980E+001 -0.468351228227186E+001  0.147350055995254E-001  0.122106010982464E-001  0.352508918665865E+001
      6.68000000  0.511978173289138E-003  0.236989080570561E-003  0.104056494150471E+000  0.867985019636736E-003 -0.105462460943777E-002  0.168264273774652E+000  0.970754298508253E+000  0.103553429588724E+001 -0.466946042985690E+001  0.172504830009284E-001  0.798505936205082E-002  0.350605724448563E+001
      6.69000000  0.590112276926801E-003  0.127508207958312E-003  0.103676414400460E+000  0.875569727525784E-003 -0.110700233133904E-002  0.168068668968694E+000  0.970542838530973E+000  0.103724334612732E+001 -0.465440508511577E+001  0.198533961143327E-001  0.428981239571649E-002  0.348802931795531E+001
      6.70000000  0.658479673656132E-003  0.459599797670796E-004  0.103337810875294E+000  0.909829196885573E-003 -0.119072446077922E-002  0.167867368193207E+000  0.969435918979831E+000  0.104000025391198E+001 -0.463920333581576E+001  0.221204443258723E-001  0.154394313800309E-002  0.347144852555948E+001
      6.71000000  0.710010059672049E-003 -0.186638362610106E-005  0.103034979824016E+000  0.962232181736631E-003 -0.129246723808162E-002  0.167688944013797E+000  0.967723708204823E+000  0.104335341355632E+001 -0.462481425018046E+001  0.238159690545027E-001 -0.626043731036494E-004  0.345611707551510E+001
      6.72000000  0.743086072240952E-003 -0.162049267661327E-004  0.102745145317938E+000  0.102454387771183E-002 -0.140025825417768E-002  0.167552501226813E+000  0.965684718576953E+000  0.104689916859819E+001 -0.461187408154202E+001  0.248883510459737E-001 -0.542755302644172E-003  0.344126655103455E+001
      6.73000000  0.758889640945685E-003 -0.582650692516166E-006  0.102437876439632E+000  0.109137829817803E-002 -0.150582359484254E-002  0.167458921070096E+000  0.963500532794929E+000  0.105035995218920E+001 -0.460040584277538E+001  0.253798958694765E-001 -0.194858555269132E-004  0.342587709312826E+001
      6.74000000  0.758248796304517E-003  0.414485630012959E-004  0.102087957201157E+000  0.115987553934517E-002 -0.160454414125708E-002  0.167389751325482E+000  0.961267300305748E+000  0.105358189241974E+001 -0.458978679181878E+001  0.253208399733745E-001  0.138412673517869E-002  0.340910904191012E+001
      6.75000000  0.740260446443712E-003  0.108436404258783E-003  0.101686306862040E+000  0.122721184778233E-002 -0.169328434088373E-002  0.167314236292432E+000  0.959079395370992E+000  0.105646149779519E+001 -0.457898762507817E+001  0.246835174433458E-001  0.361574347092835E-002  0.339066573290084E+001
      6.76000000  0.703698726427362E-003  0.200858807462346E-003  0.101244401846288E+000  0.128811533360029E-002 -0.176740055653575E-002  0.167201613391207E+000  0.957112144633205E+000  0.105884567745346E+001 -0.456698490047007E+001  0.234296793257329E-001  0.668760262290696E-002  0.337093670870673E+001
      6.77000000  0.650235998437067E-003  0.318629554452540E-003  0.100790328016674E+000  0.133464053276491E-002 -0.181873488081516E-002  0.167033663571956E+000  0.955628724110485E+000  0.106046541011260E+001 -0.455317824330842E+001  0.216176567185280E-001  0.105931144155182E-001  0.335086140547350E+001
      6.78000000  0.587043423187574E-003  0.457491476230779E-003  0.100357986670478E+000  0.135901225128789E-002 -0.183605379338296E-002  0.166812400780219E+000  0.954885104734717E+000  0.106095116104465E+001 -0.453764249219831E+001  0.194879792497690E-001  0.151872656154141E-001  0.333156677092686E+001
      6.79000000  0.526394664093574E-003  0.606282813623476E-003  0.999737456312070E-001  0.135820640266402E-002 -0.180826181571343E-002  0.166559725697440E+000  0.954978260098636E+000  0.105994014825798E+001 -0.452111124913294E+001  0.174488970202192E-001  0.200970243462882E-001  0.331392339481317E+001
      6.80000000  0.481573177369751E-003  0.746911219552028E-003  0.996458883699292E-001  0.133742778723804E-002 -0.172927434030519E-002  0.166309076520834E+000  0.955732223874683E+000  0.105723757954362E+001 -0.450469568322357E+001  0.159396819829700E-001  0.247221561927453E-001  0.329819816834959E+001
      6.81000000  0.460761134561162E-003  0.857749395278905E-003  0.993611470979723E-001  0.130981503536215E-002 -0.160237075052786E-002  0.166092327088107E+000  0.956709845580720E+000  0.105295929223175E+001 -0.448944873389219E+001  0.152284254853132E-001  0.283491201216828E-001  0.328394413334760E+001
      6.82000000  0.462223072124740E-003  0.919531746773500E-003  0.990898093231078E-001  0.129162568316775E-002 -0.144176760178091E-002  0.165927135805790E+000  0.957373608149628E+000  0.104758139416983E+001 -0.447594802553091E+001  0.152543434614507E-001  0.303465013646166E-001  0.327017424291712E+001
      6.83000000  0.473882197607851E-003  0.921468754338018E-003  0.987974505887557E-001  0.129481553448507E-002 -0.127021065890442E-002  0.165809834571018E+000  0.957330900940086E+000  0.104185827477989E+001 -0.446406501002661E+001  0.156162216886752E-001  0.303659019468755E-001  0.325575195366736E+001
      6.84000000  0.478258033326220E-003  0.864938523102687E-003  0.984586460741555E-001  0.132076856612485E-002 -0.111315662927523E-002  0.165716768979452E+000  0.956539281878694E+000  0.103662911711454E+001 -0.445301422922323E+001  0.157373805742710E-001  0.284613446359619E-001  0.323984350732179E+001
      6.85000000  0.460783314917583E-003  0.763037519183281E-003  0.980671701874467E-001  0.135876750652361E-002 -0.991751303527693E-003  0.165613606724033E+000  0.955354174584596E+000  0.103258655755323E+001 -0.444166396143363E+001  0.151402291660440E-001  0.250715738368063E-001  0.322225085465376E+001
      6.86000000  0.417412056666852E-003  0.636093324557906E-003  0.976385898202479E-001  0.139054090479235E-002 -0.917461017933621E-003  0.165468899238929E+000  0.954376780536595E+000  0.103010161385835E+001 -0.442898369859391E+001  0.136951612155752E-001  0.208700263656364E-001  0.320349210592389E+001
      6.87000000  0.357451638043624E-003  0.505077004105007E-003  0.972042438318335E-001  0.139902229032632E-002 -0.890493641584489E-003  0.165266460755764E+000  0.954165323282990E+000  0.102917429440746E+001 -0.441444897145846E+001  0.117108071722529E-001  0.165472997538510E-001  0.318459907491129E+001
      6.88000000  0.299824557075187E-003  0.385763029640125E-003  0.967990971155595E-001  0.137706693913564E-002 -0.902375569989219E-003  0.165011651559319E+000  0.954950197737619E+000  0.102952059906393E+001 -0.439824322440144E+001  0.980855514411030E-002  0.126199734461223E-001  0.316671619970061E+001
      6.89000000  0.264335688554202E-003  0.285989006635640E-003  0.964483899839717E-001  0.133166855819948E-002 -0.941123732979413E-003  0.164729195328161E+000  0.956498603467165E+000  0.103074353332345E+001 -0.438118137759005E+001  0.863501021689955E-002  0.934235557720890E-002  0.315066360305084E+001
      6.90000000  0.262173990074226E-003  0.206723213372548E-003  0.961583585724365E-001  0.128139668235991E-002 -0.996361366495091E-003  0.164453627414200E+000  0.958201491989063E+000  0.103250080098735E+001 -0.436439367881036E+001  0.855198220444501E-002  0.674320607283428E-002  0.313663674679284E+001
      6.91000000  0.290352994171113E-003  0.145730613773197E-003  0.959144778875754E-001  0.124820963239031E-002 -0.106202785868854E-002  0.164216376845942E+000  0.959342959925346E+000  0.103459267425169E+001 -0.434890265311794E+001  0.945746052063737E-002  0.474677910707552E-002  0.312415372387965E+001
      6.92000000  0.332811152248205E-003  0.101457658731257E-003  0.956875230098772E-001  0.124765442479361E-002 -0.113582751861310E-002  0.164034624974332E+000  0.959419771120092E+000  0.103694303467167E+001 -0.433526150623758E+001  0.108247544060547E-001  0.329993220167125E-002  0.311225729459074E+001
      6.93000000  0.367511548435486E-003  0.749327394193539E-004  0.954446478330860E-001  0.128222176250887E-002 -0.121640313132469E-002  0.163906066123374E+000  0.958355640725898E+000  0.103950668324636E+001 -0.432338734564200E+001  0.119361435033536E-001  0.243368660009828E-002  0.309987813447650E+001
      6.94000000  0.375909413799794E-003  0.688486004586333E-004  0.951609358912467E-001  0.134090915415038E-002 -0.130038737286139E-002  0.163811083382794E+000  0.956512327876682E+000  0.104217349067180E+001 -0.431263632757446E+001  0.121912996751462E-001  0.223286219922292E-002  0.308621025233340E+001
      6.95000000  0.350148712744142E-003  0.847409094333641E-004  0.948271036636817E-001  0.140482375001546E-002 -0.138135907164978E-002  0.163720857382302E+000  0.954505037463462E+000  0.104473506318036E+001 -0.430207029385404E+001  0.113395026019002E-001  0.274431899371048E-002  0.307095856585573E+001
      6.96000000  0.294762604268134E-003  0.120298582258098E-003  0.944509546247942E-001  0.145567297889356E-002 -0.145143764397121E-002  0.163607820252310E+000  0.952926026737697E+000  0.104693700977821E+001 -0.429079694940474E+001  0.953211823894110E-002  0.389025030128333E-002  0.305438225279559E+001
      6.97000000  0.222634381545144E-003  0.168716133130600E-003  0.940528206903373E-001  0.148279651890714E-002 -0.150457358301967E-002  0.163454415269230E+000  0.952117694282369E+000  0.104858552832989E+001 -0.427825239877565E+001  0.718928550510560E-002  0.544816322607090E-002  0.303714357059550E+001
      6.98000000  0.147877655467621E-003  0.220737314268086E-003  0.936574252522913E-001  0.148551435092031E-002 -0.153951817041844E-002  0.163257298898296E+000  0.952098655371457E+000  0.104964273175647E+001 -0.426433429122205E+001  0.476840801506023E-002  0.711781354154128E-002  0.302004258743956E+001
      6.99000000  0.795995387405874E-004  0.268404287471697E-003  0.932855398081911E-001  0.147027002731917E-002 -0.156059213206521E-002  0.163026220544803E+000  0.952658043327427E+000  0.105025028309562E+001 -0.424936244779346E+001  0.256306518135643E-002  0.864248329362131E-002  0.300374754413620E+001
      7.00000000  0.196396650542366E-004  0.308475084928641E-003  0.929483145388876E-001  0.144480542241295E-002 -0.157561721795717E-002  0.162778855398079E+000  0.953544450833011E+000  0.105066160605552E+001 -0.423390970367656E+001  0.631483943371796E-003  0.991855321996273E-002  0.298861350398220E+001
      7.01000000 -0.350546003283088E-004  0.343600845100381E-003  0.926456896575282E-001  0.141295250540109E-002 -0.159198805739791E-002  0.162534058321614E+000  0.954633442923695E+000  0.105111496444124E+001 -0.421858350192590E+001 -0.112552015761481E-002  0.110322090028696E-001  0.297463357873362E+001
      7.02000000 -0.873478763538011E-004  0.380566635159741E-003  0.923686015217488E-001  0.137295438043353E-002 -0.161291441662676E-002  0.162306057209012E+000  0.955980483260529E+000  0.105171308979663E+001 -0.420383947496754E+001 -0.280053828452717E-002  0.122016868190541E-001  0.296151223874185E+001
      7.03000000 -0.135422939158161E-003  0.426484550636473E-003  0.921034778263546E-001  0.132003300045852E-002 -0.163577518492031E-002  0.162101238889913E+000  0.957737445962698E+000  0.105237144610897E+001 -0.418987962097832E+001 -0.433573954747647E-002  0.136544513365101E-001  0.294881128525397E+001
      7.04000000 -0.171653061868611E-003  0.484889996334325E-003  0.918371172230697E-001  0.125147613136628E-002 -0.165338131176595E-002  0.161917939088498E+000  0.959989296518715E+000  0.105285993695648E+001 -0.417664739006882E+001 -0.548788713419706E-002  0.155023251168152E-001  0.293610686907527E+001
      7.05000000 -0.185626754464144E-003  0.553669927875953E-003  0.915604098832875E-001  0.117113578172416E-002 -0.165741982440334E-002  0.161748585880934E+000  0.962610951878805E+000  0.105291388969468E+001 -0.416389794882206E+001 -0.592621945597409E-002  0.176761669309908E-001  0.292310816947517E+001
      7.06000000 -0.169775196783734E-003  0.625717798427589E-003  0.912701353711609E-001  0.109058018178380E-002 -0.164229433246081E-002  0.161583003421839E+000  0.965232042684218E+000  0.105235673653775E+001 -0.415130483733660E+001 -0.541247392319245E-002  0.199480332311486E-001  0.290971376868393E+001
      7.07000000 -0.124612213374843E-003  0.691790617770942E-003  0.909688637725195E-001  0.102594394913015E-002 -0.160752358640999E-002  0.161411702257847E+000  0.967338923405393E+000  0.105117574993048E+001 -0.413856529411696E+001 -0.396704815025229E-002  0.220232561180407E-001  0.289600716483366E+001
      7.08000000 -0.607451882865859E-004  0.744027735380880E-003  0.906634931424469E-001  0.991774098550106E-003 -0.155775034464264E-002  0.161228374547909E+000  0.968471320647216E+000  0.104952116737040E+001 -0.412547941221997E+001 -0.193110060699523E-002  0.236527773135997E-001  0.288220897124702E+001
      7.09000000  0.360382044660461E-005  0.778473708908989E-003  0.903630917044697E-001  0.994714177621209E-003 -0.150067833779915E-002  0.161031296647431E+000  0.968422456048468E+000  0.104763955037043E+001 -0.411199393942161E+001  0.114404520520890E-003  0.247129158417871E-001  0.286860744934589E+001
      7.10000000  0.486693561444220E-004  0.795679767533008E-003  0.900765718510501E-001  0.102998112661629E-002 -0.144418218541012E-002  0.160823687474071E+000  0.967348946874761E+000  0.104578148865044E+001 -0.409821260585973E+001  0.154284937070960E-002  0.252235518584184E-001  0.285548429660085E+001
      7.11000000  0.602442806086385E-004  0.799531730190248E-003  0.898104966644563E-001  0.108229629682680E-002 -0.139398338105640E-002  0.160613184578067E+000  0.965738778134426E+000  0.104412800268773E+001 -0.408437843453719E+001  0.190709574643847E-002  0.253100136043415E-001  0.284304525581389E+001
      7.12000000  0.348295377965155E-004  0.795241099725173E-003  0.895671886140900E-001  0.113092718113282E-002 -0.135270472229129E-002  0.160410536626003E+000  0.964249598459712E+000  0.104276114129551E+001 -0.407083143048019E+001  0.110101691997606E-002  0.251388321996447E-001  0.283136086143142E+001
      7.13000000 -0.192199890586411E-004  0.787569850308206E-003  0.893433542826677E-001  0.115674659246625E-002 -0.132025410223776E-002  0.160227526655004E+000  0.963484691470545E+000  0.104167679091901E+001 -0.405794234348658E+001 -0.606722193935916E-003  0.248614141245801E-001  0.282032397409734E+001
      7.14000000 -0.848442246397961E-004  0.779901720232636E-003  0.891295987179462E-001  0.114848415152195E-002 -0.129487795812424E-002  0.160074198278309E+000  0.963796290598031E+000  0.104081848691148E+001 -0.404602501439937E+001 -0.267454770640414E-002  0.245848714620754E-001  0.280963571575845E+001
      7.15000000 -0.142262441596431E-003  0.774119459213409E-003  0.889113061498387E-001  0.110586402080007E-002 -0.127415380990944E-002  0.159955727712521E+000  0.965188562108073E+000  0.104010902369926E+001 -0.403523830777484E+001 -0.447827224400078E-002  0.243684675226555E-001  0.279883453454428E+001
      7.16000000 -0.175348262290448E-003  0.770836294283683E-003  0.886712180411855E-001  0.103875023299882E-002 -0.125556939761822E-002  0.159869681521817E+000  0.967346902326891E+000  0.103946880479385E+001 -0.402550099135016E+001 -0.551206994086566E-002  0.242312271108307E-001  0.278737838174395E+001
      7.17000000 -0.176064078391956E-003  0.769562043438723E-003  0.883935571621221E-001  0.963055701190812E-003 -0.123680794689703E-002  0.159804692906733E+000  0.969768581427180E+000  0.103882481427668E+001 -0.401645185755167E+001 -0.552685254126375E-002  0.241574316253812E-001  0.277477473255634E+001
      7.18000000 -0.145663252300800E-003  0.768730999286279E-003  0.880688398085560E-001  0.895302510299024E-003 -0.121607386837775E-002  0.159741509836198E+000  0.971934574337807E+000  0.103812078080881E+001 -0.400748452942107E+001 -0.456616744858217E-002  0.240977350856374E-001  0.276073109185972E+001
      7.19000000 -0.927806768792723E-004  0.765852986995490E-003  0.876978975627426E-001  0.847940275441653E-003 -0.119263624280036E-002  0.159656772457696E+000  0.973456227346304E+000  0.103733407434971E+001 -0.399786741292901E+001 -0.290438992587852E-002  0.239741266710957E-001  0.274527949966766E+001
      7.20000000 -0.296738385384418E-004  0.758094439703792E-003  0.872934755920046E-001  0.826871623808267E-003 -0.116741089044835E-002  0.159528879979821E+000  0.974151707034669E+000  0.103649366822899E+001 -0.398692796731619E+001 -0.927614456540399E-003  0.236982944010135E-001  0.272882424078365E+001
      7.21000000  0.316932961910108E-004  0.743317173616105E-003  0.868783274098119E-001  0.831511160476986E-003 -0.114315526100006E-002  0.159344295230976E+000  0.974042725284083E+000  0.103568586516109E+001 -0.397424910490925E+001  0.989369277269944E-003  0.232041240018288E-001  0.271207978753079E+001
      7.22000000  0.823774356540567E-004  0.721212627900012E-003  0.864799053246478E-001  0.856676769295512E-003 -0.112392911958529E-002  0.159102116223556E+000  0.973294170736556E+000  0.103503708778813E+001 -0.395980993486378E+001  0.256801376036693E-002  0.224829036967773E-001  0.269590313300786E+001
      7.23000000  0.117474080133280E-003  0.693966628323228E-003  0.861231140798086E-001  0.895114565053781E-003 -0.111384796936458E-002  0.158815086201232E+000  0.972134515273271E+000  0.103467479447881E+001 -0.394401446662710E+001  0.365704269994056E-002  0.216036217456012E-001  0.268106722167460E+001
      7.24000000  0.135736613482660E-003  0.666040227814733E-003  0.858235269606509E-001  0.939610008118003E-003 -0.111557802532497E-002  0.158506408271071E+000  0.970789745338839E+000  0.103468068446760E+001 -0.392758964998438E+001  0.421973053970939E-002  0.207056166930514E-001  0.266805063460416E+001
      7.25000000  0.138539827779995E-003  0.643074447625545E-003  0.855834551592443E-001  0.984218342584225E-003 -0.112920588219818E-002  0.158203329254623E+000  0.969445180428394E+000  0.103505592254984E+001 -0.391138396009801E+001  0.430093532923248E-002  0.199640901496685E-001  0.265691759395509E+001
      7.26000000  0.128840932195628E-003  0.630352737028234E-003  0.853922212507654E-001  0.102475110576407E-002 -0.115193937299224E-002  0.157929748643006E+000  0.968230670397916E+000  0.103571241974403E+001 -0.389613742341170E+001  0.399432605453082E-002  0.195421929828457E-001  0.264732929499689E+001
      7.27000000  0.110364220796703E-003  0.631418955501340E-003  0.852303351992142E-001  0.105892945072480E-002 -0.117867918787843E-002  0.157700468253999E+000  0.967216230194540E+000  0.103649114409222E+001 -0.388230433662391E+001  0.341680478041444E-002  0.195483218204873E-001  0.263867596439099E+001
      7.28000000  0.868375583355578E-004  0.647269876881622E-003  0.850757588073529E-001  0.108646095108869E-002 -0.120311895417019E-002  0.157518928301195E+000  0.966410076250014E+000  0.103719661888653E+001 -0.386998523556209E+001  0.268474164690734E-002  0.200115299020460E-001  0.263027239814523E+001
      7.29000000  0.610451303508539E-004  0.676173504292185E-003  0.849097812315817E-001  0.110891525359643E-002 -0.121891963799522E-002  0.157378735988893E+000  0.965762889493279E+000  0.103763343159859E+001 -0.385897651600049E+001  0.188473273042377E-002  0.208764618514242E-001  0.262153988205949E+001
      7.30000000  0.337765059481686E-004  0.713880877006352E-003  0.847205037866950E-001  0.112902562280584E-002 -0.122069396817935E-002  0.157267733099572E+000  0.965189744288294E+000  0.103763658531722E+001 -0.384889792916402E+001  0.104140135117721E-002  0.220104622732386E-001  0.261211290626885E+001
      7.31000000  0.319331214977226E-005  0.753993298543964E-003  0.845032560453950E-001  0.114920065164832E-002 -0.120483920062189E-002  0.157172518406756E+000  0.964616176329567E+000  0.103709693147570E+001 -0.383933303480624E+001  0.983219021587985E-004  0.232154114132301E-001  0.260185051861835E+001
      7.32000000 -0.346917450505909E-004  0.788491738650182E-003  0.842587221418048E-001  0.116957393240132E-002 -0.117040304352878E-002  0.157081588211309E+000  0.964038079670217E+000  0.103598741374023E+001 -0.382992601325572E+001 -0.106669765548641E-002  0.242444503083371E-001  0.259077717860182E+001
      7.33000000 -0.840866090059282E-004  0.808697741402549E-003  0.839903996490950E-001  0.118651337569287E-002 -0.112001005586909E-002  0.156986352421632E+000  0.963566999538823E+000  0.103439095396474E+001 -0.382041245159660E+001 -0.258195779959314E-002  0.248318188307542E-001  0.257900360150850E+001
      7.34000000 -0.146513464025736E-003  0.806942839589914E-003  0.837028734818587E-001  0.119269366000098E-002 -0.106050837029051E-002  0.156880557219389E+000  0.963427122926217E+000  0.103251953419650E+001 -0.381060101757113E+001 -0.449270344026396E-002  0.247441755310976E-001  0.256667324162009E+001
      7.35000000 -0.218217988472857E-003  0.778868669814998E-003  0.834014596997473E-001  0.117932138155610E-002 -0.100270790874652E-002  0.156759383478253E+000  0.963886372929909E+000  0.103070530225520E+001 -0.380034535386893E+001 -0.668235408849782E-002  0.238508121010770E-001  0.255395116191631E+001
      7.36000000 -0.289464599458784E-003  0.725723402346647E-003  0.830926825323744E-001  0.114002190228825E-002 -0.959663826703434E-003  0.156619335197865E+000  0.965137248818452E+000  0.102934726178606E+001 -0.378954036081488E+001 -0.885205125142085E-002  0.221931827378524E-001  0.254103847506697E+001
      7.37000000 -0.346683781363301E-003  0.655615104570993E-003  0.827844643466407E-001  0.107478926323560E-002 -0.943497215342260E-003  0.156459171250439E+000  0.967176710216510E+000  0.102881372522820E+001 -0.377815037133666E+001 -0.105874729197302E-001  0.200220129655776E-001  0.252817790032681E+001
      7.38000000 -0.377106868691697E-003  0.582760518034450E-003  0.824851580393339E-001  0.991944986569213E-003 -0.961524489934599E-003  0.156281162176209E+000  0.969747762553994E+000  0.102932447622953E+001 -0.376624701017388E+001 -0.115009669776531E-001  0.177729710865429E-001  0.251562397165577E+001
      7.39000000 -0.374101928358668E-003  0.524416255594158E-003  0.822014358147583E-001  0.906662326804954E-003 -0.101307082554743E-002  0.156091504392428E+000  0.972386121628472E+000  0.103085472257019E+001 -0.375402108336256E+001 -0.113938837457317E-001  0.159719514861285E-001  0.250357865706490E+001
      7.40000000 -0.340717486667596E-003  0.496156400993695E-003  0.819359834601546E-001  0.836138384509217E-003 -0.108838708220345E-002  0.155899086457921E+000  0.974568456649627E+000  0.103310380647013E+001 -0.374174424831045E+001 -0.103630830648962E-001  0.150908309607656E-001  0.249212158409097E+001
      7.41000000 -0.289464937512230E-003  0.507002417281713E-003  0.816863290277214E-001  0.793225682105913E-003 -0.117045374762303E-002  0.155712757803714E+000  0.975906225888275E+000  0.103555185975394E+001 -0.372968550750415E+001 -0.879233107930695E-002  0.153999069768560E-001  0.248117528719548E+001
      7.42000000 -0.238007352987901E-003  0.556178646862277E-003  0.814456968464577E-001  0.781339331334429E-003 -0.123937316375679E-002  0.155538216758538E+000  0.976299251775561E+000  0.103759451256621E+001 -0.371801682935444E+001 -0.721959348839826E-002  0.168708390176381E-001  0.247053217150243E+001
      7.43000000 -0.202412123787344E-003  0.632784378045521E-003  0.812057541461661E-001  0.793105039856204E-003 -0.127800167562686E-002  0.155376019764525E+000  0.975974735844548E+000  0.103871407481361E+001 -0.370675349502542E+001 -0.613160237027208E-002  0.191687242824022E-001  0.245993859105734E+001
      7.44000000 -0.190934260389470E-003  0.718628584704382E-003  0.809600893561588E-001  0.813565625487349E-003 -0.127693593432341E-002  0.155221766893968E+000  0.975388055301194E+000  0.103862979901672E+001 -0.369576076368365E+001 -0.577613324677773E-002  0.217399143125428E-001  0.244920038362060E+001
      7.45000000 -0.201180525725942E-003  0.793318908527177E-003  0.807068129349550E-001  0.826595426929762E-003 -0.123718058055963E-002  0.155068470894876E+000  0.975027443694133E+000  0.103737688438866E+001 -0.368482645140017E+001 -0.607793346376917E-002  0.239672280613611E-001  0.243826104600078E+001
      7.46000000 -0.221942566353746E-003  0.839920405392876E-003  0.804490563332318E-001  0.821594339643118E-003 -0.116967705756761E-002  0.154910036060074E+000  0.975211805991120E+000  0.103529014311773E+001 -0.367376641062029E+001 -0.669619437251139E-002  0.253411068653903E-001  0.242721586553983E+001
      7.47000000 -0.238741202652760E-003  0.849392217839240E-003  0.801931523802103E-001  0.797394855703940E-003 -0.109198092215602E-002  0.154744233852377E+000  0.975974131085566E+000  0.103290188079985E+001 -0.366251399944093E+001 -0.719338079293968E-002  0.255925730355141E-001  0.241625607832809E+001
      7.48000000 -0.240351404612950E-003  0.822549943306165E-003  0.799453746597611E-001  0.761720985704611E-003 -0.102328282143928E-002  0.154573828216882E+000  0.977079684133647E+000  0.103079075662633E+001 -0.365115315698588E+001 -0.723221522846010E-002  0.247506696943486E-001  0.240557011510022E+001
      7.49000000 -0.223207667107091E-003  0.769204497911339E-003  0.797087412069127E-001  0.726764461761347E-003 -0.979362800424977E-003  0.154405403210597E+000  0.978160728856098E+000  0.102942985089680E+001 -0.363988216846395E+001 -0.670739011031936E-002  0.231145941757830E-001  0.239524757104666E+001
      7.50000000 -0.191807620955693E-003  0.705014901394536E-003  0.794812746505379E-001  0.703319176624580E-003 -0.968889317599193E-003  0.154246495642733E+000  0.978893439298198E+000  0.102907630258765E+001 -0.362892685359176E+001 -0.575613367205328E-002  0.211574492869282E-001  0.238522765171755E+001
      7.51000000 -0.155366852500526E-003  0.647165179329291E-003  0.792563786789953E-001  0.696456712085325E-003 -0.991891998084945E-003  0.154102322314926E+000  0.979127211777032E+000  0.102972697549873E+001 -0.361844229875546E+001 -0.465634023312463E-002  0.193955223620051E-001  0.237531145695005E+001
      7.52000000 -0.122868648338810E-003  0.610120415500082E-003  0.790250505707249E-001  0.704682730016740E-003 -0.104052458579981E-002  0.153973439114028E+000  0.978908762453673E+000  0.103114302405478E+001 -0.360844326368233E+001 -0.367747319286286E-002  0.182609762763313E-001  0.236522912042712E+001
      7.53000000 -0.992897316314282E-004  0.602495732057705E-003  0.787789546175183E-001  0.722502850633976E-003 -0.110163403846228E-002  0.153855147391455E+000  0.978404122056431E+000  0.103292824964253E+001 -0.359878736968325E+001 -0.296780687229196E-002  0.180088206982468E-001  0.235473214666080E+001
      7.54000000 -0.848688452939689E-004  0.625640645288139E-003  0.785131928286766E-001  0.744482936320571E-003 -0.116029441070068E-002  0.153738697876375E+000  0.977776642241404E+000  0.103463563304989E+001 -0.358921207937025E+001 -0.253339683089080E-002  0.186758288340007E-001  0.234367597681245E+001
      7.55000000 -0.773890662430192E-004  0.674058720830167E-003  0.782279022599339E-001  0.768226795200519E-003 -0.120336823754663E-002  0.153613707002680E+000  0.977098244445401E+000  0.103587384010898E+001 -0.357940752599347E+001 -0.230706021811392E-002  0.200944931240892E-001  0.233206691864791E+001
      7.56000000 -0.756718184693958E-004  0.737359345969620E-003  0.779283450638362E-001  0.794540631901255E-003 -0.122227551837983E-002  0.153470920532269E+000  0.976345128594846E+000  0.103638929092872E+001 -0.356909910438992E+001 -0.225288306603579E-002  0.219524839989146E-001  0.232006382970053E+001
      7.57000000 -0.818387289684657E-004  0.803135065169445E-003  0.776236585938410E-001  0.824874165549550E-003 -0.121441550875698E-002  0.153304537588878E+000  0.975474487126721E+000  0.103610752335017E+001 -0.355811633725147E+001 -0.243326422947394E-002  0.238791566064771E-001  0.230793994723537E+001
      7.58000000 -0.100728619633587E-003  0.860006089300776E-003  0.773247301777177E-001  0.857845868052621E-003 -0.118303691624870E-002  0.153113587988024E+000  0.974527807178227E+000  0.103512815712964E+001 -0.354643308560560E+001 -0.299095550556454E-002  0.255363367131410E-001  0.229601902897735E+001
      7.59000000 -0.136652944230019E-003  0.900090607001304E-003  0.770417471695045E-001  0.887274735461912E-003 -0.113572369937967E-002  0.152902156413772E+000  0.973688681301176E+000  0.103367884491000E+001 -0.353417324572626E+001 -0.405231775803567E-002  0.266913616178878E-001  0.228460236933919E+001
      7.60000000 -0.189377503612025E-003  0.920342174643805E-003  0.767819418296155E-001  0.903300243412105E-003 -0.108198338793700E-002  0.152678474638011E+000  0.973248705005358E+000  0.103204300784938E+001 -0.352158287807532E+001 -0.560842698916770E-002  0.272559928877099E-001  0.227390216168515E+001
      7.61000000 -0.251835897433097E-003  0.922505673420222E-003  0.765479910397450E-001  0.896362109315405E-003 -0.103061953681794E-002  0.152453071852020E+000  0.973489061108650E+000  0.103048175650985E+001 -0.350897469857843E+001 -0.744833591035694E-002  0.272841648266973E-001  0.226399475348221E+001
      7.62000000 -0.311242435031380E-003  0.911806228842031E-003  0.763374529971373E-001  0.862071954044951E-003 -0.987590624099124E-003  0.152236341897823E+000  0.974536692160088E+000  0.102917079480808E+001 -0.349665578375168E+001 -0.919327197557174E-002  0.269323257605283E-001  0.225480489912743E+001
      7.63000000 -0.353440067177305E-003  0.894808823594179E-003  0.761434673569688E-001  0.804337384879113E-003 -0.954901149713529E-003  0.152036069221500E+000  0.976273155044957E+000  0.102816826863027E+001 -0.348485462668734E+001 -0.104259951513707E-001  0.263956277812628E-001  0.224612740658535E+001
      7.64000000 -0.368513565505085E-003  0.877090924388577E-003  0.759566580453517E-001  0.734888224772821E-003 -0.930781189107671E-003  0.151855580703965E+000  0.978350184203178E+000  0.102742082484388E+001 -0.347366720425632E+001 -0.108564139999407E-001  0.258391090100093E-001  0.223768404471637E+001
      7.65000000 -0.354921906823942E-003  0.861412246733275E-003  0.757677919718271E-001  0.669180206950163E-003 -0.911061435938071E-003  0.151693136773595E+000  0.980311713194582E+000  0.102680479587084E+001 -0.346303992884608E+001 -0.104423355958525E-001  0.253440421507377E-001  0.222920224397146E+001
      7.66000000 -0.320082890377420E-003  0.846938516295628E-003  0.755704038511667E-001  0.620520559104809E-003 -0.891320098537277E-003  0.151542864133522E+000  0.981767186864246E+000  0.102618974111707E+001 -0.345279803104281E+001 -0.940502525270529E-002  0.248856729700759E-001  0.222049218481907E+001
      7.67000000 -0.277104266257353E-003  0.829801265219510E-003  0.753624873744450E-001  0.595169923534037E-003 -0.869136438472553E-003  0.151397013142052E+000  0.982534867374497E+000  0.102550462072654E+001 -0.344271259194381E+001 -0.813156473455518E-002  0.243503385786259E-001  0.221149588535480E+001
      7.68000000 -0.239251049703684E-003  0.804896957296261E-003  0.751466019280480E-001  0.590661942219334E-003 -0.845696037216861E-003  0.151248785946568E+000  0.982689721921811E+000  0.102478445372465E+001 -0.343258377860975E+001 -0.701162865734705E-002  0.235887724588028E-001  0.220228947055207E+001
      7.69000000 -0.214777973830254E-003  0.768419200550529E-003  0.749283165029168E-001  0.597954004301118E-003 -0.826107761726949E-003  0.151094682426969E+000  0.982498804577702E+000  0.102417890552428E+001 -0.342230931711070E+001 -0.628622145745453E-002  0.224904499315113E-001  0.219303675591911E+001
      7.70000000 -0.204441005921746E-003  0.720289270667551E-003  0.747135937504813E-001  0.606163797149757E-003 -0.818133518797932E-003  0.150935437595865E+000  0.982281557436477E+000  0.102391441361275E+001 -0.341191125965876E+001 -0.597590327579126E-002  0.210543818872966E-001  0.218391221284901E+001
      7.71000000 -0.202568240142376E-003  0.665539399275456E-003  0.745061972584656E-001  0.607514986258642E-003 -0.829552349181468E-003  0.150775178929532E+000  0.982265093911902E+000  0.102421674088815E+001 -0.340151057869212E+001 -0.591348163685764E-002  0.194287861387081E-001  0.217502521130834E+001
      7.72000000 -0.200819559348953E-003  0.613920251517001E-003  0.743062293583518E-001  0.600231551888798E-003 -0.864938146459956E-003  0.150619200521510E+000  0.982500413126927E+000  0.102521703530276E+001 -0.339126163225623E+001 -0.585483937587177E-002  0.178986771700910E-001  0.216637781165465E+001
      7.73000000 -0.192600440551390E-003  0.577557185166357E-003  0.741104180607908E-001  0.588320747386061E-003 -0.923008279229245E-003  0.150471383162145E+000  0.982869858679628E+000  0.102687524166591E+001 -0.338127682848481E+001 -0.560794903064372E-002  0.168167385672764E-001  0.215787381344914E+001
      7.74000000 -0.176040464082373E-003  0.567223867725084E-003  0.739139652722549E-001  0.578763241571988E-003 -0.995688381527259E-003  0.150332465904328E+000  0.983169917098717E+000  0.102895401228218E+001 -0.337157663477745E+001 -0.511914957909118E-002  0.164945249312489E-001  0.214937313523199E+001
      7.75000000 -0.154401565285322E-003  0.588456569900152E-003  0.737130190587850E-001  0.577757932737407E-003 -0.106954795602459E-002  0.150199975447904E+000  0.983220829382929E+000  0.103106167240707E+001 -0.336208812015686E+001 -0.448411014486704E-002  0.170898790438220E-001  0.214076389678737E+001
      7.76000000 -0.134139134949365E-003  0.638989178531777E-003  0.735065186839290E-001  0.587847226372798E-003 -0.112940957595249E-002  0.150069807523669E+000  0.982949817666788E+000  0.103275789751988E+001 -0.335269142422716E+001 -0.389063111349206E-002  0.185335262533108E-001  0.213201575173519E+001
      7.77000000 -0.121867343823106E-003  0.708663110881125E-003  0.732964672087557E-001  0.607029447223745E-003 -0.116303546323788E-002  0.149938617296533E+000  0.982416107659152E+000  0.103368978303721E+001 -0.334328930225038E+001 -0.353014547062123E-002  0.205279264534116E-001  0.212318725929651E+001
      7.78000000 -0.121723599674610E-003  0.782116512840755E-003  0.730864890145431E-001  0.629857013937420E-003 -0.116523930363487E-002  0.149805743453614E+000  0.981778310227067E+000  0.103371023681920E+001 -0.333386264344518E+001 -0.352144950716671E-002  0.226265392746555E-001  0.211438358222076E+001
      7.79000000 -0.134114421436969E-003  0.843494117062411E-003  0.728794353793438E-001  0.649649070497552E-003 -0.113984139263425E-002  0.149673610559161E+000  0.981229854495822E+000  0.103293314769933E+001 -0.332448159462390E+001 -0.387493389723875E-002  0.243708611744095E-001  0.210568700619392E+001
      7.80000000 -0.155978549853129E-003  0.881582800486095E-003  0.726753352290682E-001  0.660701552965769E-003 -0.109860585293934E-002  0.149546343672194E+000  0.980934991623503E+000  0.103170104519164E+001 -0.331526501184514E+001 -0.450087084880497E-002  0.254386922512867E-001  0.209709795396640E+001
      7.81000000 -0.182038873382688E-003  0.893535944317658E-003  0.724708443646793E-001  0.659727066832115E-003 -0.105740256031289E-002  0.149427293165425E+000  0.980987486124616E+000  0.103047302719646E+001 -0.330630881693339E+001 -0.524613401518723E-002  0.257505950469319E-001  0.208851963685598E+001
      7.82000000 -0.206331241525689E-003  0.885821108231775E-003  0.722605686390762E-001  0.646347634307529E-003 -0.103087743133469E-002  0.149316790747787E+000  0.981396884346610E+000  0.102967061541137E+001 -0.329762155817295E+001 -0.593860601520150E-002  0.254956182245563E-001  0.207979675985457E+001
      7.83000000 -0.223539954289601E-003  0.872022589936632E-003  0.720396207766727E-001  0.622887112405661E-003 -0.102747104926899E-002  0.149211380238890E+000  0.982095019233965E+000  0.102953480495650E+001 -0.328910285674845E+001 -0.642568854336654E-002  0.250664163528162E-001  0.207078939138295E+001
      7.84000000 -0.230028394586685E-003  0.868249566415428E-003  0.718060695004733E-001  0.593768994012667E-003 -0.104648861816455E-002  0.149104997636227E+000  0.982953794165880E+000  0.103004309852514E+001 -0.328057797936979E+001 -0.660376577651554E-002  0.249261261092180E-001  0.206144317602767E+001
      7.85000000 -0.224617693610198E-003  0.887710071049114E-003  0.715619613469633E-001  0.564625720239684E-003 -0.107817783668824E-002  0.148991513446592E+000  0.983811102388966E+000  0.103091341747100E+001 -0.327187120536421E+001 -0.644021820674160E-002  0.254523429120404E-001  0.205181808685408E+001
      7.86000000 -0.209045125734079E-003  0.936235759828896E-003  0.713123600614865E-001  0.541056702110730E-003 -0.110673046297400E-002  0.148867284413604E+000  0.984506607951381E+000  0.103169170419313E+001 -0.326287890277571E+001 -0.598609734657367E-002  0.268095148260398E-001  0.204206019079822E+001
      7.87000000 -0.187805076101725E-003  0.101015505420301E-002  0.710629499154164E-001  0.527066240339615E-003 -0.111517819010903E-002  0.148732342700197E+000  0.984926408456337E+000  0.103189303212680E+001 -0.325360307985248E+001 -0.537104597167871E-002  0.288894706536536E-001  0.203233255884981E+001
      7.88000000 -0.167036911404761E-003  0.109710421778612E-002  0.708175639232234E-001  0.523556526411431E-003 -0.109060788306247E-002  0.148589620190030E+000  0.985045784470202E+000  0.103115076313459E+001 -0.324412855865425E+001 -0.477103397354206E-002  0.313363163360351E-001  0.202274455723417E+001
      7.89000000 -0.152453581149334E-003  0.117943616259217E-002  0.705770364747374E-001  0.527580271736193E-003 -0.102810203372563E-002  0.148442745112613E+000  0.984949954270816E+000  0.102932820548979E+001 -0.323455959556327E+001 -0.434897491584480E-002  0.336452462925694E-001  0.201331945730181E+001
      7.90000000 -0.146896059376457E-003  0.123912152721265E-002  0.703399864668451E-001  0.533038246441961E-003 -0.932267445855380E-003  0.148293796440368E+000  0.984813504850792E+000  0.102656071142878E+001 -0.322495578006249E+001 -0.418513363356054E-002  0.353031197815623E-001  0.200401729220088E+001
      7.91000000 -0.148593129428828E-003  0.126263467032960E-002  0.701049511648424E-001  0.532986948117875E-003 -0.815979883075546E-003  0.148142434079392E+000  0.984834163623945E+000  0.102321823721308E+001 -0.321530756715956E+001 -0.422813184353093E-002  0.359275417166835E-001  0.199479597440758E+001
      7.92000000 -0.151209767286399E-003  0.124436856113158E-002  0.698724162739233E-001  0.522880621413008E-003 -0.696821529189521E-003  0.147986977314352E+000  0.985140519014932E+000  0.101980262002251E+001 -0.320556736162402E+001 -0.429715420639767E-002  0.353630833029960E-001  0.198566900069336E+001
      7.93000000 -0.146122113200478E-003  0.118761054332251E-002  0.696452834388190E-001  0.503360692826491E-003 -0.592387326425512E-003  0.147826749566482E+000  0.985713284814302E+000  0.101681352781985E+001 -0.319571630836864E+001 -0.414733419470075E-002  0.337075457535367E-001  0.197671837053952E+001
      7.94000000 -0.126288593374895E-003  0.110291109635780E-002  0.694272468365283E-001  0.481095555922379E-003 -0.515973563068429E-003  0.147664097729121E+000  0.986362426060412E+000  0.101462625777893E+001 -0.318582135339518E+001 -0.357989178797267E-002  0.312641250583453E-001  0.196804813617512E+001
      7.95000000 -0.901257112583524E-004  0.100455681751929E-002  0.692199085503552E-001  0.466860766299814E-003 -0.473998479483725E-003  0.147504527777139E+000  0.986782585023880E+000  0.101341949260599E+001 -0.317603854343810E+001 -0.255157214250602E-002  0.284402658837179E-001  0.195970259649443E+001
      7.96000000 -0.435009506375962E-004  0.906509746658783E-003  0.690204352933982E-001  0.471296281059816E-003 -0.465846024667199E-003  0.147354440890068E+000  0.986673772577337E+000  0.101317211766386E+001 -0.316654845360686E+001 -0.123001938397448E-002  0.256321883501190E-001  0.195160041463239E+001
      7.97000000  0.141348815345113E-005  0.819315118009682E-003  0.688215001787741E-001  0.499996231712168E-003 -0.485874238117745E-003  0.147217456471661E+000  0.985880000369909E+000  0.101372119153579E+001 -0.315745219479869E+001  0.399172052467744E-004  0.231376327049693E-001  0.194353376172248E+001
      7.98000000  0.303355455365108E-004  0.748992402717319E-003  0.686140887283202E-001  0.550136073994713E-003 -0.526464066352653E-003  0.147091389492536E+000  0.984483509210271E+000  0.101484882599566E+001 -0.314868665807813E+001  0.855608703317267E-003  0.211251984149140E-001  0.193524825243299E+001
      7.99000000  0.325742105707435E-004  0.697970059420585E-003  0.683920682123522E-001  0.610371962367584E-003 -0.580609550776083E-003  0.146967902937264E+000  0.982806112843426E+000  0.101635549421266E+001 -0.314001575193554E+001  0.917599980502615E-003  0.196614837840756E-001  0.192657195243137E+001
      8.00000000  0.584763940113703E-005  0.667125488975388E-003  0.681561771513410E-001  0.664405366894222E-003 -0.642895970947239E-003  0.146835586806969E+000  0.981307412578857E+000  0.101808743537971E+001 -0.313111810904598E+001  0.164519307277774E-003  0.187691161825465E-001  0.191752710494761E+001
      8.01000000 -0.419633118229941E-004  0.657460140401865E-003  0.679150663467657E-001  0.696984511820293E-003 -0.708664961472786E-003  0.146685343361148E+000  0.980415301646583E+000  0.101991290949613E+001 -0.312173893949621E+001 -0.117913495927957E-002  0.184740956374157E-001  0.190835817080056E+001
      8.02000000 -0.950969895916788E-004  0.670205658730554E-003  0.676823486284377E-001  0.699964146354511E-003 -0.772264054065813E-003  0.146515507613357E+000  0.980356100556706E+000  0.102167293496495E+001 -0.311183331807727E+001 -0.266881626813042E-002  0.188087527554045E-001  0.189944764666509E+001
      8.03000000 -0.135512401675673E-003  0.705147740527786E-003  0.674706603921152E-001  0.675907889013797E-003 -0.825917804610427E-003  0.146333962680098E+000  0.981054841385622E+000  0.102314981680953E+001 -0.310162416907134E+001 -0.379830445196737E-002  0.197647283128496E-001  0.189114875521061E+001
      8.04000000 -0.149681820764648E-003  0.758172524547538E-003  0.672854228451089E-001  0.637665512356351E-003 -0.860517851447756E-003  0.146155815651199E+000  0.982148975095049E+000  0.102408962896642E+001 -0.309153553804703E+001 -0.419024372262888E-002  0.212245391285710E-001  0.188361097734413E+001
      8.05000000 -0.133922402936807E-003  0.819792124412496E-003  0.671213721917075E-001  0.603971699363621E-003 -0.868546136932324E-003  0.145997365416335E+000  0.983113214602855E+000  0.102428417132351E+001 -0.308202268571839E+001 -0.374441199918256E-002  0.229210303890229E-001  0.187668430318430E+001
      8.06000000 -0.961833398590130E-004  0.876181507556095E-003  0.669637343809014E-001  0.592693832792888E-003 -0.847953797278483E-003  0.145869003714427E+000  0.983449098960810E+000  0.102367900357328E+001 -0.307337365699628E+001 -0.268590771752062E-002  0.244672588469410E-001  0.186995389462773E+001
      8.07000000 -0.535921421952543E-004  0.913055338204442E-003  0.667937222623728E-001  0.614253274261634E-003 -0.804901513079307E-003  0.145770329405723E+000  0.982868309457541E+000  0.102244892166966E+001 -0.306557405274392E+001 -0.149469939203852E-002  0.254653612079823E-001  0.186289504334086E+001
      8.08000000 -0.266730478673742E-004  0.921097341940651E-003  0.665959495638275E-001  0.667632571762635E-003 -0.753430225076434E-003  0.145689765417582E+000  0.981402591477686E+000  0.102098736682636E+001 -0.305829823107282E+001 -0.742997853467763E-003  0.256578607476604E-001  0.185508037257695E+001
      8.09000000 -0.323444896277448E-004  0.900498001198590E-003  0.663644534864518E-001  0.740366707005135E-003 -0.711429501221030E-003  0.145608846433551E+000  0.979402019865971E+000  0.101979290883053E+001 -0.305103052014515E+001 -0.899866442526266E-003  0.250530443412994E-001  0.184634679218517E+001
      8.10000000 -0.781642276235496E-004  0.862167304129393E-003  0.661047389277239E-001  0.812446066371243E-003 -0.694122633753763E-003  0.145509178816541E+000  0.977424582177581E+000  0.101928756766216E+001 -0.304325978640333E+001 -0.217194737030327E-002  0.239570205693572E-001  0.183685066997831E+001
      8.11000000 -0.159757299040279E-003  0.824497291321404E-003  0.658311954001665E-001  0.862700872199173E-003 -0.707744598608916E-003  0.145378949181177E+000  0.976057711569274E+000  0.101964183167218E+001 -0.303466003712122E+001 -0.443369823283668E-002  0.228820354717482E-001  0.182699417469280E+001
      8.12000000 -0.262196220010369E-003  0.806587304533342E-003  0.655613734884117E-001  0.875454433618974E-003 -0.746336208687581E-003  0.145216287478289E+000  0.975733687129253E+000  0.102068734505337E+001 -0.302518250014396E+001 -0.726769465544573E-002  0.223574170599238E-001  0.181726511422083E+001
      8.13000000 -0.364750501778095E-003  0.820615468854824E-003  0.653098701615210E-001  0.845238570038855E-003 -0.793388187213271E-003  0.145028465554615E+000  0.976600044229601E+000  0.102196450700149E+001 -0.301503173153912E+001 -0.100979130761221E-001  0.227182790236667E-001  0.180806712722517E+001
      8.14000000 -0.447336962258916E-003  0.866630712571737E-003  0.650844040403061E-001  0.778093241941199E-003 -0.827954831205623E-003  0.144827905349536E+000  0.978485388217521E+000  0.102289330610606E+001 -0.300455368445474E+001 -0.123690588224921E-001  0.239627108098743E-001  0.179961167960773E+001
      8.15000000 -0.496507343735685E-003  0.932109054182791E-003  0.648852809319893E-001  0.689143935879082E-003 -0.832823253352847E-003  0.144627260890897E+000  0.980968255193067E+000  0.102299966494934E+001 -0.299409902358071E+001 -0.137117959961321E-001  0.257415914555052E-001  0.179190448342046E+001
      8.16000000 -0.509028314149266E-003  0.996581554418882E-003  0.647076807386407E-001  0.597378169219117E-003 -0.801353539607670E-003  0.144435854593123E+000  0.983522722180167E+000  0.102210346072955E+001 -0.298392479990846E+001 -0.140403539710244E-001  0.274883683207684E-001  0.178480983662559E+001
      8.17000000 -0.491951658923929E-003  0.103945754775391E-002  0.645449853412666E-001  0.519444052035720E-003 -0.740156511641418E-003  0.144258637616484E+000  0.985689889192113E+000  0.102039049567563E+001 -0.297416638268627E+001 -0.135527256953577E-001  0.286359091612622E-001  0.177814316807972E+001
      8.18000000 -0.459269210378702E-003  0.104784417198888E-002  0.643912667124128E-001  0.464587119299766E-003 -0.666566006198415E-003  0.144097329806146E+000  0.987216783726127E+000  0.101834070955495E+001 -0.296486956886775E+001 -0.126368928459545E-001  0.288316617387932E-001  0.177173979720757E+001
      8.19000000 -0.426413555562883E-003  0.102126239061292E-002  0.642419645551388E-001  0.432422395374574E-003 -0.602037226045510E-003  0.143952335627700E+000  0.988116330857859E+000  0.101654495993294E+001 -0.295604378296879E+001 -0.117185364732183E-001  0.280659477565756E-001  0.176547343518860E+001
      8.20000000 -0.404605630884019E-003  0.971551181019937E-003  0.640930650618053E-001  0.414226552269577E-003 -0.564184801519399E-003  0.143823942678644E+000  0.988630264614637E+000  0.101548580569394E+001 -0.294769519572381E+001 -0.111056592904877E-001  0.266672423122337E-001  0.175923340934300E+001
      8.21000000 -0.397083954703060E-003  0.918236622632941E-003  0.639399738912150E-001  0.397163395498075E-003 -0.560536822301361E-003  0.143712108324239E+000  0.989111894172337E+000  0.101536693539913E+001 -0.293982089459305E+001 -0.108859279840020E-001  0.251731595494216E-001  0.175289367106067E+001
      8.22000000 -0.398532119435345E-003  0.881339429746161E-003  0.637772928527358E-001  0.369782571240786E-003 -0.586198710732677E-003  0.143615253002006E+000  0.989874863287248E+000  0.101605089733432E+001 -0.293237589809189E+001 -0.109123374316038E-001  0.241322412426726E-001  0.174630677464422E+001
      8.23000000 -0.397793068099817E-003  0.874361048448554E-003  0.635999405187689E-001  0.326677794301552E-003 -0.625998493949457E-003  0.143529204831495E+000  0.991065997803688E+000  0.101711984107089E+001 -0.292524454850405E+001 -0.108788665959980E-001  0.239120738032115E-001  0.173933465387456E+001
      8.24000000 -0.382688759870510E-003  0.899864328113022E-003  0.634050362420609E-001  0.270562171629306E-003 -0.660049221719452E-003  0.143447362898377E+000  0.992609630716078E+000  0.101802915560848E+001 -0.291824540082509E+001 -0.104530919426686E-001  0.245796729459103E-001  0.173190002677571E+001
      8.25000000 -0.344971290753513E-003  0.948943731978963E-003  0.631933436921148E-001  0.211087862508624E-003 -0.670611627371311E-003  0.143362354132365E+000  0.994241152353623E+000  0.101829546306464E+001 -0.291117682401329E+001 -0.941142272328583E-002  0.258888517440361E-001  0.172402540943423E+001
      8.26000000 -0.283459609908096E-003  0.100448495500249E-002  0.629692243297962E-001  0.161069459964341E-003 -0.647926767940712E-003  0.143268462977653E+000  0.995611062152590E+000  0.101765518003720E+001 -0.290388332860897E+001 -0.772391371035248E-002  0.273709369680641E-001  0.171583124413692E+001
      8.27000000 -0.204259404740091E-003  0.104693517354237E-002  0.627388863121463E-001  0.131793286263009E-003 -0.593226592606326E-003  0.143163532030353E+000  0.996413143078226E+000  0.101614512370246E+001 -0.289630701509313E+001 -0.555907877027528E-002  0.284931560654429E-001  0.170748764989479E+001
      8.28000000 -0.118247564030725E-003  0.106064230177736E-002  0.625077291789517E-001  0.129359050055247E-003 -0.518129788132545E-003  0.143049226707296E+000  0.996483644653489E+000  0.101408427512345E+001 -0.288849417904391E+001 -0.321431282785220E-002  0.288313436670864E-001  0.169914194331825E+001
      8.29000000 -0.371417422859815E-004  0.103876573573986E-002  0.622781739157988E-001  0.153399786438163E-003 -0.440758628444227E-003  0.142929429562387E+000  0.995835177471748E+000  0.101196664941907E+001 -0.288055108819571E+001 -0.100840274033585E-002  0.282026138252114E-001  0.169085986209934E+001
      8.30000000  0.300498694662110E-004  0.985260117329233E-003  0.620491711277300E-001  0.198361682107885E-003 -0.379884769856368E-003  0.142807585572669E+000  0.994620945239248E+000  0.101030149048001E+001 -0.287257163219870E+001  0.814874585124233E-003  0.267177010619256E-001  0.168261271939518E+001
      8.31000000  0.787906897077796E-004  0.913349474695583E-003  0.618176852357759E-001  0.256367541342239E-003 -0.349002016038855E-003  0.142684451981388E+000  0.993056342512477E+000  0.100945264150501E+001 -0.286457645209881E+001  0.213402819901517E-002  0.247378661334858E-001  0.167431817109686E+001
      8.32000000  0.108602631876294E-003  0.841023950435418E-003  0.615813471762534E-001  0.320094921858002E-003 -0.352262775070132E-003  0.142557538459658E+000  0.991340720983764E+000  0.100952949093556E+001 -0.285649823566268E+001  0.293794255108981E-002  0.227515669535925E-001  0.166591229970036E+001
      8.33000000  0.121203998636394E-003  0.785097618480319E-003  0.613407691962198E-001  0.384336058669765E-003 -0.383631809226795E-003  0.142422620580788E+000  0.989615337029369E+000  0.101036563432904E+001 -0.284822313900139E+001  0.327490134776375E-002  0.212131388222638E-001  0.165741204888966E+001
      8.34000000  0.118556194938030E-003  0.755909092078537E-003  0.611001303427368E-001  0.445804498337592E-003 -0.429515427180431E-003  0.142276548217139E+000  0.987968918431781E+000  0.101159148272053E+001 -0.283966685672334E+001  0.319951740513162E-002  0.203999824561400E-001  0.164893053956043E+001
      8.35000000  0.102018843098725E-003  0.754555054995022E-003  0.608655409571664E-001  0.501803811806772E-003 -0.473852485218008E-003  0.142119784140556E+000  0.986473863805932E+000  0.101277270738116E+001 -0.283084287310461E+001  0.274992085282518E-002  0.203390532308575E-001  0.164063240880536E+001
      8.36000000  0.729862028126042E-004  0.773598606346371E-003  0.606419195214089E-001  0.548997586566524E-003 -0.503697643984369E-003  0.141957147201647E+000  0.985219455499484E+000  0.101356094384363E+001 -0.282188188567934E+001  0.196499191434001E-002  0.208274296762402E-001  0.163264941780267E+001
      8.37000000  0.343666230853618E-004  0.800808799797250E-003  0.604300121912407E-001  0.583379843106773E-003 -0.513134293667663E-003  0.141796118614598E+000  0.984312554254035E+000  0.101379849936096E+001 -0.281298555998929E+001  0.924139806155373E-003  0.215342452231616E-001  0.162500050161073E+001
      8.38000000 -0.834592458142431E-005  0.824244370202992E-003  0.602252505734384E-001  0.601729778387992E-003 -0.504081744269523E-003  0.141643364448107E+000  0.983838422049413E+000  0.101353889519197E+001 -0.280433270536177E+001 -0.224159274705930E-003  0.221379930291219E-001  0.161756176392633E+001
      8.39000000 -0.475116298016811E-004  0.836477911660364E-003  0.600192955161993E-001  0.603812439050340E-003 -0.483937028710073E-003  0.141501159121154E+000  0.983801814420362E+000  0.101298234566388E+001 -0.279598346596381E+001 -0.127457161685690E-002  0.224397901899023E-001  0.161010874280695E+001
      8.40000000 -0.755537339705436E-004  0.836247138216103E-003  0.598037537544660E-001  0.593949963094727E-003 -0.461394730696714E-003  0.141365598579694E+000  0.984085358897211E+000  0.101236287903361E+001 -0.278783214995828E+001 -0.202443073462237E-002  0.224068926759425E-001  0.160241659523446E+001
      8.41000000 -0.881088804917378E-004  0.827109034978857E-003  0.595743699498630E-001  0.580726200635683E-003 -0.442538266683991E-003  0.141227712745607E+000  0.984458186246509E+000  0.101184352852010E+001 -0.277963798761117E+001 -0.235803345730261E-002  0.221356890069703E-001  0.159437228977927E+001
      8.42000000 -0.865740439188413E-004  0.814132373020812E-003  0.593336194371249E-001  0.574467993451761E-003 -0.429012321495173E-003  0.141077177736787E+000  0.984643932200219E+000  0.101146790138165E+001 -0.277112516453839E+001 -0.231420532261655E-002  0.217625212555096E-001  0.158604324917778E+001
      8.43000000 -0.785817815571605E-004  0.800556302321365E-003  0.590902964093576E-001  0.583322649777212E-003 -0.418911306605235E-003  0.140906987755694E+000  0.984425735689891E+000  0.101118460840507E+001 -0.276210776537941E+001 -0.209807288710276E-002  0.213742350862576E-001  0.157766528488742E+001
      8.44000000 -0.758123878874100E-004  0.786212904052451E-003  0.588561156382156E-001  0.609598623325250E-003 -0.409565544620054E-003  0.140716869785658E+000  0.983743471624388E+000  0.101092212751641E+001 -0.275258030295352E+001 -0.202173395371507E-002  0.209664062465936E-001  0.156955097557772E+001
      8.45000000 -0.898044490087456E-004  0.768442724418912E-003  0.586408276788784E-001  0.648087755504694E-003 -0.400440653956762E-003  0.140513742359693E+000  0.982737512272049E+000  0.101066615102042E+001 -0.274272887041935E+001 -0.239203439003664E-002  0.204682668160959E-001  0.156195910131835E+001
      8.46000000 -0.127421467857551E-003  0.744809234567536E-003  0.584481337598212E-001  0.687285166686914E-003 -0.394391232613468E-003  0.140308912976786E+000  0.981715087630282E+000  0.101049260114617E+001 -0.273285544752575E+001 -0.338999077344774E-002  0.198153142921355E-001  0.155498627901963E+001
      8.47000000 -0.187864496589924E-003  0.715912503588102E-003  0.582743527110877E-001  0.713151888223072E-003 -0.396495475150475E-003  0.140113299372222E+000  0.981049315488106E+000  0.101053612951750E+001 -0.272325023066190E+001 -0.499214944902145E-002  0.190240427287132E-001  0.154853249581136E+001
      8.48000000 -0.262472779635937E-003  0.686551779302413E-003  0.581104749053369E-001  0.713948939327155E-003 -0.411092442075775E-003  0.139932946330907E+000  0.981050507819952E+000  0.101091113465864E+001 -0.271407271047655E+001 -0.696650083950563E-002  0.182223221528283E-001  0.154235678371531E+001
      8.49000000 -0.337354552996334E-003  0.664404070565075E-003  0.579465822406438E-001  0.684243970398639E-003 -0.438684139078296E-003  0.139766977899954E+000  0.981860322385979E+000  0.101162975371581E+001 -0.270529815368940E+001 -0.894345160164214E-002  0.176137111423463E-001  0.153619522590349E+001
      8.50000000 -0.397728577452751E-003  0.656760617748065E-003  0.577764523488044E-001  0.626625651985682E-003 -0.474491093158594E-003  0.139608922282115E+000  0.983407358907194E+000  0.101256421658699E+001 -0.269675376908046E+001 -0.105315949277106E-001  0.173905954530443E-001  0.152988300814282E+001
      8.51000000 -0.432271835212210E-003  0.666949033978845E-003  0.576000941090013E-001  0.550696222809965E-003 -0.509606713470365E-003  0.139450671494375E+000  0.985435056203152E+000  0.101347819874689E+001 -0.268822430338175E+001 -0.114328276171937E-001  0.176396256100995E-001  0.152342089638818E+001
      8.52000000 -0.435974688594223E-003  0.692292038194456E-003  0.574230223940946E-001  0.470014967583331E-003 -0.534345681525000E-003  0.139287038875926E+000  0.987583523555558E+000  0.101411591337603E+001 -0.267957268703866E+001 -0.115172278005025E-001  0.182884128756859E-001  0.151695510589994E+001
      8.53000000 -0.410808514266665E-003  0.724712912277793E-003  0.572527324471970E-001  0.398321643169804E-003 -0.542242339893800E-003  0.139118616436526E+000  0.989489795914469E+000  0.101430772782204E+001 -0.267081497055691E+001 -0.108396854628751E-001  0.191224372114065E-001  0.151068342077962E+001
      8.54000000 -0.364449793007678E-003  0.753798260441282E-003  0.570942313480542E-001  0.346348441785693E-003 -0.532808480721257E-003  0.138951538692660E+000  0.990871873649430E+000  0.101404234160143E+001 -0.266211320383999E+001 -0.960519337653558E-002  0.198665994530613E-001  0.150473712238099E+001
      8.55000000 -0.307917818294853E-003  0.770944995762734E-003  0.569469129098988E-001  0.319972154226682E-003 -0.511755566149544E-003  0.138794354508280E+000  0.991576892449938E+000  0.101347171032254E+001 -0.265369223515743E+001 -0.810578316211995E-002  0.202947429290702E-001  0.149909911143159E+001
      8.56000000 -0.253055294567340E-003  0.772731482573334E-003  0.568043179258738E-001  0.319753768150268E-003 -0.488589887349255E-003  0.138653663555004E+000  0.991592474717504E+000  0.101284685980223E+001 -0.264572461051218E+001 -0.665377236756950E-002  0.203180075528087E-001  0.149359847072171E+001
      8.57000000 -0.210425016724933E-003  0.762061056014992E-003  0.566568119570206E-001  0.341451449504765E-003 -0.472685500451400E-003  0.138530742504344E+000  0.991032437457202E+000  0.101241417131050E+001 -0.263824227224601E+001 -0.552640646506834E-002  0.200140611239359E-001  0.148798168945251E+001
      8.58000000 -0.187739494762824E-003  0.746677742647426E-003  0.564957383235226E-001  0.377046013714040E-003 -0.469563090511837E-003  0.138420797102400E+000  0.990109156248019E+000  0.101231779409150E+001 -0.263111775848887E+001 -0.492486842781804E-002  0.195871925892012E-001  0.148202208771940E+001
      8.59000000 -0.188700230229370E-003  0.735811734342529E-003  0.563169289556453E-001  0.416069341680345E-003 -0.478909808821851E-003  0.138315071750605E+000  0.989098184511349E+000  0.101254835636386E+001 -0.262412040607187E+001 -0.494430828361067E-002  0.192796799922582E-001  0.147561165137133E+001
      8.60000000 -0.212208323331021E-003  0.736442806933169E-003  0.561219032654808E-001  0.447284833556466E-003 -0.495028121570705E-003  0.138204590382149E+000  0.988293906282099E+000  0.101295560490622E+001 -0.261701485470395E+001 -0.555380002688583E-002  0.192737778459579E-001  0.146879171830838E+001
      8.61000000 -0.252171487831975E-003  0.750696088782061E-003  0.559163741135968E-001  0.460781293042307E-003 -0.509343990991387E-003  0.138083558369787E+000  0.987954690509309E+000  0.101331478968733E+001 -0.260965000371084E+001 -0.659202893331302E-002  0.196239883419080E-001  0.146171305555524E+001
      8.62000000 -0.298292201741468E-003  0.775279416475677E-003  0.557070906954300E-001  0.450264067781413E-003 -0.513817112000300E-003  0.137950785654316E+000  0.988243276612657E+000  0.101341613974936E+001 -0.260199568221314E+001 -0.778862706445923E-002  0.202431113197995E-001  0.145455278998128E+001
      8.63000000 -0.338064118183585E-003  0.802973205630424E-003  0.554988224544859E-001  0.414952675267082E-003 -0.503873056275185E-003  0.137808667412347E+000  0.989177837552305E+000  0.101314124813032E+001 -0.259411536382275E+001 -0.881687243578957E-002  0.209419217911670E-001  0.144743559460519E+001
      8.64000000 -0.359738561667322E-003  0.825402271678055E-003  0.552930410214716E-001  0.360319705559926E-003 -0.479827338102653E-003  0.137660603313749E+000  0.990613567811571E+000  0.101249964046306E+001 -0.258609839563111E+001 -0.937129322251763E-002  0.215019670912579E-001  0.144039965628176E+001
      8.65000000 -0.355488852122964E-003  0.835945998917233E-003  0.550887757601694E-001  0.297131018232817E-003 -0.446464550651067E-003  0.137508507307950E+000  0.992268599709922E+000  0.101161708453376E+001 -0.257799505286202E+001 -0.924988118295154E-002  0.217514589252816E-001  0.143341943707301E+001
      8.66000000 -0.323721150568700E-003  0.831752789447213E-003  0.548848418246753E-001  0.238832431006239E-003 -0.411146670679072E-003  0.137351858680508E+000  0.993792715046371E+000  0.101068575373909E+001 -0.256979210130068E+001 -0.841355346353322E-002  0.216173597250697E-001  0.142646394966236E+001
      8.67000000 -0.269662612312334E-003  0.814289377632662E-003  0.546818924001903E-001  0.198003355548732E-003 -0.381285288978852E-003  0.137188727824057E+000  0.994859803420237E+000  0.100989822285027E+001 -0.256143979271980E+001 -0.700048155071166E-002  0.211390734376462E-001  0.141955006525769E+001
      8.68000000 -0.203956282897615E-003  0.788441795815808E-003  0.544829340681355E-001  0.183016851460852E-003 -0.362103661991608E-003  0.137017985304818E+000  0.995254328965879E+000  0.100938943516046E+001 -0.255290935684034E+001 -0.528863553409606E-002  0.204444856450497E-001  0.141275560145014E+001
      8.69000000 -0.139731133738495E-003  0.760665421076268E-003  0.542919325062148E-001  0.195987651433337E-003 -0.355374672269375E-003  0.136841180419565E+000  0.994923841108172E+000  0.100920434675031E+001 -0.254424153600997E+001 -0.361909248773866E-002  0.197015399320507E-001  0.140618285861603E+001
      8.70000000 -0.891444217655970E-004  0.736914823777626E-003  0.541113385578248E-001  0.232585572490328E-003 -0.359393648864414E-003  0.136662766201884E+000  0.993982864459610E+000  0.100929774050221E+001 -0.253555200675895E+001 -0.230622244832315E-002  0.190644515432140E-001  0.139989447706564E+001
      8.71000000 -0.604843798552265E-004  0.721039529537383E-003  0.539400800335782E-001  0.283598425912134E-003 -0.370005075159025E-003  0.136488336119975E+000  0.992671553250416E+000  0.100956127482604E+001 -0.252698538427184E+001 -0.156297255714666E-002  0.186323311900086E-001  0.139386177099892E+001
      8.72000000 -0.565852816141917E-004  0.714072626325038E-003  0.537733722836865E-001  0.337574287638828E-003 -0.382192993138465E-003  0.136321752216990E+000  0.991286770554974E+000  0.100986489600493E+001 -0.251864093003846E+001 -0.146053938338854E-002  0.184311390452785E-001  0.138796036279230E+001
      8.73000000 -0.747641332552799E-004  0.714483295235461E-003  0.536046979847299E-001  0.383671942756762E-003 -0.391643506887690E-003  0.136162783147954E+000  0.990108274112866E+000  0.101009724658982E+001 -0.251051191612069E+001 -0.192754859017465E-002  0.184206143837987E-001  0.138202177338700E+001
      8.74000000 -0.108018575784210E-003  0.719140819224615E-003  0.534290532634690E-001  0.413999235995728E-003 -0.395795324476075E-003  0.136006696380576E+000  0.989338596445597E+000  0.101019261223764E+001 -0.250247572976073E+001 -0.278171921027226E-002  0.185194797950712E-001  0.137591726951261E+001
      8.75000000 -0.147001908924290E-003  0.724548236859756E-003  0.532457620149875E-001  0.425043377414905E-003 -0.394146127213144E-003  0.135846235782759E+000  0.989066694678028E+000  0.101013854156840E+001 -0.249434540466590E+001 -0.378130054150460E-002  0.186374085917145E-001  0.136963002870794E+001
      8.76000000 -0.182299958608992E-003  0.727895100109158E-003  0.530592857899421E-001  0.418080648290638E-003 -0.387873893668937E-003  0.135675110574232E+000  0.989258072048190E+000  0.100996581266608E+001 -0.248595963147532E+001 -0.468391213274796E-002  0.187021254244043E-001  0.136327530934608E+001
      8.77000000 -0.206627617637236E-003  0.727630077987416E-003  0.528774606003379E-001  0.398590058500348E-003 -0.379054769696917E-003  0.135491243257756E+000  0.989770529727102E+000  0.100972811392488E+001 -0.247726596683782E+001 -0.530291969682409E-002  0.186739987455858E-001  0.135705444674808E+001
      8.78000000 -0.216594886679174E-003  0.723487678754045E-003  0.527079461060918E-001  0.374740686513673E-003 -0.369839731982793E-003  0.135298068599444E+000  0.990393557056130E+000  0.100948080742639E+001 -0.246835351268691E+001 -0.555238994776621E-002  0.185465399319277E-001  0.135116333822024E+001
      8.79000000 -0.213642417191476E-003  0.716116798410126E-003  0.525546481827493E-001  0.355117076933509E-003 -0.361880654999359E-003  0.135103141854050E+000  0.990906963012375E+000  0.100926622343659E+001 -0.245941647366408E+001 -0.547047305756973E-002  0.183367034658883E-001  0.134570087117165E+001
      8.80000000 -0.203737182536211E-003  0.706569063160526E-003  0.524159391854118E-001  0.346079900844588E-003 -0.356125871988994E-003  0.134914700743411E+000  0.991148436668363E+000  0.100910850558571E+001 -0.245066562688189E+001 -0.521091392429155E-002  0.180716672522082E-001  0.134062395462613E+001
      8.81000000 -0.195614802321144E-003  0.695883795514266E-003  0.522856028672760E-001  0.349463161238013E-003 -0.352925669423562E-003  0.134737898670588E+000  0.991072049610973E+000  0.100901640921597E+001 -0.244223199547327E+001 -0.499749170783978E-002  0.177781714698321E-001  0.133577246541721E+001
      8.82000000 -0.197813480245962E-003  0.684889377476430E-003  0.521560378039993E-001  0.361476014388425E-003 -0.352280795028865E-003  0.134572614495246E+000  0.990775620212206E+000  0.100898973020600E+001 -0.243411140913651E+001 -0.504793290924474E-002  0.174774521102233E-001  0.133095165870019E+001
      8.83000000 -0.215323518649647E-003  0.674203578390444E-003  0.520220946216353E-001  0.373488974737560E-003 -0.354066111345476E-003  0.134413943269125E+000  0.990479859495238E+000  0.100902505657725E+001 -0.242617777839463E+001 -0.548854260815826E-002  0.171852805015213E-001  0.132603017397772E+001
      8.84000000 -0.247076425286752E-003  0.664330885964058E-003  0.518836044515496E-001  0.374782260943990E-003 -0.358141562034853E-003  0.134255101894879E+000  0.990457700634514E+000  0.100911861194164E+001 -0.241825776491658E+001 -0.629079191288809E-002  0.169144723542694E-001  0.132100405336726E+001
      8.85000000 -0.285425954436190E-003  0.655754119321738E-003  0.517453393450696E-001  0.356509120036756E-003 -0.364359537230264E-003  0.134091260979668E+000  0.990933208077594E+000  0.100926644487712E+001 -0.241022850071928E+001 -0.725899449040820E-002  0.166772343763263E-001  0.131599501507189E+001
      8.86000000 -0.318136472148645E-003  0.648977557216035E-003  0.516144630769794E-001  0.315458914674760E-003 -0.372529919164231E-003  0.133922372148283E+000  0.991986257961529E+000  0.100946354195402E+001 -0.240208912682938E+001 -0.808176121272984E-002  0.164862633146636E-001  0.131118498578342E+001
      8.87000000 -0.332396418036166E-003  0.644542545952603E-003  0.514967886446387E-001  0.256070707880438E-003 -0.382389145522036E-003  0.133753613406230E+000  0.993502256586114E+000  0.100970304871035E+001 -0.239397140652099E+001 -0.843449316780998E-002  0.163551392410269E-001  0.130672079607097E+001
      8.88000000 -0.319451591635710E-003  0.643052903000787E-003  0.513937072062784E-001  0.189704150035417E-003 -0.393564768676759E-003  0.133593312668676E+000  0.995191715664982E+000  0.100997538172829E+001 -0.238608634786333E+001 -0.809689236409295E-002  0.162989644639255E-001  0.130263653816908E+001
      8.89000000 -0.278060386483428E-003  0.645205264955218E-003  0.513012303637719E-001  0.131239675724131E-003 -0.405487615913326E-003  0.133449468564778E+000  0.996677311233615E+000  0.101026602008020E+001 -0.237863567273848E+001 -0.703985374428323E-002  0.163351233081774E-001  0.129882995283926E+001
      8.90000000 -0.215345888260773E-003  0.651755275997302E-003  0.512114503061062E-001  0.941984533385634E-004 -0.417223835750445E-003  0.133326612941327E+000  0.997617790013356E+000  0.101055128564180E+001 -0.237173252402302E+001 -0.544594000661372E-002  0.164824142255138E-001  0.129510012134992E+001
      8.91000000 -0.144633736807614E-003  0.663324184453498E-003  0.511154964633943E-001  0.862296551266298E-004 -0.427278886459760E-003  0.133224452357860E+000  0.997821762549436E+000  0.101079344305570E+001 -0.236536764562768E+001 -0.365357627450480E-002  0.167561563167534E-001  0.129122270681981E+001
      8.92000000 -0.810820727596332E-004  0.680004478829567E-003  0.510064035238852E-001  0.106692806308167E-003 -0.433515919407447E-003  0.133138694418249E+000  0.997307866703074E+000  0.101093871912988E+001 -0.235943091905688E+001 -0.204590876754606E-002  0.171582580200222E-001  0.128702245291467E+001
      8.93000000 -0.367886012622326E-004  0.700849510391807E-003  0.508805279181937E-001  0.147210579824045E-003 -0.433361232278897E-003  0.133063297733615E+000  0.996289658876306E+000  0.101092257094199E+001 -0.235376863691108E+001 -0.927231319308675E-003  0.176644284876515E-001  0.128240861054812E+001
      8.94000000 -0.172163095812414E-004  0.723467993661202E-003  0.507370892975796E-001  0.194865927836759E-003 -0.424391366195497E-003  0.132992720663391E+000  0.995094032505243E+000  0.101068452689869E+001 -0.234824036124179E+001 -0.433439832826987E-003  0.182141152114190E-001  0.127736292144934E+001
      8.95000000 -0.201688448029897E-004  0.744002810090579E-003  0.505765148157457E-001  0.236700149300133E-003 -0.405220511945228E-003  0.132922922321298E+000  0.994047467544129E+000  0.101019048047190E+001 -0.234274402270666E+001 -0.507205862109532E-003  0.187101735567904E-001  0.127189757520536E+001
      8.96000000 -0.374708801660167E-004  0.757692445983989E-003  0.503989019378300E-001  0.263762188448277E-003 -0.376407625854063E-003  0.132850749504504E+000  0.993374314715362E+000  0.100945532975109E+001 -0.233720030616791E+001 -0.941265542187796E-003  0.190331742361239E-001  0.126601642523478E+001
      8.97000000 -0.584570624195722E-004  0.759997036981811E-003  0.502037437238494E-001  0.273292992704725E-003 -0.340986778798301E-003  0.132772396106790E+000  0.993142555065616E+000  0.100855601175801E+001 -0.233151386758118E+001 -0.146679972508913E-002  0.190697821404764E-001  0.125970814208981E+001
      8.98000000 -0.737843206103196E-004  0.748000220289051E-003  0.499911990232082E-001  0.268496472701511E-003 -0.304276207602813E-003  0.132682233332793E+000  0.993270411273270E+000  0.100762637108746E+001 -0.232554410376319E+001 -0.184932832522028E-002  0.187478583960571E-001  0.125297813411611E+001
      8.99000000 -0.781520676983700E-004  0.721599309084382E-003  0.497641490397457E-001  0.256333674459508E-003 -0.272853416681421E-003  0.132573127187456E+000  0.993582405878760E+000  0.100683118395017E+001 -0.231911335280675E+001 -0.195662255956546E-002  0.180660285607619E-001  0.124589994271866E+001
      9.00000000 -0.711345903616871E-004  0.683982364266720E-003  0.495296687481491E-001  0.244459411143234E-003 -0.252917184600288E-003  0.132438487640944E+000  0.993886491401642E+000  0.100632502293733E+001 -0.231205834604607E+001 -0.177895351945378E-002  0.171052202306903E-001  0.123865166143357E+001
      9.01000000 -0.561720181751103E-004  0.641100413363144E-003  0.492987182386584E-001  0.238562870507961E-003 -0.248550540345282E-003  0.132275226802686E+000  0.994040575304479E+000  0.100620892188740E+001 -0.230430402491035E+001 -0.140320625584885E-002  0.160150220676432E-001  0.123150764535761E+001
      9.02000000 -0.384560057078966E-004  0.600211865979507E-003  0.490837408766697E-001  0.240997814328901E-003 -0.260508772338325E-003  0.132086146013625E+000  0.993986423476022E+000  0.100650043006401E+001 -0.229592261665200E+001 -0.959586018549441E-003  0.149769822465763E-001  0.122477804484214E+001
      9.03000000 -0.227293059275359E-004  0.567955284953925E-003  0.488949645919437E-001  0.250927789857071E-003 -0.286009753133263E-003  0.131880399120362E+000  0.993745576475313E+000  0.100712884822086E+001 -0.228714436600770E+001 -0.566532330970396E-003  0.141563949421832E-001  0.121871641621183E+001
      9.04000000 -0.118485955665052E-004  0.548625876000420E-003  0.487369397704044E-001  0.265580136446968E-003 -0.319639549854907E-003  0.131671532730634E+000  0.993387686518836E+000  0.100795826424707E+001 -0.227830786823241E+001 -0.295001837281268E-003  0.136594789223535E-001  0.121343383652823E+001
      9.05000000 -0.648293724863625E-005  0.543278407272514E-003  0.486068222370166E-001  0.281848137341768E-003 -0.355048857953207E-003  0.131473733326561E+000  0.992990405980015E+000  0.100883010395238E+001 -0.226976613577335E+001 -0.161231358839432E-003  0.135113934430101E-001  0.120885698836426E+001
      9.06000000 -0.578046104274824E-005  0.549959567673555E-003  0.484951487744607E-001  0.297497998401194E-003 -0.386795230211392E-003  0.131297730421893E+000  0.992609358677312E+000  0.100960902200076E+001 -0.226178474223760E+001 -0.143602022454999E-003  0.136624579946744E-001  0.120474844337982E+001
      9.07000000 -0.846104361445784E-005  0.564914266128226E-003  0.483887662038817E-001  0.311556894938275E-003 -0.411631378808143E-003  0.131147916257373E+000  0.992268631823908E+000  0.101021474341959E+001 -0.225447082887977E+001 -0.209963073840180E-003  0.140184995110738E-001  0.120078025293950E+001
      9.08000000 -0.137084479272666E-004  0.584212358134286E-003  0.482747171090785E-001  0.323902735893936E-003 -0.428785941147894E-003  0.131021638104409E+000  0.991971118588245E+000  0.101062871995509E+001 -0.224775643469308E+001 -0.339804177459273E-003  0.144814205715078E-001  0.119663076566833E+001
      9.09000000 -0.214343510299098E-004  0.605085175079833E-003  0.481436467763387E-001  0.334446068511519E-003 -0.439228012772775E-003  0.130910658671998E+000  0.991718891261309E+000  0.101087557988359E+001 -0.224143562022212E+001 -0.530728892738781E-003  0.149823143483399E-001  0.119206895092642E+001
      9.10000000 -0.318521011413033E-004  0.626420758573373E-003  0.479917100408561E-001  0.342445649773775E-003 -0.444353113690064E-003  0.130803966243613E+000  0.991530134053772E+000  0.101099039017792E+001 -0.223523473009575E+001 -0.787812684876430E-003  0.154935530778560E-001  0.118700106380332E+001
      9.11000000 -0.446603284544429E-004  0.648274306324732E-003  0.478207183117896E-001  0.346388539355327E-003 -0.444772550304706E-003  0.130690809930006E+000  0.991442017126902E+000  0.101098868881464E+001 -0.222888775458302E+001 -0.110339195035547E-002  0.160164664250208E-001  0.118147352407562E+001
      9.12000000 -0.583401127296434E-004  0.670721015277660E-003  0.476369398471681E-001  0.344556921631348E-003 -0.439816113263590E-003  0.130563076601432E+000  0.991496603777620E+000  0.101085431881142E+001 -0.222219494851054E+001 -0.143978850243278E-002  0.165528717884381E-001  0.117564253948012E+001
      9.13000000 -0.700291771619302E-004  0.692694917151007E-003  0.474492437662000E-001  0.336038415840303E-003 -0.428000379171095E-003  0.130416655471783E+000  0.991715917283871E+000  0.101055114646557E+001 -0.221505610835457E+001 -0.172637254791602E-002  0.170764463829879E-001  0.116972775030512E+001
      9.14000000 -0.761691439181071E-004  0.711470893133483E-003  0.472671400236882E-001  0.321678325613490E-003 -0.408235194100111E-003  0.130251889778575E+000  0.992078601180696E+000  0.101005288055506E+001 -0.220748115042056E+001 -0.187568175614437E-002  0.175201256786211E-001  0.116396361632833E+001
      9.15000000 -0.737416643435464E-004  0.723147987379222E-003  0.470989470257189E-001  0.304443553828421E-003 -0.381161003881768E-003  0.130073358788502E+000  0.992511204619470E+000  0.100937591461278E+001 -0.219958414680149E+001 -0.181391994786579E-002  0.177882147256006E-001  0.115855426228799E+001
      9.16000000 -0.615868063952283E-004  0.724014537898347E-003  0.469501160044206E-001  0.288896335093556E-003 -0.349907181533783E-003  0.129889093429704E+000  0.992901397882310E+000  0.100859772713637E+001 -0.219156348378874E+001 -0.151327719044059E-002  0.177900876807575E-001  0.115363247092374E+001
      9.17000000 -0.411897164090649E-004  0.712236069100408E-003  0.468218110523361E-001  0.279874015813387E-003 -0.319788368981581E-003  0.129709140536070E+000  0.993130588714953E+000  0.100784909533071E+001 -0.218366616201474E+001 -0.101098739697575E-002  0.174815889087693E-001  0.114922521940632E+001
      9.18000000 -0.165004341688644E-004  0.689105721853261E-003  0.467100937544547E-001  0.280864093511654E-003 -0.296915499548171E-003  0.129543411383178E+000  0.993113797089622E+000  0.100727974997288E+001 -0.217613478224886E+001 -0.404556297586764E-003  0.168954378185308E-001  0.114523426449532E+001
      9.19000000  0.724128237943433E-005  0.659228983638779E-003  0.466062262675427E-001  0.292761808038714E-003 -0.286190063067647E-003  0.129399063284533E+000  0.992829900462317E+000  0.100700914935810E+001 -0.216914344138222E+001  0.177347980560875E-003  0.161453348798516E-001  0.114144424661390E+001
      9.20000000  0.252436443253857E-004  0.629428566796980E-003  0.464984429573124E-001  0.313585572421088E-003 -0.289459535386534E-003  0.129278103393249E+000  0.992328248596982E+000  0.100708151711054E+001 -0.216273948265366E+001  0.617576128504158E-003  0.153987297730024E-001  0.113756666877811E+001
      9.21000000  0.347349451450199E-004  0.606679323734139E-003  0.463750139688216E-001  0.339328020011697E-003 -0.304602686832982E-003  0.129176155213565E+000  0.991707483042265E+000  0.100744389734112E+001 -0.215681403972036E+001  0.848854514375581E-003  0.148260629340272E-001  0.113331516135441E+001
      9.22000000  0.356705027677540E-004  0.595799322925640E-003  0.462277640311694E-001  0.365605100629471E-003 -0.325984256405666E-003  0.129083131455557E+000  0.991075012829736E+000  0.100795778095305E+001 -0.215111930920784E+001  0.870772259497913E-003  0.145443849224431E-001  0.112849136999961E+001
      9.23000000  0.302409408856635E-004  0.597759540801189E-003  0.460547915690290E-001  0.389374196221875E-003 -0.346199675303681E-003  0.128985896307492E+000  0.990505070553907E+000  0.100844211435469E+001 -0.214533422313077E+001  0.737428424582165E-003  0.145764273049108E-001  0.112305078468341E+001
      9.24000000  0.213990935329443E-004  0.609273189252389E-003  0.458612543638394E-001  0.409925811188099E-003 -0.358528249316913E-003  0.128872148225725E+000  0.990014735600352E+000  0.100873328603973E+001 -0.213915942510390E+001  0.521254336778510E-003  0.148411095868034E-001  0.111712104489150E+001
      9.25000000  0.111013737393514E-004  0.623862962803404E-003  0.456577761273179E-001  0.428667467478370E-003 -0.359225498366416E-003  0.128734138122483E+000  0.989569501427954E+000  0.100874081037638E+001 -0.213240762533011E+001  0.270122814817762E-003  0.151800690193546E-001  0.111096223723308E+001
      9.26000000 -0.873452646151377E-006  0.634058364190719E-003  0.454569984908507E-001  0.447783174713001E-003 -0.348825142521261E-003  0.128570803790118E+000  0.989116137164601E+000  0.100847857896218E+001 -0.212505487501972E+001 -0.212302277771404E-004  0.154114863067655E-001  0.110488237259131E+001
      9.27000000 -0.169091195838088E-004  0.633954829976094E-003  0.452695954989008E-001  0.468404758502778E-003 -0.331974535589750E-003  0.128387513910019E+000  0.988627188530916E+000  0.100806030198725E+001 -0.211723346993794E+001 -0.410551399498037E-003  0.153923473883552E-001  0.109914036000906E+001
      9.28000000 -0.402778500283332E-004  0.621231813898904E-003  0.451012905641544E-001  0.489201433371791E-003 -0.315860224400414E-003  0.128193607378507E+000  0.988135047056417E+000  0.100766078437962E+001 -0.210917142807764E+001 -0.976887561348760E-003  0.150671803804092E-001  0.109387392132166E+001
      9.29000000 -0.731566737782731E-004  0.597928985585720E-003  0.449519540133338E-001  0.506137338998817E-003 -0.307790444209586E-003  0.127998820957323E+000  0.987737502298727E+000  0.100745702662850E+001 -0.210110542498136E+001 -0.177241130996851E-002  0.144863898517605E-001  0.108907837909492E+001
      9.30000000 -0.114856153906292E-003  0.569739975886625E-003  0.448169358536814E-001  0.513623393491702E-003 -0.312795245276014E-003  0.127810097134232E+000  0.987569513597325E+000  0.100757013230412E+001 -0.209320349244830E+001 -0.277969788270326E-002  0.137885951322692E-001  0.108463967723806E+001
      9.31000000 -0.161131821884017E-003  0.544123646491973E-003  0.446898456321303E-001  0.506640190818631E-003 -0.332072648296440E-003  0.127629987360925E+000  0.987751688210320E+000  0.100802804318897E+001 -0.208552678456789E+001 -0.389545249161071E-002  0.131544954291968E-001  0.108040217308961E+001
      9.32000000 -0.204988134701254E-003  0.527944656605009E-003  0.445654623414964E-001  0.482938540961144E-003 -0.362768503680726E-003  0.127457077101993E+000  0.988337216094557E+000  0.100876072275720E+001 -0.207804041587060E+001 -0.495038626124686E-002  0.127496646504200E-001  0.107623913366000E+001
      9.33000000 -0.238727150434960E-003  0.525481421644504E-003  0.444415530711065E-001  0.444355687712723E-003 -0.399068637670858E-003  0.127287954874288E+000  0.989280479103336E+000  0.100962702789456E+001 -0.207066147660225E+001 -0.575899161066445E-002  0.126765769762548E-001  0.107209645335724E+001
      9.34000000 -0.256443169723641E-003  0.537440918805823E-003  0.443190005422968E-001  0.396649337791048E-003 -0.434110829639666E-003  0.127119648073004E+000  0.990441579489436E+000  0.101046116421370E+001 -0.206331798813383E+001 -0.617974472598712E-002  0.129512035243486E-001  0.106799533852834E+001
      9.35000000 -0.255968926602764E-003  0.561191532565414E-003  0.442004515169509E-001  0.347876913685840E-003 -0.461977689212069E-003  0.126951393491575E+000  0.991625858923221E+000  0.101112079069231E+001 -0.205599146470570E+001 -0.616171932748292E-002  0.135090800220230E-001  0.106399936902547E+001
      9.36000000 -0.239515680926155E-003  0.591956498337771E-003  0.440883117380865E-001  0.305947602600168E-003 -0.479095580511487E-003  0.126785061822326E+000  0.992643055476210E+000  0.101152053350790E+001 -0.204872683539589E+001 -0.575949463952623E-002  0.142344345298221E-001  0.106016605735120E+001
      9.37000000 -0.212796240268495E-003  0.624400015171074E-003  0.439830767775687E-001  0.276288322236263E-003 -0.484687307870874E-003  0.126624245266180E+000  0.993363345429103E+000  0.101164255590392E+001 -0.204161018942198E+001 -0.511152671678915E-002  0.149985608556028E-001  0.105650678673394E+001
      9.38000000 -0.183023587513018E-003  0.654002672322306E-003  0.438826893476477E-001  0.260474428013564E-003 -0.480343195939329E-003  0.126472601784654E+000  0.993749877489768E+000  0.101152590618769E+001 -0.203472882681854E+001 -0.439167811190625E-002  0.156928910649934E-001  0.105297163561466E+001
      9.39000000 -0.156580892074100E-003  0.677844755547175E-003  0.437830543118492E-001  0.256250676865094E-003 -0.469090469244020E-003  0.126332279407802E+000  0.993857775238692E+000  0.101124390823366E+001 -0.202813348329041E+001 -0.375318045677391E-002  0.162476637828988E-001  0.104946204868560E+001
      9.40000000 -0.137214967785650E-003  0.694756145754588E-003  0.436793163799632E-001  0.258813094656073E-003 -0.454423172763287E-003  0.126203068685170E+000  0.993802954746047E+000  0.101088075149289E+001 -0.202181823090925E+001 -0.328548818604936E-002  0.166353069632146E-001  0.104586168883021E+001
      9.41000000 -0.125330419742029E-003  0.705064543117989E-003  0.435672480375105E-001  0.262773329866528E-003 -0.439601393561590E-003  0.126082494797651E+000  0.993714816864081E+000  0.101051467158689E+001 -0.201572298238670E+001 -0.299773436284550E-002  0.168641915767875E-001  0.104206972900500E+001
      9.42000000 -0.118503411795278E-003  0.710247415161367E-003  0.434441827993645E-001  0.264044051173716E-003 -0.427260783349480E-003  0.125966607571393E+000  0.993691127360972E+000  0.101020865213142E+001 -0.200975265455049E+001 -0.283143259233986E-002  0.169701247368910E-001  0.103802306838387E+001
      9.43000000 -0.112888185351583E-003  0.712658612996441E-003  0.433092641136852E-001  0.260998428501964E-003 -0.419165790823261E-003  0.125850974870472E+000  0.993770510255688E+000  0.101000461577523E+001 -0.200380106411801E+001 -0.269440623431354E-002  0.170096791246536E-001  0.103370207314444E+001
      9.44000000 -0.104913271143149E-003  0.715274146442745E-003  0.431631605501619E-001  0.254584372850338E-003 -0.415918637906214E-003  0.125731423922679E+000  0.993930037290073E+000  0.100991659697800E+001 -0.199776866165064E+001 -0.250140900828103E-002  0.170540216104894E-001  0.102912355557704E+001
      9.45000000 -0.926262477543353E-004  0.721253670509094E-003  0.430076238833320E-001  0.247472620766352E-003 -0.416603962899968E-003  0.125604342788980E+000  0.994105844020572E+000  0.100992242588847E+001 -0.199156967667471E+001 -0.220611698523484E-002  0.171783917814874E-001  0.102433005593892E+001
      9.46000000 -0.762253631682539E-004  0.733165374558901E-003  0.428452380847888E-001  0.242649883437677E-003 -0.418582441149316E-003  0.125466678389545E+000  0.994226818302427E+000  0.100995900947461E+001 -0.198513199788876E+001 -0.181357132877766E-002  0.174436388006128E-001  0.101938373443640E+001
      9.47000000 -0.576349312647778E-004  0.751964250318088E-003  0.426794649123648E-001  0.242041145590179E-003 -0.417767344662535E-003  0.125315960419337E+000  0.994247382523946E+000  0.100992912061282E+001 -0.197839766944983E+001 -0.136981549982541E-002  0.178720137735256E-001  0.101436735115775E+001
      9.48000000 -0.393372766127955E-004  0.776105841249493E-003  0.425147904604635E-001  0.245718811390400E-003 -0.409602895934036E-003  0.125150634109987E+000  0.994166135416239E+000  0.100972480623064E+001 -0.197133071675780E+001 -0.933946992313887E-003  0.184263319315915E-001  0.100938763682714E+001
      9.49000000 -0.229627816189270E-004  0.801321053002661E-003  0.423566034620867E-001  0.252038608724778E-003 -0.390628675232246E-003  0.124970725875927E+000  0.994022396057061E+000  0.100926454689267E+001 -0.196393281778347E+001 -0.544608679759964E-003  0.190049449575367E-001  0.100457228019753E+001
      9.50000000 -0.826644017493948E-005  0.821434264446104E-003  0.422105101741181E-001  0.258686872031648E-003 -0.360122540077729E-003  0.124778544505979E+000  0.993871177274285E+000  0.100853204180922E+001 -0.195625971756431E+001 -0.195848927342295E-003  0.194614629960900E-001  0.100005358597210E+001
      9.51000000  0.698217268906066E-005  0.830191374878375E-003  0.420810961103019E-001  0.264233875815439E-003 -0.321093542579022E-003  0.124578934913113E+000  0.993746340174117E+000  0.100759936545373E+001 -0.194842694947095E+001  0.165248050456077E-003  0.196482545353026E-001  0.995939144297752E+000
      9.52000000  0.260032997853901E-004  0.823555127186418E-003  0.419705267346409E-001  0.269505868248294E-003 -0.280013092637991E-003  0.124378691391462E+000  0.993628267231688E+000  0.100662014749257E+001 -0.194059564925191E+001  0.614777252917458E-003  0.194707195969882E-001  0.992278877772213E+000
      9.53000000  0.511926632635666E-004  0.801582229010800E-003  0.418776160737805E-001  0.278056586953152E-003 -0.245129244244511E-003  0.124185098623414E+000  0.993433006861560E+000  0.100578933260537E+001 -0.193293785805516E+001  0.120904119580154E-002  0.189313443550849E-001  0.989043346982801E+000
      9.54000000  0.822170411066451E-004  0.769026308510627E-003  0.417979142485204E-001  0.295310206425448E-003 -0.223823055645541E-003  0.124004036618698E+000  0.993032830794599E+000  0.100528059331111E+001 -0.192559175564199E+001  0.193972312671158E-002  0.181434176612218E-001  0.986126231555782E+000
      9.55000000  0.114935413501137E-003  0.734247345131552E-003  0.417249590845616E-001  0.326499909336271E-003 -0.219951152812294E-003  0.123838407066948E+000  0.992305047046310E+000  0.100518381085141E+001 -0.191862474993403E+001  0.270879891330461E-002  0.173047483800061E-001  0.983374230648427E+000
      9.56000000  0.141844939237608E-003  0.706683326300265E-003  0.416522777088253E-001  0.374129242538030E-003 -0.232226982493747E-003  0.123687604349809E+000  0.991191741777619E+000  0.100546740269254E+001 -0.191202139300836E+001  0.333950600564383E-002  0.166376976503536E-001  0.980634432958939E+000
      9.57000000  0.154153256803869E-003  0.693755265785048E-003  0.415753007190843E-001  0.436048235281642E-003 -0.254345014882051E-003  0.123548327295383E+000  0.989744688156377E+000  0.100598187822455E+001 -0.190570290544528E+001  0.362549276048025E-002  0.163162604916538E-001  0.977799333578827E+000
      9.58000000  0.144825148660925E-003  0.698348463141069E-003  0.414923184660918E-001  0.505133320595648E-003 -0.276883250309953E-003  0.123416388319075E+000  0.988132293871149E+000  0.100650515203156E+001 -0.189957001119579E+001  0.340255182997674E-002  0.164071424279035E-001  0.974829064096586E+000
      9.59000000  0.111394851187421E-003  0.717811407926022E-003  0.414040344718052E-001  0.570958861585640E-003 -0.290319835149994E-003  0.123288650230071E+000  0.986599762793779E+000  0.100681372147527E+001 -0.189354850072669E+001  0.261440452175069E-002  0.168468234450852E-001  0.971740558813477E+000
      9.60000000  0.572867688111997E-004  0.744827082788146E-003  0.413119735249802E-001  0.622973881239670E-003 -0.288074115227259E-003  0.123164110293667E+000  0.985394215744880E+000  0.100675397236257E+001 -0.188761451658846E+001  0.134310315588885E-002  0.174626641761068E-001  0.968569936284310E+000
      9.61000000 -0.905948022032569E-005  0.769799802446031E-003  0.412166233260557E-001  0.653953469931535E-003 -0.268505292531581E-003  0.123043560089441E+000  0.984683845578917E+000  0.100628862558635E+001 -0.188178632502249E+001 -0.212180842229927E-003  0.180293754673663E-001  0.965328875223455E+000
      9.62000000 -0.770172805911347E-004  0.783867866649609E-003  0.411163780211799E-001  0.662268906219088E-003 -0.235240021755265E-003  0.122928001621168E+000  0.984505214493614E+000  0.100550379709116E+001 -0.187608703951234E+001 -0.180193608946218E-002  0.183397776115227E-001  0.961980023907281E+000
      9.63000000 -0.137408827323617E-003  0.781501952613072E-003  0.410079668759623E-001  0.651975878327035E-003 -0.195841516463799E-003  0.122816708838492E+000  0.984761875538524E+000  0.100457725124779E+001 -0.187049928907198E+001 -0.321154951044447E-002  0.182654365240662E-001  0.958447273803230E+000
      9.64000000 -0.185397172444026E-003  0.761899996002880E-003  0.408882579474077E-001  0.630680002538782E-003 -0.159398275176769E-003  0.122706092711267E+000  0.985274898322254E+000  0.100372162713228E+001 -0.186493893001024E+001 -0.432864876643523E-002  0.177888229597492E-001  0.954658072679977E+000
      9.65000000 -0.221405104253616E-003  0.728886971020477E-003  0.407565329078275E-001  0.606152638887582E-003 -0.133889799351891E-003  0.122590173923769E+000  0.985862228362803E+000  0.100312281641017E+001 -0.185926641691972E+001 -0.516400424980745E-002  0.170004003686719E-001  0.950596463676609E+000
      9.66000000 -0.249747654872137E-003  0.689539586482698E-003  0.406159737791569E-001  0.583234603883283E-003 -0.124123552961007E-003  0.122462639988504E+000  0.986410845626344E+000  0.100289203368827E+001 -0.185333501943970E+001 -0.581902962190353E-002  0.160660218462199E-001  0.946337432735346E+000
      9.67000000 -0.275730210373959E-003  0.652089725747160E-003  0.404734105559938E-001  0.562390587902267E-003 -0.130729293782370E-003  0.122319585161396E+000  0.986910054294228E+000  0.100304279515798E+001 -0.184705463241757E+001 -0.641777007097307E-002  0.151777417491297E-001  0.942040564159357E+000
      9.68000000 -0.302646787917878E-003  0.623745522807674E-003  0.403372240683268E-001  0.540448542610475E-003 -0.150317812033548E-003  0.122161577148513E+000  0.987433762364406E+000  0.100349511414676E+001 -0.184043953744834E+001 -0.703699086365428E-002  0.145030171158925E-001  0.937900842056891E+000
      9.69000000 -0.330076770112762E-003  0.608958041558121E-003  0.402142550716573E-001  0.513000201167607E-003 -0.176610632899534E-003  0.121993932039151E+000  0.988084287012372E+000  0.100410222375626E+001 -0.183361425025212E+001 -0.766685870218982E-002  0.141445738777478E-001  0.934076673565633E+000
      9.70000000 -0.354163335630852E-003  0.608467721612142E-003  0.401071351544285E-001  0.477189953953063E-003 -0.202184670427592E-003  0.121824913184195E+000  0.988927496318825E+000  0.100469140326413E+001 -0.182677116003060E+001 -0.821784868902673E-002  0.141186146766397E-001  0.930628144955629E+000
      9.71000000 -0.369555491165395E-003  0.619279529468225E-003  0.400133187230901E-001  0.433543458614805E-003 -0.220421615587156E-003  0.121662584284012E+000  0.989950610400450E+000  0.100510929791969E+001 -0.182009723561399E+001 -0.856617032405465E-002  0.143546884147124E-001  0.927495089659680E+000
      9.72000000 -0.371934654278248E-003  0.635561711447265E-003  0.399263134160439E-001  0.386081424713197E-003 -0.227244243713639E-003  0.121511722723862E+000  0.991059971201838E+000  0.100526202493302E+001 -0.181370257911944E+001 -0.861244884483143E-002  0.147169473578499E-001  0.924526198091608E+000
      9.73000000 -0.359897397275707E-003  0.650307587859979E-003  0.398385703829107E-001  0.340871354356217E-003 -0.222232861557090E-003  0.121372191137784E+000  0.992114959262915E+000  0.100514069353175E+001 -0.180758315194353E+001 -0.832515141687215E-002  0.150429238373396E-001  0.921546343985847E+000
      9.74000000 -0.335448137165441E-003  0.657413290600353E-003  0.397447239528424E-001  0.303891015451576E-003 -0.208777429863071E-003  0.121239482440564E+000  0.992977606217838E+000  0.100482448394582E+001 -0.180163395544280E+001 -0.775162407867797E-002  0.151916798111396E-001  0.918431569769951E+000
      9.75000000 -0.303146007700360E-003  0.653635950482857E-003  0.396437337792013E-001  0.279253243658824E-003 -0.193096042497177E-003  0.121107145876820E+000  0.993553560871021E+000  0.100445753778074E+001 -0.179570555296077E+001 -0.699799314854467E-002  0.150889003547187E-001  0.915158274635098E+000
      9.76000000 -0.268585332741503E-003  0.639803019060968E-003  0.395390216394824E-001  0.268446364094106E-003 -0.182261109577447E-003  0.120969965410390E+000  0.993809382315906E+000  0.100420310720870E+001 -0.178967759403624E+001 -0.619382242768986E-002  0.147544404168096E-001  0.911805855144143E+000
      9.77000000 -0.237039172988027E-003  0.620755217907910E-003  0.394366177242434E-001  0.270576534731434E-003 -0.181750917913319E-003  0.120826479762684E+000  0.993766645274574E+000  0.100418705171219E+001 -0.178351672044598E+001 -0.546074422352438E-002  0.143005285906244E-001  0.908513473610031E+000
      9.78000000 -0.212746205164945E-003  0.603864864083841E-003  0.393421855702836E-001  0.283083061829706E-003 -0.193328976445286E-003  0.120679792633598E+000  0.993485196740219E+000  0.100444922503598E+001 -0.177729476768209E+001 -0.489608831399603E-002  0.138971959663460E-001  0.905411285096180E+000
      9.79000000 -0.198759683295515E-003  0.596491068638345E-003  0.392582069986497E-001  0.302325093677276E-003 -0.214074719318146E-003  0.120536400701731E+000  0.993049472278559E+000  0.100492163006710E+001 -0.177116128313985E+001 -0.456953364951242E-002  0.137134753114091E-001  0.902555764456188E+000
      9.80000000 -0.196895951528629E-003  0.603209230860375E-003  0.391824529831211E-001  0.323794584044987E-003 -0.237063595629644E-003  0.120403581736552E+000  0.992563479490158E+000  0.100544458856913E+001 -0.176528314296294E+001 -0.452206693378189E-002  0.138537765548170E-001  0.899894963018942E+000
      9.81000000 -0.207365269433594E-003  0.623851185316018E-003  0.391082865880270E-001  0.342204857528180E-003 -0.253600263153143E-003  0.120286394961955E+000  0.992148666267206E+000  0.100581844546311E+001 -0.175977564194326E+001 -0.475765875059136E-002  0.143132505216166E-001  0.897276011621349E+000
      9.82000000 -0.228087891043798E-003  0.653175582080185E-003  0.390266353402683E-001  0.351965372823031E-003 -0.256274960394483E-003  0.120185401745985E+000  0.991932950415002E+000  0.100587382445129E+001 -0.175465051434273E+001 -0.522777656230730E-002  0.149707903538576E-001  0.894490841245015E+000
      9.83000000 -0.254183415769371E-003  0.682400591451627E-003  0.389289137131343E-001  0.348373693460659E-003 -0.241723629187342E-003  0.120095881393787E+000  0.992023394555185E+000  0.100553467168420E+001 -0.174979850490281E+001 -0.581995959013685E-002  0.156247167208480E-001  0.891343379002883E+000
      9.84000000 -0.278306479577908E-003  0.702101183714035E-003  0.388099229746993E-001  0.329327778809645E-003 -0.212025053945303E-003  0.120008784574320E+000  0.992467146139394E+000  0.100484973891947E+001 -0.174501179176201E+001 -0.636582205940119E-002  0.160594579400273E-001  0.887715816644655E+000
      9.85000000 -0.292205496901557E-003  0.705414648700005E-003  0.386698118317184E-001  0.296823958088384E-003 -0.174168601392991E-003  0.119913131356333E+000  0.993217512578310E+000  0.100397978773617E+001 -0.174003928240053E+001 -0.667695465031608E-002  0.161188672662971E-001  0.883613014383592E+000
      9.86000000 -0.289230212046402E-003  0.690360580997989E-003  0.385144707728443E-001  0.257331882210599E-003 -0.137772688119936E-003  0.119799149597051E+000  0.994125878067867E+000  0.100314494092991E+001 -0.173465847315015E+001 -0.660226598205484E-002  0.157588799144655E-001  0.879170880528898E+000
      9.87000000 -0.266876546130822E-003  0.660429047476043E-003  0.383541678613231E-001  0.220499342628264E-003 -0.111909178821324E-003  0.119661223733049E+000  0.994971755098845E+000  0.100255196569338E+001 -0.172874254829869E+001 -0.608582599986432E-002  0.150603577814032E-001  0.874624598368343E+000
      9.88000000 -0.228225642118363E-003  0.623269763570916E-003  0.382007375696739E-001  0.196390829844993E-003 -0.102208408151908E-003  0.119499720983369E+000  0.995526056078388E+000  0.100232839123268E+001 -0.172230149824154E+001 -0.519916701364035E-002  0.141985955884692E-001  0.870244083116548E+000
      9.89000000 -0.181487401868219E-003  0.588031638303199E-003  0.380641143754084E-001  0.192214391160401E-003 -0.109264384244315E-003  0.119321016703081E+000  0.995625626275335E+000  0.100248661532882E+001 -0.171548200483412E+001 -0.413025121218666E-002  0.133822974041439E-001  0.866254918641669E+000
      9.90000000 -0.137650986927675E-003  0.562362563204208E-003  0.379493195805929E-001  0.209830071915171E-003 -0.128822429702087E-003  0.119135554029367E+000  0.995229555908509E+000  0.100292875178955E+001 -0.170852263747838E+001 -0.312946724596543E-002  0.127851987202200E-001  0.862770077315462E+000
      9.91000000 -0.107081505760316E-003  0.550123251890116E-003  0.378549994671314E-001  0.245062003208278E-003 -0.153558156726356E-003  0.118954448802140E+000  0.994434187135502E+000  0.100348759070344E+001 -0.170167628095965E+001 -0.243201971137109E-002  0.124943199367687E-001  0.859757286977977E+000
      9.92000000 -0.963610568886992E-004  0.550525624837503E-003  0.377741768121852E-001  0.289082104828731E-003 -0.175721829206916E-003  0.118785767174050E+000  0.993441027477165E+000  0.100398694568145E+001 -0.169512560613192E+001 -0.218633223519226E-002  0.124908542801875E-001  0.857056814120706E+000
      9.93000000 -0.106534584220929E-003  0.558856076569954E-003  0.376970870187925E-001  0.331273731628541E-003 -0.189705718576116E-003  0.118631873629695E+000  0.992491312555145E+000  0.100429989103056E+001 -0.168892331336940E+001 -0.241472479888463E-002  0.126670943240582E-001  0.854446389739670E+000
      9.94000000 -0.133281497026863E-003  0.568415631381928E-003  0.376151013801263E-001  0.362433997060269E-003 -0.193719179837537E-003  0.118488963353242E+000  0.991793295051307E+000  0.100438644322752E+001 -0.168298219759690E+001 -0.301793410687608E-002  0.128708107208855E-001  0.851730359584753E+000
      9.95000000 -0.168732779516533E-003  0.572974482583575E-003  0.375241867296333E-001  0.377165347928073E-003 -0.190120099981397E-003  0.118349075618349E+000  0.991468311710612E+000  0.100430062156956E+001 -0.167712139532359E+001 -0.381682857915025E-002  0.129609989624721E-001  0.848817809612396E+000
      9.96000000 -0.204077380187408E-003  0.568959280711513E-003  0.374264310811128E-001  0.374780849425767E-003 -0.184391035654748E-003  0.118203835281337E+000  0.991530762179302E+000  0.100416683919511E+001 -0.167115140448113E+001 -0.461170806694198E-002  0.128572510202220E-001  0.845756516352348E+000
      9.97000000 -0.231977935401868E-003  0.556731735671891E-003  0.373289269338738E-001  0.358714627667325E-003 -0.183127681134613E-003  0.118048362931087E+000  0.991901954662056E+000  0.100413413936896E+001 -0.166496240006310E+001 -0.523694238649575E-002  0.125683161176371E-001  0.842707041787183E+000
      9.98000000 -0.248112838574971E-003  0.540596282852409E-003  0.372404514864435E-001  0.334950996312151E-003 -0.191653162814852E-003  0.117883649256734E+000  0.992445999518826E+000  0.100432226833197E+001 -0.165857738299730E+001 -0.559557822671491E-002  0.121918269411033E-001  0.839867298634812E+000
      9.99000000 -0.251645197840897E-003  0.527517194107062E-003  0.371673885061808E-001  0.310161835479017E-003 -0.211962693159456E-003  0.117716331514667E+000  0.993012060354326E+000  0.100477551502958E+001 -0.165214647915749E+001 -0.566956102745581E-002  0.118849513151178E-001  0.837380483215824E+000
     10.00000000 -0.244814098278150E-003  0.524874696228781E-003  0.371107002372312E-001  0.290091849287893E-003 -0.241636371146777E-003  0.117555972950090E+000  0.993470772485391E+000  0.100543861830967E+001 -0.164588507045808E+001 -0.551014084113637E-002  0.118135904774704E-001  0.835267194408089E+000
     10.01000000 -0.231994474288640E-003  0.537888330730533E-003  0.370652770113701E-001  0.278441966932152E-003 -0.274130867123985E-003  0.117411080845050E+000  0.993739242376452E+000  0.100616382269924E+001 -0.163998393485280E+001 -0.521638742006738E-002  0.120943997930437E-001  0.833411422044768E+000
     10.02000000 -0.218508288509559E-003  0.567506068753582E-003  0.370218870372394E-001  0.276281073225438E-003 -0.300487449793157E-003  0.117285649697850E+000  0.993794029764283E+000  0.100674970655012E+001 -0.163453172019371E+001 -0.490824767298217E-002  0.127476186846851E-001  0.831605025783676E+000
     10.03000000 -0.209346721658404E-003  0.609511314166236E-003  0.369707608736786E-001  0.281961232350827E-003 -0.312040235686372E-003  0.117177713816609E+000  0.993672753670749E+000  0.100700222303387E+001 -0.162948297336744E+001 -0.469776736720256E-002  0.136775123056528E-001  0.829628630423046E+000
     10.04000000 -0.207929754827812E-003  0.655286869860281E-003  0.369051579674022E-001  0.291562672136134E-003 -0.303309269348147E-003  0.117080403028166E+000  0.993463812764032E+000  0.100679951984367E+001 -0.162468247477656E+001 -0.466132306830080E-002  0.146900755274963E-001  0.827331635701653E+000
     10.05000000 -0.215117737983846E-003  0.694142155091356E-003  0.368233947285591E-001  0.299907651095575E-003 -0.274088623209863E-003  0.116984828046839E+000  0.993283426692958E+000  0.100613834399920E+001 -0.161993040363583E+001 -0.481766320910938E-002  0.155456409769735E-001  0.824677293843677E+000
     10.06000000 -0.228796479861431E-003  0.716523535823612E-003  0.367286549345985E-001  0.302052098627645E-003 -0.229916743710740E-003  0.116883362172589E+000  0.993242125032681E+000  0.100514397553915E+001 -0.161505598176946E+001 -0.511891164104231E-002  0.160309313798433E-001  0.821737901817416E+000
     10.07000000 -0.244329144824446E-003  0.717026206551846E-003  0.366269870539064E-001  0.294917044043157E-003 -0.180641198560218E-003  0.116771879487439E+000  0.993408311479971E+000  0.100403751000101E+001 -0.160996735531806E+001 -0.546099878449911E-002  0.160262470744009E-001  0.818649498098007E+000
     10.08000000 -0.255924142266434E-003  0.696114476713965E-003  0.365246588918572E-001  0.278510893602010E-003 -0.137493401411027E-003  0.116650193124185E+000  0.993781180808848E+000  0.100307006520389E+001 -0.160466098927138E+001 -0.571448372026667E-002  0.155434137998697E-001  0.815552478861179E+000
     10.09000000 -0.258579298813173E-003  0.659892290593594E-003  0.364261364654305E-001  0.256197447039762E-003 -0.109686582931890E-003  0.116520895467753E+000  0.994285083267307E+000  0.100244674447537E+001 -0.159919535854557E+001 -0.576804795906474E-002  0.147200119941196E-001  0.812546491774060E+000
     10.10000000 -0.249927883150307E-003  0.618001011464145E-003  0.363334116299481E-001  0.233759606121649E-003 -0.101768494682894E-003  0.116387515356715E+000  0.994790759977954E+000  0.100226787050287E+001 -0.159364957497071E+001 -0.556954365697544E-002  0.137719071998642E-001  0.809675654149221E+000
     10.11000000 -0.231242933682298E-003  0.580453923754034E-003  0.362465861819300E-001  0.217497577377314E-003 -0.112675268224683E-003  0.116253038936421E+000  0.995157946944584E+000  0.100250844001738E+001 -0.158809035563170E+001 -0.514805988683395E-002  0.129223908097403E-001  0.806941831200908E+000
     10.12000000 -0.207140683852375E-003  0.554622072072696E-003  0.361649989953349E-001  0.212048685638505E-003 -0.136747597476907E-003  0.116119403736466E+000  0.995283917998130E+000  0.100304134345996E+001 -0.158256083210551E+001 -0.460692528241685E-002  0.123351067424258E-001  0.804329912944224E+000
     10.13000000 -0.184056305479466E-003  0.543476843642381E-003  0.360880641850872E-001  0.218780783561576E-003 -0.166180522938732E-003  0.115987890643690E+000  0.995138995718830E+000  0.100369229975458E+001 -0.157708937596949E+001 -0.408947474429420E-002  0.120752984821387E-001  0.801826520808041E+000
     10.14000000 -0.168091622853816E-003  0.545619819617053E-003  0.360153624720951E-001  0.235384965517905E-003 -0.193835668223021E-003  0.115859823814222E+000  0.994775231640977E+000  0.100430251126682E+001 -0.157170520731677E+001 -0.373107853584032E-002  0.121109568885100E-001  0.799422027098910E+000
     10.15000000 -0.163089064632311E-003  0.556856708233086E-003  0.359461079540773E-001  0.256774579591505E-003 -0.215287819549323E-003  0.115736913331282E+000  0.994306068212035E+000  0.100477397007618E+001 -0.156644598895371E+001 -0.361647173507846E-002  0.123482009683119E-001  0.797098712259367E+000
     10.16000000 -0.169641249521686E-003  0.572455961292511E-003  0.358785288272176E-001  0.276844037742412E-003 -0.229413458588789E-003  0.115620922248823E+000  0.993867073748656E+000  0.100508219658283E+001 -0.156135040886865E+001 -0.375806277421195E-002  0.126816174961862E-001  0.794817085816270E+000
     10.17000000 -0.185285370102283E-003  0.589045443907766E-003  0.358097241593252E-001  0.290328150090101E-003 -0.237532699403569E-003  0.115512846260061E+000  0.993574684323625E+000  0.100525688803051E+001 -0.155644002025672E+001 -0.410059097869644E-002  0.130362933241682E-001  0.792512823631333E+000
     10.18000000 -0.205604323457015E-003  0.605399097034708E-003  0.357362200547846E-001  0.294071089729941E-003 -0.241747061682175E-003  0.115412133574639E+000  0.993498241585388E+000  0.100534490144524E+001 -0.155170207757006E+001 -0.454580435412675E-002  0.133850582760734E-001  0.790109186390891E+000
     10.19000000 -0.225633352760157E-003  0.621973017859383E-003  0.356549920517018E-001  0.287394167198696E-003 -0.243386886829663E-003  0.115316453538046E+000  0.993652100517701E+000  0.100537587630244E+001 -0.154708459413014E+001 -0.498374012644880E-002  0.137380039287420E-001  0.787539663008798E+000
     10.20000000 -0.240993133192533E-003  0.639654624326328E-003  0.355644368791467E-001  0.271711024768244E-003 -0.242298431934407E-003  0.115222190140066E+000  0.994004390153500E+000  0.100534658785206E+001 -0.154250742430618E+001 -0.531778496489244E-002  0.141146998626261E-001  0.784769363406294E+000
     10.21000000 -0.248476103592235E-003  0.658503128461587E-003  0.354648227643476E-001  0.249822483025675E-003 -0.237192125855798E-003  0.115125421444764E+000  0.994492784715366E+000  0.100522878519614E+001 -0.153788399247225E+001 -0.547753500404051E-002  0.145163815927257E-001  0.781804790462262E+000
     10.22000000 -0.246185732259503E-003  0.677162128435776E-003  0.353580646235056E-001  0.225301812346548E-003 -0.226716357639698E-003  0.115022906637554E+000  0.995038190743750E+000  0.100499296170840E+001 -0.153314306214785E+001 -0.542173466054057E-002  0.149131038133261E-001  0.778688686543464E+000
     10.23000000 -0.233534911604755E-003  0.693204545775612E-003  0.352470404586139E-001  0.202119680255414E-003 -0.210590394837094E-003  0.114912665157904E+000  0.995553080739765E+000  0.100463328697947E+001 -0.152824140276623E+001 -0.513809884836597E-002  0.152514819041694E-001  0.775484816142691E+000
     10.24000000 -0.211343025038975E-003  0.704164408413877E-003  0.351348587097182E-001  0.184364023955450E-003 -0.190164194548541E-003  0.114794026220617E+000  0.995947691529407E+000  0.100417979581829E+001 -0.152316474140114E+001 -0.464530504483366E-002  0.154774849001714E-001  0.772261759685104E+000
     10.25000000 -0.182011771095149E-003  0.708675555559608E-003  0.350244050521419E-001  0.175795617484128E-003 -0.168118679410670E-003  0.114667344867525E+000  0.996139794242064E+000  0.100369163181406E+001 -0.151792138643491E+001 -0.399670308537131E-002  0.155614428802610E-001  0.769082938388708E+000
     10.26000000 -0.149516132057370E-003  0.707121289518081E-003  0.349182242376625E-001  0.179123859816080E-003 -0.147477212310630E-003  0.114533719595228E+000  0.996070544691461E+000  0.100323522011751E+001 -0.151253592308887E+001 -0.327994807296117E-002  0.155121797159300E-001  0.766004047346551E+000
     10.27000000 -0.118915051432053E-003  0.701478163366234E-003  0.348185262383649E-001  0.195184156357205E-003 -0.130433441494479E-003  0.114394934566773E+000  0.995722397806700E+000  0.100285854336658E+001 -0.150704786770573E+001 -0.260610950353600E-002  0.153734021560450E-001  0.763073227788738E+000
     10.28000000 -0.953169408011669E-004  0.694447678144625E-003  0.347270265692657E-001  0.222428383089724E-003 -0.117562351852275E-003  0.114253581936899E+000  0.995130062745797E+000  0.100257395782420E+001 -0.150151427336607E+001 -0.208690777011606E-002  0.152045191891150E-001  0.760327607781768E+000
     10.29000000 -0.825931405731295E-004  0.688302467643913E-003  0.346444874031462E-001  0.257115047511189E-003 -0.107767429592524E-003  0.114113089995621E+000  0.994376089573240E+000  0.100235721081600E+001 -0.149601026026389E+001 -0.180657036196163E-002  0.150553281965293E-001  0.757783318488302E+000
     10.30000000 -0.823792536864547E-004  0.683979775474690E-003  0.345701111551068E-001  0.294279663015325E-003 -0.989555747320832E-004  0.113977354657523E+000  0.993569432506149E+000  0.100216236655869E+001 -0.149062087534606E+001 -0.180014257694803E-002  0.149462523694336E-001  0.755422344768903E+000
     10.31000000 -0.938518879183124E-004  0.680809241434472E-003  0.345011593634745E-001  0.329143624943680E-003 -0.891047504373522E-004  0.113849877443797E+000  0.992814565116312E+000  0.100194521884543E+001 -0.148542222571757E+001 -0.204885216738929E-002  0.148625405501247E-001  0.753184370684410E+000
     10.32000000 -0.114409283077437E-003  0.676957448009541E-003  0.344331715411333E-001  0.358342515097050E-003 -0.772407796483882E-004  0.113732634947755E+000  0.992184713277889E+000  0.100168458615475E+001 -0.148045686551346E+001 -0.249521425242863E-002  0.147641330067407E-001  0.750971757489320E+000
     10.33000000 -0.140911072170185E-003  0.670360335102623E-003  0.343609174441312E-001  0.380414784173455E-003 -0.639138157120965E-004  0.113625148736089E+000  0.991711358791248E+000  0.100139258175223E+001 -0.147571369291226E+001 -0.307023114807923E-002  0.146060997874118E-001  0.748670472722955E+000
     10.34000000 -0.170828113726796E-003  0.659729818565819E-003  0.342798532762717E-001  0.395382583597518E-003 -0.510029926049846E-004  0.113524236259189E+000  0.991393565424168E+000  0.100111020044189E+001 -0.147112278756973E+001 -0.371847685126946E-002  0.143605756974673E-001  0.746181867210626E+000
     10.35000000 -0.202716393712467E-003  0.645222266833285E-003  0.341875630008749E-001  0.403761844792763E-003 -0.409605650499344E-004  0.113424677037873E+000  0.991219662661110E+000  0.100089074186521E+001 -0.146657018188109E+001 -0.440833710236336E-002  0.140312147728250E-001  0.743453943985949E+000
     10.36000000 -0.235841012222477E-003  0.628518052856753E-003  0.340846088698899E-001  0.405655792203207E-003 -0.358167892711967E-004  0.113320640210203E+000  0.991186991244619E+000  0.100077813181398E+001 -0.146192908749992E+001 -0.512372544788768E-002  0.136547664527537E-001  0.740499611166903E+000
     10.37000000 -0.269299784009380E-003  0.612299832342017E-003  0.339744272719129E-001  0.400511836088120E-003 -0.363350974485141E-004  0.113207381012259E+000  0.991307136219428E+000  0.100078863100691E+001 -0.145709677822946E+001 -0.584498665856145E-002  0.132895923561299E-001  0.737394108454539E+000
     10.38000000 -0.301311292175268E-003  0.599336577101361E-003  0.338622867667919E-001  0.387686720266453E-003 -0.416295228372582E-004  0.113082588693371E+000  0.991593603950220E+000  0.100090267279749E+001 -0.145202370160507E+001 -0.653347644860129E-002  0.129957008348672E-001  0.734252113451914E+000
     10.39000000 -0.329234060219136E-003  0.591509711527107E-003  0.337536952181747E-001  0.367426716341886E-003 -0.493788613151316E-004  0.112946910648133E+000  0.992040579312993E+000  0.100106967488419E+001 -0.144672457707131E+001 -0.713206817366324E-002  0.128136426261222E-001  0.731193046214119E+000
     10.40000000 -0.350416155944271E-003  0.589127319243736E-003  0.336528374804490E-001  0.341563527853661E-003 -0.565628450026325E-004  0.112803511743194E+000  0.992607957983746E+000  0.100122412053022E+001 -0.144126855003064E+001 -0.758362862742163E-002  0.127497626111836E-001  0.728307235215743E+000
     10.41000000 -0.363416838508159E-003  0.590770974928309E-003  0.335615721953058E-001  0.313357770624684E-003 -0.604698384933727E-004  0.112656896017975E+000  0.993224895241639E+000  0.100130741768330E+001 -0.143575345443622E+001 -0.785743128991679E-002  0.127730524612775E-001  0.725634366829915E+000
     10.42000000 -0.368843626998685E-003  0.593742508090006E-003  0.334792613949433E-001  0.286430484941502E-003 -0.596316620645042E-004  0.112511462074875E+000  0.993813033067977E+000  0.100128805815264E+001 -0.143027447121418E+001 -0.796711049731460E-002  0.128249800800344E-001  0.723160047721100E+000
     10.43000000 -0.369213869575646E-003  0.594975913459185E-003  0.334033782010092E-001  0.263308218782707E-003 -0.543556369912660E-004  0.112370297952653E+000  0.994317932583008E+000  0.100117296906001E+001 -0.142489813491665E+001 -0.796746150923778E-002  0.128393001456258E-001  0.720829177952984E+000
     10.44000000 -0.367803024079482E-003  0.592111746079010E-003  0.333305783524146E-001  0.244403849600985E-003 -0.466480462324224E-004  0.112234561939922E+000  0.994730931810401E+000  0.100100567866223E+001 -0.141964912196235E+001 -0.792941362167390E-002  0.127652537840401E-001  0.718569246860765E+000
     10.45000000 -0.367059035485595E-003  0.584354997478682E-003  0.332578216360492E-001  0.228059942669623E-003 -0.395278796056802E-004  0.112103537702132E+000  0.995087992787006E+000  0.100085136051279E+001 -0.141451163825236E+001 -0.790580146953560E-002  0.125859716045016E-001  0.716314569987336E+000
     10.46000000 -0.367463218005190E-003  0.572791405850854E-003  0.331831977117171E-001  0.211686854959972E-003 -0.359541702836111E-004  0.111975214627109E+000  0.995444998948055E+000  0.100077364881015E+001 -0.140944210028875E+001 -0.790694039495900E-002  0.123251179516517E-001  0.714024026255008E+000
     10.47000000 -0.367499887088731E-003  0.560020531899135E-003  0.331062840922723E-001  0.193379149835507E-003 -0.377527106283250E-004  0.111847114461597E+000  0.995842911785849E+000  0.100081157326702E+001 -0.140438703816125E+001 -0.790017667684455E-002  0.120388095346419E-001  0.711688636191636E+000
     10.48000000 -0.364767482698351E-003  0.549222772519852E-003  0.330280493024691E-001  0.173085990452531E-003 -0.449535622508426E-004  0.111717085971711E+000  0.996282706002333E+000  0.100096544848426E+001 -0.139930020929871E+001 -0.783395565656925E-002  0.117954232479012E-001  0.709329328767209E+000
     10.49000000 -0.357588186878923E-003  0.543013226354838E-003  0.329504364794856E-001  0.152646852465531E-003 -0.558084374476193E-004  0.111583882562996E+000  0.996724793848521E+000  0.100119743142214E+001 -0.139415495749429E+001 -0.767244794403203E-002  0.116509461581824E-001  0.706987864528051E+000
     10.50000000 -0.346158970393272E-003  0.542540646966251E-003  0.328757949023549E-001  0.134661951263545E-003 -0.674865935133925E-004  0.111447455605922E+000  0.997113431423221E+000  0.100144662006129E+001 -0.138895040726435E+001 -0.742014798635989E-002  0.116297199651691E-001  0.704714550853744E+000
     10.51000000 -0.332537236271662E-003  0.547200378523717E-003  0.328062918602144E-001  0.120864815293620E-003 -0.771571180035953E-004  0.111308979883697E+000  0.997411647315999E+000  0.100165234053425E+001 -0.138371188617163E+001 -0.712137478506822E-002  0.117184439904803E-001  0.702555606296258E+000
     10.52000000 -0.319436277260100E-003  0.555066918524626E-003  0.327433842427047E-001  0.110983599535075E-003 -0.829889263295759E-004  0.111170655029682E+000  0.997625515484077E+000  0.100177554090323E+001 -0.137848655205680E+001 -0.683431153211590E-002  0.118756087283100E-001  0.700541874735811E+000
     10.53000000 -0.308523219950569E-003  0.563824994526518E-003  0.326874012933585E-001  0.102815683264478E-003 -0.846335452591269E-004  0.111035316588537E+000  0.997802356361318E+000  0.100180900779387E+001 -0.137333497597017E+001 -0.659455902234280E-002  0.120515311789918E-001  0.698679979907488E+000
     10.54000000 -0.299237801989689E-003  0.571743927691611E-003  0.326372989004264E-001  0.935380915339951E-004 -0.830006617265310E-004  0.110905882770277E+000  0.998002558037524E+000  0.100177242235678E+001 -0.136831926435307E+001 -0.639001857586565E-002  0.122092004896951E-001  0.696947193346216E+000
     10.55000000 -0.288882172485338E-003  0.578223674654424E-003  0.325906677715738E-001  0.815406743189543E-004 -0.794841555190672E-004  0.110784690564154E+000  0.998260405145140E+000  0.100169572092871E+001 -0.136348888836478E+001 -0.616303391054190E-002  0.123358671949694E-001  0.695291747896312E+000
     10.56000000 -0.274016661658381E-003  0.583665016287864E-003  0.325440709964387E-001  0.677320868051669E-004 -0.750740338029554E-004  0.110672838568041E+000  0.998556366958235E+000  0.100160011836175E+001 -0.135886673685830E+001 -0.584035610628642E-002  0.124401615627023E-001  0.693640169970504E+000
     10.57000000 -0.252445210910559E-003  0.588777299306212E-003  0.324937204975262E-001  0.555322428134281E-004 -0.698466324419929E-004  0.110569718777420E+000  0.998817512653576E+000  0.100148729377509E+001 -0.135443927217597E+001 -0.537549453152761E-002  0.125372517121328E-001  0.691911786376979E+000
     10.58000000 -0.224720076773231E-003  0.593748838972647E-003  0.324363825242891E-001  0.494809691762254E-004 -0.631180784421669E-004  0.110472933418451E+000  0.998947362578302E+000  0.100134274757467E+001 -0.135015493303899E+001 -0.478060082808755E-002  0.126311642111666E-001  0.690038021445943E+000
     10.59000000 -0.194339696626578E-003  0.597794075190777E-003  0.323702764635979E-001  0.531519529472053E-004 -0.541721656316730E-004  0.110378718111295E+000  0.998870335342486E+000  0.100115134774062E+001 -0.134593330777213E+001 -0.413039737315057E-002  0.127052121656718E-001  0.687981442773938E+000
     10.60000000 -0.166511400567322E-003  0.599394703398506E-003  0.322956666405741E-001  0.674355493868865E-004 -0.431307300248528E-004  0.110282834288711E+000  0.998568111140308E+000  0.100091581387554E+001 -0.134168421950960E+001 -0.353561024788472E-002  0.127272129634557E-001  0.685748180290613E+000
     10.61000000 -0.146102850970863E-003  0.597160992258392E-003  0.322148962262917E-001  0.900446559311328E-004 -0.314167562741456E-004  0.110181706640069E+000  0.998089844010702E+000  0.100066645715441E+001 -0.133733190130244E+001 -0.309934257563266E-002  0.126678328007616E-001  0.683388440268326E+000
     10.62000000 -0.135797265113386E-003  0.590861490278440E-003  0.321317802185062E-001  0.116441976580590E-003 -0.214499032053034E-004  0.110073449098943E+000  0.997532192227927E+000  0.100045459755489E+001 -0.133283667249704E+001 -0.287801320549654E-002  0.125223963105653E-001  0.680983432970903E+000
     10.63000000 -0.135304455675842E-003  0.582018744930875E-003  0.320505054402090E-001  0.141664989686712E-003 -0.156261145030704E-004  0.109958417867298E+000  0.997000453870133E+000  0.100033085980796E+001 -0.132820647846439E+001 -0.286487125205611E-002  0.123233840466050E-001  0.678621935921336E+000
     10.64000000 -0.141889511631999E-003  0.573646954507476E-003  0.319743844681641E-001  0.162129974888986E-003 -0.150519414375650E-004  0.109839073452787E+000  0.996570364522949E+000  0.100031840301208E+001 -0.132349374838336E+001 -0.300147645891995E-002  0.121347082661818E-001  0.676373899422224E+000
     10.65000000 -0.151816887412323E-003  0.569138742278745E-003  0.319048856765758E-001  0.176610062723010E-003 -0.186965896185249E-004  0.109719178685680E+000  0.996267566209771E+000  0.100039512914371E+001 -0.131877823748276E+001 -0.320846089836809E-002  0.120280387213335E-001  0.674270036127012E+000
     10.66000000 -0.161930401301719E-003  0.570771277860435E-003  0.318412706903444E-001  0.186088187404697E-003 -0.234687368793863E-004  0.109602607399284E+000  0.996070947096758E+000  0.100049551726016E+001 -0.131414174543258E+001 -0.341898710622649E-002  0.120512246244185E-001  0.672294350295046E+000
     10.67000000 -0.170661056659461E-003  0.578545957331278E-003  0.317809444849197E-001  0.192764314136377E-003 -0.252846329583922E-004  0.109492182427414E+000  0.995933802270805E+000  0.100053335762680E+001 -0.130964359531779E+001 -0.359994848714423E-002  0.122039303201671E-001  0.670391741724629E+000
     10.68000000 -0.178166757246214E-003  0.589958016943716E-003  0.317203555733552E-001  0.198829191094902E-003 -0.206912034224102E-004  0.109388938005990E+000  0.995809795986774E+000  0.100043605450056E+001 -0.130530519442908E+001 -0.375475581389951E-002  0.124330056196446E-001  0.668487159719837E+000
     10.69000000 -0.185778527148502E-003  0.600860515103693E-003  0.316560879760647E-001  0.205571047784025E-003 -0.830710602922577E-005  0.109292020727159E+000  0.995671768117879E+000  0.100017490342902E+001 -0.130110812622633E+001 -0.391150676559449E-002  0.126509236889794E-001  0.666508687474164E+000
     10.70000000 -0.195189093960642E-003  0.607058229556371E-003  0.315857444586321E-001  0.213061856902571E-003  0.105910474414857E-004  0.109199185069036E+000  0.995518244031321E+000  0.999777217326576E+000 -0.129700475989877E+001 -0.410580241624034E-002  0.127694693137605E-001  0.664406106332720E+000
     10.71000000 -0.207776477231840E-003  0.605912746945168E-003  0.315083437034383E-001  0.220320644822245E-003  0.326088537397975E-004  0.109107617074426E+000  0.995369882646426E+000  0.999314713245767E+000 -0.129293569665673E+001 -0.436649717357028E-002  0.127334736454029E-001  0.662159141197825E+000
     10.72000000 -0.224216117993884E-003  0.597240629183802E-003  0.314241808752089E-001  0.225684957241844E-003  0.536387391149513E-004  0.109014726275051E+000  0.995261573998047E+000  0.998873814191072E+000 -0.128884645166622E+001 -0.470758661340717E-002  0.125395177478063E-001  0.659774393335335E+000
     10.73000000 -0.244310064618361E-003  0.583135766637960E-003  0.313343264463187E-001  0.227187526510635E-003  0.704720311388256E-004  0.108918613406077E+000  0.995234471877597E+000  0.998521765471049E+000 -0.128469724201839E+001 -0.512469368986440E-002  0.122319650984988E-001  0.657274702400993E+000
     10.74000000 -0.266905895615037E-003  0.566859704148061E-003  0.312400631909536E-001  0.222913226640267E-003  0.818967108847472E-004  0.108818108413129E+000  0.995328484088616E+000  0.998283718764676E+000 -0.128046371478466E+001 -0.559345516190539E-002  0.118794840815967E-001  0.654687272122756E+000
     10.75000000 -0.289890315929171E-003  0.551359644343556E-003  0.311425374441270E-001  0.211420435801098E-003  0.888401220464789E-004  0.108712486887970E+000  0.995573456107262E+000  0.998139939981749E+000 -0.127613093821744E+001 -0.606948047703092E-002  0.115439061371873E-001  0.652036348356378E+000
     10.76000000 -0.310383625766490E-003  0.538097189374210E-003  0.310427497096052E-001  0.192250433264513E-003  0.935831340872729E-004  0.108601113361419E+000  0.995978562426101E+000  0.998042455742173E+000 -0.127168589647822E+001 -0.649251267622818E-002  0.112557574982488E-001  0.649343036369511E+000
     10.77000000 -0.325271794042313E-003  0.526666939070188E-003  0.309418106779341E-001  0.166371831011480E-003  0.984855534776725E-004  0.108483265224382E+000  0.996523114662867E+000  0.997941821192181E+000 -0.126711380099518E+001 -0.679762147481940E-002  0.110064338829059E-001  0.646630665758742E+000
     10.78000000 -0.332041030656029E-003  0.515282854244833E-003  0.308412405572951E-001  0.136277662376564E-003  0.104831493680042E-003  0.108358265114188E+000  0.997154672967387E+000  0.997811234228447E+000 -0.126240086276593E+001 -0.693264988543575E-002  0.107585367187589E-001  0.643931029830232E+000
     10.79000000 -0.329629240968925E-003  0.501822891369525E-003  0.307430651263460E-001  0.105516908078689E-003  0.112278631114422E-003  0.108225858557939E+000  0.997798965309192E+000  0.997657918843348E+000 -0.125754216519409E+001 -0.687591598055918E-002  0.104677971773245E-001  0.641286349998124E+000
     10.80000000 -0.318870044919825E-003  0.484924177004319E-003  0.306495739032215E-001  0.777107291997809E-004  0.119075293005354E-003  0.108086615472394E+000  0.998380490483997E+000  0.997518443435948E+000 -0.125254999036335E+001 -0.664532526503954E-002  0.101059316684499E-001  0.638744187692468E+000
     10.81000000 -0.302218120072707E-003  0.464669587150898E-003  0.305627996369839E-001  0.554277380619664E-004  0.122868703227373E-003  0.107942092957228E+000  0.998845941730063E+000  0.997441756636046E+000 -0.124745712899840E+001 -0.629246895128335E-002  0.967486313874644E-002  0.636346582176305E+000
     10.82000000 -0.282788589258767E-003  0.442634975113984E-003  0.304839549793177E-001  0.394548261279125E-004  0.121717230064624E-003  0.107794601778783E+000  0.999179272191835E+000  0.997468073610995E+000 -0.124231192815586E+001 -0.588248591652677E-002  0.920756390523089E-002  0.634118357872579E+000
     10.83000000 -0.263131846498290E-003  0.421342172463778E-003  0.304131239825405E-001  0.288612657070114E-004  0.114898015676572E-003  0.107646625607692E+000  0.999400190704418E+000  0.997612131825877E+000 -0.123716614970892E+001 -0.546853797388623E-002  0.875654429815612E-002  0.632060792398664E+000
     10.84000000 -0.244357007921164E-003  0.403368740106061E-003  0.303494061522020E-001  0.218574542971965E-004  0.103231547325547E-003  0.107500147750025E+000  0.999546166477190E+000  0.997856569381278E+000 -0.123206097529328E+001 -0.507366503987092E-002  0.837527800926902E-002  0.630154716188657E+000
     10.85000000 -0.226070372020358E-003  0.390448673537630E-003  0.302914836533488E-001  0.170103698352048E-004  0.888405411645128E-004  0.107356230000277E+000  0.999647133610868E+000  0.998157074697790E+000 -0.122701831870930E+001 -0.468964735260788E-002  0.809954250891451E-002  0.628372372956063E+000
     10.86000000 -0.207167555072889E-003  0.382869674986018E-003  0.302383369651097E-001  0.141564587237055E-004  0.744451690698402E-004  0.107215094666155E+000  0.999706606101931E+000  0.998457117081885E+000 -0.122204261460328E+001 -0.429356647185285E-002  0.793500893048039E-002  0.626692291234044E+000
     10.87000000 -0.187042940780650E-003  0.379369704028975E-003  0.301897070684362E-001  0.144951611636425E-004  0.624312833647547E-004  0.107076707323324E+000  0.999699862832374E+000  0.998707296293652E+000 -0.121713296540266E+001 -0.387291578455461E-002  0.785523852856161E-002  0.625108825537256E+000
     10.88000000 -0.166531882970680E-003  0.377588221288824E-003  0.301459861419216E-001  0.197878387539506E-004  0.540012779968761E-004  0.106941561820321E+000  0.999590649106291E+000  0.998882875907555E+000 -0.121229940521226E+001 -0.344504399761728E-002  0.781116511815980E-002  0.623629822457272E+000
     10.89000000 -0.148029823722570E-003  0.374954004367452E-003  0.301075036845829E-001  0.310841236660953E-004  0.487170176966088E-004  0.106811192871328E+000  0.999357553416574E+000  0.998993116810688E+000 -0.120757344388903E+001 -0.305947999426605E-002  0.774954834292122E-002  0.622261804303075E+000
     10.90000000 -0.134672328449901E-003  0.369720754301040E-003  0.300735344545413E-001  0.476700886831920E-004  0.446493740649758E-004  0.106688009255194E+000  0.999015658631428E+000  0.999078033475770E+000 -0.120300452425001E+001 -0.278085373358836E-002  0.763437709748688E-002  0.620989490066035E+000
     10.91000000 -0.128966686663972E-003  0.361753501790447E-003  0.300415956931036E-001  0.668269393457679E-004  0.391505029292441E-004  0.106574359993801E+000  0.998621352949782E+000  0.999192320852842E+000 -0.119864067504432E+001 -0.266059681748591E-002  0.746301421301011E-002  0.619761396999575E+000
     10.92000000 -0.131559462756581E-003  0.352698796889252E-003  0.300075622162294E-001  0.845671000169459E-004  0.300043946146879E-004  0.106471182180893E+000  0.998256969144646E+000  0.999381572909570E+000 -0.119450064753417E+001 -0.271160064437018E-002  0.726955146269510E-002  0.618492378553255E+000
     10.93000000 -0.140751150074993E-003  0.345380808345180E-003  0.299667771142249E-001  0.970134714186912E-004  0.164936327563121E-004  0.106376905626464E+000  0.998002263710799E+000  0.999660357183222E+000 -0.119055149347016E+001 -0.289839829602748E-002  0.711220580332663E-002  0.617086650297547E+000
     10.94000000 -0.152983334711716E-003  0.342605554504370E-003  0.299158124816773E-001  0.101778427410020E-003 -0.123200618754942E-006  0.106287300171983E+000  0.997906057798677E+000  0.100000253467244E+001 -0.118670566011197E+001 -0.314740823574983E-002  0.704860791466399E-002  0.615474062984770E+000
     10.95000000 -0.164047363436265E-003  0.345879103069335E-003  0.298541005720857E-001  0.987331205067398E-004 -0.170214100197602E-004  0.106196582088998E+000  0.997970565590583E+000  0.100034987079324E+001 -0.118284398130846E+001 -0.337195221241938E-002  0.710945779556762E-002  0.613643513465825E+000
     10.96000000 -0.170451056349836E-003  0.354666611100692E-003  0.297845675156987E-001  0.898897976786061E-004 -0.309967410805178E-004  0.106099484122695E+000  0.998154023685750E+000  0.100063654887797E+001 -0.117885833212077E+001 -0.350038181068954E-002  0.728343127312606E-002  0.611655689344790E+000
     10.97000000 -0.170375101866074E-003  0.366621830761769E-003  0.297127652624154E-001  0.785493728953167E-004 -0.398942100804185E-004  0.105993434200175E+000  0.998388381032340E+000  0.100081852041965E+001 -0.117469627965142E+001 -0.349563256412320E-002  0.752208037613798E-002  0.609624931599997E+000
     10.98000000 -0.163917301148853E-003  0.378748967228153E-003  0.296446862945081E-001  0.681629189989570E-004 -0.435455435246033E-004  0.105879791379825E+000  0.998602756442851E+000  0.100089262213276E+001 -0.117038616465380E+001 -0.336007313505767E-002  0.776381883300098E-002  0.607674194958437E+000
     10.99000000 -0.152684977130648E-003  0.388940371368310E-003  0.295841383877601E-001  0.613892654385430E-004 -0.436628950295069E-004  0.105763411155292E+000  0.998742751807618E+000  0.100089421327097E+001 -0.116602783149863E+001 -0.312697847302901E-002  0.796547369241144E-002  0.605881243984339E+000
     11.00000000 -0.139053267761246E-003  0.397055865779404E-003  0.295308880530964E-001  0.596315208671744E-004 -0.426571046101344E-004  0.105650552509699E+000  0.998779860529942E+000  0.100087282055289E+001 -0.116174947872967E+001 -0.284521303446035E-002  0.812428605895263E-002  0.604240870859101E+000
     11.01000000 -0.125450002687278E-003  0.404870400275625E-003  0.294805361635092E-001  0.630532795597295E-004 -0.419590681204384E-004  0.105545958229087E+000  0.998711018640816E+000  0.100085775802676E+001 -0.115764784392548E+001 -0.256454091052117E-002  0.827665749481259E-002  0.602662729660388E+000
     11.02000000 -0.113885070018621E-003  0.414785579521818E-003  0.294263349542465E-001  0.708772119222678E-004 -0.407820558913579E-004  0.105450422872418E+000  0.998552390893467E+000  0.100083294014945E+001 -0.115373867421984E+001 -0.232600944627881E-002  0.847165634608843E-002  0.601008833394491E+000
     11.03000000 -0.105740649952051E-003  0.427903184188178E-003  0.293622324895272E-001  0.817392071078647E-004 -0.361299775855206E-004  0.105360032361927E+000  0.998332057082044E+000  0.100073725623690E+001 -0.114994157677401E+001 -0.215770833199907E-002  0.873164924019702E-002  0.599155894327068E+000
     11.04000000 -0.101711334612479E-003  0.442507987692458E-003  0.292857940243742E-001  0.939774097173491E-004 -0.242464231313898E-004  0.105267534992764E+000  0.998084065434716E+000  0.100049431624368E+001 -0.114610840521651E+001 -0.207360750047612E-002  0.902149092621483E-002  0.597054815746079E+000
     11.05000000 -0.101786719730672E-003  0.453917103687766E-003  0.291996374786140E-001  0.105868588469264E-003 -0.290408421036860E-005  0.105165312724164E+000  0.997843591077058E+000  0.100005915251346E+001 -0.114208408765411E+001 -0.207326643188390E-002  0.924571590895099E-002  0.594759595041229E+000
     11.06000000 -0.105261795662604E-003  0.456016312197450E-003  0.291106694308469E-001  0.115881912661504E-003  0.266170723757115E-004  0.105048645125549E+000  0.997641766506489E+000  0.999458334177147E+000 -0.113777308031411E+001 -0.214211076101077E-002  0.928007586613541E-002  0.592411309872783E+000
     11.07000000 -0.110845812973195E-003  0.443921663238170E-003  0.290274211483268E-001  0.122972841002770E-003  0.589902010159174E-004  0.104917788813486E+000  0.997499724523842E+000  0.998800615227468E+000 -0.113318137764424E+001 -0.225370956344309E-002  0.902578519678828E-002  0.590183561194992E+000
     11.08000000 -0.116940600624604E-003  0.416540937026583E-003  0.289566711587884E-001  0.126840823312736E-003  0.862309047425950E-004  0.104777930519956E+000  0.997423408513687E+000  0.998248341431299E+000 -0.112841510075613E+001 -0.237548249927969E-002  0.846143854961549E-002  0.588213718825612E+000
     11.09000000 -0.122068534056806E-003  0.377740451251659E-003  0.289008661944299E-001  0.128013850770958E-003  0.100555095671426E-003  0.104637058097444E+000  0.997401924957104E+000  0.997959207672243E+000 -0.112363683748156E+001 -0.247741326384574E-002  0.766634261198254E-002  0.586550742170722E+000
     11.10000000 -0.125313442419572E-003  0.335422140104548E-003  0.288574579831114E-001  0.127660470398412E-003  0.974680939165069E-004  0.104502750221503E+000  0.997411431052391E+000  0.998023641300181E+000 -0.111900029287722E+001 -0.254097830560143E-002  0.680134840099919E-002  0.585142130597464E+000
     11.11000000 -0.126582028780577E-003  0.298801007857179E-003  0.288203594962970E-001  0.127154214182094E-003  0.776608866591259E-004  0.104379348872370E+000  0.997424017105440E+000  0.998426689064951E+000 -0.111459304726974E+001 -0.256439114499555E-002  0.605332894445021E-002  0.583863881783770E+000
     11.12000000 -0.126547736778136E-003  0.275047193991903E-003  0.287827447577988E-001  0.127552676334345E-003  0.468084912248735E-004  0.104266736621999E+000  0.997418268558955E+000  0.999052572184480E+000 -0.111041210524303E+001 -0.256139095017325E-002  0.556709595523266E-002  0.582577482780475E+000
     11.13000000 -0.126281474495442E-003  0.266773012251713E-003  0.287398454472084E-001  0.129217416120799E-003  0.133373519733609E-004  0.104161134085795E+000  0.997386923262939E+000  0.999730287718004E+000 -0.110638042886632E+001 -0.255370516786505E-002  0.539477087004329E-002  0.581186529025110E+000
     11.14000000 -0.126726295679388E-003  0.271445010831552E-003  0.286904918511903E-001  0.131748275922437E-003 -0.148345940390948E-004  0.104057374415729E+000  0.997338135003267E+000  0.100029972070858E+001 -0.110239322427453E+001 -0.256040003766888E-002  0.548432203618162E-002  0.579667668992509E+000
     11.15000000 -0.128251524336627E-003  0.282895409964532E-003  0.286368246864950E-001  0.134262088543390E-003 -0.331435888719924E-004  0.103951469706986E+000  0.997289778371460E+000  0.100066903823993E+001 -0.109836987175494E+001 -0.258889206120132E-002  0.571054172490881E-002  0.578064459446801E+000
     11.16000000 -0.130485076932342E-003  0.294157330620142E-003  0.285825066560539E-001  0.135887266205561E-003 -0.416273169900362E-004  0.103842247263259E+000  0.997259430359110E+000  0.100083953827581E+001 -0.109428681758120E+001 -0.263161847622263E-002  0.593255477465581E-002  0.576450996398841E+000
     11.17000000 -0.132494106600979E-003  0.300315983408626E-003  0.285304409215421E-001  0.136252448166857E-003 -0.441807291853332E-004  0.103731378395256E+000  0.997254525484676E+000  0.100089023769979E+001 -0.109017789885763E+001 -0.266974427247098E-002  0.605133992149008E-002  0.574885805832480E+000
     11.18000000 -0.133231957386260E-003  0.300178131777647E-003  0.284811501605357E-001  0.135758760257764E-003 -0.463350942487782E-004  0.103621945398012E+000  0.997266920055312E+000  0.100093281285558E+001 -0.108610523740185E+001 -0.268221063622408E-002  0.604315206059494E-002  0.573379280700727E+000
     11.19000000 -0.132065197456415E-003  0.296203962866344E-003  0.284325564901577E-001  0.135524482465172E-003 -0.526585095585341E-004  0.103516379160200E+000  0.997274074725037E+000  0.100105916775727E+001 -0.108211763065007E+001 -0.265634557786974E-002  0.595781554915085E-002  0.571889469404594E+000
     11.20000000 -0.129175357669890E-003  0.292958770277204E-003  0.283811718945055E-001  0.137022853022443E-003 -0.648977100552908E-004  0.103414835441747E+000  0.997246397427104E+000  0.100130418026951E+001 -0.107821798091881E+001 -0.259589980349002E-002  0.588728088631830E-002  0.570346232228290E+000
     11.21000000 -0.125687482522738E-003  0.294925924386482E-003  0.283240332203908E-001  0.141540493954582E-003 -0.815049637713371E-004  0.103314789556944E+000  0.997158148568508E+000  0.100163645746525E+001 -0.107435536215456E+001 -0.252355451184506E-002  0.592152561422287E-002  0.568690217930300E+000
     11.22000000 -0.123473932058735E-003  0.304644206467075E-003  0.282604071343972E-001  0.149633799802091E-003 -0.985165141706049E-004  0.103211998294365E+000  0.996998328766822E+000  0.100197625260449E+001 -0.107044455603482E+001 -0.247690127764125E-002  0.611119781838134E-002  0.566907017301057E+000
     11.23000000 -0.124677892452427E-003  0.321819830759530E-003  0.281924588776563E-001  0.160754125295899E-003 -0.111215538016410E-003  0.103102328011957E+000  0.996778125304559E+000  0.100222900984354E+001 -0.106640284379218E+001 -0.249882574418526E-002  0.644999415913372E-002  0.565040366416624E+000
     11.24000000 -0.131075217148474E-003  0.343548566058831E-003  0.281246033004542E-001  0.173167837590655E-003 -0.115833591216788E-003  0.102983578583272E+000  0.996532414341775E+000  0.100231950057951E+001 -0.106218651856231E+001 -0.262470531165942E-002  0.687936107041642E-002  0.563178892829138E+000
     11.25000000 -0.143441216346710E-003  0.365345703001101E-003  0.280618674297270E-001  0.184230166897187E-003 -0.110713738202394E-003  0.102856485001432E+000  0.996314176806250E+000  0.100221500784050E+001 -0.105781075070891E+001 -0.286977410407242E-002  0.730933314851760E-002  0.561423156556989E+000
     11.26000000 -0.161109579099586E-003  0.382493238770154E-003  0.280080111789661E-001  0.190987806883711E-003 -0.967019151155279E-004  0.102724489356964E+000  0.996182372708177E+000  0.100193296041428E+001 -0.105334476847799E+001 -0.322039577384769E-002  0.764560131399338E-002  0.559848032244364E+000
     11.27000000 -0.181893378137703E-003  0.391273805463779E-003  0.279642125467819E-001  0.190987970048333E-003 -0.768405179163779E-004  0.102592432475427E+000  0.996185756873991E+000  0.100153459098595E+001 -0.104888548870872E+001 -0.363261396543856E-002  0.781417501060414E-002  0.558476565062352E+000
     11.28000000 -0.202466536069151E-003  0.389842095199795E-003  0.279288332926342E-001  0.183078318446088E-003 -0.555880706335691E-004  0.102464764320282E+000  0.996346962834526E+000  0.100110917169059E+001 -0.104452168553089E+001 -0.403989826486882E-002  0.777868004534129E-002  0.557275524880750E+000
     11.29000000 -0.219173558196214E-003  0.378642924024018E-003  0.278982948261639E-001  0.167929962457648E-003 -0.377922815587045E-004  0.102344035131551E+000  0.996652192141529E+000  0.100075341705161E+001 -0.104030394616111E+001 -0.436938679530382E-002  0.754852640976263E-002  0.556173116995273E+000
     11.30000000 -0.229072392815466E-003  0.360355183456385E-003  0.278686309956875E-001  0.148048059081797E-003 -0.275967290006139E-004  0.102230262219838E+000  0.997051164473297E+000  0.100054967431118E+001 -0.103623222761367E+001 -0.456268602446092E-002  0.717758931659219E-002  0.555090081358320E+000
     11.31000000 -0.230880880056622E-003  0.339357368175065E-003  0.278370330545593E-001  0.127172742725807E-003 -0.274511779174968E-004  0.102121365459074E+000  0.997469200684254E+000  0.100054629176662E+001 -0.103226474704685E+001 -0.459464159333303E-002  0.675337636637040E-002  0.553970471162870E+000
     11.32000000 -0.225464379918068E-003  0.320753724884291E-003  0.278027496852472E-001  0.109190332443854E-003 -0.374323841876202E-004  0.102014408659946E+000  0.997828978937207E+000  0.100074426455789E+001 -0.102834284823692E+001 -0.448288696220754E-002  0.637751600446074E-002  0.552799444962467E+000
     11.33000000 -0.215616506384143E-003  0.309115512104896E-003  0.277670137439929E-001  0.968927700643647E-004 -0.551001475410748E-004  0.101907063141177E+000  0.998075190569713E+000  0.100109458408018E+001 -0.102442015040678E+001 -0.428329879038580E-002  0.614068988173607E-002  0.551601630027233E+000
     11.34000000 -0.205130009405882E-003  0.307242345756536E-003  0.277320980104983E-001  0.910405670655244E-004 -0.760323676622256E-004  0.101798648411399E+000  0.998193041513447E+000  0.100150907816623E+001 -0.102048314938736E+001 -0.407138733083463E-002  0.609809650782964E-002  0.550422206991666E+000
     11.35000000 -0.197444948744158E-003  0.315335226027318E-003  0.276999722332414E-001  0.901255528156366E-004 -0.949831590779023E-004  0.101690318527468E+000  0.998212778601629E+000  0.100188354943837E+001 -0.101655476833767E+001 -0.391540275062340E-002  0.625320839661310E-002  0.549300188047654E+000
     11.36000000 -0.194371332784175E-003  0.330905795117997E-003  0.276711895527384E-001  0.909898885093408E-004 -0.107360667431181E-003  0.101584354861141E+000  0.998197226867315E+000  0.100212712566114E+001 -0.101268018507339E+001 -0.385105886212270E-002  0.655620186661945E-002  0.548246380915005E+000
     11.37000000 -0.195405672378862E-003  0.349515100871340E-003  0.276445083927497E-001  0.901186887896166E-004 -0.110552394937105E-003  0.101482926706032E+000  0.998216058227410E+000  0.100218843658332E+001 -0.100890219983384E+001 -0.386814706516121E-002  0.691881558608861E-002  0.547236028030508E+000
     11.38000000 -0.197961150187250E-003  0.366128050982401E-003  0.276174104113616E-001  0.851251427354915E-004 -0.104639549338104E-003  0.101386915672952E+000  0.998316388565821E+000  0.100206956882622E+001 -0.100523799453147E+001 -0.391529042146930E-002  0.724130795202331E-002  0.546219206885346E+000
     11.39000000 -0.198474187240615E-003  0.376629204163754E-003  0.275872589763277E-001  0.758269203682430E-004 -0.922521042797125E-004  0.101295363107674E+000  0.998501606193146E+000  0.100182296710787E+001 -0.100166832579401E+001 -0.392199091744163E-002  0.744246059656486E-002  0.545143832790194E+000
     11.40000000 -0.193979381272221E-003  0.378987178085531E-003  0.275525440659151E-001  0.644405055534068E-004 -0.776335307940203E-004  0.101205805833700E+000  0.998727726846649E+000  0.100153274801588E+001 -0.998144313420440E+000 -0.382980792867557E-002  0.748248648891943E-002  0.543980246904395E+000
     11.41000000 -0.183521393523997E-003  0.373702814138745E-003  0.275136179794009E-001  0.547592101662806E-004 -0.652649118586683E-004  0.101115346747531E+000  0.998919815835006E+000  0.100128742040116E+001 -0.994608688893257E+000 -0.362015636493576E-002  0.737168890896575E-002  0.542735630641969E+000
     11.42000000 -0.168802734627676E-003  0.363453336368020E-003  0.274725649640807E-001  0.505976881249288E-004 -0.585236135717325E-004  0.101021957729215E+000  0.999002780309119E+000  0.100115343016644E+001 -0.991021510907705E+000 -0.332689925337444E-002  0.716322893741178E-002  0.541451274879377E+000
     11.43000000 -0.153750948433216E-003  0.352121458369518E-003  0.274322573488414E-001  0.541061326603365E-004 -0.587876503245629E-004  0.100925399586925E+000  0.998934566033618E+000  0.100115762033581E+001 -0.987378204715370E+000 -0.302759548261501E-002  0.693381958001016E-002  0.540183844546238E+000
     11.44000000 -0.143117582464415E-003  0.343565169454160E-003  0.273950367170603E-001  0.646412718403930E-004 -0.652001474794786E-004  0.100827323879034E+000  0.998728225409272E+000  0.100128277010206E+001 -0.983711410832440E+000 -0.281574448773450E-002  0.675941918113838E-002  0.538979364373532E+000
     11.45000000 -0.140619898370789E-003  0.340502546418259E-003  0.273616348019757E-001  0.786862082541367E-004 -0.750819308296217E-004  0.100730509393801E+000  0.998453252556866E+000  0.100147589758247E+001 -0.980075813886143E+000 -0.276418794455400E-002  0.669331328499101E-002  0.537852053224222E+000
     11.46000000 -0.147339708165842E-003  0.343791817340645E-003  0.273308298182371E-001  0.909113594072103E-004 -0.848112997630025E-004  0.100637593889976E+000  0.998214500184149E+000  0.100166569459632E+001 -0.976523137811793E+000 -0.289375303056835E-002  0.675207400434316E-002  0.536777713211236E+000
     11.47000000 -0.161017259622977E-003  0.352249094262615E-003  0.272999798595347E-001  0.960238334831239E-004 -0.909103062615592E-004  0.100549891137075E+000  0.998115735362951E+000  0.100178392248068E+001 -0.973078945676356E+000 -0.315962316079979E-002  0.691214345101230E-002  0.535704363964003E+000
     11.48000000 -0.176551604866553E-003  0.363017972852743E-003  0.272661618639555E-001  0.907395697490289E-004 -0.910672111432059E-004  0.100466825544090E+000  0.998220978883285E+000  0.100178544478569E+001 -0.969731669067709E+000 -0.346143401512936E-002  0.711725481218686E-002  0.534574693949997E+000
     11.49000000 -0.187571811757321E-003  0.372400028502947E-003  0.272273752073701E-001  0.751526711781637E-004 -0.848512881089211E-004  0.100386207114894E+000  0.998527854728702E+000  0.100166212884512E+001 -0.966438155703191E+000 -0.367429329361771E-002  0.729484304945418E-002  0.533349660537938E+000
     11.50000000 -0.188548752538811E-003  0.376960468388753E-003  0.271832695491778E-001  0.529879682121095E-004 -0.739260479515926E-004  0.100305167815084E+000  0.998962935657184E+000  0.100144685804953E+001 -0.963142133036794E+000 -0.369021864280060E-002  0.737775524534794E-002  0.532022655742587E+000
     11.51000000 -0.176720975100871E-003  0.374634851180474E-003  0.271351147602578E-001  0.306194636515511E-004 -0.616558986626120E-004  0.100221286753188E+000  0.999401245857730E+000  0.100120566203052E+001 -0.959796267824764E+000 -0.345572401501843E-002  0.732586865451739E-002  0.530618777277456E+000
     11.52000000 -0.153174456450080E-003  0.365509550825145E-003  0.270851064933623E-001  0.151676191007209E-004 -0.521473985352883E-004  0.100133383450910E+000  0.999703659362883E+000  0.100101884107211E+001 -0.956377626015520E+000 -0.299267905616048E-002  0.714122186513211E-002  0.529181123374696E+000
     11.53000000 -0.122709335283561E-003  0.351982274921049E-003  0.270354029373352E-001  0.122983801278057E-004 -0.489537058554401E-004  0.100041663918029E+000  0.999759926137039E+000  0.100095561408485E+001 -0.952890418436799E+000 -0.239538084176975E-002  0.687096540813362E-002  0.527751911425230E+000
     11.54000000 -0.925339150738543E-004  0.338164622127593E-003  0.269873736954556E-001  0.244361067540641E-004 -0.538345821666497E-004  0.999472444672027E-001  0.999523401709281E+000  0.100104998190180E+001 -0.949356595736422E+000 -0.180476809180791E-002  0.659551386437126E-002  0.526357832027106E+000
     11.55000000 -0.702045999306757E-004  0.328643426840827E-003  0.269413854007351E-001  0.499544098786866E-004 -0.660147519481820E-004  0.998513754815631E-001  0.999026539970008E+000  0.100128642741587E+001 -0.945800645169769E+000 -0.136807485305215E-002  0.640426422664313E-002  0.525005938493028E+000
     11.56000000 -0.614592982157018E-004  0.326980322186409E-003  0.268971476187208E-001  0.835860224169987E-004 -0.822598589932779E-004  0.997547987736991E-001  0.998372570813182E+000  0.100160160863692E+001 -0.942237067336017E+000 -0.119661939670482E-002  0.636634337241887E-002  0.523690466552891E+000
     11.57000000 -0.686086003693173E-004  0.334476071498884E-003  0.268543576978003E-001  0.117907410898743E-003 -0.978088087609406E-004  0.996575587129928E-001  0.997706313705983E+000  0.100190270248816E+001 -0.938666745142173E+000 -0.133466255529901E-002  0.650665785149464E-002  0.522405434201055E+000
     11.58000000 -0.899607088182671E-004  0.349667799952884E-003  0.268132535228960E-001  0.145427126770260E-003 -0.107868153357195E-003  0.995593244224316E-001  0.997173407906100E+000  0.100209657768970E+001 -0.935083264974751E+000 -0.174851992165862E-002  0.679631277044818E-002  0.521155386225090E+000
     11.59000000 -0.120428750059837E-003  0.368764196720129E-003  0.267747588657150E-001  0.160633752699658E-003 -0.109136751743687E-003  0.994600100616732E-001  0.996880538392662E+000  0.100211940455410E+001 -0.931484993897417E+000 -0.233869193689166E-002  0.716129539711391E-002  0.519958171452857E+000
     11.60000000 -0.153104145683286E-003  0.386859735698060E-003  0.267401328491868E-001  0.161385692895045E-003 -0.100804731504127E-003  0.993603348062276E-001  0.996868637708161E+000  0.100195591151488E+001 -0.927885924305750E+000 -0.297067565232443E-002  0.750622912641580E-002  0.518838083975357E+000
     11.61000000 -0.181285772381185E-003  0.399465165149176E-003  0.267102913758284E-001  0.149239932956443E-003 -0.846810750744519E-004  0.992620031644493E-001  0.997106795705711E+000  0.100164164942450E+001 -0.924319102306957E+000 -0.351445330185042E-002  0.774413595834092E-002  0.517812680422513E+000
     11.62000000 -0.200320286562992E-003  0.403786307053198E-003  0.266851308469279E-001  0.128656176119674E-003 -0.644571791707966E-004  0.991673764162052E-001  0.997507984227517E+000  0.100124850832652E+001 -0.920830181638988E+000 -0.388011931272478E-002  0.782117016250504E-002  0.516879709680295E+000
     11.63000000 -0.208679178385741E-003  0.399320682736241E-003  0.266631857122816E-001  0.105374062480784E-003 -0.444482807110832E-004  0.990787476226351E-001  0.997960703919719E+000  0.100086020413843E+001 -0.917463338787443E+000 -0.403855199751769E-002  0.772802228468408E-002  0.516010570635243E+000
     11.64000000 -0.207957724347810E-003  0.387648960033973E-003  0.266418034768005E-001  0.845291101580963E-004 -0.283214387063668E-004  0.989975136614693E-001  0.998365520069387E+000  0.100054763173403E+001 -0.914245269560639E+000 -0.402113220199314E-002  0.749569520031238E-002  0.515153809341363E+000
     11.65000000 -0.201851834800127E-003  0.371625325713078E-003  0.266177994947634E-001  0.691532180376669E-004 -0.182551840455398E-004  0.989235845277946E-001  0.998663980660174E+000  0.100035268465632E+001 -0.911173851982720E+000 -0.389971663972961E-002  0.717968933927823E-002  0.514247867528672E+000
     11.66000000 -0.194526737962980E-003  0.354368283616854E-003  0.265883573667335E-001  0.595598760771504E-004 -0.147335397419206E-004  0.988552737984125E-001  0.998850307996910E+000  0.100028440342617E+001 -0.908216155488382E+000 -0.375497482119537E-002  0.684041688225266E-002  0.513238506410512E+000
     11.67000000 -0.189004929652664E-003  0.338447531621846E-003  0.265518460363119E-001  0.537834121781677E-004 -0.168884309851281E-004  0.987897247761974E-001  0.998962701449213E+000  0.100032572022258E+001 -0.905316791792940E+000 -0.364526034478467E-002  0.652749834662305E-002  0.512094534332330E+000
     11.68000000 -0.186181010865075E-003  0.325486582359378E-003  0.265082603983397E-001  0.488413332794741E-004 -0.231097115145953E-004  0.987237250932592E-001  0.999058823784412E+000  0.100044532590260E+001 -0.902413708494870E+000 -0.358772227239766E-002  0.627215125469273E-002  0.510816198664655E+000
     11.69000000 -0.184814070987488E-003  0.316167172135686E-003  0.264591349086035E-001  0.422728376445202E-004 -0.316168921985333E-004  0.986546248406349E-001  0.999186096031619E+000  0.100060873874247E+001 -0.899455894873784E+000 -0.355833471730169E-002  0.608735373378405E-002  0.509433388009874E+000
     11.70000000 -0.182447502064127E-003  0.310455386567707E-003  0.264069695988933E-001  0.333064595312567E-004 -0.408105881606595E-004  0.985810447099516E-001  0.999359279110612E+000  0.100078507883188E+001 -0.896416957321182E+000 -0.350976739750837E-002  0.597227247196405E-002  0.507994463703942E+000
     11.71000000 -0.176822230493285E-003  0.307841363233723E-003  0.263543746015674E-001  0.231754568994305E-004 -0.494001828536131E-004  0.985031434359941E-001  0.999554551310734E+000  0.100094950648857E+001 -0.893300154664455E+000 -0.339864845591027E-002  0.591692894553403E-002  0.506549738096985E+000
     11.72000000 -0.167145567517495E-003  0.307479385704906E-003  0.263032266922699E-001  0.144694732469150E-004 -0.564288893651298E-004  0.984223717043074E-001  0.999722123778385E+000  0.100108367777452E+001 -0.890133545629102E+000 -0.320991496849090E-002  0.590492884337635E-002  0.505135268216365E+000
     11.73000000 -0.154646940385069E-003  0.308251801799026E-003  0.262541150123477E-001  0.983115072911428E-005 -0.613275663644453E-004  0.983408137859226E-001  0.999811360508069E+000  0.100117674942426E+001 -0.886957250456520E+000 -0.296735560939903E-002  0.591471587409441E-002  0.503762281088226E+000
     11.74000000 -0.142169276924448E-003  0.308865149375708E-003  0.262062456302097E-001  0.105940755428131E-004 -0.640397307400600E-004  0.982603487489728E-001  0.999796894705792E+000  0.100122774359125E+001 -0.883807318625973E+000 -0.272561137594007E-002  0.592143663512640E-002  0.502415449776379E+000
     11.75000000 -0.132974417461280E-003  0.308070615878246E-003  0.261578184003978E-001  0.159844645487287E-004 -0.651459548002128E-004  0.981819098984458E-001  0.999693813173401E+000  0.100124788873004E+001 -0.880701560541227E+000 -0.254716163792460E-002  0.590117760632690E-002  0.501060225217322E+000
     11.76000000 -0.129292626845043E-003  0.305002885836036E-003  0.261067399155368E-001  0.232590178111941E-004 -0.658583116472544E-004  0.981050756840186E-001  0.999554845954002E+000  0.100126046138880E+001 -0.877631795467886E+000 -0.247452994038477E-002  0.583744635190667E-002  0.499656563125283E+000
     11.77000000 -0.131262569975016E-003  0.299522150972632E-003  0.260514405673329E-001  0.287356410830000E-004 -0.677943594177401E-004  0.980281111370380E-001  0.999450496196014E+000  0.100129641299045E+001 -0.874564754334091E+000 -0.251009821962700E-002  0.572768016075227E-002  0.498174571770363E+000
     11.78000000 -0.136737159364770E-003  0.292398223176892E-003  0.259915453402128E-001  0.292782915818653E-004 -0.725509127778487E-004  0.979484391405558E-001  0.999440594519744E+000  0.100138619352471E+001 -0.871451190535254E+000 -0.261256761137761E-002  0.558670467519695E-002  0.496607285400345E+000
     11.79000000 -0.142050781623383E-003  0.285225269318211E-003  0.259282019789287E-001  0.235984304350189E-004 -0.812107289517381E-004  0.978633999328245E-001  0.999549499176906E+000  0.100155033616907E+001 -0.868240446833047E+000 -0.271179027006233E-002  0.544503241216740E-002  0.494976831828257E+000
     11.80000000 -0.143426378589698E-003  0.280071815818637E-003  0.258639709135255E-001  0.128192200193701E-004 -0.939606202636995E-004  0.977710850347902E-001  0.999755484795499E+000  0.100179221514602E+001 -0.864896367756839E+000 -0.273573042967937E-002  0.534212044231058E-002  0.493332209571358E+000
     11.81000000 -0.138431972755729E-003  0.278983976005788E-003  0.258022969387116E-001  0.718032633996771E-007 -0.109951566627278E-003  0.976710176656200E-001  0.999998631576383E+000  0.100209545239854E+001 -0.861410205538494E+000 -0.263823079782493E-002  0.531686504892100E-002  0.491739105375968E+000
     11.82000000 -0.126889452962852E-003  0.283505501807980E-003  0.257466873173663E-001 -0.106931261813022E-004 -0.127422848044191E-003  0.975644896516999E-001  0.100020361674501E+001  0.100242636485518E+001 -0.857806919540084E+000 -0.241620803401532E-002  0.539846500367946E-002  0.490264173206840E+000
     11.83000000 -0.110887174614909E-003  0.294337087671387E-003  0.256997982532357E-001 -0.161746087738837E-004 -0.144011538485485E-003  0.974544432263530E-001  0.100030773388226E+001  0.100273992592017E+001 -0.854142784941596E+000 -0.210971042415432E-002  0.559998055890641E-002  0.488957649627269E+000
     11.84000000 -0.939330455324870E-004  0.311166987483980E-003  0.256626696103170E-001 -0.148750010955193E-004 -0.157134587271241E-003  0.973448935008596E-001  0.100028276885905E+001  0.100298707661769E+001 -0.850494281859864E+000 -0.178563617858408E-002  0.591518168374780E-002  0.487838875397518E+000
     11.85000000 -0.796334661743943E-004  0.332633559464579E-003  0.256343334832501E-001 -0.750437702340710E-005 -0.164372828070537E-003  0.972400095855486E-001  0.100014253534466E+001  0.100312203633018E+001 -0.846940557251611E+000 -0.151252842342244E-002  0.631791804933552E-002  0.486888991168547E+000
     11.86000000 -0.704489945119597E-004  0.356378918653630E-003  0.256119443981977E-001  0.346403584546909E-005 -0.163858258430118E-003  0.971430847716929E-001  0.999934260868244E+000  0.100310963861831E+001 -0.843543870180979E+000 -0.133695375536172E-002  0.676322120601500E-002  0.486053569429909E+000
     11.87000000 -0.670019988606992E-004  0.379217415406076E-003  0.255914397876105E-001  0.148362649565078E-004 -0.154696944313933E-003  0.970556914019460E-001  0.999718680305439E+000  0.100293330546816E+001 -0.840333637926435E+000 -0.127046678593009E-002  0.719057847693959E-002  0.485255288008429E+000
     11.88000000 -0.681447838518211E-004  0.397511719076941E-003  0.255685683541874E-001  0.238685042843808E-004 -0.137405975124514E-003  0.969772948580220E-001  0.999547795333477E+000  0.100260324746030E+001 -0.837299260943972E+000 -0.129104819010922E-002  0.753112353511083E-002  0.484413509464458E+000
     11.89000000 -0.716667724279583E-004  0.407842598207446E-003  0.255399792455492E-001  0.290933558184316E-004 -0.114225394621702E-003  0.969054757258246E-001  0.999449270627864E+000  0.100216225588601E+001 -0.834394496672369E+000 -0.135663265621927E-002  0.772035029039051E-002  0.483464912815827E+000
     11.90000000 -0.752712330228056E-004  0.407935128379074E-003  0.255040145544604E-001  0.305224778647050E-004 -0.890691325957828E-004  0.968367054191267E-001  0.999422703264624E+000  0.100168463778394E+001 -0.831552279302534E+000 -0.142366675747729E-002  0.771561270033346E-002  0.482378409988334E+000
     11.91000000 -0.773841490446840E-004  0.397603476234543E-003  0.254609342285700E-001  0.292394683254566E-004 -0.669019789582839E-004  0.967674108045575E-001  0.999447434220591E+000  0.100126430972464E+001 -0.828704926418045E+000 -0.146240116799753E-002  0.751388747209101E-002  0.481159260828325E+000
     11.92000000 -0.774836134804006E-004  0.379311931972144E-003  0.254125112454443E-001  0.266542813581460E-004 -0.525189688711519E-004  0.966949414034340E-001  0.999496711510611E+000  0.100099166779822E+001 -0.825802404371798E+000 -0.146305241762013E-002  0.716220132459854E-002  0.479841276695884E+000
     11.93000000 -0.758868007811248E-004  0.357950715690134E-003  0.253611867561639E-001  0.238043709279552E-004 -0.490056515299802E-004  0.966180873580366E-001  0.999550900531788E+000  0.100092455339854E+001 -0.822822026404799E+000 -0.143170016877509E-002  0.675319152727013E-002  0.478470761520989E+000
     11.94000000 -0.731842730234108E-004  0.339655258808679E-003  0.253091559619194E-001  0.210198330210243E-004 -0.564274662376519E-004  0.965369885455547E-001  0.999603766481961E+000  0.100106368368574E+001 -0.819766624884278E+000 -0.137955719896500E-002  0.640265781291483E-002  0.477089227843048E+000
     11.95000000 -0.696554196737044E-004  0.329898934470099E-003  0.252577730081812E-001  0.180639441062712E-004 -0.713654402105628E-004  0.964525460420633E-001  0.999659771295880E+000  0.100134414561399E+001 -0.816653359638270E+000 -0.131193791516985E-002  0.621354264080108E-002  0.475722208227481E+000
     11.96000000 -0.649763310338822E-004  0.331487803284047E-003  0.252074985444417E-001  0.146191190265185E-004 -0.876884868963639E-004  0.963656692879879E-001  0.999724883715308E+000  0.100165020413894E+001 -0.813499490512263E+000 -0.122278550126762E-002  0.623824819366022E-002  0.474378335201703E+000
     11.97000000 -0.583623889142992E-004  0.343269481563437E-003  0.251583405229983E-001  0.108247466448897E-004 -0.984788263828593E-004  0.962767534485084E-001  0.999796459955326E+000  0.100185171860174E+001 -0.810312549646433E+000 -0.109740058004146E-002  0.645457006106121E-002  0.473057700282974E+000
     11.98000000 -0.490586642519713E-004  0.360198497685596E-003  0.251104916416887E-001  0.756064572247430E-005 -0.984993331969246E-004  0.961856459811379E-001  0.999857954216775E+000  0.100185055819896E+001 -0.807089753963126E+000 -0.921690639061045E-003  0.676723650312850E-002  0.471763865593529E+000
     11.99000000 -0.369135277504184E-004  0.374901709124992E-003  0.250647722672898E-001  0.630836546219567E-005 -0.862644241665589E-004  0.960920946372516E-001  0.999881580305119E+000  0.100161934289478E+001 -0.803826458000611E+000 -0.692935233285377E-003  0.703759892655257E-002  0.470512163879608E+000
     12.00000000 -0.227293112462717E-004  0.380256617444743E-003  0.250225962792440E-001  0.864072359623651E-005 -0.648377719994102E-004  0.959964070060345E-001  0.999837932794995E+000  0.100121611070759E+001 -0.800528532216172E+000 -0.426315678814536E-003  0.713217203254523E-002  0.469329008825017E+000
