# Units: Time [fs], Current Jm [1/fs*Angstrom^2]
time,delta_Jm_x,delta_Jm_x_drude_fit
0.002,3.09991540858097e-08,
0.004,4.58694899998666e-08,
0.006,6.120675975002261e-08,
0.008,7.50591751744817e-08,
0.01,8.56132879492655e-08,
0.012,9.19801740403517e-08,
0.014,9.43612048986159e-08,
0.016,9.34549623879632e-08,
0.018,8.97165620843218e-08,
0.02,8.32372805910718e-08,
0.022,7.427657262578829e-08,
0.024,6.37467958435362e-08,
0.026,5.3113098374552e-08,
0.028,4.3819627990018496e-08,
0.03,3.67160949080351e-08,
0.032,3.18400498922151e-08,
0.034,2.85800756928725e-08,
0.036,2.59977483154256e-08,
0.038,2.30801631083928e-08,
0.04,1.88864348893438e-08,
0.042,1.27099048073629e-08,
0.044,4.31152470498523e-09,
0.046,-5.91410449348896e-09,
0.048,-1.70247657840513e-08,
0.05,-2.7865791946363504e-08,
0.052,-3.74453779790748e-08,
0.054,-4.5144524194466905e-08,
0.056,-5.07296284570244e-08,
0.058,-5.425991659900611e-08,
0.06,-5.5959864801093496e-08,
0.062,-5.60771396308994e-08,
0.064,-5.477975344942241e-08,
0.066,-5.21838263207438e-08,
0.068,-4.852068189069991e-08,
0.07,-4.43064337723904e-08,
0.072,-4.0351152308918306e-08,
0.074,-3.75836404217098e-08,
0.076,-3.68123809547731e-08,
0.078,-3.85484934597693e-08,
0.08,-4.29279716227485e-08,
0.082,-4.97196944511262e-08,
0.084,-5.84150559556733e-08,
0.086,-6.83818166267906e-08,
0.088,-7.900611656398268e-08,
0.09,-8.97309527295082e-08,
0.092,-9.998575064055249e-08,
0.094,-1.0910950064103999e-07,
0.096,-1.16374884621825e-07,
0.098,-1.2112044866740902e-07,
0.1,-1.2291144184103401e-07,
0.102,-1.21659254068604e-07,
0.104,-1.1768660576680699e-07,
0.106,-1.11741088933021e-07,
0.108,-1.04928326838816e-07,
0.11,-9.85303814080109e-08,
0.112,-9.37341574356497e-08,
0.114,-9.13690620272735e-08,
0.116,-9.176694030126381e-08,
0.118,-9.479261012407759e-08,
0.12,-1.00000942801491e-07,
0.122,-1.0682085772236301e-07,
0.124,-1.14676948104883e-07,
0.126,-1.2302029647321e-07,
0.128,-1.31307609022413e-07,
0.13,-1.38995968682812e-07,
0.132,-1.4559169067474598e-07,
0.134,-1.5073441873880902e-07,
0.136,-1.54264543012135e-07,
0.138,-1.56239485876315e-07,
0.14,-1.56905058461019e-07,
0.142,-1.5664397289302698e-07,
0.144,-1.55903951914206e-07,
0.146,-1.55091374013685e-07,
0.148,-1.54440498091641e-07,
0.15,-1.53917537653027e-07,
0.152,-1.5323646861317802e-07,
0.154,-1.52014205492687e-07,
0.156,-1.50004685655796e-07,
0.158,-1.4729219960441802e-07,
0.16,-1.44340798632603e-07,
0.162,-1.4187677672531199e-07,
0.164,-1.40667729428249e-07,
0.166,-1.41298637870921e-07,
0.168,-1.4401968840438303e-07,
0.17,-1.48687056129051e-07,
0.172,-1.5478420270698302e-07,
0.174,-1.61511497697583e-07,
0.176,-1.67937049959768e-07,
0.178,-1.73180199915992e-07,
0.18,-1.7656421022921e-07,
0.182,-1.7767511837750603e-07,
0.184,-1.76322439334733e-07,
0.186,-1.7247070045465698e-07,
0.188,-1.66226067914409e-07,
0.19,-1.57897859234474e-07,
0.192,-1.4806823772258198e-07,
0.194,-1.37574224107132e-07,
0.196,-1.2735770683971698e-07,
0.198,-1.18225656563057e-07,
0.2,-1.1062252384168599e-07,
0.202,-1.04521025355785e-07,
0.204,-9.94905579914046e-08,
0.206,-9.492166502196421e-08,
0.208,-9.03012571109659e-08,
0.21,-8.5397846707086e-08,
0.212,-8.02704630915234e-08,
0.214,-7.513674671632429e-08,
0.216,-7.023176321253329e-08,
0.218,-6.57725309477309e-08,
0.22,-6.20259482538948e-08,
0.222,-5.93697445852046e-08,
0.224,-5.823890835694081e-08,
0.226,-5.8954774694288206e-08,
0.228,-6.153482401162849e-08,
0.23,-6.55886568602795e-08,
0.232,-7.03323591865065e-08,
0.234,-7.46853491164167e-08,
0.236,-7.74092322244466e-08,
0.238,-7.72833918866591e-08,
0.24,-7.33237229363284e-08,
0.242,-6.50152234408587e-08,
0.244,-5.24849342214478e-08,
0.246,-3.65409749253618e-08,
0.248,-1.8553607390558e-08,
0.25,-2.1531917510600602e-10,
0.252,1.6752693067360903e-08,
0.254,3.08852329363456e-08,
0.256,4.12020591797892e-08,
0.258,4.73416613520539e-08,
0.26,4.95682185510138e-08,
0.262,4.8646857572597306e-08,
0.264,4.56269854613551e-08,
0.266,4.1607685900033506e-08,
0.268,3.75533261376351e-08,
0.27,3.41834974622271e-08,
0.272,3.19158343865942e-08,
0.274,3.08315344628577e-08,
0.276,3.06643456612514e-08,
0.278,3.08482156580229e-08,
0.28,3.0656433182067504e-08,
0.282,2.9419991574211902e-08,
0.284,2.6758203041274502e-08,
0.286,2.27320846701481e-08,
0.288,1.78574599661602e-08,
0.29,1.29735430747268e-08,
0.292,9.02083245385223e-09,
0.294,6.81100621765864e-09,
0.296,6.86006794958839e-09,
0.298,9.31444867833783e-09,
0.3,1.39558177211088e-08,
0.302,2.0253188808052398e-08,
0.304,2.74474572630058e-08,
0.306,3.46781139127142e-08,
0.308,4.11577065745339e-08,
0.31,4.63581778070557e-08,
0.312,5.01310479356197e-08,
0.314,5.2690974437802694e-08,
0.316,5.44607496902684e-08,
0.318,5.58580542206072e-08,
0.32,5.713431693945839e-08,
0.322,5.83309838972729e-08,
0.324,5.9339418190589904e-08,
0.326,6.000118817441731e-08,
0.328,6.01922495892811e-08,
0.33,5.98702972891882e-08,
0.332,5.90870713081954e-08,
0.334,5.7966323692612897e-08,
0.336,5.6648344365558895e-08,
0.338,5.52235697873883e-08,
0.34,5.3703718263975e-08,
0.342,5.2070312561983606e-08,
0.344,5.0384962464077995e-08,
0.346,4.88824874899707e-08,
0.348,4.79569159555817e-08,
0.35,4.8013974050877696e-08,
0.352,4.92595075163238e-08,
0.354,5.15477027543216e-08,
0.356,5.43836623917958e-08,
0.358,5.7084252382992006e-08,
0.36,5.90135194471967e-08,
0.362,5.97780964402348e-08,
0.364,5.93024310125316e-08,
0.366,5.7772474478941295e-08,
0.368,5.5498512224599696e-08,
0.37,5.27755760995708e-08,
0.372,4.9806305344591106e-08,
0.374,4.6707112536716106e-08,
0.376,4.35684879227592e-08,
0.378,4.0512999014462594e-08,
0.38,3.77064294297047e-08,
0.382,3.5318514483075295e-08,
0.384,3.3467873848432896e-08,
0.386,3.21917848080557e-08,
0.388,3.1453682657645e-08,
0.39,3.11666500717415e-08,
0.392,3.12006566936251e-08,
0.394,3.1362694326961497e-08,
0.396,3.13716942215324e-08,
0.398,3.08652200293976e-08,
0.4,2.94596187507514e-08,
0.402,2.6851210347174103e-08,
0.404,2.29174454940263e-08,
0.406,1.77720204070506e-08,
0.408,1.1748307770730001e-08,
0.41,5.31793267380386e-09,
0.412,-1.02240892676075e-09,
0.414,-6.85546784748192e-09,
0.416,-1.1911227371169799e-08,
0.418,-1.60913218831151e-08,
0.42,-1.94597849230006e-08,
0.422,-2.22133529872336e-08,
0.424,-2.4638811787147502e-08,
0.426,-2.70598958054156e-08,
0.428,-2.97784868584957e-08,
0.43,-3.30211604176559e-08,
0.432,-3.69035968580414e-08,
0.434,-4.1417231638539e-08,
0.436,-4.6430273253260195e-08,
0.438,-5.16907103461278e-08,
0.44,-5.68292701801795e-08,
0.442,-6.137939515015239e-08,
0.444,-6.48420776429616e-08,
0.446,-6.681027225079009e-08,
0.448,-6.71306840388134e-08,
0.45,-6.604022988205191e-08,
0.452,-6.420001705275941e-08,
0.454,-6.2579791153062e-08,
0.456,-6.22116269769265e-08,
0.458,-6.38983798006325e-08,
0.46,-6.79901149538288e-08,
0.462,-7.43120587586843e-08,
0.464,-8.225718851689769e-08,
0.466,-9.098627107443119e-08,
0.468,-9.964577672932811e-08,
0.47,-1.07530524958389e-07,
0.472,-1.1416352851795301e-07,
0.474,-1.19307576786626e-07,
0.476,-1.22939522455649e-07,
0.478,-1.25209731105017e-07,
0.48,-1.2639306847221e-07,
0.482,-1.26831068681416e-07,
0.484,-1.26870838552435e-07,
0.486,-1.2681470531228e-07,
0.488,-1.26893692224943e-07,
0.49,-1.27265725036814e-07,
0.492,-1.2802594156119001e-07,
0.494,-1.2921387813642002e-07,
0.496,-1.30813458155394e-07,
0.498,-1.3275659644777e-07,
0.5,-1.34945477217364e-07,
0.502,-1.3729638713649599e-07,
0.504,-1.39788119995817e-07,
0.506,-1.42486955026738e-07,
0.508,-1.45528675528463e-07,
0.51,-1.49061721614833e-07,
0.512,-1.5317826255927698e-07,
0.514,-1.57866253402952e-07,
0.516,-1.63001891458637e-07,
0.518,-1.6837846277384902e-07,
0.52,-1.73750033781485e-07,
0.522,-1.7886703169947898e-07,
0.524,-1.8349432088811602e-07,
0.526,-1.8742036412180603e-07,
0.528,-1.9047575893299802e-07,
0.53,-1.9257367755966602e-07,
0.532,-1.9376600991970601e-07,
0.534,-1.94288472622939e-07,
0.536,-1.9455961770106898e-07,
0.538,-1.9511120580991002e-07,
0.54,-1.9645768889100802e-07,
0.542,-1.98945563081052e-07,
0.544,-2.02639846603071e-07,
0.546,-2.0729323849149602e-07,
0.548,-2.12408010996322e-07,
0.55,-2.1736050165050997e-07,
0.552,-2.215356898393e-07,
0.554,-2.2442628726469002e-07,
0.556,-2.2568011256979e-07,
0.558,-2.25110780920814e-07,
0.56,-2.2270000565300003e-07,
0.562,-2.1860911138052897e-07,
0.564,-2.13193769651077e-07,
0.566,-2.0699846515360999e-07,
0.568,-2.00708509343559e-07,
0.57,-1.95055689520809e-07,
0.572,-1.90695782302461e-07,
0.574,-1.88089023456027e-07,
0.576,-1.8741414833881198e-07,
0.578,-1.8853769210890698e-07,
0.58,-1.91049100723289e-07,
0.582,-1.9435994245539101e-07,
0.584,-1.9784947922328e-07,
0.586,-2.0102000932160498e-07,
0.588,-2.03612760093643e-07,
0.59,-2.05640925771263e-07,
0.592,-2.07324944749692e-07,
0.594,-2.08955391524784e-07,
0.596,-2.10739727731207e-07,
0.598,-2.12693313508251e-07,
0.6,-2.14611298692826e-07,
0.602,-2.16121397619759e-07,
0.604,-2.1678811468404998e-07,
0.606,-2.1622832771136698e-07,
0.608,-2.1420447135479102e-07,
0.61,-2.1067526199738e-07,
0.612,-2.0579687904739802e-07,
0.614,-1.99878039534319e-07,
0.616,-1.93302546018312e-07,
0.618,-1.86442753132672e-07,
0.62,-1.7959251111014301e-07,
0.622,-1.72942661912285e-07,
0.624,-1.66604917655962e-07,
0.626,-1.60667732132917e-07,
0.628,-1.55252428021407e-07,
0.63,-1.50538704919872e-07,
0.632,-1.46745789213034e-07,
0.634,-1.44078977910209e-07,
0.636,-1.42667661637149e-07,
0.638,-1.4252198016419802e-07,
0.64,-1.43523183483797e-07,
0.642,-1.45446873227501e-07,
0.644,-1.48007177410863e-07,
0.646,-1.50905687903672e-07,
0.648,-1.53868676834318e-07,
0.65,-1.5665782938717502e-07,
0.652,-1.5904637986717902e-07,
0.654,-1.60767930202904e-07,
0.656,-1.61466129166545e-07,
0.658,-1.60686669577047e-07,
0.66,-1.5794371289224697e-07,
0.662,-1.5285792202666098e-07,
0.664,-1.45319139799546e-07,
0.666,-1.3560093391974e-07,
0.668,-1.24366236592358e-07,
0.67,-1.12549270748642e-07,
0.672,-1.0115315012460301e-07,
0.674,-9.1035019263634e-08,
0.676,-8.274706796364929e-08,
0.678,-7.64705592159986e-08,
0.68,-7.204253266097831e-08,
0.682,-6.90490447737653e-08,
0.684,-6.69495459639362e-08,
0.686,-6.519883393092541e-08,
0.688,-6.33397028354962e-08,
0.69,-6.10497302728499e-08,
0.692,-5.814096152480769e-08,
0.694,-5.45289835921767e-08,
0.696,-5.019937094490941e-08,
0.698,-4.51957554839758e-08,
0.7,-3.9634391944993596e-08,
0.702,-3.37263996502922e-08,
0.704,-2.7777276649701296e-08,
0.706,-2.21431547367513e-08,
0.708,-1.71491267526303e-08,
0.71,-1.2999891090418501e-08,
0.712,-9.72065288677927e-09,
0.714,-7.15252707153771e-09,
0.716,-5.00146954351439e-09,
0.718,-2.9185731650221996e-09,
0.72,-5.824476678569169e-10,
0.722,2.2392768037923398e-09,
0.724,5.660178147398499e-09,
0.726,9.67707752607593e-09,
0.728,1.41968126460275e-08,
0.73,1.90763942456583e-08,
0.732,2.4163781083015698e-08,
0.734,2.9329522210871296e-08,
0.736,3.44867120738061e-08,
0.738,3.9603320259633e-08,
0.74,4.47103555952168e-08,
0.742,4.990000974603821e-08,
0.744,5.529795745435621e-08,
0.746,6.09965052890653e-08,
0.748,6.69567741689669e-08,
0.75,7.29191611722224e-08,
0.752,7.83795546581988e-08,
0.754,8.26742207189794e-08,
0.756,8.51684385422973e-08,
0.758,8.548635314338571e-08,
0.76,8.36864286810782e-08,
0.762,8.03008468621354e-08,
0.764,7.621332201165599e-08,
0.766,7.24185154345368e-08,
0.768,6.97521326756425e-08,
0.77,6.86840469168901e-08,
0.772,6.92324888105123e-08,
0.774,7.10081213735029e-08,
0.776,7.33563701996952e-08,
0.778,7.55464583380821e-08,
0.78,7.695439746352871e-08,
0.782,7.71970303048833e-08,
0.784,7.61898660725217e-08,
0.786,7.41218878145648e-08,
0.788,7.13642896031243e-08,
0.79,6.83506285698113e-08,
0.792,6.54728725654501e-08,
0.794,6.30249639046877e-08,
0.796,6.11977063339722e-08,
0.798,6.01016723209713e-08,
0.8,5.978522125162911e-08,
0.802,6.02284022919606e-08,
0.804,6.132017716102081e-08,
0.806,6.28463604314998e-08,
0.808,6.451398562513401e-08,
0.81,6.60151751989948e-08,
0.812,6.710585824377331e-08,
0.814,6.76612432708121e-08,
0.816,6.768004680067179e-08,
0.818,6.723636845432639e-08,
0.82,6.64048402956092e-08,
0.822,6.51961581787939e-08,
0.824,6.35321882769032e-08,
0.826,6.12697106919705e-08,
0.828,5.82611047630432e-08,
0.83,5.44272412570448e-08,
0.832,4.9814727940770797e-08,
0.834,4.46147671808932e-08,
0.836,3.91321374816316e-08,
0.838,3.37086235781179e-08,
0.84,2.8622643137101798e-08,
0.842,2.39999684560198e-08,
0.844,1.97721361153642e-08,
0.846,1.57054094472718e-08,
0.848,1.1497197092451299e-08,
0.85,6.90885405941294e-09,
0.852,1.8863193302459802e-09,
0.854,-3.3785536253734902e-09,
0.856,-8.4728245775806e-09,
0.858,-1.2869224281533e-08,
0.86,-1.60809859711579e-08,
0.862,-1.78138535128836e-08,
0.864,-1.80658483757635e-08,
0.866,-1.7144318931832e-08,
0.868,-1.55987886497172e-08,
0.87,-1.4096115641200101e-08,
0.872,-1.32809090023954e-08,
0.874,-1.3663220015653702e-08,
0.876,-1.55588465096495e-08,
0.878,-1.908361003153e-08,
0.88,-2.4183052214842402e-08,
0.882,-3.0671855978726806e-08,
0.884,-3.82646339809111e-08,
0.886,-4.65955432601785e-08,
0.888,-5.52382114130478e-08,
0.89,-6.37409535661686e-08,
0.892,-7.168302681181031e-08,
0.894,-7.874144811562361e-08,
0.896,-8.474513190070451e-08,
0.898,-8.969269157040289e-08,
0.9,-9.37239024930611e-08,
0.902,-9.70555390797208e-08,
0.904,-9.990830006920169e-08,
0.906,-1.02453518203524e-07,
0.908,-1.04795430632435e-07,
0.91,-1.06985123772359e-07,
0.912,-1.09047750754763e-07,
0.914,-1.11003169429531e-07,
0.916,-1.12870891067594e-07,
0.918,-1.14664765238554e-07,
0.92,-1.1639136314751e-07,
0.922,-1.18063786255844e-07,
0.924,-1.1973212207718e-07,
0.926,-1.2151994107239698e-07,
0.928,-1.23649388917363e-07,
0.93,-1.2643795914773e-07,
0.932,-1.30256723677486e-07,
0.934,-1.3545035855449e-07,
0.936,-1.422320001621e-07,
0.938,-1.50578868774555e-07,
0.94,-1.60163706723e-07,
0.942,-1.70356301031476e-07,
0.944,-1.80313800958981e-07,
0.946,-1.8914943268271899e-07,
0.948,-1.96136424940873e-07,
0.95,-2.00882914532749e-07,
0.952,-2.03417214571604e-07,
0.954,-2.04153095208638e-07,
0.956,-2.03749711268456e-07,
0.958,-2.02919864866837e-07,
0.96,-2.02255036546617e-07,
0.962,-2.0212021393074e-07,
0.964,-2.0263582588044e-07,
0.966,-2.0372753740579898e-07,
0.968,-2.0520498454519502e-07,
0.97,-2.06833981099373e-07,
0.972,-2.08385970597644e-07,
0.974,-2.0966873502478002e-07,
0.976,-2.10551214521489e-07,
0.978,-2.1098981121441103e-07,
0.98,-2.1105054533353102e-07,
0.982,-2.1091170628050398e-07,
0.984,-2.1083275461630498e-07,
0.986,-2.1108737766372896e-07,
0.988,-2.1187542807103102e-07,
0.99,-2.13241297179775e-07,
0.992,-2.1502862517495103e-07,
0.994,-2.16891492198389e-07,
0.996,-2.18363767004712e-07,
0.998,-2.18968018201576e-07,
1.0,-2.1833123067887802e-07,
1.002,-2.162724624151e-07,
1.004,-2.1283877819366101e-07,
1.006,-2.08285682892917e-07,
1.008,-2.0301791752297896e-07,
1.01,-1.97516865560715e-07,
1.012,-1.9227771283296898e-07,
1.014,-1.8776598364262302e-07,
1.016,-1.84387839737661e-07,
1.018,-1.8246080716293899e-07,
1.02,-1.8217570435868302e-07,
1.022,-1.83553456925859e-07,
1.024,-1.86413794132227e-07,
1.026,-1.90377723093072e-07,
1.028,-1.94917921589915e-07,
1.03,-1.99453359416471e-07,
1.032,-2.0346462369279398e-07,
1.034,-2.0659418838695601e-07,
1.036,-2.08697770672251e-07,
1.038,-2.0982921651510698e-07,
1.04,-2.10165605317631e-07,
1.042,-2.0990101614837802e-07,
1.044,-2.09147131655177e-07,
1.046,-2.0787280272942398e-07,
1.048,-2.05896897658769e-07,
1.05,-2.02928768512658e-07,
1.052,-1.98637922838585e-07,
1.054,-1.9273278117177104e-07,
1.056,-1.8503420715784303e-07,
1.058,-1.7553545605013e-07,
1.06,-1.64441215778807e-07,
1.062,-1.52175755716714e-07,
1.064,-1.39350090844951e-07,
1.066,-1.26685921398003e-07,
1.068,-1.14908887444067e-07,
1.07,-1.04637385374104e-07,
1.072,-9.629640245491439e-08,
1.074,-9.00751852581602e-08,
1.076,-8.59291667862223e-08,
1.078,-8.3612046769222e-08,
1.08,-8.272177373732929e-08,
1.082,-8.275324700966869e-08,
1.084,-8.316083799433611e-08,
1.086,-8.34345062203106e-08,
1.088,-8.31817825060673e-08,
1.09,-8.21926885109805e-08,
1.092,-8.04592613962499e-08,
1.094,-7.81337657982288e-08,
1.096,-7.543550570862209e-08,
1.098,-7.254078214588621e-08,
1.1,-6.94990349062944e-08,
1.102,-6.62055552792732e-08,
1.104,-6.2435402715043e-08,
1.106,-5.79193010086396e-08,
1.108,-5.2431901556262e-08,
1.11,-4.586714353831519e-08,
1.112,-3.82867099400877e-08,
1.114,-2.99364325585842e-08,
1.116,-2.12284070118199e-08,
1.118,-1.26873107421282e-08,
1.12,-4.86413074646139e-09,
1.122,1.7689192481416698e-09,
1.124,6.91714721116174e-09,
1.126,1.05269862940029e-08,
1.128,1.27948106035397e-08,
1.13,1.41205187036527e-08,
1.132,1.50251251348086e-08,
1.134,1.60615346640348e-08,
1.136,1.77433812777033e-08,
1.138,2.05020263208677e-08,
1.14,2.4665652491796602e-08,
1.142,3.04456722640576e-08,
1.144,3.79181119897149e-08,
1.146,4.6998587094709997e-08,
1.148,5.7422092498510705e-08,
1.15,6.87457956667736e-08,
1.152,8.03899312514066e-08,
1.154,9.171905428931321e-08,
1.156,1.02148334200076e-07,
1.158,1.1124527122505e-07,
1.16,1.18793912481308e-07,
1.162,1.24799864731075e-07,
1.164,1.29436769136375e-07,
1.166,1.32958645181651e-07,
1.168,1.3561583024314e-07,
1.17,1.3760771912382e-07,
1.172,1.3908482519718e-07,
1.174,1.40186392805912e-07,
1.176,1.41081751499725e-07,
1.178,1.4198321128164402e-07,
1.18,1.4311523037523e-07,
1.182,1.44649259450965e-07,
1.184,1.4663294913024e-07,
1.186,1.48946892260866e-07,
1.188,1.51310587854879e-07,
1.19,1.53338530324961e-07,
1.192,1.54627448462948e-07,
1.194,1.5484522608886e-07,
1.196,1.53794260087014e-07,
1.198,1.51434598084154e-07,
1.2,1.4786890302466e-07,
1.202,1.43304845381069e-07,
1.204,1.38015480022521e-07,
1.206,1.3231299894541e-07,
1.208,1.26539049981018e-07,
1.21,1.2106205272032098e-07,
1.212,1.1626550697566e-07,
1.214,1.12514899849877e-07,
1.216,1.1010283788354301e-07,
1.218,1.0918610038392401e-07,
1.22,1.0973674126462601e-07,
1.222,1.1152742700436199e-07,
1.224,1.1415973446429601e-07,
1.226,1.17128948890466e-07,
1.228,1.19907330928551e-07,
1.23,1.22024629075712e-07,
1.232,1.2312969667105698e-07,
1.234,1.23026161576284e-07,
1.236,1.21682792834597e-07,
1.238,1.19222332737862e-07,
1.24,1.15891756901778e-07,
1.242,1.12015644959499e-07,
1.244,1.07936029783232e-07,
1.246,1.03947417392406e-07,
1.248,1.0024171501833001e-07,
1.25,9.68797817308919e-08,
1.252,9.380081270803131e-08,
1.254,9.086843833420449e-08,
1.256,8.79382591391435e-08,
1.258,8.492238509994611e-08,
1.26,8.182723405846531e-08,
1.262,7.87513713342438e-08,
1.264,7.5845686903651e-08,
1.266,7.32517456997747e-08,
1.268,7.10403964485197e-08,
1.27,6.917045875908901e-08,
1.272,6.74792120397731e-08,
1.274,6.57067601975652e-08,
1.276,6.35483535173129e-08,
1.278,6.07233230179155e-08,
1.28,5.70457601088802e-08,
1.282,5.247999513432059e-08,
1.284,4.716425475047179e-08,
1.286,4.1390606707490996e-08,
1.288,3.5539642550607505e-08,
1.29,2.9982781135370805e-08,
1.292,2.49787988058268e-08,
1.294,2.05977456180765e-08,
1.296,1.66999187571952e-08,
1.298,1.2979948957781201e-08,
1.3,9.06223315638327e-09,
1.302,4.61392981567984e-09,
1.304,-5.649342312016819e-10,
1.306,-6.50403387972893e-09,
1.308,-1.30841600726013e-08,
1.31,-2.0098297970458503e-08,
1.312,-2.7318700118229704e-08,
1.314,-3.45397994166027e-08,
1.316,-4.15858164556496e-08,
1.318,-4.829536647744139e-08,
1.32,-5.450977414489219e-08,
1.322,-6.00889424040115e-08,
1.324,-6.496027534679401e-08,
1.326,-6.9182961462492e-08,
1.328,-7.299511442064919e-08,
1.33,-7.681313532683611e-08,
1.332,-8.117027146252661e-08,
1.334,-8.66057497179196e-08,
1.336,-9.35355287051231e-08,
1.338,-1.0214258595309199e-07,
1.34,-1.1231738645355599e-07,
1.342,-1.23662400982981e-07,
1.344,-1.3555556812787002e-07,
1.346,-1.47252938659005e-07,
1.348,-1.58004124722727e-07,
1.35,-1.67156143956271e-07,
1.352,-1.74229672252582e-07,
1.354,-1.7896264335304102e-07,
1.356,-1.8132502001711198e-07,
1.358,-1.81512050819461e-07,
1.36,-1.79920968100528e-07,
1.362,-1.7711086293973502e-07,
1.364,-1.73742292236989e-07,
1.366,-1.70495799771899e-07,
1.368,-1.6797690628713e-07,
1.37,-1.66624972256813e-07,
1.372,-1.66648612000721e-07,
1.374,-1.6800692998115803e-07,
1.376,-1.70444121778647e-07,
1.378,-1.73569498866456e-07,
1.38,-1.76961867039427e-07,
1.382,-1.8027096721555898e-07,
1.384,-1.83290745013113e-07,
1.386,-1.8598808057752603e-07,
1.388,-1.88483313012118e-07,
1.39,-1.90992048359122e-07,
1.392,-1.9374794619590799e-07,
1.394,-1.9693036641223601e-07,
1.396,-2.0061714748998e-07,
1.398,-2.04772243361347e-07,
1.4,-2.0926450165613399e-07,
1.402,-2.13903380267002e-07,
1.404,-2.18474591818154e-07,
1.406,-2.2276429693067301e-07,
1.408,-2.26570685925565e-07,
1.41,-2.29710359145727e-07,
1.412,-2.3202898550454398e-07,
1.414,-2.33420656809969e-07,
1.416,-2.3385183806955e-07,
1.418,-2.33379275215043e-07,
1.42,-2.3215054481031604e-07,
1.422,-2.30381516848272e-07,
1.424,-2.2831411425685502e-07,
1.426,-2.26166369087543e-07,
1.428,-2.24091459469346e-07,
1.43,-2.2216124389035202e-07,
1.432,-2.20382548981431e-07,
1.434,-2.18742630810118e-07,
1.436,-2.1726732133871101e-07,
1.438,-2.1606658279222803e-07,
1.44,-2.15342732270543e-07,
1.442,-2.1534878000707802e-07,
1.444,-2.16305014209695e-07,
1.446,-2.18302585669269e-07,
1.448,-2.2123292561827198e-07,
1.45,-2.24774705456209e-07,
1.452,-2.28447367684341e-07,
1.454,-2.31712148859341e-07,
1.456,-2.34081693330968e-07,
1.458,-2.3519775221298399e-07,
1.46,-2.34853686951758e-07,
1.462,-2.32965497025844e-07,
1.464,-2.2951817724931503e-07,
1.466,-2.2452241624379e-07,
1.468,-2.1800715351894003e-07,
1.47,-2.10052320524468e-07,
1.472,-2.00844129297927e-07,
1.474,-1.9072260186069698e-07,
1.476,-1.80192399258725e-07,
1.478,-1.6988163648571901e-07,
1.48,-1.6045282761981403e-07,
1.482,-1.52487638771379e-07,
1.484,-1.46376693068189e-07,
1.486,-1.4224467850738598e-07,
1.488,-1.39930598986551e-07,
1.49,-1.39027225616384e-07,
1.492,-1.38968033767506e-07,
1.494,-1.39139004552422e-07,
1.496,-1.3898929729582e-07,
1.498,-1.38118658990009e-07,
1.5,-1.36327735593584e-07,
1.502,-1.33626504364006e-07,
1.504,-1.30203172929304e-07,
1.506,-1.26360526746405e-07,
1.508,-1.2243010648996801e-07,
1.51,-1.1867831242349501e-07,
1.512,-1.15222689519505e-07,
1.514,-1.1197921500403399e-07,
1.516,-1.08659110995648e-07,
1.518,-1.04824181039508e-07,
1.52,-9.99936748836384e-08,
1.522,-9.37778651671681e-08,
1.524,-8.60009938931095e-08,
1.526,-7.67754135401135e-08,
1.528,-6.6501830653014e-08,
1.53,-5.57937960923996e-08,
1.532,-4.53492932547387e-08,
1.534,-3.58085607277255e-08,
1.536,-2.7638675360609596e-08,
1.538,-2.1072017014662098e-08,
1.54,-1.61041606911922e-08,
1.542,-1.2536810598207e-08,
1.544,-1.00412526006602e-08,
1.546,-8.22012111389038e-09,
1.548,-6.6564362595799e-09,
1.55,-4.9514273338495e-09,
1.552,-2.75954436379046e-09,
1.554,1.7286196303239e-10,
1.556,3.96743518167028e-09,
1.558,8.58439844223421e-09,
1.56,1.3820753227603602e-08,
1.562,1.93489921042558e-08,
1.564,2.47967144655852e-08,
1.566,2.9850854448653196e-08,
1.568,3.4356088756198995e-08,
1.57,3.8372044692999306e-08,
1.572,4.2162165793460205e-08,
1.574,4.61077889898798e-08,
1.576,5.05680518888847e-08,
1.578,5.5729687058729294e-08,
1.58,6.15002746188393e-08,
1.582,6.74881287807119e-08,
1.584,7.30835434424895e-08,
1.586,7.76196503783088e-08,
1.588,8.056120337323379e-08,
1.59,8.165890186422809e-08,
1.592,8.10202030858844e-08,
1.594,7.90792412880955e-08,
1.596,7.64847422262829e-08,
1.598,7.39503788588787e-08,
1.6,7.21171768272127e-08,
1.602,7.14625923232153e-08,
1.604,7.22651788281234e-08,
1.606,7.46106959952372e-08,
1.608,7.84155057348868e-08,
1.61,8.34486673250465e-08,
1.612,8.934935144583189e-08,
1.614,9.565048220097891e-08,
1.616,1.01823701707834e-07,
1.618,1.0735194664840198e-07,
1.62,1.1181888971636199e-07,
1.622,1.1498889097848699e-07,
1.624,1.16846253555646e-07,
1.626,1.17572576691136e-07,
1.628,1.1746259516349099e-07,
1.63,1.1680308552651e-07,
1.632,1.1575575941356699e-07,
1.634,1.14286408162606e-07,
1.636,1.12168037916977e-07,
1.638,1.09060761829618e-07,
1.64,1.04644949845159e-07,
1.642,9.876574234581211e-08,
1.644,9.15424409549616e-08,
1.646,8.34065253646531e-08,
1.648,7.50533805058529e-08,
1.65,6.73183319182606e-08,
1.652,6.10094460140094e-08,
1.654,5.67413575399704e-08,
1.656,5.48130076717857e-08,
1.658,5.515860540303099e-08,
1.66,5.73800502671199e-08,
1.662,6.08472075883986e-08,
1.664,6.48362393876294e-08,
1.666,6.86696715533578e-08,
1.668,7.18255654395163e-08,
1.67,7.39945446974653e-08,
1.672,7.5078396404089e-08,
1.674,7.51384659438323e-08,
1.676,7.43131218602239e-08,
1.678,7.27294335306e-08,
1.68,7.04340464431129e-08,
1.682,6.73619979717266e-08,
1.684,6.33509442896342e-08,
1.686,5.81946009641835e-08,
1.688,5.17172056548312e-08,
1.69,4.38447708439211e-08,
1.692,3.46513202897412e-08,
1.694,2.43683223987222e-08,
1.696,1.33588327222078e-08,
1.698,2.06857149036743e-09,
1.7,-9.03012457671607e-09,
1.702,-1.9489402207749798e-08,
1.704,-2.89278813803712e-08,
1.706,-3.7065829362262304e-08,
1.708,-4.3756674022807005e-08,
1.71,-4.90130190929055e-08,
1.712,-5.30182576631737e-08,
1.714,-5.61112509911953e-08,
1.716,-5.873523125495019e-08,
1.718,-6.135296240160801e-08,
1.72,-6.43440136305507e-08,
1.722,-6.79105876104912e-08,
1.724,-7.20206346707672e-08,
1.726,-7.64093010112579e-08,
1.728,-8.064430565125929e-08,
1.73,-8.424251787960159e-08,
1.732,-8.68094559441583e-08,
1.734,-8.816525994897619e-08,
1.736,-8.842238423791199e-08,
1.738,-8.799166987330491e-08,
1.74,-8.751184275862241e-08,
1.742,-8.77179485209073e-08,
1.744,-8.92809110209467e-08,
1.746,-9.26582113013031e-08,
1.748,-9.799221023144519e-08,
1.75,-1.0507917614006198e-07,
1.752,-1.1341318320844099e-07,
1.754,-1.22290663397366e-07,
1.756,-1.30948503386585e-07,
1.758,-1.38703596857188e-07,
1.76,-1.45064427707774e-07,
1.762,-1.49793704130109e-07,
1.764,-1.52913069262188e-07,
1.766,-1.54654406043177e-07,
1.768,-1.55374923670822e-07,
1.77,-1.55462066729331e-07,
1.772,-1.5525610332825698e-07,
1.774,-1.55011171107545e-07,
1.776,-1.54900932178008e-07,
1.778,-1.55057885872576e-07,
1.78,-1.55622907883639e-07,
1.782,-1.5677939432508e-07,
1.784,-1.5875546012342e-07,
1.786,-1.6179330738968301e-07,
1.788,-1.66099139076126e-07,
1.79,-1.71792915966948e-07,
1.792,-1.7887291566375302e-07,
1.794,-1.87199528846618e-07,
1.796,-1.96493462076977e-07,
1.798,-2.0634159631290601e-07,
1.8,-2.1621002290829e-07,
1.802,-2.25473211931118e-07,
1.804,-2.33472993146517e-07,
1.806,-2.39615255892309e-07,
1.808,-2.4349613787835696e-07,
1.81,-2.4502958332423303e-07,
1.812,-2.44534507898526e-07,
1.814,-2.42740808639124e-07,
1.816,-2.4069162017498803e-07,
1.818,-2.39549698041822e-07,
1.82,-2.4034823210204396e-07,
1.822,-2.4374896800815604e-07,
1.824,-2.49874544997578e-07,
1.826,-2.58265003521498e-07,
1.828,-2.67975120695187e-07,
1.83,-2.77789748723815e-07,
1.832,-2.86500970722089e-07,
1.834,-2.9317406816299e-07,
1.836,-2.9733406840314196e-07,
1.838,-2.99028993840501e-07,
1.84,-2.98761547302627e-07,
1.842,-2.97316303444287e-07,
1.844,-2.95534023156724e-07,
1.846,-2.94092634891787e-07,
1.848,-2.9334607282463396e-07,
1.85,-2.93252850942983e-07,
1.852,-2.93403245131243e-07,
1.854,-2.93133268297612e-07,
1.856,-2.91698325028795e-07,
1.858,-2.88469996478934e-07,
1.86,-2.83115398590167e-07,
1.862,-2.75720171102238e-07,
1.864,-2.6682443180054496e-07,
1.866,-2.5735662843127304e-07,
1.868,-2.4847172787448e-07,
1.87,-2.4132332279623604e-07,
1.872,-2.3681776413129698e-07,
1.874,-2.35406385536061e-07,
1.876,-2.36966051465518e-07,
1.878,-2.40799498563e-07,
1.88,-2.45759880095542e-07,
1.882,-2.50475311286174e-07,
1.884,-2.53625866365976e-07,
1.886,-2.54212675408103e-07,
1.888,-2.5175937553602e-07,
1.89,-2.46400311677038e-07,
1.892,-2.3883487680942e-07,
1.894,-2.3015796054485802e-07,
1.896,-2.2160554736660102e-07,
1.898,-2.1427472023515802e-07,
1.9,-2.0888317090956302e-07,
1.902,-2.0562302594845702e-07,
1.904,-2.0414013504528899e-07,
1.906,-2.0363944418194602e-07,
1.908,-2.0308781688407398e-07,
1.91,-2.01464865573374e-07,
1.912,-1.98004305345225e-07,
1.914,-1.92373682939555e-07,
1.916,-1.84756488559028e-07,
1.918,-1.75823022982404e-07,
1.92,-1.665997105206e-07,
1.922,-1.58266102299009e-07,
1.924,-1.51921271549659e-07,
1.926,-1.48365140165298e-07,
1.928,-1.4793574971051e-07,
1.93,-1.50432185970091e-07,
1.932,-1.5513704582421901e-07,
1.934,-1.6093442171513602e-07,
1.936,-1.66501830401851e-07,
1.938,-1.7054000175899e-07,
1.94,-1.71995922604747e-07,
1.942,-1.70234709652584e-07,
1.944,-1.6512607503285598e-07,
1.946,-1.57030012429887e-07,
1.948,-1.46689478196618e-07,
1.95,-1.35058865184796e-07,
1.952,-1.23109859853846e-07,
1.954,-1.1165752225994599e-07,
1.956,-1.01239936090891e-07,
1.958,-9.206884227060831e-08,
1.96,-8.40518735074167e-08,
1.962,-7.68736752832772e-08,
1.964,-7.01149732550259e-08,
1.966,-6.338480628310879e-08,
1.968,-5.64402057995641e-08,
1.97,-4.92689747954751e-08,
1.972,-4.2115763371495004e-08,
1.974,-3.54407861700637e-08,
1.976,-2.98146032159292e-08,
1.978,-2.57692525870808e-08,
1.98,-2.36410217248083e-08,
1.982,-2.34475511248217e-08,
1.984,-2.4837393189358598e-08,
1.986,-2.7132839511172903e-08,
1.988,-2.9460736093810897e-08,
1.99,-3.09390483537587e-08,
1.992,-3.08684466669294e-08,
1.994,-2.8875353152528702e-08,
1.996,-2.49676169732525e-08,
1.998,-1.94915631543058e-08,
2.0,-1.3009717017291998e-08,
2.002,-6.140874438158621e-09,
2.004,5.89371581731425e-10,
2.006,6.849984157327309e-09,
2.008,1.2541335554281399e-08,
2.01,1.77733702594396e-08,
2.012,2.28050852888296e-08,
2.014,2.79678045202681e-08,
2.016,3.35880871323675e-08,
2.018,3.99170943707066e-08,
2.02,4.7068415811273206e-08,
2.022,5.49683581928155e-08,
2.024,6.33289858429486e-08,
2.026,7.165888674436999e-08,
2.028,7.93241482081979e-08,
2.03,8.56604678535289e-08,
2.032,9.011979032753449e-08,
2.034,9.241815454795519e-08,
2.036,9.26430376394797e-08,
2.038,9.12832517895018e-08,
2.04,8.916250930581481e-08,
2.042,8.72842712887062e-08,
2.044,8.66222210395578e-08,
2.046,8.79088462204217e-08,
2.048,9.147778258171151e-08,
2.05,9.720205441094949e-08,
2.052,1.04543864973596e-07,
2.054,1.1270020868461402e-07,
2.056,1.2080206207731099e-07,
2.058,1.28111439444104e-07,
2.06,1.3416402041820299e-07,
2.062,1.3882372118179e-07,
2.064,1.4224309998388901e-07,
2.066,1.44751034892928e-07,
2.068,1.4670834167795698e-07,
2.07,1.48377587058496e-07,
2.072,1.49844438814108e-07,
2.074,1.51008150072716e-07,
2.076,1.5163514417487e-07,
2.078,1.51450125490147e-07,
2.08,1.5023004664624e-07,
2.082,1.4787009631548e-07,
2.084,1.4440525981888698e-07,
2.086,1.39989585677766e-07,
2.088,1.3485030682597e-07,
2.09,1.29239583413234e-07,
2.092,1.2340150160845698e-07,
2.094,1.1755970114464e-07,
2.096,1.1191833266822601e-07,
2.098,1.06662414756954e-07,
2.1,1.01946097749528e-07,
2.102,9.78670876253458e-08,
2.104,9.443704967060938e-08,
2.106,9.15648409451593e-08,
2.108,8.9067843513085e-08,
2.11,8.6716633162396e-08,
2.112,8.430394379126769e-08,
2.114,8.17166903842889e-08,
2.116,7.89852715719929e-08,
2.118,7.62899292445364e-08,
2.12,7.39178829760775e-08,
2.122,7.218210961985951e-08,
2.124,7.13264381437781e-08,
2.126,7.14467369598545e-08,
2.128,7.24524099483598e-08,
2.13,7.40783899249688e-08,
2.132,7.59408170824195e-08,
2.134,7.76161329992559e-08,
2.136,7.8718244313484e-08,
2.138,7.895290924605429e-08,
2.14,7.81398160988508e-08,
2.142,7.62056954004444e-08,
2.144,7.31609652499725e-08,
2.146,6.907485262150319e-08,
2.148,6.40599280916159e-08,
2.15,5.82694254344841e-08,
2.152,5.19033393220825e-08,
2.154,4.52148983507639e-08,
2.156,3.85084970396358e-08,
2.158,3.21227803745879e-08,
2.16,2.6396863579715097e-08,
2.162,2.16224263439518e-08,
2.164,1.79889484399304e-08,
2.166,1.55331107594255e-08,
2.168,1.4105486514376799e-08,
2.17,1.33668310733569e-08,
2.172,1.2821545785951298e-08,
2.174,1.18874483412617e-08,
2.176,9.99079444166806e-09,
2.178,6.6669004002612e-09,
2.18,1.64312601222703e-09,
2.182,-5.11571171243046e-09,
2.184,-1.34098501977484e-08,
2.186,-2.2852596798996498e-08,
2.188,-3.29496994531552e-08,
2.19,-4.31889998273186e-08,
2.192,-5.311904257534111e-08,
2.194,-6.24011993759318e-08,
2.196,-7.082938843492611e-08,
2.198,-7.8321195924987e-08,
2.2,-8.48909709431795e-08,
2.202,-9.06173672593026e-08,
2.204,-9.561479119963609e-08,
2.206,-1.00012125385401e-07,
2.208,-1.0393606519977e-07,
2.21,-1.0749362916506901e-07,
2.212,-1.1075063692460598e-07,
2.214,-1.13709338995434e-07,
2.216,-1.16295443063186e-07,
2.218,-1.1836781967771302e-07,
2.22,-1.19759746016936e-07,
2.222,-1.20348756713172e-07,
2.224,-1.20137368317196e-07,
2.226,-1.19316169500151e-07,
2.228,-1.1828040635960698e-07,
2.23,-1.1758349336602302e-07,
2.232,-1.1783226133726302e-07,
2.234,-1.19550962948131e-07,
2.236,-1.23054773527513e-07,
2.238,-1.28372642455478e-07,
2.24,-1.35243785819755e-07,
2.242,-1.43187811172348e-07,
2.244,-1.5162471341941302e-07,
2.246,-1.60006426436473e-07,
2.248,-1.67920898759491e-07,
2.25,-1.75141991032511e-07,
2.252,-1.81618477153193e-07,
2.254,-1.87415499473932e-07,
2.256,-1.92635116068024e-07,
2.258,-1.9734523361440802e-07,
2.26,-2.01538488200935e-07,
2.262,-2.05128496374793e-07,
2.264,-2.07976408026722e-07,
2.266,-2.0993156743834397e-07,
2.268,-2.10869364669522e-07,
2.27,-2.1071611789593e-07,
2.272,-2.0946068405654e-07,
2.274,-2.0715980029665198e-07,
2.276,-2.03944936264742e-07,
2.278,-2.0003255823272602e-07,
2.28,-1.9573103359025801e-07,
2.282,-1.9143170377557103e-07,
2.284,-1.87573329778157e-07,
2.286,-1.8457858854071e-07,
2.288,-1.8277454156047802e-07,
2.29,-1.8231952780378602e-07,
2.292,-1.83161189607528e-07,
2.294,-1.85042557181378e-07,
2.296,-1.87558183037821e-07,
2.298,-1.90246254107495e-07,
2.3,-1.92691634137831e-07,
2.302,-1.9461256683719102e-07,
2.304,-1.9591017515278498e-07,
2.306,-1.96671641316627e-07,
2.308,-1.9713047512929002e-07,
2.31,-1.9759671992160197e-07,
2.312,-1.9837439355005697e-07,
2.314,-1.9968308752953104e-07,
2.316,-2.01597022358855e-07,
2.318,-2.04009975809144e-07,
2.32,-2.0662994270571698e-07,
2.322,-2.09003864778418e-07,
2.324,-2.1057010724468998e-07,
2.326,-2.1073382297844998e-07,
2.328,-2.0895723884415e-07,
2.33,-2.0485317605404998e-07,
2.332,-1.98266717448157e-07,
2.334,-1.89328584596902e-07,
2.336,-1.7846622297867e-07,
2.338,-1.66365526421616e-07,
2.34,-1.53886497330748e-07,
2.342,-1.41947130065955e-07,
2.344,-1.31397829194149e-07,
2.346,-1.22910854910819e-07,
2.348,-1.1690478267158598e-07,
2.35,-1.13514405978935e-07,
2.352,-1.12605311382387e-07,
2.354,-1.1382318825538002e-07,
2.356,-1.1666318724739099e-07,
2.358,-1.20544577492567e-07,
2.36,-1.24879011131508e-07,
2.362,-1.2912465319147698e-07,
2.364,-1.32821705166419e-07,
2.366,-1.3560725452987e-07,
2.368,-1.37209837562615e-07,
2.37,-1.37427568255716e-07,
2.372,-1.3609803852409302e-07,
2.374,-1.33071826874261e-07,
2.376,-1.28201970823841e-07,
2.378,-1.21357463933815e-07,
2.38,-1.1246012786828e-07,
2.382,-1.0153397302171301e-07,
2.384,-8.87487576043406e-08,
2.386,-7.4438667831476e-08,
2.388,-5.9084050075651905e-08,
2.39,-4.3256624862457696e-08,
2.392,-2.75416433444808e-08,
2.394,-1.2458605675477401e-08,
2.396,1.5979055328172e-09,
2.398,1.43837741428261e-08,
2.4,2.57961489325627e-08,
2.402,3.5839719833383e-08,
2.404,4.4584521925331106e-08,
2.406,5.21298438466985e-08,
2.408,5.858167395194731e-08,
2.41,6.404235060404509e-08,
2.412,6.86051527397721e-08,
2.414,7.23462446537961e-08,
2.416,7.5311500709556e-08,
2.418,7.75032842617296e-08,
2.42,7.88778593402305e-08,
2.422,7.93641219978245e-08,
2.424,7.89076714235602e-08,
2.426,7.75331068418043e-08,
2.428,7.54065256972286e-08,
2.43,7.28746622440636e-08,
2.432,7.04601989318695e-08,
2.434,6.88042799268001e-08,
2.436,6.856339608531951e-08,
2.438,7.02828326055592e-08,
2.44,7.42774129607695e-08,
2.442,8.05495153251687e-08,
2.444,8.876493077671881e-08,
2.446,9.82925995578085e-08,
2.448,1.0829932316234e-07,
2.45,1.1787926672699401e-07,
2.452,1.2619263841421699e-07,
2.454,1.3258851631131498e-07,
2.456,1.36692102101184e-07,
2.458,1.38444833529956e-07,
2.46,1.38094910153855e-07,
2.462,1.36144228652438e-07,
2.464,1.3326408413357102e-07,
2.466,1.30195237454158e-07,
2.468,1.2764772098614302e-07,
2.47,1.26212684678106e-07,
2.472,1.26294235810044e-07,
2.474,1.28065503586746e-07,
2.476,1.31451338584246e-07,
2.478,1.36139977807235e-07,
2.48,1.41626010224192e-07,
2.482,1.47284813693872e-07,
2.484,1.52472965865627e-07,
2.486,1.5664080868752902e-07,
2.488,1.59435571949738e-07,
2.49,1.6077051802202402e-07,
2.492,1.6084059229294699e-07,
2.494,1.60078006421022e-07,
2.496,1.5905819339124902e-07,
2.498,1.58381331945721e-07,
2.5,1.5856114812229098e-07,
2.502,1.5994819300819699e-07,
2.504,1.62701185924977e-07,
2.506,1.66803102488183e-07,
2.508,1.72105436239449e-07,
2.51,1.7837932769737602e-07,
2.512,1.85356659199927e-07,
2.514,1.92754201665298e-07,
2.516,2.00283836443927e-07,
2.518,2.07657016401873e-07,
2.52,2.1459037851018897e-07,
2.522,2.20813786653892e-07,
2.524,2.26076272231239e-07,
2.526,2.3014333347298602e-07,
2.528,2.32782503206279e-07,
2.53,2.33741522649934e-07,
2.532,2.3273105579156103e-07,
2.534,2.29427377522542e-07,
2.536,2.23507171243758e-07,
2.538,2.14716637361465e-07,
2.54,2.0296361894470602e-07,
2.542,1.8840927139675897e-07,
2.544,1.71529796372194e-07,
2.546,1.5312193900629002e-07,
2.548,1.3423829421754302e-07,
2.55,1.1605681062210698e-07,
2.552,9.97078543028283e-08,
2.554,8.60959689522017e-08,
2.556,7.57576258885089e-08,
2.558,6.87891960053591e-08,
2.56,6.48627949514247e-08,
2.562,6.33260113879869e-08,
2.564,6.33607220614557e-08,
2.566,6.41618852081767e-08,
2.568,6.50932495580822e-08,
2.57,6.57843281573179e-08,
2.572,6.61495981208297e-08,
2.574,6.63319034060633e-08,
2.576,6.65913786032951e-08,
2.578,6.71733714641662e-08,
2.58,6.81906972295203e-08,
2.582,6.95474533673461e-08,
2.584,7.09172028403926e-08,
2.586,7.177306356566159e-08,
2.588,7.14561763123584e-08,
2.59,6.92648004435982e-08,
2.592,6.45482849618951e-08,
2.594,5.6795232341819095e-08,
2.596,4.57095358268271e-08,
2.598,3.12692844443214e-08,
2.6,1.3762026207039199e-08,
2.602,-6.211988271155489e-09,
2.604,-2.7776115668114304e-08,
2.606,-4.98553913038137e-08,
2.608,-7.12894917972065e-08,
2.61,-9.09639508733283e-08,
2.612,-1.0793650544700401e-07,
2.614,-1.2153522093171301e-07,
2.616,-1.31411610959246e-07,
2.618,-1.3754315923563098e-07,
2.62,-1.4019156373518698e-07,
2.622,-1.39831710526147e-07,
2.624,-1.3706947602629699e-07,
2.626,-1.32563977355218e-07,
2.628,-1.26963970084381e-07,
2.63,-1.20861784755249e-07,
2.632,-1.14763989555616e-07,
2.634,-1.0907672126345698e-07,
2.636,-1.04104375542947e-07,
2.638,-1.0006108262765199e-07,
2.64,-9.709337093159869e-08,
2.642,-9.530931257617961e-08,
2.644,-9.48056924503812e-08,
2.646,-9.568285961583491e-08,
2.648,-9.8039058002869e-08,
2.65,-1.01942559984269e-07,
2.652,-1.0738882979713302e-07,
2.654,-1.1425750497795e-07,
2.656,-1.22286489291143e-07,
2.658,-1.3107612257216599e-07,
2.66,-1.40126510424999e-07,
2.662,-1.48899631668041e-07,
2.664,-1.56889683021453e-07,
2.666,-1.63683723379405e-07,
2.668,-1.69000337959583e-07,
2.67,-1.72703713902355e-07,
2.672,-1.74799352772598e-07,
2.674,-1.7542145773264502e-07,
2.676,-1.74819453784356e-07,
2.678,-1.7334425340002998e-07,
2.68,-1.71428223825514e-07,
2.682,-1.69550720214054e-07,
2.684,-1.68185414486011e-07,
2.686,-1.67734782053428e-07,
2.688,-1.68466505867966e-07,
2.69,-1.70471167090446e-07,
2.692,-1.7365738058747802e-07,
2.694,-1.77790044415214e-07,
2.696,-1.82563511344402e-07,
2.698,-1.8768970274549602e-07,
2.7,-1.9297599122116302e-07,
2.702,-1.98370791554186e-07,
2.704,-2.03964661712875e-07,
2.706,-2.09947503995555e-07,
2.708,-2.16533904414767e-07,
2.71,-2.2387571783937896e-07,
2.712,-2.3198268856838799e-07,
2.714,-2.40668976964585e-07,
2.716,-2.4953762828119696e-07,
2.718,-2.5800791855142e-07,
2.72,-2.6538325066361897e-07,
2.722,-2.70950461475222e-07,
2.724,-2.7409552399180195e-07,
2.726,-2.74416384258668e-07,
2.728,-2.71812010596815e-07,
2.73,-2.66528569202614e-07,
2.732,-2.59149406074638e-07,
2.734,-2.50524780925744e-07,
2.736,-2.4164865028147696e-07,
2.738,-2.3350102731672202e-07,
2.74,-2.2688301241080698e-07,
2.742,-2.22275227277955e-07,
2.744,-2.197477408956e-07,
2.746,-2.18940685730902e-07,
2.748,-2.1912124079329802e-07,
2.75,-2.1930744084035502e-07,
2.752,-2.1843592683422e-07,
2.754,-2.1554248923204998e-07,
2.756,-2.09922942455105e-07,
2.758,-2.01247438152729e-07,
2.76,-1.89611825846928e-07,
2.762,-1.75521999565663e-07,
2.764,-1.5981821453450502e-07,
2.766,-1.43554071367289e-07,
2.768,-1.27848805709498e-07,
2.77,-1.1373262750139198e-07,
2.772,-1.0200457225521901e-07,
2.774,-9.31215636154958e-08,
2.776,-8.7135844383702e-08,
2.778,-8.369424012539389e-08,
2.78,-8.210534081580191e-08,
2.782,-8.14691915189012e-08,
2.784,-8.085008991347341e-08,
2.786,-7.946027898740719e-08,
2.788,-7.68153468824421e-08,
2.79,-7.28247548214725e-08,
2.792,-6.77941124079371e-08,
2.794,-6.23369185631974e-08,
2.796,-5.72166144998008e-08,
2.798,-5.31578212045628e-08,
2.8,-5.06727826213082e-08,
2.802,-4.99431247016941e-08,
2.804,-5.07803515223733e-08,
2.806,-5.26668713651859e-08,
2.808,-5.4859851212553705e-08,
2.81,-5.652842095642509e-08,
2.812,-5.68928424886119e-08,
2.814,-5.53406010252715e-08,
2.816,-5.1504846370178095e-08,
2.818,-4.53007653296388e-08,
2.82,-3.6922476074722895e-08,
2.822,-2.68065012509379e-08,
2.824,-1.55692491355864e-08,
2.826,-3.92706032222949e-09,
2.828,7.39088341543885e-09,
2.83,1.7724805967205302e-08,
2.832,2.65497346969602e-08,
2.834,3.35149972434745e-08,
2.836,3.8454618526670297e-08,
2.838,4.13724495509791e-08,
2.84,4.2411435606947406e-08,
2.842,4.18183318417757e-08,
2.844,3.99127373950426e-08,
2.846,3.7063820112870094e-08,
2.848,3.36721668636517e-08,
2.85,3.01505836995508e-08,
2.852,2.6898051631439703e-08,
2.854,2.42652803876116e-08,
2.856,2.25165394820144e-08,
2.858,2.17978848412506e-08,
2.86,2.2123913796808197e-08,
2.862,2.33923480402612e-08,
2.864,2.54284394300241e-08,
2.866,2.8051564008691096e-08,
2.868,3.1147666500829904e-08,
2.87,3.47266927245032e-08,
2.872,3.89458606783348e-08,
2.874,4.40876065710532e-08,
2.876,5.0493176062729405e-08,
2.878,5.8465511241400196e-08,
2.88,6.816447685191651e-08,
2.882,7.9520822931882e-08,
2.884,9.219177536136278e-08,
2.886,1.05571963469151e-07,
2.888,1.1886109030337699e-07,
2.89,1.3117729684624e-07,
2.892,1.4169513621043802e-07,
2.894,1.4978122591165302e-07,
2.896,1.55099947271334e-07,
2.898,1.57666288040006e-07,
2.9,1.57832665535429e-07,
2.902,1.56210017586678e-07,
2.904,1.5353821499565802e-07,
2.906,1.50533586480424e-07,
2.908,1.47748438997478e-07,
2.91,1.4547615461809598e-07,
2.912,1.43725057877106e-07,
2.914,1.4226682475044402e-07,
2.916,1.4074529380574e-07,
2.918,1.38814942004422e-07,
2.92,1.3627017763239998e-07,
2.922,1.33129691790921e-07,
2.924,1.2965356639365098e-07,
2.926,1.26290441604359e-07,
2.928,1.23571593142573e-07,
2.93,1.2198222928532199e-07,
2.932,1.2184394887265197e-07,
2.934,1.23235896798011e-07,
2.936,1.2596890741458e-07,
2.938,1.2961199860218699e-07,
2.94,1.33558962100639e-07,
2.942,1.37117403201748e-07,
2.944,1.39603373733428e-07,
2.946,1.40429211087414e-07,
2.948,1.3917692925911602e-07,
2.95,1.35652009226983e-07,
2.952,1.29912324608338e-07,
2.954,1.22265947711589e-07,
2.956,1.13232409293977e-07,
2.958,1.0346660856129699e-07,
2.96,9.36529091526176e-08,
2.962,8.43865894332563e-08,
2.964,7.60669105795667e-08,
2.966,6.88271041246666e-08,
2.968,6.25200391017989e-08,
2.97,5.67655244963689e-08,
2.972,5.10498977023544e-08,
2.974,4.48555010884433e-08,
2.976,3.77907723766245e-08,
2.978,2.96926389202246e-08,
2.98,2.06807314922086e-08,
2.982,1.1154676132859699e-08,
2.984,1.7378235093552402e-09,
2.986,-6.819609957206701e-09,
2.988,-1.3759273775620902e-08,
2.99,-1.84347060699854e-08,
2.992,-2.0413324947442903e-08,
2.994,-1.95446795836478e-08,
2.996,-1.5984777207032202e-08,
2.998,-1.01734565090988e-08,
3.0,-2.76995102565237e-09,
3.002,5.44034198713926e-09,
3.004,1.3649234366303101e-08,
3.006,2.11191115384242e-08,
3.008,2.7249746751960402e-08,
3.01,3.16100682158584e-08,
3.012,3.39365176472629e-08,
3.014,3.41085627061901e-08,
3.016,3.2116615911966495e-08,
3.018,2.80365440484623e-08,
3.02,2.20187503766029e-08,
3.022,1.42910458519923e-08,
3.024,5.16670613698019e-09,
3.026,-4.954681630158e-09,
3.028,-1.5604285601718997e-08,
3.03,-2.62832247141004e-08,
3.032,-3.6519347727425297e-08,
3.034,-4.59293616423591e-08,
3.036,-5.42703378486963e-08,
3.038,-6.14662007540331e-08,
3.04,-6.76011100206693e-08,
3.042,-7.2880473026834e-08,
3.044,-7.756873896610769e-08,
3.046,-8.191858155361901e-08,
3.048,-8.61072647078125e-08,
3.05,-9.019313415107051e-08,
3.052,-9.40997355512599e-08,
3.054,-9.762895025732199e-08,
3.056,-1.00499366346293e-07,
3.058,-1.02402644837055e-07,
3.06,-1.0306882718549e-07,
3.062,-1.02330823446714e-07,
3.064,-1.0017825179953901e-07,
3.066,-9.679134082683109e-08,
3.068,-9.25471783166384e-08,
3.07,-8.79937283451756e-08,
3.072,-8.379190637561769e-08,
3.074,-8.06320514618404e-08,
3.076,-7.91370966834471e-08,
3.078,-7.97689793214841e-08,
3.08,-8.27559080677441e-08,
3.082,-8.805528382628868e-08,
3.084,-9.536062223053429e-08,
3.086,-1.0415199215620099e-07,
3.088,-1.13780198852634e-07,
3.09,-1.23567385984772e-07,
3.092,-1.32902856122447e-07,
3.094,-1.41313959462059e-07,
3.096,-1.48498026902003e-07,
3.098,-1.5431135967753198e-07,
3.1,-1.58722817509586e-07,
3.102,-1.61749379687409e-07,
3.104,-1.63396089560045e-07,
3.106,-1.63621086759494e-07,
3.108,-1.6233806207790598e-07,
3.11,-1.59455807966165e-07,
3.112,-1.54941655087201e-07,
3.114,-1.4888689635666302e-07,
3.116,-1.41550901578175e-07,
3.118,-1.33367020102924e-07,
3.12,-1.24905169856324e-07,
3.122,-1.16798857530415e-07,
3.124,-1.09653720259169e-07,
3.126,-1.0395769069469199e-07,
3.128,-1.00009570995008e-07,
3.13,-9.78757914302327e-08,
3.132,-9.737821722019349e-08,
3.134,-9.811197207970039e-08,
3.136,-9.949188421272529e-08,
3.138,-1.008272310117e-07,
3.14,-1.0142355848271401e-07,
3.142,-1.0070496234705499e-07,
3.144,-9.834062437907981e-08,
3.146,-9.43492146726066e-08,
3.148,-8.914961972919151e-08,
3.15,-8.353128571811531e-08,
3.152,-7.853377219912371e-08,
3.154,-7.52494817642763e-08,
3.156,-7.45883798946508e-08,
3.158,-7.705984646701191e-08,
3.16,-8.262782950606119e-08,
3.162,-9.067955392105481e-08,
3.164,-1.0011952388174599e-07,
3.166,-1.09568243998924e-07,
3.168,-1.17618930366821e-07,
3.17,-1.23093008273458e-07,
3.172,-1.25239035872504e-07,
3.174,-1.2383719121866e-07,
3.176,-1.19196211122243e-07,
3.178,-1.1205419574126198e-07,
3.18,-1.03413002193208e-07,
3.182,-9.43450393013608e-08,
3.184,-8.58112009480947e-08,
3.186,-7.85215421435796e-08,
3.188,-7.28588981940148e-08,
3.19,-6.88724437862914e-08,
3.192,-6.633506039796179e-08,
3.194,-6.48468928932602e-08,
3.196,-6.395927617767299e-08,
3.198,-6.32900307133335e-08,
3.2,-6.26042292448764e-08,
3.202,-6.184389427040339e-08,
3.204,-6.110377732322121e-08,
3.206,-6.05647648557744e-08,
3.208,-6.040726876342009e-08,
3.21,-6.07308466408651e-08,
3.212,-6.150223521496281e-08,
3.214,-6.25437491301051e-08,
3.216,-6.35614521754311e-08,
3.218,-6.42019537637326e-08,
3.22,-6.41211146768367e-08,
3.222,-6.30480023724719e-08,
3.224,-6.08315393150576e-08,
3.226,-5.746280686390361e-08,
3.228,-5.30707249899575e-08,
3.23,-4.78921106481137e-08,
3.232,-4.22196717441282e-08,
3.234,-3.6334586335633796e-08,
3.236,-3.04344808651587e-08,
3.238,-2.45718770612412e-08,
3.24,-1.86202521476891e-08,
3.242,-1.22823385290937e-08,
3.244,-5.14711083274463e-09,
3.246,3.2106563605907104e-09,
3.248,1.31077948403726e-08,
3.25,2.4636333125275e-08,
3.252,3.75846088820758e-08,
3.254,5.14203021710433e-08,
3.256,6.53453212967102e-08,
3.258,7.84145237303895e-08,
3.26,8.969396231506119e-08,
3.262,9.842423036930779e-08,
3.264,1.0415308794783801e-07,
3.266,1.06808907082016e-07,
3.268,1.06700341762528e-07,
3.27,1.04444363097923e-07,
3.272,1.0084038439754301e-07,
3.274,9.671917224491618e-08,
3.276,9.27993495634505e-08,
3.278,8.9580879579498e-08,
3.28,8.72949828819303e-08,
3.282,8.59159654858719e-08,
3.284,8.522586165161801e-08,
3.286,8.49112075512797e-08,
3.288,8.466545680831139e-08,
3.29,8.42717341238445e-08,
3.292,8.36480676181696e-08,
3.294,8.2848528010534e-08,
3.296,8.20255377879535e-08,
3.298,8.13678677723207e-08,
3.3,8.103345377632201e-08,
3.302,8.10955854123681e-08,
3.304,8.15160720975473e-08,
3.306,8.21513753429109e-08,
3.308,8.27893551011231e-08,
3.31,8.320693681344759e-08,
3.312,8.323396594238581e-08,
3.314,8.28066396973047e-08,
3.316,8.19956241468012e-08,
3.318,8.099920212924321e-08,
3.32,8.00998068572799e-08,
3.322,7.95915644168504e-08,
3.324,7.96948462348788e-08,
3.326,8.04789867663114e-08,
3.328,8.181441782897361e-08,
3.33,8.33698675801206e-08,
3.332,8.465992625995031e-08,
3.334,8.51356656587465e-08,
3.336,8.42994795569038e-08,
3.338,8.18181586938413e-08,
3.34,7.76075678553019e-08,
3.342,7.18684557537466e-08,
3.344,6.50642375179797e-08,
3.346,5.7844946452715005e-08,
3.348,5.09334295587023e-08,
3.35,4.49974154535971e-08,
3.352,4.05329571574924e-08,
3.354,3.7781280110380605e-08,
3.356,3.6693841860805296e-08,
3.358,3.69514691378536e-08,
3.36,3.8034466515351804e-08,
3.362,3.9332539942121806e-08,
3.364,4.02766342020033e-08,
3.366,4.0469703896895897e-08,
3.368,3.9790858105347205e-08,
3.37,3.84486096661722e-08,
3.372,3.69654711938501e-08,
3.374,3.60882399085306e-08,
3.376,3.66345323826634e-08,
3.378,3.93029571604555e-08,
3.38,4.44869492398342e-08,
3.382,5.2136201264641e-08,
3.384,6.17023176374129e-08,
3.386,7.21875755644635e-08,
3.388,8.22916887961523e-08,
3.39,9.062767826350061e-08,
3.392,9.596103127380151e-08,
3.394,9.74210071970116e-08,
3.396,9.464050253578349e-08,
3.398,8.77988310186717e-08,
3.4,7.756478069607049e-08,
3.402,6.495902941623941e-08,
3.404,5.1170049177739104e-08,
3.406,3.73630894973599e-08,
3.408,2.4517787828065897e-08,
3.41,1.33190207861529e-08,
3.412,4.111696315589161e-09,
3.414,-3.08292216890376e-09,
3.416,-8.5015215134928e-09,
3.418,-1.25413467936057e-08,
3.42,-1.56505503553203e-08,
3.422,-1.82248844200595e-08,
3.424,-2.0526901231065602e-08,
3.426,-2.2640189981522404e-08,
3.428,-2.4466217419717996e-08,
3.43,-2.57648477080494e-08,
3.432,-2.62318994569688e-08,
3.434,-2.5599292177269302e-08,
3.436,-2.3737279227365096e-08,
3.438,-2.0735915561377998e-08,
3.44,-1.6945556378358e-08,
3.442,-1.2963816471084599e-08,
3.444,-9.567545195823829e-09,
3.446,-7.60037113556332e-09,
3.448,-7.83628584619297e-09,
3.45,-1.08451668996593e-08,
3.452,-1.68859236970828e-08,
3.454,-2.58473979865342e-08,
3.456,-3.7247809852901806e-08,
3.458,-5.02926164743849e-08,
3.46,-6.39803691660303e-08,
3.462,-7.72382691867126e-08,
3.464,-8.906471083847551e-08,
3.466,-9.865558896718619e-08,
3.468,-1.05494447984422e-07,
3.47,-1.09393142515483e-07,
3.472,-1.1047861165893099e-07,
3.474,-1.09131208338886e-07,
3.476,-1.05888941391728e-07,
3.478,-1.0133805180724301e-07,
3.48,-9.60120456374392e-08,
3.482,-9.031810970849131e-08,
3.484,-8.45025131272391e-08,
3.486,-7.86571133337183e-08,
3.488,-7.276001120017969e-08,
3.49,-6.67370478253076e-08,
3.492,-6.052846988152179e-08,
3.494,-5.414657154751461e-08,
3.496,-4.7714137614576296e-08,
3.498,-4.1478287553073e-08,
3.5,-3.57984428269631e-08,
3.502,-3.11101125640954e-08,
3.504,-2.78684380506214e-08,
3.506,-2.6477779791662797e-08,
3.508,-2.7216557319230802e-08,
3.51,-3.01696546287798e-08,
3.512,-3.51826558254851e-08,
3.514,-4.18512875350946e-08,
3.516,-4.95545705383105e-08,
3.518,-5.75315323430197e-08,
3.52,-6.49907571193014e-08,
3.522,-7.123260489854199e-08,
3.524,-7.575882645033519e-08,
3.526,-7.834565003729709e-08,
3.528,-7.906432977562291e-08,
3.53,-7.824554133515839e-08,
3.532,-7.63972815182426e-08,
3.534,-7.4096197254983e-08,
3.536,-7.18767499120126e-08,
3.538,-7.014053564731981e-08,
3.54,-6.9100791575238e-08,
3.542,-6.87674402395323e-08,
3.544,-6.89690683053779e-08,
3.546,-6.94022415871554e-08,
3.548,-6.96962417891611e-08,
3.55,-6.94819168414029e-08,
3.552,-6.84553257053877e-08,
3.554,-6.64288277748016e-08,
3.556,-6.336365524317349e-08,
3.558,-5.9379242477425994e-08,
3.56,-5.4736638122384296e-08,
3.562,-4.9796924519765894e-08,
3.564,-4.49605321547612e-08,
3.566,-4.05983860839951e-08,
3.568,-3.69890275278742e-08,
3.57,-3.42755285823274e-08,
3.572,-3.24516114675627e-08,
3.574,-3.13789363777017e-08,
3.576,-3.08293927965936e-08,
3.578,-3.05401891415657e-08,
3.58,-3.0267609567347004e-08,
3.582,-2.98279065591775e-08,
3.584,-2.9119555537294604e-08,
3.586,-2.81274940084557e-08,
3.588,-2.69144685288692e-08,
3.59,-2.56057863685298e-08,
3.592,-2.4371854074949903e-08,
3.594,-2.3409555096525e-08,
3.596,-2.29209609246428e-08,
3.598,-2.30876531052002e-08,
3.6,-2.4041214187916002e-08,
3.602,-2.58339207876464e-08,
3.604,-2.84162835508971e-08,
3.606,-3.16281204127752e-08,
3.608,-3.5206899902814e-08,
3.61,-3.88122922396437e-08,
3.612,-4.2061385399537906e-08,
3.614,-4.45669570225209e-08,
3.616,-4.5972461758755704e-08,
3.618,-4.59812017226608e-08,
3.62,-4.43813170649136e-08,
3.622,-4.10702770759703e-08,
3.624,-3.6080986240355405e-08,
3.626,-2.9606853661930494e-08,
3.628,-2.20175010041359e-08,
3.63,-1.38534123589858e-08,
3.632,-5.7893637286579104e-09,
3.634,1.43645911022708e-09,
3.636,7.12003694709453e-09,
3.638,1.0697674319375e-08,
3.64,1.18366295910909e-08,
3.642,1.04875250223751e-08,
3.644,6.88487447272561e-09,
3.646,1.4959765117843e-09,
3.648,-5.06748141010668e-09,
3.65,-1.21513271414031e-08,
3.652,-1.91488970600442e-08,
3.654,-2.55601070890815e-08,
3.656,-3.1012396417074597e-08,
3.658,-3.52491179405512e-08,
3.66,-3.81002396685144e-08,
3.662,-3.9453179694036606e-08,
3.664,-3.9237911770710896e-08,
3.666,-3.74322438089429e-08,
3.668,-3.40838648286269e-08,
3.67,-2.9338789640292002e-08,
3.672,-2.34633001286238e-08,
3.674,-1.68485722328568e-08,
3.676,-9.99240202251025e-09,
3.678,-3.45851687553408e-09,
3.68,2.1811372643163202e-09,
3.682,6.41297679475634e-09,
3.684,8.848222266997421e-09,
3.686,9.28030717192235e-09,
3.688,7.72458710577573e-09,
3.69,4.43196329256669e-09,
3.692,-1.30746283145301e-10,
3.694,-5.3373833125806196e-09,
3.696,-1.04931720546069e-08,
3.698,-1.4947934495795603e-08,
3.7,-1.82113263221488e-08,
3.702,-2.0044317357683603e-08,
3.704,-2.0502502637971397e-08,
3.706,-1.9916101585928202e-08,
3.708,-1.8807013762241798e-08,
3.71,-1.77606463487784e-08,
3.712,-1.72837059605029e-08,
3.714,-1.7683915975146003e-08,
3.716,-1.90016971873608e-08,
3.718,-2.10090228199237e-08,
3.72,-2.3271883929335096e-08,
3.722,-2.52562967280832e-08,
3.724,-2.6448637948058998e-08,
3.726,-2.6461411960858704e-08,
3.728,-2.5103896682522897e-08,
3.73,-2.2409425218791203e-08,
3.732,-1.86225524550769e-08,
3.734,-1.4156512781928101e-08,
3.736,-9.533153082061059e-09,
3.738,-5.31533729921098e-09,
3.74,-2.0384246199167e-09,
3.742,-1.45358560858594e-10,
3.744,6.97731737838211e-11,
3.746,-1.49706491451313e-09,
3.748,-4.74213094172271e-09,
3.75,-9.366779730309929e-09,
3.752,-1.49234562213631e-08,
3.754,-2.0889990126914702e-08,
3.756,-2.6759567080564103e-08,
3.758,-3.21282838417061e-08,
3.76,-3.67612512425583e-08,
3.762,-4.06224732343158e-08,
3.764,-4.38621442843039e-08,
3.766,-4.67651939166298e-08,
3.768,-4.9674032410521905e-08,
3.77,-5.29041312124084e-08,
3.772,-5.66720129653928e-08,
3.774,-6.10514422724324e-08,
3.776,-6.59662505889987e-08,
3.778,-7.1219183250543e-08,
3.78,-7.65475734443802e-08,
3.782,-8.16904967475452e-08,
3.784,-8.64497522628904e-08,
3.786,-9.07291102612461e-08,
3.788,-9.454229352703439e-08,
3.79,-9.7988656649591e-08,
3.792,-1.01204323805599e-07,
3.794,-1.04303300682751e-07,
3.796,-1.0732593054416302e-07,
3.798,-1.1021019518415599e-07,
3.8,-1.1279524691296401e-07,
3.802,-1.14857833455652e-07,
3.804,-1.16173254587063e-07,
3.806,-1.1658549976459501e-07,
3.808,-1.16068017975772e-07,
3.81,-1.1475796831415698e-07,
3.812,-1.12952531311256e-07,
3.814,-1.11064703954142e-07,
3.816,-1.09546015777658e-07,
3.818,-1.0879246521689599e-07,
3.82,-1.0905540383736699e-07,
3.822,-1.1037937647143199e-07,
3.824,-1.1258345980062001e-07,
3.826,-1.15292356036395e-07,
3.828,-1.1801087000462198e-07,
3.83,-1.20223943774113e-07,
3.832,-1.2149767786051e-07,
3.834,-1.2155704640697402e-07,
3.836,-1.20323432592801e-07,
3.838,-1.17907339373951e-07,
3.84,-1.14564577279477e-07,
3.842,-1.10633496739709e-07,
3.844,-1.06473383895989e-07,
3.846,-1.02419514001217e-07,
3.848,-9.87608579279391e-08,
3.85,-9.57361929586158e-08,
3.852,-9.353762455587589e-08,
3.854,-9.23098782455583e-08,
3.856,-9.21390516775067e-08,
3.858,-9.30330798581183e-08,
3.86,-9.49037992628321e-08,
3.862,-9.756343893536369e-08,
3.864,-1.00744912288353e-07,
3.866,-1.04146559574585e-07,
3.868,-1.0749153683993302e-07,
3.87,-1.10584356791237e-07,
3.872,-1.1334572093894401e-07,
3.874,-1.15812826278016e-07,
3.876,-1.18103849198677e-07,
3.878,-1.2035803465985e-07,
3.88,-1.2267181456988e-07,
3.882,-1.2505302340585698e-07,
3.884,-1.27408758618935e-07,
3.886,-1.2957013024052e-07,
3.888,-1.31343734980836e-07,
3.89,-1.32570302068923e-07,
3.892,-1.33169127841536e-07,
3.894,-1.33153186307135e-07,
3.896,-1.32611537856164e-07,
3.898,-1.3166815749387698e-07,
3.9,-1.30434732050998e-07,
3.902,-1.28976301779445e-07,
3.904,-1.2730274277957599e-07,
3.906,-1.25388705172495e-07,
3.908,-1.23213969647691e-07,
3.91,-1.20809210665081e-07,
3.912,-1.1829097798519599e-07,
3.914,-1.1587399084089198e-07,
3.916,-1.1385626142790101e-07,
3.918,-1.1258008510529599e-07,
3.92,-1.12377173349361e-07,
3.922,-1.13508295780984e-07,
3.924,-1.16107376528478e-07,
3.926,-1.20138444996257e-07,
3.928,-1.25372308103144e-07,
3.93,-1.31388495331058e-07,
3.932,-1.37606205022383e-07,
3.934,-1.43344641177229e-07,
3.936,-1.47907867050857e-07,
3.938,-1.50682913520873e-07,
3.94,-1.51234314850771e-07,
3.942,-1.49375861256338e-07,
3.944,-1.45202852540084e-07,
3.946,-1.39075647750338e-07,
3.948,-1.31556145681896e-07,
3.95,-1.2330998764867e-07,
3.952,-1.1499546250281501e-07,
3.954,-1.07162914785549e-07,
3.956,-1.00185185475344e-07,
3.958,-9.423135522594789e-08,
3.96,-8.92852634131951e-08,
3.962,-8.51998866970047e-08,
3.964,-8.17712268488714e-08,
3.966,-7.881240310790951e-08,
3.968,-7.621042542380151e-08,
3.97,-7.39537509167085e-08,
3.972,-7.21265234868983e-08,
3.974,-7.08733844633129e-08,
3.976,-7.03451068556625e-08,
3.978,-7.06387925644312e-08,
3.98,-7.17465316205642e-08,
3.982,-7.352364613496531e-08,
3.984,-7.56829707407371e-08,
3.986,-7.7816375548964e-08,
3.988,-7.94400872047766e-08,
3.99,-8.0057007666419e-08,
3.992,-7.92273065115686e-08,
3.994,-7.66378106968663e-08,
3.996,-7.216078453075101e-08,
3.998,-6.58934220151052e-08,
4.0,-5.8170882158705996e-08,
4.002,-4.95482489997759e-08,
4.004,-4.07505197505409e-08,
4.006,-3.25943647339471e-08,
4.008,-2.58902671928136e-08,
4.01,-2.13377623618534e-08,
4.012,-1.9428894767678898e-08,
4.014,-2.03750487536417e-08,
4.016,-2.40697820323946e-08,
4.018,-3.00954549493758e-08,
4.02,-3.7774895372102304e-08,
4.022,-4.62619364038108e-08,
4.024,-5.4657523725437704e-08,
4.026,-6.213254971291879e-08,
4.028,-6.80360508742924e-08,
4.03,-7.19690508152517e-08,
4.032,-7.38105229168063e-08,
4.034,-7.369185654359e-08,
4.036,-7.19277071950458e-08,
4.038,-6.892118586126009e-08,
4.04,-6.506701831402629e-08,
4.042,-6.06757141345541e-08,
4.044,-5.5934971774854006e-08,
4.046,-5.09135881684645e-08,
4.048,-4.56014811892447e-08,
4.05,-3.99706322420458e-08,
4.052,-3.4038197171224504e-08,
4.054,-2.79151055146937e-08,
4.056,-2.18295900588363e-08,
4.058,-1.61225383708105e-08,
4.06,-1.1217707793487e-08,
4.062,-7.573237062620858e-09,
4.064,-5.6216653168340005e-09,
4.066,-5.70519762936479e-09,
4.068,-8.01286441800289e-09,
4.07,-1.25273624842852e-08,
4.072,-1.89912369930833e-08,
4.074,-2.6902995912936003e-08,
4.076,-3.5551784968663196e-08,
4.078,-4.40933011255603e-08,
4.08,-5.1660312097229695e-08,
4.082,-5.74909153232666e-08,
4.084,-6.10499873402398e-08,
4.086,-6.2117310291347e-08,
4.088,-6.082112892648161e-08,
4.09,-5.7607499197775104e-08,
4.092,-5.31506378067241e-08,
4.094,-4.82233283282295e-08,
4.096,-4.35553974530823e-08,
4.098,-3.9710120128069504e-08,
4.1,-3.70031823964663e-08,
4.102,-3.5478532356772e-08,
4.104,-3.49430999627749e-08,
4.106,-3.5050850466726e-08,
4.108,-3.54179028020452e-08,
4.11,-3.57453191887344e-08,
4.112,-3.59247287844969e-08,
4.114,-3.61040699314664e-08,
4.116,-3.6696452948312794e-08,
4.118,-3.83244778908982e-08,
4.12,-4.1704741002173105e-08,
4.122,-4.74910189771621e-08,
4.124,-5.610672219203019e-08,
4.126,-6.760394977610719e-08,
4.128,-8.15847274047089e-08,
4.13,-9.720865034417869e-08,
4.132,-1.13292052150051e-07,
4.134,-1.28481707745198e-07,
4.136,-1.41467264089252e-07,
4.138,-1.5118684652616198e-07,
4.14,-1.56982741048717e-07,
4.142,-1.5867793254626301e-07,
4.144,-1.56565093568677e-07,
4.146,-1.5132074397966799e-07,
4.148,-1.43872386897754e-07,
4.15,-1.3525165591049098e-07,
4.152,-1.26461823160315e-07,
4.154,-1.1837682028894201e-07,
4.156,-1.11676437972434e-07,
4.158,-1.06813376117761e-07,
4.16,-1.04004742822993e-07,
4.162,-1.03242751989874e-07,
4.164,-1.0432359659065801e-07,
4.166,-1.0689591619955198e-07,
4.168,-1.10528369207763e-07,
4.17,-1.1478964424345e-07,
4.172,-1.19326591592803e-07,
4.174,-1.2392125720996999e-07,
4.176,-1.28509101738573e-07,
4.178,-1.3314974470597e-07,
4.18,-1.3795600371972898e-07,
4.182,-1.43001860416301e-07,
4.184,-1.48239461514394e-07,
4.186,-1.5345504291263302e-07,
4.188,-1.58282845907159e-07,
4.19,-1.6227777748208002e-07,
4.192,-1.65027853186062e-07,
4.194,-1.66273231568832e-07,
4.196,-1.65994995691528e-07,
4.198,-1.64445169509882e-07,
4.2,-1.62107004183954e-07,
4.202,-1.5959544757528201e-07,
4.204,-1.5752508597344e-07,
4.206,-1.56381346483395e-07,
4.208,-1.5642820507268697e-07,
4.21,-1.5767359757530698e-07,
4.212,-1.59896602257446e-07,
4.214,-1.6272383186232e-07,
4.216,-1.6573115021330098e-07,
4.218,-1.68543412516388e-07,
4.22,-1.70909283870123e-07,
4.222,-1.72737883935022e-07,
4.224,-1.74095415940951e-07,
4.226,-1.75169569192749e-07,
4.228,-1.7621502254927897e-07,
4.23,-1.7749419708455301e-07,
4.232,-1.7922445980844103e-07,
4.234,-1.8153819876080399e-07,
4.236,-1.8445767295971898e-07,
4.238,-1.8788381071104e-07,
4.24,-1.9159767645963897e-07,
4.242,-1.9527455275475302e-07,
4.244,-1.9851213572955698e-07,
4.246,-2.0087469532559603e-07,
4.248,-2.01953153626565e-07,
4.25,-2.01436800218007e-07,
4.252,-1.9918683241126602e-07,
4.254,-1.9529700307918198e-07,
4.256,-1.90124576126527e-07,
4.258,-1.8427720361648897e-07,
4.26,-1.78548679001449e-07,
4.262,-1.73807598074785e-07,
4.264,-1.7085511796201302e-07,
4.266,-1.70277826476149e-07,
4.268,-1.7232609254939102e-07,
4.27,-1.76845385988304e-07,
4.272,-1.8327818473991199e-07,
4.274,-1.90739528743139e-07,
4.276,-1.9815370416570498e-07,
4.278,-2.04426852577225e-07,
4.28,-2.0862344334109699e-07,
4.282,-2.10114719171131e-07,
4.284,-2.0867372441433002e-07,
4.286,-2.0450226177601898e-07,
4.288,-1.9818747379329e-07,
4.29,-1.90597378502391e-07,
4.292,-1.82734014618888e-07,
4.294,-1.75569007570101e-07,
4.296,-1.69888905082176e-07,
4.298,-1.6617621548778e-07,
4.3,-1.6454647928733598e-07,
4.302,-1.6475211113791803e-07,
4.304,-1.6625125728748801e-07,
4.306,-1.68326755649475e-07,
4.308,-1.70229553645398e-07,
4.31,-1.71315725355423e-07,
4.312,-1.71148472901549e-07,
4.314,-1.6954603979564302e-07,
4.316,-1.6657080444662e-07,
4.318,-1.62469791274279e-07,
4.32,-1.57587993262388e-07,
4.322,-1.52280109057428e-07,
4.324,-1.4684283250172801e-07,
4.326,-1.4148053544619502e-07,
4.328,-1.36305634980519e-07,
4.33,-1.313650107921e-07,
4.332,-1.26678290766545e-07,
4.334,-1.22273473791604e-07,
4.336,-1.1820915694649598e-07,
4.338,-1.1457844646295099e-07,
4.34,-1.1149530141984999e-07,
4.342,-1.09068209063849e-07,
4.344,-1.07368355856313e-07,
4.346,-1.0640016036954e-07,
4.348,-1.06081608575083e-07,
4.35,-1.0624040661564599e-07,
4.352,-1.0662935293302e-07,
4.354,-1.06960405179208e-07,
4.356,-1.0695209783844802e-07,
4.358,-1.06380440116209e-07,
4.36,-1.05120866894384e-07,
4.362,-1.0316968423454e-07,
4.364,-1.0063816689748801e-07,
4.366,-9.77199487374717e-08,
4.368,-9.46402097487907e-08,
4.37,-9.16005681900386e-08,
4.372,-8.87344281000019e-08,
4.374,-8.60834078379453e-08,
4.376,-8.35979594038733e-08,
4.378,-8.115734703413321e-08,
4.38,-7.85989082865752e-08,
4.382,-7.57459107867296e-08,
4.384,-7.24272516344731e-08,
4.386,-6.84886489796416e-08,
4.388,-6.3800706908575e-08,
4.39,-5.827149476078769e-08,
4.392,-5.1868858912829005e-08,
4.394,-4.4651515026882e-08,
4.396,-3.68007469922806e-08,
4.398,-2.86395754814808e-08,
4.4,-2.06260702265702e-08,
4.402,-1.33127276577211e-08,
4.404,-7.27304350967917e-09,
4.406,-3.00654400868737e-09,
4.408,-8.41182291274079e-10,
4.41,-8.54614250489651e-10,
4.412,-2.83262809447763e-09,
4.414,-6.274989406932701e-09,
4.416,-1.04486226017115e-08,
4.418,-1.44782697243698e-08,
4.42,-1.7457946660664e-08,
4.422,-1.8563941651433102e-08,
4.424,-1.71517867015909e-08,
4.426,-1.2824566100971798e-08,
4.428,-5.4665326127691095e-09,
4.43,4.7573848346877704e-09,
4.432,1.74303690552069e-08,
4.434,3.19320428780509e-08,
4.436,4.7497225434281105e-08,
4.438,6.327788792881369e-08,
4.44,7.84042633758825e-08,
4.442,9.204419911625401e-08,
4.444,1.03461542737435e-07,
4.446,1.1207370316960001e-07,
4.448,1.1750554079052901e-07,
4.45,1.19632553161216e-07,
4.452,1.1860295324075401e-07,
4.454,1.14827866329829e-07,
4.456,1.0893289309113701e-07,
4.458,1.01672493202879e-07,
4.46,9.38189806473716e-08,
4.462,8.60469925081976e-08,
4.464,7.88385506633335e-08,
4.466,7.243099710756261e-08,
4.468,6.68202038632094e-08,
4.47,6.18171524946416e-08,
4.472,5.7141634894756794e-08,
4.474,5.2527066247074904e-08,
4.476,4.78083841744371e-08,
4.478,4.29712669264943e-08,
4.48,3.81531794919705e-08,
4.482,3.3600883075586894e-08,
4.484,2.9600512447507697e-08,
4.486,2.64018797266162e-08,
4.488,2.4157306443190198e-08,
4.49,2.28883678385263e-08,
4.492,2.2484380341484602e-08,
4.494,2.27275498708615e-08,
4.496,2.3333904953298e-08,
4.498,2.3997498068831e-08,
4.5,2.44274538232664e-08,
4.502,2.43718939060541e-08,
4.504,2.3627902696692997e-08,
4.506,2.20410856249869e-08,
4.508,1.95009833914331e-08,
4.51,1.59392050610075e-08,
4.512,1.13355944289175e-08,
4.514,5.7343568792943796e-09,
4.516,-7.324584434610251e-10,
4.518,-7.82128900024859e-09,
4.52,-1.51635359863849e-08,
4.522,-2.2272898379584e-08,
4.524,-2.85810240883798e-08,
4.526,-3.3502281327073505e-08,
4.528,-3.6519872920850894e-08,
4.53,-3.7277489164537504e-08,
4.532,-3.56559590634341e-08,
4.534,-3.1814947627417603e-08,
4.536,-2.61861592570912e-08,
4.538,-1.94153814018816e-08,
4.54,-1.22631398945473e-08,
4.542,-5.4842062767492e-09,
4.544,2.88323701882744e-10,
4.546,4.62971434166397e-09,
4.548,7.36357532476512e-09,
4.55,8.548949359638779e-09,
4.552,8.42056322130294e-09,
4.554,7.29849941854009e-09,
4.556,5.48945666593905e-09,
4.558,3.20246719242158e-09,
4.56,4.97787593430199e-10,
4.562,-2.72002900548091e-09,
4.564,-6.663405009176939e-09,
4.566,-1.15854836828419e-08,
4.568,-1.76826069705761e-08,
4.57,-2.4997173322687403e-08,
4.572,-3.33441756424287e-08,
4.574,-4.2281980952200003e-08,
4.576,-5.11406586449959e-08,
4.578,-5.9110063857086906e-08,
4.58,-6.53766072737566e-08,
4.582,-6.928481724111179e-08,
4.584,-7.04905947225049e-08,
4.586,-6.90704258117432e-08,
4.588,-6.555653849415881e-08,
4.59,-6.08818857819223e-08,
4.592,-5.62384003880572e-08,
4.594,-5.287271759997401e-08,
4.596,-5.18601053312591e-08,
4.598,-5.3904880915965197e-08,
4.6,-5.92114668834502e-08,
4.602,-6.745490976614451e-08,
4.604,-7.78568346370751e-08,
4.606,-8.934837086059071e-08,
4.608,-1.0078202952487e-07,
4.61,-1.11144888517376e-07,
4.612,-1.19727870000114e-07,
4.614,-1.26219027540244e-07,
4.616,-1.30708372314293e-07,
4.618,-1.33612248922887e-07,
4.62,-1.35541443680151e-07,
4.622,-1.37145807413961e-07,
4.624,-1.3896850746061198e-07,
4.626,-1.41336664462513e-07,
4.628,-1.44304917795623e-07,
4.63,-1.47657302049922e-07,
4.632,-1.50962785943993e-07,
4.634,-1.53671908171831e-07,
4.636,-1.55236337261484e-07,
4.638,-1.5522987757552098e-07,
4.64,-1.53448695695773e-07,
4.642,-1.49970925274993e-07,
4.644,-1.4516183543465098e-07,
4.646,-1.3962027413945197e-07,
4.648,-1.3407387169227902e-07,
4.65,-1.29242144927699e-07,
4.652,-1.25695228916754e-07,
4.654,-1.2373884817241303e-07,
4.656,-1.23351941660462e-07,
4.658,-1.24192540896438e-07,
4.66,-1.25672395683852e-07,
4.662,-1.27085059935065e-07,
4.664,-1.27759606384769e-07,
4.666,-1.27205988297102e-07,
4.668,-1.25219869306989e-07,
4.67,-1.21924082163397e-07,
4.672,-1.1773849746851198e-07,
4.674,-1.1328647090149601e-07,
4.676,-1.0926029086702899e-07,
4.678,-1.06276814857616e-07,
4.68,-1.0475575789692199e-07,
4.682,-1.0484670215160401e-07,
4.684,-1.0641852928613e-07,
4.686,-1.09109789102004e-07,
4.688,-1.1242432624718402e-07,
4.69,-1.1584678864379e-07,
4.692,-1.1894970259745e-07,
4.694,-1.2146806575055098e-07,
4.696,-1.2332741968658303e-07,
4.698,-1.24624195361197e-07,
4.7,-1.25569236878814e-07,
4.702,-1.2641363934558002e-07,
4.704,-1.2737845448216e-07,
4.706,-1.2860619804621598e-07,
4.708,-1.30143888555825e-07,
4.71,-1.3195719447695301e-07,
4.712,-1.3396618503933698e-07,
4.714,-1.36087696996698e-07,
4.716,-1.38268791274923e-07,
4.718,-1.40500012753531e-07,
4.72,-1.4280462567992698e-07,
4.722,-1.45208252005022e-07,
4.724,-1.47699860292983e-07,
4.726,-1.50197968094446e-07,
4.728,-1.5253454375694598e-07,
4.73,-1.54464047084788e-07,
4.732,-1.55697972038132e-07,
4.734,-1.5595821660647198e-07,
4.736,-1.5503744870447e-07,
4.738,-1.52852492338624e-07,
4.74,-1.49477867703729e-07,
4.742,-1.45150471236691e-07,
4.744,-1.4024202781389698e-07,
4.746,-1.3520231389648198e-07,
4.748,-1.30482212178758e-07,
4.75,-1.26450460734914e-07,
4.752,-1.2332058411047999e-07,
4.754,-1.2110411322582198e-07,
4.756,-1.19602308552259e-07,
4.758,-1.1844135485655801e-07,
4.76,-1.17146509629111e-07,
4.762,-1.1524103068140199e-07,
4.764,-1.1234849684605e-07,
4.766,-1.0827475550720401e-07,
4.768,-1.03049454738599e-07,
4.77,-9.691647944910659e-08,
4.772,-9.02753315306733e-08,
4.774,-8.358807778769339e-08,
4.776,-7.72753078038949e-08,
4.778,-7.16270277905504e-08,
4.78,-6.674991032685861e-08,
4.782,-6.2562276404582e-08,
4.784,-5.8835639944410395e-08,
4.786,-5.52701770915596e-08,
4.788,-5.1584078076059806e-08,
4.79,-4.75949394292512e-08,
4.792,-4.3274973243800597e-08,
4.794,-3.87692404930347e-08,
4.796,-3.43750310575781e-08,
4.798,-3.04886633494489e-08,
4.8,-2.75317817715738e-08,
4.802,-2.58720198268057e-08,
4.804,-2.57527927500856e-08,
4.806,-2.7244576187344104e-08,
4.808,-3.022603030175e-08,
4.81,-3.4398365544407896e-08,
4.812,-3.9330931112985895e-08,
4.814,-4.45306572356289e-08,
4.816,-4.95233569139008e-08,
4.818,-5.39318284827029e-08,
4.82,-5.7535076699995806e-08,
4.822,-6.029542967461781e-08,
4.824,-6.23459459989454e-08,
4.826,-6.39385561094423e-08,
4.828,-6.536233368720661e-08,
4.83,-6.68490864224102e-08,
4.832,-6.84880092676608e-08,
4.834,-7.01709553714686e-08,
4.836,-7.15845223997637e-08,
4.838,-7.225549397024459e-08,
4.84,-7.16442349602437e-08,
4.842,-6.9269108264667e-08,
4.844,-6.48365551038531e-08,
4.846,-5.8348201664005805e-08,
4.848,-5.0159132405087996e-08,
4.85,-4.09699105458092e-08,
4.852,-3.17474549302106e-08,
4.854,-2.35841006398055e-08,
4.856,-1.75173249179077e-08,
4.858,-1.43420916105117e-08,
4.86,-1.4451518126438401e-08,
4.862,-1.77385064201274e-08,
4.864,-2.3581219355835e-08,
4.866,-3.09202581947194e-08,
4.868,-3.84177433320501e-08,
4.87,-4.4671685951584295e-08,
4.872,-4.84467080103946e-08,
4.874,-4.8877332695746505e-08,
4.876,-4.56042974458093e-08,
4.878,-3.88172190126265e-08,
4.88,-2.9195963259418703e-08,
4.882,-1.7764116564896202e-08,
4.884,-5.68621586336497e-09,
4.886,5.948409136601079e-09,
4.888,1.63108225547542e-08,
4.89,2.4950773029407902e-08,
4.892,3.1828324247656694e-08,
4.894,3.72588615185066e-08,
4.896,4.17901041968896e-08,
4.898,4.60428338257686e-08,
4.9,5.0551958314676295e-08,
4.902,5.56408611650884e-08,
4.904,6.135148871285549e-08,
4.906,6.743855084045871e-08,
4.908,7.34222447178592e-08,
4.91,7.86831595775883e-08,
4.912,8.25772733544052e-08,
4.914,8.4548466172665e-08,
4.916,8.42197446003865e-08,
4.918,8.14507051373927e-08,
4.92,7.63559244780888e-08,
4.922,6.928560344348441e-08,
4.924,6.0775119333148e-08,
4.926,5.1473817422726906e-08,
4.928,4.20652899419766e-08,
4.93,3.31915080137271e-08,
4.932,2.5391488551561603e-08,
4.934,1.9061848002671598e-08,
4.936,1.4442077495483702e-08,
4.938,1.16224838096461e-08,
4.94,1.05685281904698e-08,
4.942,1.11527611436174e-08,
4.944,1.31853170913752e-08,
4.946,1.6435999512270302e-08,
4.948,2.06447082315237e-08,
4.95,2.5521236176410202e-08,
4.952,3.07390901809606e-08,
4.954,3.59300245014781e-08,
4.956,4.06859774194237e-08,
4.958,4.4573203811999e-08,
4.96,4.7160191584481207e-08,
4.962,4.8057282535400495e-08,
4.964,4.69626540418133e-08,
4.966,4.3707165718588e-08,
4.968,3.82899690221477e-08,
4.97,3.0897822693987996e-08,
4.972,2.19035229487476e-08,
4.974,1.18422210568822e-08,
4.976,1.36795068766792e-09,
4.978,-8.80431202588183e-09,
4.98,-1.79638509113731e-08,
4.982,-2.5468950884147005e-08,
4.984,-3.08041667933038e-08,
4.986,-3.36246313335176e-08,
4.988,-3.37837317488046e-08,
4.99,-3.13422126308832e-08,
4.992,-2.65582781986857e-08,
4.994,-1.9859694716395e-08,
4.996,-1.1800433394023301e-08,
4.998,-3.00610390358398e-09,
5.0,5.88592255695927e-09,
5.002,1.42847017793452e-08,
5.004,2.16952020779902e-08,
5.006,2.77534248183437e-08,
5.008,3.22440337118882e-08,
5.01,3.51004176333271e-08,
5.012,3.638976596002e-08,
5.014,3.62872239975842e-08,
5.016,3.50432538280597e-08,
5.018,3.29473339928511e-08,
5.02,3.02899521885931e-08,
5.022,2.73244051212685e-08,
5.024,2.42307296196976e-08,
5.026,2.1085926011155e-08,
5.028,1.78465581746631e-08,
5.03,1.43505293146379e-08,
5.032,1.03432556065221e-08,
5.034,5.52925609426698e-09,
5.036,-3.55977332884141e-10,
5.038,-7.46550239584246e-09,
5.04,-1.57684392342354e-08,
5.042,-2.50036092380058e-08,
5.044,-3.46746063294114e-08,
5.046,-4.4094561172214406e-08,
5.048,-5.24788694620275e-08,
5.05,-5.9073316657058397e-08,
5.052,-6.32957629140698e-08,
5.054,-6.48640682751688e-08,
5.056,-6.38827741186582e-08,
5.058,-6.08667371602777e-08,
5.06,-5.66907770437765e-08,
5.062,-5.2468629737113094e-08,
5.064,-4.9379356996251396e-08,
5.066,-4.84716551241389e-08,
5.068,-5.0483248220956905e-08,
5.07,-5.571170389059839e-08,
5.072,-6.396411647021589e-08,
5.074,-7.45976120155322e-08,
5.076,-8.664373420795679e-08,
5.078,-9.899174685949591e-08,
5.08,-1.1059304863208802e-07,
5.082,-1.20644445839474e-07,
5.084,-1.2871316637922802e-07,
5.086,-1.34780032414601e-07,
5.088,-1.3919584684487698e-07,
5.09,-1.42565259213719e-07,
5.092,-1.45587593387051e-07,
5.094,-1.48891918691976e-07,
5.096,-1.52902570629838e-07,
5.098,-1.57762146639662e-07,
5.1,-1.63324373020141e-07,
5.102,-1.69212909893502e-07,
5.104,-1.74927971686426e-07,
5.106,-1.79973597825788e-07,
5.108,-1.8397606445463398e-07,
5.11,-1.8676817574865398e-07,
5.112,-1.8842345767786e-07,
5.114,-1.8923611170849898e-07,
5.116,-1.8965421505671502e-07,
5.118,-1.9018268543672103e-07,
5.12,-1.9127739711767899e-07,
5.122,-1.93252022814407e-07,
5.124,-1.9621516800750502e-07,
5.126,-2.00048402992857e-07,
5.128,-2.04427513844532e-07,
5.13,-2.08881325582846e-07,
5.132,-2.1287613887678302e-07,
5.134,-2.15910027569588e-07,
5.136,-2.1760030863097601e-07,
5.138,-2.17749300098559e-07,
5.14,-2.1637756312322303e-07,
5.142,-2.13719487759349e-07,
5.144,-2.10182494065555e-07,
5.146,-2.0627735884554102e-07,
5.148,-2.0253229574596502e-07,
5.15,-1.99406521005393e-07,
5.152,-1.972194365335e-07,
5.154,-1.96108937870377e-07,
5.156,-1.9602692903409397e-07,
5.158,-1.96772744478447e-07,
5.16,-1.9805724215989e-07,
5.162,-1.9958355366699397e-07,
5.164,-2.0112649283242397e-07,
5.166,-2.02592547618995e-07,
5.168,-2.0404644729135e-07,
5.17,-2.0569771288374397e-07,
5.172,-2.0784967532644103e-07,
5.174,-2.10822006541642e-07,
5.176,-2.14863771723694e-07,
5.178,-2.20075961245253e-07,
5.18,-2.2636004688526802e-07,
5.182,-2.33403122668093e-07,
5.184,-2.4070230825275605e-07,
5.186,-2.47623340834784e-07,
5.188,-2.5348243072445504e-07,
5.19,-2.57637527421072e-07,
5.192,-2.59575201816792e-07,
5.194,-2.58981641743733e-07,
5.196,-2.5578962447831104e-07,
5.198,-2.50196722502874e-07,
5.2,-2.42652878439989e-07,
5.202,-2.33817933942103e-07,
5.204,-2.2449220914123802e-07,
5.206,-2.15526270338141e-07,
5.208,-2.0771959037212897e-07,
5.21,-2.01721200717842e-07,
5.212,-1.97947412278483e-07,
5.214,-1.9653093755794e-07,
5.216,-1.9731155333791898e-07,
5.218,-1.9987115080436802e-07,
5.22,-2.0360716125536998e-07,
5.222,-2.07830246217601e-07,
5.224,-2.1186714859415802e-07,
5.226,-2.15149234778872e-07,
5.228,-2.17271618189403e-07,
5.23,-2.18015463790492e-07,
5.232,-2.1733477336905398e-07,
5.234,-2.1531616448898202e-07,
5.236,-2.12124157097918e-07,
5.238,-2.07944819154618e-07,
5.24,-2.0293810099462e-07,
5.242,-1.9720534933938698e-07,
5.244,-1.9077485698612398e-07,
5.246,-1.8360573410770603e-07,
5.248,-1.7560883658903302e-07,
5.25,-1.66682247520648e-07,
5.252,-1.56757081482589e-07,
5.254,-1.4584688960002699e-07,
5.256,-1.340912479382e-07,
5.258,-1.21782475091617e-07,
5.26,-1.09365249203983e-07,
5.262,-9.74029937898569e-08,
5.264,-8.651194036213719e-08,
5.266,-7.72721570612555e-08,
5.268,-7.01321220645645e-08,
5.27,-6.53271684877088e-08,
5.272,-6.28307688281426e-08,
5.274,-6.235111354459879e-08,
5.276,-6.3375340189992e-08,
5.278,-6.52528095048134e-08,
5.28,-6.73000096397187e-08,
5.282,-6.89053409767962e-08,
5.284,-6.9613165960311e-08,
5.286,-6.917248613932639e-08,
5.288,-6.75445198820877e-08,
5.29,-6.487276406981099e-08,
5.292,-6.142646961505081e-08,
5.294,-5.75323050151376e-08,
5.296,-5.350892815353941e-08,
5.298,-4.9615912358832694e-08,
5.3,-4.60233579056156e-08,
5.302,-4.28031321575774e-08,
5.304,-3.99383085435725e-08,
5.306,-3.73447389932548e-08,
5.308,-3.4897905481333704e-08,
5.31,-3.24588999657433e-08,
5.312,-2.9895014645238903e-08,
5.314,-2.7092447696717202e-08,
5.316,-2.39606636222818e-08,
5.318,-2.04297711103789e-08,
5.32,-1.64437436420784e-08,
5.322,-1.19532272626091e-08,
5.324,-6.91181603980699e-09,
5.326,-1.27881374924068e-09,
5.328,4.97039220645607e-09,
5.33,1.18278380972168e-08,
5.332,1.9234540825245902e-08,
5.334,2.7066105871697904e-08,
5.336,3.51285609215571e-08,
5.338,4.31687187852791e-08,
5.34,5.08997561466676e-08,
5.342,5.80383169321752e-08,
5.344,6.43457052206792e-08,
5.346,6.96639424027137e-08,
5.348,7.3938364737798e-08,
5.35,7.72218679916877e-08,
5.352,7.96608118721366e-08,
5.354,8.14673898706012e-08,
5.356,8.28863917048149e-08,
5.358,8.41647724574176e-08,
5.36,8.553026145278111e-08,
5.362,8.71812803841403e-08,
5.364,8.92861508768459e-08,
5.366,9.1986448255785e-08,
5.368,9.539840925416462e-08,
5.37,9.96077377747308e-08,
5.372,1.04656372833715e-07,
5.374,1.10523626548342e-07,
5.376,1.17107264534686e-07,
5.378,1.24211553590363e-07,
5.38,1.31548566925477e-07,
5.382,1.38756292909604e-07,
5.384,1.4543307269937102e-07,
5.386,1.51183659561263e-07,
5.388,1.55668857744829e-07,
5.39,1.58649148015641e-07,
5.392,1.60013395655385e-07,
5.394,1.59786581009995e-07,
5.396,1.5811487643489002e-07,
5.398,1.55231298451063e-07,
5.4,1.5140940559509598e-07,
5.402,1.46915038385921e-07,
5.404,1.4196627483861598e-07,
5.406,1.3670957483362902e-07,
5.408,1.3121610772567898e-07,
5.41,1.25497549833236e-07,
5.412,1.19536392290397e-07,
5.414,1.13322987142029e-07,
5.416,1.06890670328129e-07,
5.418,1.0034125502149801e-07,
5.42,9.385546224994019e-08,
5.422,8.76857406605233e-08,
5.424,8.213181278979269e-08,
5.426,7.750183211955269e-08,
5.428,7.40641640599268e-08,
5.43,7.19965377724611e-08,
5.432,7.13405673462849e-08,
5.434,7.1970097319796e-08,
5.436,7.358101068209799e-08,
5.438,7.57076455475551e-08,
5.44,7.77667832002761e-08,
5.442,7.91248780587833e-08,
5.444,7.91789581961984e-08,
5.446,7.74378717280874e-08,
5.448,7.35895217757953e-08,
5.45,6.75419710920308e-08,
5.452,5.943140549472389e-08,
5.454,4.95966450747286e-08,
5.456,3.85264282717402e-08,
5.458,2.67904133517142e-08,
5.46,1.49667225049538e-08,
5.462,3.5777833624061705e-09,
5.464,-6.9570674134551794e-09,
5.466,-1.63480488649433e-08,
5.468,-2.44403821051075e-08,
5.47,-3.1201686021688804e-08,
5.472,-3.66960710035719e-08,
5.474,-4.10504154046614e-08,
5.476,-4.44184257835616e-08,
5.478,-4.69478971253339e-08,
5.48,-4.87561385666434e-08,
5.482,-4.99175920950247e-08,
5.484,-5.04659677433483e-08,
5.486,-5.04106716222199e-08,
5.488,-4.976421854322111e-08,
5.49,-4.85743854404888e-08,
5.492,-4.695295006987519e-08,
5.494,-4.50927203398989e-08,
5.496,-4.32665126755685e-08,
5.498,-4.18055064863668e-08,
5.5,-4.1059152072094706e-08,
5.502,-4.13433809598689e-08,
5.504,-4.2887113919976095e-08,
5.506,-4.5788172028250595e-08,
5.508,-4.9988401653288894e-08,
5.51,-5.527442729205071e-08,
5.512,-6.13056918961621e-08,
5.514,-6.766629705976889e-08,
5.516,-7.393257027460191e-08,
5.518,-7.97450408947771e-08,
5.52,-8.487211958934761e-08,
5.522,-8.92534995363341e-08,
5.524,-9.30141263535734e-08,
5.526,-9.644425500224019e-08,
5.528,-9.994707000851589e-08,
5.53,-1.03961714229319e-07,
5.532,-1.0887518486594699e-07,
5.534,-1.14940110995332e-07,
5.536,-1.2221577189098e-07,
5.538,-1.30546219475104e-07,
5.54,-1.39582261048588e-07,
5.542,-1.48844584132014e-07,
5.544,-1.5781557952974502e-07,
5.546,-1.66039953020564e-07,
5.548,-1.7321121812124601e-07,
5.55,-1.79223810648585e-07,
5.552,-1.84178526168273e-07,
5.554,-1.88340361965259e-07,
5.556,-1.9205966179719602e-07,
5.558,-1.9567649697176102e-07,
5.56,-1.9943199947755398e-07,
5.562,-2.03407935016446e-07,
5.564,-2.0750800906227898e-07,
5.566,-2.1148358369860198e-07,
5.568,-2.1499571896031297e-07,
5.57,-2.1769756755213299e-07,
5.572,-2.1931789681084103e-07,
5.574,-2.19728147036239e-07,
5.576,-2.18980835970822e-07,
5.578,-2.1731431492462697e-07,
5.58,-2.1512578977340002e-07,
5.582,-2.12919598778989e-07,
5.584,-2.1124034387946e-07,
5.586,-2.10600839302641e-07,
5.588,-2.11413770145108e-07,
5.59,-2.1393435337703898e-07,
5.592,-2.1821979356876698e-07,
5.594,-2.2411007274115802e-07,
5.596,-2.3123332247726997e-07,
5.598,-2.3903721039095996e-07,
5.6,-2.46845065982814e-07,
5.602,-2.5393189583533695e-07,
5.604,-2.59611524751938e-07,
5.606,-2.63322803880092e-07,
5.608,-2.64701257918795e-07,
5.61,-2.6362358778889e-07,
5.612,-2.6021639777869395e-07,
5.614,-2.5482686137784097e-07,
5.616,-2.47960474290496e-07,
5.618,-2.40197776466113e-07,
5.62,-2.32106184776683e-07,
5.622,-2.2416367122648398e-07,
5.624,-2.16707745097744e-07,
5.626,-2.0991694838067602e-07,
5.628,-2.03824584310483e-07,
5.63,-1.9835768306878198e-07,
5.632,-1.9338991176660302e-07,
5.634,-1.8879602982521101e-07,
5.636,-1.8449730437727102e-07,
5.638,-1.80490939863401e-07,
5.64,-1.7686063038252897e-07,
5.642,-1.7376865730659803e-07,
5.644,-1.7143202336497099e-07,
5.646,-1.70086151707862e-07,
5.648,-1.69940342923993e-07,
5.65,-1.71130115267978e-07,
5.652,-1.736729438615e-07,
5.654,-1.7743531464917897e-07,
5.656,-1.82119475995203e-07,
5.658,-1.87276801356135e-07,
5.66,-1.92350732569619e-07,
5.662,-1.9674618862086898e-07,
5.664,-1.99915389936984e-07,
5.666,-2.0144422064734699e-07,
5.668,-2.0112056170179302e-07,
5.67,-1.98967875677157e-07,
5.672,-1.95233907563762e-07,
5.674,-1.90334445454942e-07,
5.676,-1.8476319924000102e-07,
5.678,-1.78987949023682e-07,
5.68,-1.73357425392044e-07,
5.682,-1.68041320651353e-07,
5.684,-1.63017574924879e-07,
5.686,-1.58108681184411e-07,
5.688,-1.53055631174526e-07,
5.69,-1.4760810451333898e-07,
5.692,-1.41605626246886e-07,
5.694,-1.35027923336958e-07,
5.696,-1.28002549481601e-07,
5.698,-1.20770933689527e-07,
5.7,-1.13626179125355e-07,
5.702,-1.06843332345469e-07,
5.704,-1.0062322014514e-07,
5.706,-9.50644844609204e-08,
5.708,-9.016766342536881e-08,
5.71,-8.586403782903331e-08,
5.712,-8.20544468689623e-08,
5.714,-7.86418679914006e-08,
5.716,-7.554637633541889e-08,
5.718,-7.26999024157982e-08,
5.72,-7.002729194360911e-08,
5.722,-6.74258611692187e-08,
5.724,-6.475573936647e-08,
5.726,-6.18479401231578e-08,
5.728,-5.852870026888031e-08,
5.73,-5.4650813738544703e-08,
5.732,-5.01188500970488e-08,
5.734,-4.48970016054548e-08,
5.736,-3.89951800608351e-08,
5.738,-3.24380967333479e-08,
5.74,-2.52296408492032e-08,
5.742,-1.732773994203e-08,
5.744,-8.64175396248869e-09,
5.746,9.43524287495334e-10,
5.748,1.15229054985841e-08,
5.75,2.3118186884759598e-08,
5.752,3.56339083942114e-08,
5.754,4.88344292450852e-08,
5.756,6.234790157821011e-08,
5.758,7.56942113514256e-08,
5.76,8.83277366434066e-08,
5.762,9.968406523169839e-08,
5.764,1.0922273343995099e-07,
5.766,1.1646363652509699e-07,
5.768,1.21019927014872e-07,
5.77,1.22632183448316e-07,
5.772,1.2120622196997199e-07,
5.774,1.16851135763571e-07,
5.776,1.09907755114924e-07,
5.778,1.00954067904637e-07,
5.78,9.07756633309236e-08,
5.782,8.029636686802269e-08,
5.784,7.04750115210724e-08,
5.786,6.21851835106982e-08,
5.788,5.6101926092128205e-08,
5.79,5.26200729678583e-08,
5.792,5.18225515996384e-08,
5.794,5.350540185873481e-08,
5.796,5.72527892742745e-08,
5.798,6.25437747047372e-08,
5.8,6.886603170511559e-08,
5.802,7.58114245348938e-08,
5.804,8.313388670240671e-08,
5.806,9.075948420398631e-08,
5.808,9.87493915009541e-08,
5.81,1.0722637197835199e-07,
5.812,1.16282498293313e-07,
5.814,1.25889321765784e-07,
5.816,1.35831236415519e-07,
5.818,1.4567860657620302e-07,
5.82,1.54809945644976e-07,
5.822,1.62483044773982e-07,
5.824,1.67944893232424e-07,
5.826,1.70561334891119e-07,
5.828,1.6994162618668e-07,
5.83,1.6603202608334598e-07,
5.832,1.5915702307030803e-07,
5.834,1.49996303606382e-07,
5.836,1.39498303331922e-07,
5.838,1.2874441516571099e-07,
5.84,1.1878863639077199e-07,
5.842,1.10503104522145e-07,
5.844,1.04459239502595e-07,
5.846,1.0086718859699699e-07,
5.848,9.95844621906574e-08,
5.85,1.00190537882407e-07,
5.852,1.02110682232126e-07,
5.854,1.04762000601988e-07,
5.856,1.07689830876689e-07,
5.858,1.1066413677762198e-07,
5.86,1.1371347947054802e-07,
5.862,1.17087212674476e-07,
5.864,1.2115241767011e-07,
5.866,1.262476147685e-07,
5.868,1.32526994620079e-07,
5.87,1.39833758693388e-07,
5.872,1.4763731402539102e-07,
5.874,1.55056590129411e-07,
5.876,1.60972857428134e-07,
5.878,1.64214221983937e-07,
5.88,1.6377554098285902e-07,
5.882,1.59026648836549e-07,
5.884,1.4986168235446201e-07,
5.886,1.3675351940601e-07,
5.888,1.20697572704255e-07,
5.89,1.03053698378304e-07,
5.892,8.53178870401246e-08,
5.894,6.88711539977862e-08,
5.896,5.47578733838727e-08,
5.898,4.3538669338115e-08,
5.9,3.52457618483388e-08,
5.902,2.9445594457394904e-08,
5.904,2.5390106430642097e-08,
5.906,2.2219493221700098e-08,
5.908,1.9169709691253102e-08,
5.91,1.5739100322778e-08,
5.912,1.1779700673643201e-08,
5.914,7.497054261064089e-09,
5.916,3.3634781509901694e-09,
5.918,-3.12038793387548e-11,
5.92,-2.15451894456762e-09,
5.922,-2.69071157680137e-09,
5.924,-1.64871444350356e-09,
5.926,6.042940406009719e-10,
5.928,3.3894642585715802e-09,
5.93,5.8311327726523795e-09,
5.932,7.01421604086957e-09,
5.934,6.150962548622221e-09,
5.936,2.7239734888004104e-09,
5.938,-3.4207705741244303e-09,
5.94,-1.2045775671152e-08,
5.942,-2.2560675013885896e-08,
5.944,-3.41176117900444e-08,
5.946,-4.5744525940236794e-08,
5.948,-5.649280061991251e-08,
5.95,-6.557518137943991e-08,
5.952,-7.24729512487684e-08,
5.954,-7.69972020641904e-08,
5.956,-7.92967903311771e-08,
5.958,-7.98142586868331e-08,
5.96,-7.9199549302715e-08,
5.962,-7.819843727705681e-08,
5.964,-7.753687833793201e-08,
5.966,-7.782272995267321e-08,
5.968,-7.94820688423257e-08,
5.97,-8.27391313380834e-08,
5.972,-8.763842981186369e-08,
5.974,-9.40973879209986e-08,
5.976,-1.01970638243119e-07,
5.978,-1.11105070848963e-07,
5.98,-1.21368605705154e-07,
5.982,-1.32644582512178e-07,
5.984,-1.44795176889194e-07,
5.986,-1.57608037186769e-07,
5.988,-1.70747148095585e-07,
5.99,-1.83729579368803e-07,
5.992,-1.95943823132317e-07,
5.994,-2.06714329290332e-07,
5.996,-2.15403608231578e-07,
5.998,-2.2153156193908502e-07,
6.0,-2.2488485072241503e-07,
6.002,-2.2558912874807402e-07,
6.004,-2.2412405135398997e-07,
6.006,-2.21273337623139e-07,
6.008,-2.1801672860009198e-07,
6.01,-2.1538375440326e-07,
6.012,-2.1429761509977e-07,
6.014,-2.1543928375274e-07,
6.016,-2.19156967258912e-07,
6.018,-2.2543578996078e-07,
6.02,-2.33929642972801e-07,
6.022,-2.44044631498406e-07,
6.024,-2.5505414948482997e-07,
6.026,-2.66221053760103e-07,
6.028,-2.76903203978873e-07,
6.03,-2.86624113691425e-07,
6.032,-2.95099093674555e-07,
6.034,-3.02217104855269e-07,
6.036,-3.07987609033385e-07,
6.038,-3.1246836703176103e-07,
6.04,-3.1569327744255e-07,
6.042,-3.17618513143005e-07,
6.044,-3.18100624269575e-07,
6.046,-3.1691282196203605e-07,
6.048,-3.13796780998921e-07,
6.05,-3.08538796179123e-07,
6.052,-3.01052831739078e-07,
6.054,-2.9145040823901203e-07,
6.056,-2.80079156007225e-07,
6.058,-2.6751803471279e-07,
6.06,-2.54526459515181e-07,
6.062,-2.41954860689151e-07,
6.064,-2.3063314215064998e-07,
6.066,-2.21258914918297e-07,
6.068,-2.14307860135346e-07,
6.07,-2.0998388999296e-07,
6.072,-2.0821796499494697e-07,
6.074,-2.08713579359971e-07,
6.076,-2.1102666340519398e-07,
6.078,-2.1466046090646104e-07,
6.08,-2.19153535702882e-07,
6.082,-2.2414194545183102e-07,
6.084,-2.29383953329809e-07,
6.086,-2.3474549037227e-07,
6.088,-2.40154411504487e-07,
6.09,-2.45538974721698e-07,
6.092,-2.5076919479878204e-07,
6.094,-2.55618188447871e-07,
6.096,-2.59754966044149e-07,
6.098,-2.62771957869682e-07,
6.1,-2.64242019694393e-07,
6.102,-2.63792801987086e-07,
6.104,-2.6118265770993e-07,
6.106,-2.56362271429177e-07,
6.108,-2.4950953726750897e-07,
6.11,-2.41030781307642e-07,
6.112,-2.3152775336350799e-07,
6.114,-2.2173551605233998e-07,
6.116,-2.1244046011556803e-07,
6.118,-2.04389773401037e-07,
6.12,-1.98203920862013e-07,
6.122,-1.943025304133e-07,
6.124,-1.9285208051701e-07,
6.126,-1.93741365544248e-07,
6.128,-1.9658804821472603e-07,
6.13,-2.00776670272285e-07,
6.132,-2.0552521902129603e-07,
6.134,-2.0997382092044601e-07,
6.136,-2.1328571249471897e-07,
6.138,-2.1474795032287897e-07,
6.14,-2.13858115214262e-07,
6.142,-2.1038416314998e-07,
6.144,-2.0438781698528303e-07,
6.146,-1.9620717260114102e-07,
6.148,-1.86400658322743e-07,
6.15,-1.75660911322667e-07,
6.152,-1.64712219734541e-07,
6.154,-1.5420788298683e-07,
6.156,-1.4464363664683302e-07,
6.158,-1.3630026911129197e-07,
6.16,-1.29223383907289e-07,
6.162,-1.23241956730196e-07,
6.164,-1.1802103088876901e-07,
6.166,-1.1313859190236e-07,
6.168,-1.0817308805799501e-07,
6.17,-1.02786624642287e-07,
6.172,-9.67896699207509e-08,
6.174,-9.01760528258439e-08,
6.176,-8.31217873905884e-08,
6.178,-7.59472957422994e-08,
6.18,-6.90491440727598e-08,
6.182,-6.281343061446759e-08,
6.184,-5.752729486235981e-08,
6.186,-5.33065380244167e-08,
6.188,-5.00553149269745e-08,
6.19,-4.74682255720067e-08,
6.192,-4.507673445067731e-08,
6.194,-4.23323532701387e-08,
6.196,-3.87106326242681e-08,
6.198,-3.38148709477365e-08,
6.2,-2.7458039680739905e-08,
6.202,-1.97060358080682e-08,
6.204,-1.08739435526194e-08,
6.206,-1.47733994641712e-09,
6.208,7.84986137618534e-09,
6.21,1.6453341965077998e-08,
6.212,2.3752839886328598e-08,
6.214,2.9316937376341004e-08,
6.216,3.2908283477847007e-08,
6.218,3.4496817398073396e-08,
6.22,3.42449964597084e-08,
6.222,3.24729531279105e-08,
6.224,2.96124806301201e-08,
6.226,2.61573974855308e-08,
6.228,2.26154322305969e-08,
6.23,1.94646041501496e-08,
6.232,1.7115961168642e-08,
6.234,1.58845156676674e-08,
6.236,1.5970673961189602e-08,
6.238,1.74544880673825e-08,
6.24,2.0303982825612598e-08,
6.242,2.43965173081013e-08,
6.244,2.95491895439723e-08,
6.246,3.555170774101721e-08,
6.248,4.21939980885309e-08,
6.25,4.92817701243679e-08,
6.252,5.6636310050371505e-08,
6.254,6.40792029770056e-08,
6.256,7.140729585225789e-08,
6.258,7.83666943543455e-08,
6.26,8.46359151754292e-08,
6.262,8.982702758752449e-08,
6.264,9.350991494781461e-08,
6.266,9.525944954311029e-08,
6.268,9.4719565171836e-08,
6.27,9.167321459273731e-08,
6.272,8.61041660421222e-08,
6.274,7.823632621265219e-08,
6.276,6.85390709098586e-08,
6.278,5.76926131085198e-08,
6.28,4.6514839875508e-08,
6.282,3.58589238272886e-08,
6.284,2.6497737552127e-08,
6.286,1.90151328176247e-08,
6.288,1.3724397416113502e-08,
6.29,1.06303155876415e-08,
6.292,9.44376139559104e-09,
6.294,9.6479983756622e-09,
6.296,1.06057531510655e-08,
6.298,1.1687742120768999e-08,
6.3,1.2398435427941398e-08,
6.302,1.24745475483876e-08,
6.304,1.19362518114723e-08,
6.306,1.1079683940983101e-08,
6.308,1.04103808437863e-08,
6.31,1.05288352960132e-08,
6.312,1.19891390364528e-08,
6.314,1.5157805586536597e-08,
6.316,2.01010064959438e-08,
6.318,2.65242066296696e-08,
6.32,3.3779138955938e-08,
6.322,4.0940753229291296e-08,
6.324,4.69434404546009e-08,
6.326,5.075400703049379e-08,
6.328,5.15508936047347e-08,
6.33,4.8876687070829806e-08,
6.332,4.2734720290616695e-08,
6.334,3.36099633914958e-08,
6.336,2.2407833129144103e-08,
6.338,1.0319510450062301e-08,
6.34,-1.36396518653961e-09,
6.342,-1.1456798397196002e-08,
6.344,-1.90667981297473e-08,
6.346,-2.3733816187072302e-08,
6.348,-2.5494063895351002e-08,
6.35,-2.48596392768782e-08,
6.352,-2.2718111105988198e-08,
6.354,-2.0171522558644397e-08,
6.356,-1.83449049234834e-08,
6.358,-1.81992914899596e-08,
6.36,-2.03824231287675e-08,
6.362,-2.5142307593514103e-08,
6.364,-3.23162273500444e-08,
6.366,-4.13932340824119e-08,
6.368,-5.16344913384137e-08,
6.37,-6.222564030805451e-08,
6.372,-7.24305192728762e-08,
6.374,-8.171682927642669e-08,
6.376,-8.983127544176108e-08,
6.378,-9.68128067892341e-08,
6.38,-1.02945522981514e-07,
6.382,-1.0866496171726e-07,
6.384,-1.14440340218193e-07,
6.386,-1.20659091248135e-07,
6.388,-1.27537992064626e-07,
6.39,-1.35077917405617e-07,
6.392,-1.4306855731795198e-07,
6.394,-1.5113795241969e-07,
6.396,-1.588322067897e-07,
6.398,-1.65705459795091e-07,
6.4,-1.71400154209168e-07,
6.402,-1.7570237587221e-07,
6.404,-1.78564806129472e-07,
6.406,-1.80098162651925e-07,
6.408,-1.80538556614552e-07,
6.41,-1.80201470002298e-07,
6.412,-1.79432829345479e-07,
6.414,-1.78564884776765e-07,
6.416,-1.7788093754639198e-07,
6.418,-1.77589989451709e-07,
6.42,-1.77811021516332e-07,
6.422,-1.7856678549624397e-07,
6.424,-1.79787841165928e-07,
6.426,-1.81327937696048e-07,
6.428,-1.82990890851783e-07,
6.43,-1.8456678579025898e-07,
6.432,-1.8587239675313002e-07,
6.434,-1.86788401557232e-07,
6.436,-1.8728544031488601e-07,
6.438,-1.8743286638544602e-07,
6.44,-1.8738782624623802e-07,
6.442,-1.8736698630078602e-07,
6.444,-1.8760736990857e-07,
6.446,-1.8832516272146896e-07,
6.448,-1.89681404390267e-07,
6.45,-1.9176139108297e-07,
6.452,-1.9457113821472603e-07,
6.454,-1.98050400303642e-07,
6.456,-2.02098387424715e-07,
6.458,-2.06605988750167e-07,
6.46,-2.11487206502818e-07,
6.462,-2.1670261647572898e-07,
6.464,-2.2226896133715e-07,
6.466,-2.2825141144805603e-07,
6.468,-2.3473846111957604e-07,
6.47,-2.4180346577249196e-07,
6.472,-2.49460693795011e-07,
6.474,-2.57626408014858e-07,
6.476,-2.66095865842876e-07,
6.478,-2.74544645520791e-07,
6.48,-2.82557591619947e-07,
6.482,-2.89682062520134e-07,
6.484,-2.95495844423329e-07,
6.486,-2.9967594720264804e-07,
6.488,-3.02053817103962e-07,
6.49,-3.02645522686732e-07,
6.492,-3.0165125051574395e-07,
6.494,-2.99425207078728e-07,
6.496,-2.96422805221742e-07,
6.498,-2.93135383339328e-07,
6.5,-2.90023222214584e-07,
6.502,-2.87455874883845e-07,
6.504,-2.85666041931357e-07,
6.506,-2.84720663044092e-07,
6.508,-2.84511262259843e-07,
6.51,-2.8476477795845196e-07,
6.512,-2.85075378212e-07,
6.514,-2.84956204617741e-07,
6.516,-2.8390713159236103e-07,
6.518,-2.81490824611698e-07,
6.52,-2.77405791938506e-07,
6.522,-2.715432953512e-07,
6.524,-2.64016172027825e-07,
6.526,-2.5515216818799503e-07,
6.528,-2.45451444778252e-07,
6.53,-2.3551563437916604e-07,
6.532,-2.25961971458226e-07,
6.534,-2.1733876883874898e-07,
6.536,-2.1005713789668e-07,
6.538,-2.04348956293806e-07,
6.54,-2.00254374801086e-07,
6.542,-1.9763576831938697e-07,
6.544,-1.96210776015597e-07,
6.546,-1.95595788546528e-07,
6.548,-1.95352610406964e-07,
6.55,-1.95033828075119e-07,
6.552,-1.94225100637316e-07,
6.554,-1.92583946155571e-07,
6.556,-1.8987421503175898e-07,
6.558,-1.8599381568352e-07,
6.56,-1.8099150483441802e-07,
6.562,-1.75067891845715e-07,
6.564,-1.6855701639051e-07,
6.566,-1.61887954733037e-07,
6.568,-1.55530124097384e-07,
6.57,-1.4993002969277e-07,
6.572,-1.45449849319675e-07,
6.574,-1.4231860935118502e-07,
6.576,-1.4060459603748698e-07,
6.578,-1.40213594725382e-07,
6.58,-1.4091257867411802e-07,
6.582,-1.4237375468213698e-07,
6.584,-1.44230414183892e-07,
6.586,-1.46134430744699e-07,
6.588,-1.47805609269732e-07,
6.59,-1.49065140419503e-07,
6.592,-1.49848595255057e-07,
6.594,-1.50197557704426e-07,
6.596,-1.50232513550385e-07,
6.598,-1.50112483379984e-07,
6.6,-1.4998874709664e-07,
6.602,-1.4996067255551e-07,
6.604,-1.50041114409694e-07,
6.606,-1.50137232399177e-07,
6.608,-1.5005015716511198e-07,
6.61,-1.4949405353899802e-07,
6.612,-1.48132170181151e-07,
6.614,-1.45624783540216e-07,
6.616,-1.41681872526755e-07,
6.618,-1.3611219354545802e-07,
6.62,-1.28860419648683e-07,
6.622,-1.20025345584486e-07,
6.624,-1.0985487853217098e-07,
6.626,-9.87174165365964e-08,
6.628,-8.70537163369857e-08,
6.63,-7.5317592850101e-08,
6.632,-6.39167088314742e-08,
6.634,-5.3165325537650703e-08,
6.636,-4.3258647129529907e-08,
6.638,-3.42734869244386e-08,
6.64,-2.61934362878492e-08,
6.642,-1.89502237760107e-08,
6.644,-1.24684379747524e-08,
6.646,-6.699799275472621e-09,
6.648,-1.6363027791987197e-09,
6.65,2.70184347616318e-09,
6.652,6.29932887722635e-09,
6.654,9.18838573944071e-09,
6.656,1.1485370738932499e-08,
6.658,1.3406364523838799e-08,
6.66,1.5252371431120602e-08,
6.662,1.73635509060625e-08,
6.664,2.00515400930028e-08,
6.666,2.35264492096185e-08,
6.668,2.7838222936807103e-08,
6.67,3.2849741234330804e-08,
6.672,3.82518287212563e-08,
6.674,4.36201695513658e-08,
6.676,4.85036659936281e-08,
6.678,5.25257019963187e-08,
6.68,5.547601894608769e-08,
6.682,5.7372259407654e-08,
6.684,5.847622377484231e-08,
6.686,5.92590579191676e-08,
6.688,6.0319933425821e-08,
6.69,6.22722065511316e-08,
6.692,6.561778110725711e-08,
6.694,7.06332690510735e-08,
6.696,7.72900617356375e-08,
6.698,8.52248419223195e-08,
6.7,9.37683070451099e-08,
6.702,1.0202942666323199e-07,
6.704,1.0902227987887199e-07,
6.706,1.1381435079986801e-07,
6.708,1.1567075975677901e-07,
6.71,1.14169277010986e-07,
6.712,1.09266166402123e-07,
6.714,1.0130197224712801e-07,
6.716,9.094745771926211e-08,
6.718,7.9100727289946e-08,
6.72,6.67548954978915e-08,
6.722,5.4859889683105705e-08,
6.724,4.42014673860239e-08,
6.726,3.53157432164467e-08,
6.728,2.84497985374806e-08,
6.73,2.3570116094388e-08,
6.732,2.04124612018346e-08,
6.734,1.85608191502404e-08,
6.736,1.75398332100373e-08,
6.738,1.69049243182587e-08,
6.74,1.63164443816804e-08,
6.742,1.55880686849921e-08,
6.744,1.4704364832236e-08,
6.746,1.38073747428999e-08,
6.748,1.3156536762835501e-08,
6.75,1.3069896966285001e-08,
6.752,1.3856929650524599e-08,
6.754,1.5754109325664e-08,
6.756,1.88734956394842e-08,
6.758,2.31720861265193e-08,
6.76,2.84459368647366e-08,
6.762,3.43487138631605e-08,
6.764,4.0430261481322494e-08,
6.766,4.6187783342661696e-08,
6.768,5.11209106634142e-08,
6.77,5.47824571370653e-08,
6.772,5.68187380320918e-08,
6.774,5.69962924528995e-08,
6.776,5.5214844580693e-08,
6.778,5.1508600282346e-08,
6.78,4.60390275478913e-08,
6.782,3.9082058682458996e-08,
6.784,3.10115267587939e-08,
6.786,2.22792159610096e-08,
6.788,1.3390818176515501e-08,
6.79,4.876829183608089e-09,
6.792,-2.7418523769862e-09,
6.794,-8.99234279169322e-09,
6.796,-1.3489117809971598e-08,
6.798,-1.59697166366427e-08,
6.8,-1.63216536653651e-08,
6.802,-1.4596013227498701e-08,
6.804,-1.10050137176826e-08,
6.806,-5.90344524826901e-09,
6.808,2.4332024940961904e-10,
6.81,6.899785009709671e-09,
6.812,1.35031432213687e-08,
6.814,1.95026266521058e-08,
6.816,2.4391135424555697e-08,
6.818,2.7727361013856298e-08,
6.82,2.9149211417813503e-08,
6.822,2.83813548038442e-08,
6.824,2.52405348701373e-08,
6.826,1.96417536846931e-08,
6.828,1.1606662044680901e-08,
6.83,1.27311058104627e-09,
6.832,-1.10974290450439e-08,
6.834,-2.51192085749036e-08,
6.836,-4.0292884155095e-08,
6.838,-5.6030518493355e-08,
6.84,-7.16951095866091e-08,
6.842,-8.66515586491116e-08,
6.844,-1.0032302445597599e-07,
6.846,-1.12244739906743e-07,
6.848,-1.2210707330208599e-07,
6.85,-1.2978098301096e-07,
6.852,-1.3532171862662e-07,
6.854,-1.38950057751292e-07,
6.856,-1.41013828489219e-07,
6.858,-1.41935337485697e-07,
6.86,-1.4215220685136499e-07,
6.862,-1.42059878639578e-07,
6.864,-1.4196372542368e-07,
6.866,-1.42047449285652e-07,
6.868,-1.42362393554411e-07,
6.87,-1.4283963788606302e-07,
6.872,-1.4332343566454699e-07,
6.874,-1.4362096142063802e-07,
6.876,-1.43559971292649e-07,
6.878,-1.43043562156994e-07,
6.88,-1.4209053424481198e-07,
6.882,-1.4085151066882502e-07,
6.884,-1.39595059435205e-07,
6.886,-1.38664045526104e-07,
6.888,-1.38409111793166e-07,
6.89,-1.39111955106046e-07,
6.892,-1.4091438362407802e-07,
6.894,-1.4376899125223502e-07,
6.896,-1.4742351307486802e-07,
6.898,-1.5144432628059402e-07,
6.9,-1.55276656979131e-07,
6.902,-1.5833164780678502e-07,
6.904,-1.60085115051387e-07,
6.906,-1.60170540917857e-07,
6.908,-1.58449808513393e-07,
6.91,-1.55048934187819e-07,
6.912,-1.50351735893086e-07,
6.914,-1.44951048094282e-07,
6.916,-1.39563881078472e-07,
6.918,-1.349230459277e-07,
6.92,-1.31662449694164e-07,
6.922,-1.3021566633943902e-07,
6.924,-1.30746673845842e-07,
6.926,-1.33127257265175e-07,
6.928,-1.36967605530455e-07,
6.93,-1.4169613850973e-07,
6.932,-1.4667366088880998e-07,
6.934,-1.51318270829917e-07,
6.936,-1.55213689489934e-07,
6.938,-1.58176479961728e-07,
6.94,-1.60266937546274e-07,
6.942,-1.61742242401935e-07,
6.944,-1.6296519637317e-07,
6.946,-1.64293377021e-07,
6.948,-1.65978412058365e-07,
6.95,-1.6810174174261998e-07,
6.952,-1.70562567956295e-07,
6.954,-1.73118784221913e-07,
6.956,-1.75466910503744e-07,
6.958,-1.7733669019105e-07,
6.96,-1.7857288671760896e-07,
6.962,-1.7918153557140398e-07,
6.964,-1.7932873110041897e-07,
6.966,-1.79293570341476e-07,
6.968,-1.7938923008422602e-07,
6.97,-1.79874075654921e-07,
6.972,-1.8087646110816602e-07,
6.974,-1.82352552766422e-07,
6.976,-1.8408768816566898e-07,
6.978,-1.8574094617922602e-07,
6.98,-1.86922363482863e-07,
6.982,-1.87284741969666e-07,
6.984,-1.8660861847101103e-07,
6.986,-1.8486021031727397e-07,
6.988,-1.8220769881976603e-07,
6.99,-1.7899005333492998e-07,
6.992,-1.75643115245148e-07,
6.994,-1.7259778657386401e-07,
6.996,-1.7017265574208802e-07,
6.998,-1.68486258788267e-07,
7.0,-1.6741124273788398e-07,
7.002,-1.66584092015133e-07,
7.004,-1.65471437740779e-07,
7.006,-1.6348022327764498e-07,
7.008,-1.60087681592901e-07,
7.01,-1.54961343569334e-07,
7.012,-1.4804093218124e-07,
7.014,-1.39562809508335e-07,
7.016,-1.30021417542074e-07,
7.018,-1.20077263146661e-07,
7.02,-1.1043346144612999e-07,
7.022,-1.01709494108394e-07,
7.024,-9.43401707281387e-08,
7.026,-8.85203387743023e-08,
7.028,-8.42039460049713e-08,
7.03,-8.11528787123227e-08,
7.032,-7.90198663151059e-08,
7.034,-7.74431330805012e-08,
7.036,-7.61295453260447e-08,
7.038,-7.49074883947999e-08,
7.04,-7.373918942007518e-08,
7.042,-7.2692547963893e-08,
7.044,-7.18824044522844e-08,
7.046,-7.13984567564368e-08,
7.048,-7.12401962437255e-08,
7.05,-7.12775697479622e-08,
7.052,-7.1249851717607e-08,
7.054,-7.08056963562206e-08,
7.056,-6.95766349405982e-08,
7.058,-6.72669563875988e-08,
7.06,-6.37374186001114e-08,
7.062,-5.906028576640151e-08,
7.064,-5.352915832797099e-08,
7.066,-4.76177746845599e-08,
7.068,-4.18948411667807e-08,
7.07,-3.69136407687046e-08,
7.072,-3.3102466216915096e-08,
7.074,-3.06826687753906e-08,
7.076,-2.9634888892766805e-08,
7.078,-2.97223129031493e-08,
7.08,-3.05655696790156e-08,
7.082,-3.17508197661878e-08,
7.084,-3.29440514401263e-08,
7.086,-3.39827262638964e-08,
7.088,-3.49211224394343e-08,
7.09,-3.60166601841886e-08,
7.092,-3.76584828070628e-08,
7.094,-4.0253324986684e-08,
7.096,-4.40941263731237e-08,
7.098,-4.9241693378838606e-08,
7.1,-5.54479815300511e-08,
7.102,-6.21416394143567e-08,
7.104,-6.848392230320459e-08,
7.106,-7.348843407609e-08,
7.108,-7.61843096493832e-08,
7.11,-7.57922436935845e-08,
7.112,-7.18784395078885e-08,
7.114,-6.44542643048918e-08,
7.116,-5.3998941707252894e-08,
7.118,-4.13973219160475e-08,
7.12,-2.7801756832521497e-08,
7.122,-1.44428160738942e-08,
7.124,-2.42455895977804e-09,
7.126,7.45619748929112e-09,
7.128,1.4831659016121498e-08,
7.13,1.9802730659822e-08,
7.132,2.28900103093399e-08,
7.134,2.4907269188444e-08,
7.136,2.6783737703727098e-08,
7.138,2.9370980657288503e-08,
7.14,3.3272192629437797e-08,
7.142,3.8726263941787e-08,
7.144,4.5567366380869e-08,
7.146,5.32655834936016e-08,
7.148,6.10382826536734e-08,
7.15,6.80084581652053e-08,
7.152,7.33776012477126e-08,
7.154,7.65783324924461e-08,
7.156,7.73765304281874e-08,
7.158,7.59032657639674e-08,
7.16,7.261158647627079e-08,
7.162,6.81692097385234e-08,
7.164,6.33120643626147e-08,
7.166,5.8692162103410996e-08,
7.168,5.475419943475781e-08,
7.17,5.16680309603188e-08,
7.172,4.9330194844193204e-08,
7.174,4.7430371291837305e-08,
7.176,4.55624852761906e-08,
7.178,4.3349489305403195e-08,
7.18,4.05486412335359e-08,
7.182,3.71109195391279e-08,
7.184,3.31820486087578e-08,
7.186,2.9049321649336897e-08,
7.188,2.50530764469823e-08,
7.19,2.14900991195182e-08,
7.192,1.85362543343351e-08,
7.194,1.6207798441159998e-08,
7.196,1.4368064299371499e-08,
7.198,1.27727898545827e-08,
7.2,1.1137433283062701e-08,
7.202,9.20602045831317e-09,
7.204,6.8038067977985205e-09,
7.206,3.863539628151189e-09,
7.208,4.2428055727652005e-10,
7.21,-3.3906180465600902e-09,
7.212,-7.4058698162606e-09,
7.214,-1.14267402138704e-08,
7.216,-1.52648976714517e-08,
7.218,-1.87553997426348e-08,
7.22,-2.1766172576141398e-08,
7.222,-2.4202772095587597e-08,
7.224,-2.6010472674275e-08,
7.226,-2.71738277404568e-08,
7.228,-2.7712225438962205e-08,
7.23,-2.7669761169134903e-08,
7.232,-2.70992784887086e-08,
7.234,-2.6043060665175198e-08,
7.236,-2.45151384766361e-08,
7.238,-2.2491240495659798e-08,
7.24,-1.9911326843394398e-08,
7.242,-1.66965710622754e-08,
7.244,-1.2778551687435902e-08,
7.246,-8.13465971302037e-09,
7.248,-2.8215544233746503e-09,
7.25,3.0014563655485902e-09,
7.252,9.065119825520941e-09,
7.254,1.5001634417912702e-08,
7.256,2.03737214375512e-08,
7.258,2.4717403413039303e-08,
7.26,2.75927072683841e-08,
7.262,2.86358055855317e-08,
7.264,2.7606175912125803e-08,
7.266,2.4422837263818504e-08,
7.268,1.9184471288716798e-08,
7.27,1.2169397495884e-08,
7.272,3.8132441916856e-09,
7.274,-5.33506803695558e-09,
7.276,-1.467489558797e-08,
7.278,-2.36252137541952e-08,
7.28,-3.1695132154125694e-08,
7.282,-3.854198026215741e-08,
7.284,-4.40068139796534e-08,
7.286,-4.8121106683304005e-08,
7.288,-5.1084018213545994e-08,
7.29,-5.3215661256609405e-08,
7.292,-5.4896670805843494e-08,
7.294,-5.65068323059929e-08,
7.296,-5.837487110198669e-08,
7.298,-6.07479195087127e-08,
7.3,-6.37836240551746e-08,
7.302,-6.75618326518229e-08,
7.304,-7.21079310126706e-08,
7.306,-7.74174863905347e-08,
7.308,-8.34725429965775e-08,
7.31,-9.02434877725192e-08,
7.312,-9.767584725717051e-08,
7.314,-1.0566710846551802e-07,
7.316,-1.14042959336091e-07,
7.318,-1.22543836111428e-07,
7.32,-1.3083072676874098e-07,
7.322,-1.3851418936196e-07,
7.324,-1.45203835564204e-07,
7.326,-1.50569048797983e-07,
7.328,-1.54397443720986e-07,
7.33,-1.56636936025476e-07,
7.332,-1.57410614829946e-07,
7.334,-1.57000005861829e-07,
7.336,-1.5579992043267902e-07,
7.338,-1.54254666792439e-07,
7.34,-1.52789094609847e-07,
7.342,-1.51747884340879e-07,
7.344,-1.51353076943901e-07,
7.346,-1.51684518420835e-07,
7.348,-1.52682581552037e-07,
7.35,-1.5416884480971302e-07,
7.352,-1.5587908209874302e-07,
7.354,-1.57503575256196e-07,
7.356,-1.58731211300503e-07,
7.358,-1.5929469652729e-07,
7.36,-1.59013664314967e-07,
7.362,-1.57830624216505e-07,
7.364,-1.55832727007998e-07,
7.366,-1.5325181592123e-07,
7.368,-1.50437499733412e-07,
7.37,-1.4780327729814802e-07,
7.372,-1.45752947272996e-07,
7.374,-1.4460140625835e-07,
7.376,-1.44507881613144e-07,
7.378,-1.45438738838773e-07,
7.38,-1.47170843261196e-07,
7.382,-1.49336470840628e-07,
7.384,-1.51499843281856e-07,
7.386,-1.53246902699895e-07,
7.388,-1.54266651470246e-07,
7.39,-1.5440531819180301e-07,
7.392,-1.53682779494225e-07,
7.394,-1.52271382793478e-07,
7.396,-1.50447145619852e-07,
7.398,-1.4852927325953802e-07,
7.4,-1.46824508898958e-07,
7.402,-1.4558837042028903e-07,
7.404,-1.4500783660395698e-07,
7.406,-1.45202350055848e-07,
7.408,-1.46234708185129e-07,
7.41,-1.4812201491679803e-07,
7.412,-1.50839342755727e-07,
7.414,-1.5431373700537e-07,
7.416,-1.5841159483322198e-07,
7.418,-1.62926287528092e-07,
7.42,-1.6757396484269399e-07,
7.422,-1.72003681059024e-07,
7.424,-1.75824177288563e-07,
7.426,-1.78645222061375e-07,
7.428,-1.8012768505873602e-07,
7.43,-1.80034348940765e-07,
7.432,-1.78273059412907e-07,
7.434,-1.74924862686021e-07,
7.436,-1.70251745057028e-07,
7.438,-1.64681014295053e-07,
7.44,-1.5876602809369198e-07,
7.442,-1.53125863498815e-07,
7.444,-1.4836962409482e-07,
7.446,-1.4501418050096098e-07,
7.448,-1.43406690375224e-07,
7.45,-1.43664460105135e-07,
7.452,-1.4564381711837402e-07,
7.454,-1.48946242394071e-07,
7.456,-1.5296428294928998e-07,
7.458,-1.5696265760046502e-07,
7.46,-1.6018297108596402e-07,
7.462,-1.6195521716032697e-07,
7.464,-1.61797136654965e-07,
7.466,-1.5948415463317802e-07,
7.468,-1.55077796478888e-07,
7.47,-1.4890807838245302e-07,
7.472,-1.41513738693925e-07,
7.474,-1.3355157149129e-07,
7.476,-1.25691110529156e-07,
7.478,-1.18512686185293e-07,
7.48,-1.12425366229514e-07,
7.482,-1.0761706246612802e-07,
7.484,-1.04043126281916e-07,
7.486,-1.0145320400223499e-07,
7.488,-9.945003739309009e-08,
7.49,-9.756911786935301e-08,
7.492,-9.536520914543939e-08,
7.494,-9.249105383146391e-08,
7.496,-8.875513986901929e-08,
7.498,-8.41490376449431e-08,
7.5,-7.88400687105857e-08,
7.502,-7.313118773797011e-08,
7.504,-6.73959582487592e-08,
7.506,-6.200127133443741e-08,
7.508,-5.723297852092731e-08,
7.51,-5.32392184893453e-08,
7.512,-5.00028133271351e-08,
7.514,-4.7348269164488205e-08,
7.516,-4.49818182513487e-08,
7.518,-4.25561250376731e-08,
7.52,-3.97462743575209e-08,
7.522,-3.63215870872559e-08,
7.524,-3.21990847971768e-08,
7.526,-2.7468652967642797e-08,
7.528,-2.2386039138585e-08,
7.53,-1.7336287764579798e-08,
7.532,-1.2775598377546299e-08,
7.534,-9.16283653496615e-09,
7.536,-6.892602046530611e-09,
7.538,-6.2401064091113e-09,
7.54,-7.3248734675098796e-09,
7.542,-1.0096411425795899e-08,
7.544,-1.43413804183817e-08,
7.546,-1.97089685361949e-08,
7.548,-2.5749396788339998e-08,
7.55,-3.19596222221141e-08,
7.552,-3.7830199203922007e-08,
7.554,-4.28877296296104e-08,
7.556,-4.67283344313461e-08,
7.558,-4.90391374443635e-08,
7.56,-4.9606846572659804e-08,
7.562,-4.8314941010911396e-08,
7.564,-4.51332747015243e-08,
7.566,-4.01054540778741e-08,
7.568,-3.33395281284415e-08,
7.57,-2.5006005218410897e-08,
7.572,-1.5344145592696698e-08,
7.574,-4.673601442085399e-09,
7.576,6.59504885282224e-09,
7.578,1.79592327449222e-08,
7.58,2.88404866337223e-08,
7.582,3.86219765406645e-08,
7.584,4.67060731467622e-08,
7.586,5.25843101692999e-08,
7.588,5.59069256478509e-08,
7.59,5.65369761225257e-08,
7.592,5.45757534181424e-08,
7.594,5.03518411026665e-08,
7.596,4.43743515607612e-08,
7.598,3.7259521627281406e-08,
7.6,2.9646461267716497e-08,
7.602,2.21204412626475e-08,
7.604,1.5159759355715037e-08,
7.606,9.115459719067177e-09,
7.608,4.223855426505742e-09,
7.61,6.426000094073956e-10,
7.612,-1.5053215683836315e-09,
7.614,-2.096952877010209e-09,
7.616,-9.977526813044495e-10,
7.618,1.9210781851940866e-09,
7.62,6.740019703211366e-09,
7.622,1.343567888438237e-08,
7.624,2.1829564868879493e-08,
7.626,3.15585372340983e-08,
7.628,4.207935752019328e-08,
7.63,5.2711354230954056e-08,
7.632,6.271164469321754e-08,
7.634,7.13691856488634e-08,
7.636,7.80991549976357e-08,
7.638,8.251879863593576e-08,
7.64,8.44897595269981e-08,
7.642,8.411893970049308e-08,
7.644,8.171847034655682e-08,
7.646,7.773359289756189e-08,
7.648,7.26536102855917e-08,
7.65,6.692439569515586e-08,
7.652,6.088060335628324e-08,
7.654,5.4711640104309445e-08,
7.656,4.8468184719589105e-08,
7.658,4.210681258625607e-08,
7.66,3.5560931996534366e-08,
7.662,2.8818963131132886e-08,
7.664,2.198757575381036e-08,
7.666,1.532020244466388e-08,
7.668,9.199013693714157e-09,
7.67,4.070545763459209e-09,
7.672,3.482778474052169e-10,
7.674,-1.6939719197283369e-09,
7.676,-2.009202455418721e-09,
7.678,-8.192193788904944e-10,
7.68,1.4039668551742758e-09,
7.682,4.017583739562841e-09,
7.684,6.332634778269466e-09,
7.686,7.755407353677068e-09,
7.688,7.912535215959004e-09,
7.69,6.729470629525118e-09,
7.692,4.443123944421584e-09,
7.694,1.5449926949208297e-09,
7.696,-1.3327317567242053e-09,
7.698,-3.5627751029258367e-09,
7.7,-4.6681391235771915e-09,
7.702,-4.435806657186613e-09,
7.704,-2.974536789237221e-09,
7.706,-7.042795917120815e-10,
7.708,1.7214104633887145e-09,
7.71,3.545279400897681e-09,
7.712,4.0633987482195056e-09,
7.714,2.778088568103426e-09,
7.716,-4.849240238089069e-10,
7.718,-5.521237597101737e-09,
7.72,-1.1769481046581259e-08,
7.722,-1.8410026417626225e-08,
7.724,-2.4524294154985903e-08,
7.726,-2.928377719223159e-08,
7.728,-3.212900173427745e-08,
7.73,-3.2898065023778497e-08,
7.732,-3.187321068064467e-08,
7.734,-2.973087387659415e-08,
7.736,-2.7402216364698505e-08,
7.738,-2.5872293969142377e-08,
7.74,-2.5961324347415325e-08,
7.742,-2.813695617426629e-08,
7.744,-3.240031499944267e-08,
7.746,-3.82722130830906e-08,
7.748,-4.488320064772674e-08,
7.75,-5.114763286382664e-08,
7.752,-5.598327296165521e-08,
7.754,-5.85284584056567e-08,
7.756,-5.831048678068941e-08,
7.758,-5.5330885977106484e-08,
7.76,-5.005250867620478e-08,
7.762,-4.3295320562577705e-08,
7.764,-3.606735038991351e-08,
7.766,-2.9370289223528127e-08,
7.768,-2.4023022187694835e-08,
7.77,-2.054038974693755e-08,
7.772,-1.909028930268048e-08,
7.774,-1.953319970420277e-08,
7.776,-2.1528751053139926e-08,
7.778,-2.4678585498731317e-08,
7.78,-2.8667052044351143e-08,
7.782,-3.3363051969887445e-08,
7.784,-3.885711477424852e-08,
7.786,-4.542481750162765e-08,
7.788,-5.3426638275520154e-08,
7.79,-6.31704423395873e-08,
7.792,-7.477199659768324e-08,
7.794,-8.80490381057674e-08,
7.796,-1.0247576400784369e-07,
7.798,-1.172097495211151e-07,
7.8,-1.311863158082528e-07,
7.802,-1.4326061823477137e-07,
7.804,-1.5236862002033232e-07,
7.806,-1.5767626123274267e-07,
7.808,-1.5869108503354263e-07,
7.81,-1.553202462552517e-07,
7.812,-1.4787027876830165e-07,
7.814,-1.369944408254796e-07,
7.816,-1.2360094927772556e-07,
7.818,-1.0873918658784922e-07,
7.82,-9.348130018520578e-08,
7.822,-7.881442332813872e-08,
7.824,-6.555508334126336e-08,
7.826,-5.4293071195471515e-08,
7.828,-4.536765335239419e-08,
7.83,-3.887482290567661e-08,
7.832,-3.4700588667650575e-08,
7.834,-3.2572451550017447e-08,
7.836,-3.211963679066321e-08,
7.838,-3.2932651175633995e-08,
7.84,-3.4614319446650334e-08,
7.842,-3.681721064320738e-08,
7.844,-3.926554333166591e-08,
7.846,-4.176241048450051e-08,
7.848,-4.418487836599288e-08,
7.85,-4.647003600978976e-08,
7.852,-4.859476847515287e-08,
7.854,-5.055157013130347e-08,
7.856,-5.232274265126963e-08,
7.858,-5.3856086728741676e-08,
7.86,-5.5046388869230207e-08,
7.862,-5.5727847013219354e-08,
7.864,-5.5682169418209593e-08,
7.866,-5.466484186713811e-08,
7.868,-5.244809548746009e-08,
7.87,-4.8874311070129545e-08,
7.872,-4.390941260799999e-08,
7.874,-3.76837401348755e-08,
7.876,-3.05089625673467e-08,
7.878,-2.286387988786416e-08,
7.88,-1.5348532873119124e-08,
7.882,-8.613183685923247e-09,
7.884,-3.2745187363441265e-09,
7.886,1.6568705356880868e-10,
7.888,1.3848979094691172e-09,
7.89,2.7651265486343894e-10,
7.892,-3.0457480035094804e-09,
7.894,-8.274081399589022e-09,
7.896,-1.495652588537375e-08,
7.898,-2.2560426204489905e-08,
7.9,-3.05384369262957e-08,
7.902,-3.83871779580361e-08,
7.904,-4.569107167661256e-08,
7.906,-5.214690532647894e-08,
7.908,-5.756779155430281e-08,
7.91,-6.186821444380353e-08,
7.912,-6.503465400795535e-08,
7.914,-6.708871593787107e-08,
7.916,-6.805138959860664e-08,
7.918,-6.791745682695273e-08,
7.92,-6.664762423659217e-08,
7.922,-6.418241139290636e-08,
7.924,-6.047654272334159e-08,
7.926,-5.554659875687084e-08,
7.928,-4.9519542712394654e-08,
7.93,-4.266712101503043e-08,
7.932,-3.541227254039719e-08,
7.934,-2.8298875563174463e-08,
7.936,-2.1924552685996945e-08,
7.938,-1.684593051878752e-08,
7.94,-1.3474219874770374e-08,
7.942,-1.1983848679627719e-08,
7.944,-1.2256545866799377e-08,
7.946,-1.3877412332212987e-08,
7.948,-1.6189214435964148e-08,
7.95,-1.8398636019335083e-08,
7.952,-1.971637391018337e-08,
7.954,-1.9504518097529756e-08,
7.956,-1.7401641407435898e-08,
7.958,-1.3399280575393775e-08,
7.96,-7.85250561101277e-09,
7.962,-1.4203018993675153e-09,
7.964,5.054099695516738e-09,
7.966,1.0700008538900307e-08,
7.968,1.4781817630033822e-08,
7.97,1.683387877843833e-08,
7.972,1.6739300570312225e-08,
7.974,1.4735602218688402e-08,
7.976,1.1345625939789056e-08,
7.978,7.248449378058261e-09,
7.98,3.1185973731980383e-09,
7.982,-5.305759423730238e-10,
7.984,-3.4638303532389433e-09,
7.986,-5.774260023442516e-09,
7.988,-7.854512285097985e-09,
7.99,-1.0294481854256243e-08,
7.992,-1.3727615004091323e-08,
7.994,-1.8659680825893824e-08,
7.996,-2.5318007764566813e-08,
7.998,-3.3554905284048956e-08,
8.0,-4.2827410174556744e-08,
8.002,-5.225933805974453e-08,
8.004,-6.077449813279162e-08,
8.006,-6.72754909747841e-08,
8.008,-7.083363936015977e-08,
8.01,-7.085388033414565e-08,
8.012,-6.718393108908937e-08,
8.014,-6.01483677678362e-08,
8.016,-5.0502997045564114e-08,
8.018,-3.932006187538225e-08,
8.02,-2.7827425334163545e-08,
8.022,-1.723249846794775e-08,
8.024,-8.562921860673751e-09,
8.026,-2.5507857477545003e-09,
8.028,4.2324924273559474e-10,
8.03,3.2280290096273303e-10,
8.032,-2.604484580394728e-09,
8.034,-7.920461751777626e-09,
8.036,-1.5098646134778785e-08,
8.038,-2.3611808636835208e-08,
8.04,-3.298832160865222e-08,
8.042,-4.283057029874378e-08,
8.044,-5.2799267434090804e-08,
8.046,-6.257598772751491e-08,
8.048,-7.18207477111303e-08,
8.05,-8.014129046708774e-08,
8.052,-8.708644151077154e-08,
8.054,-9.216897745335962e-08,
8.056,-9.49157952246393e-08,
8.058,-9.493654718315687e-08,
8.06,-9.199752699702279e-08,
8.062,-8.608597913014534e-08,
8.064,-7.745109630898491e-08,
8.066,-6.661133211882068e-08,
8.068,-5.432271316656405e-08,
8.07,-4.150896365840712e-08,
8.072,-2.9160763411524915e-08,
8.074,-1.8217503322651957e-08,
8.076,-9.44943923998353e-09,
8.078,-3.3600590099189086e-09,
8.08,-1.2684556774116263e-10,
8.082,4.0690412874593826e-10,
8.084,-1.3145823839560923e-09,
8.086,-4.65414908590732e-09,
8.088,-8.907107855920367e-09,
8.09,-1.3433064664711189e-08,
8.092,-1.7767604795439625e-08,
8.094,-2.1691022383246363e-08,
8.096,-2.524041373673607e-08,
8.098,-2.8663936889698437e-08,
8.1,-3.232889302929831e-08,
8.102,-3.660536818982599e-08,
8.104,-4.175205490393139e-08,
8.106,-4.782947980603416e-08,
8.108,-5.465875018280396e-08,
8.11,-6.183306798671855e-08,
8.112,-6.87774354116717e-08,
8.114,-7.484201767584895e-08,
8.116,-7.94086652079591e-08,
8.118,-8.198908807757036e-08,
8.12,-8.229680149479147e-08,
8.122,-8.028187711628199e-08,
8.124,-7.612584029179142e-08,
8.126,-7.02018427153596e-08,
8.128,-6.301102777946317e-08,
8.13,-5.5108978751426995e-08,
8.132,-4.70361677506164e-08,
8.134,-3.926382954379907e-08,
8.136,-3.216242996908473e-08,
8.138,-2.59947929948945e-08,
8.14,-2.093090213569193e-08,
8.142,-1.7077229746519106e-08,
8.144,-1.4510855404631709e-08,
8.146,-1.3308078230479539e-08,
8.148,-1.3558865087197498e-08,
8.15,-1.5362072391985922e-08,
8.152,-1.880127057506652e-08,
8.154,-2.3906172416451628e-08,
8.156,-3.060893821387286e-08,
8.158,-3.8706929276693104e-08,
8.16,-4.78431335233627e-08,
8.162,-5.7512423085777457e-08,
8.164,-6.709661580662322e-08,
8.166,-7.592512709348411e-08,
8.168,-8.335220324110874e-08,
8.17,-8.883763639147451e-08,
8.172,-9.20164005975019e-08,
8.174,-9.274416735609829e-08,
8.176,-9.110987212606856e-08,
8.178,-8.741258722097795e-08,
8.18,-8.210672398434915e-08,
8.182,-7.572571906428754e-08,
8.184,-6.879862501258796e-08,
8.186,-6.177550155560275e-08,
8.188,-5.497574504241882e-08,
8.19,-4.8568679106624934e-08,
8.192,-4.2588703372350634e-08,
8.194,-3.697949647185482e-08,
8.196,-3.165497933309101e-08,
8.198,-2.6560705897569074e-08,
8.2,-2.1719278639124674e-08,
8.202,-1.7247571238530515e-08,
8.204,-1.3341113967995823e-08,
8.206,-1.0230063820646617e-08,
8.208,-8.119267533635876e-09,
8.21,-7.129679586168563e-09,
8.212,-7.2583190529627305e-09,
8.214,-8.36890984139519e-09,
8.216,-1.0216706376163484e-08,
8.218,-1.250124558773076e-08,
8.22,-1.4932760520518635e-08,
8.222,-1.729411891416708e-08,
8.224,-1.9481550458965356e-08,
8.226,-2.1513643820078386e-08,
8.228,-2.3507237691221752e-08,
8.23,-2.5628165050774635e-08,
8.232,-2.803161918457303e-08,
8.234,-3.080930270257274e-08,
8.236,-3.395796658817163e-08,
8.238,-3.7377364231966386e-08,
8.24,-4.0897069742661175e-08,
8.242,-4.432353368945956e-08,
8.244,-4.749340367607697e-08,
8.246,-5.0317876252925826e-08,
8.248,-5.28058395285807e-08,
8.25,-5.505982046560759e-08,
8.252,-5.724644708472279e-08,
8.254,-5.9550150143022144e-08,
8.256,-6.212329775399072e-08,
8.258,-6.504674477330401e-08,
8.26,-6.831174829080075e-08,
8.262,-7.182821753433837e-08,
8.264,-7.545696414004929e-08,
8.266,-7.905696577978594e-08,
8.268,-8.25344362629989e-08,
8.27,-8.587983649850462e-08,
8.272,-8.918202628507423e-08,
8.274,-9.261470688663716e-08,
8.276,-9.639752718396402e-08,
8.278,-1.0074079839907809e-07,
8.28,-1.0578698942069655e-07,
8.282,-1.1156305556244948e-07,
8.284,-1.1795512202530914e-07,
8.286,-1.2471192241966723e-07,
8.288,-1.3147708273912668e-07,
8.29,-1.3784437215372502e-07,
8.292,-1.4342564377980106e-07,
8.294,-1.4791902924619702e-07,
8.296,-1.5116510041251165e-07,
8.298,-1.5318080950792606e-07,
8.3,-1.54164525594467e-07,
8.302,-1.544698859751431e-07,
8.304,-1.5455105081603844e-07,
8.306,-1.548868704962849e-07,
8.308,-1.5589587916790257e-07,
8.31,-1.5785711925979095e-07,
8.312,-1.6085263018761631e-07,
8.314,-1.6474518853702742e-07,
8.316,-1.691992866055561e-07,
8.318,-1.7374497549353173e-07,
8.32,-1.7787464243681086e-07,
8.322,-1.8115432238770579e-07,
8.324,-1.8332616226035685e-07,
8.326,-1.8437893432766534e-07,
8.328,-1.8456950413290753e-07,
8.33,-1.8438877086684927e-07,
8.332,-1.8447827857510146e-07,
8.334,-1.8551518652825045e-07,
8.336,-1.8809054545056843e-07,
8.338,-1.9260695689409947e-07,
8.34,-1.9921649722497108e-07,
8.342,-2.0780980965477698e-07,
8.344,-2.1805527731416862e-07,
8.346,-2.2947632543099283e-07,
8.348,-2.415477454973979e-07,
8.35,-2.5378984033533886e-07,
8.352,-2.6584204074834444e-07,
8.354,-2.775040872359366e-07,
8.356,-2.887408764401157e-07,
8.358,-2.99654616447914e-07,
8.36,-3.104335241206457e-07,
8.362,-3.212892368959182e-07,
8.364,-3.323954508965131e-07,
8.366,-3.438385753229051e-07,
8.368,-3.5558811878176347e-07,
8.37,-3.6749074648270435e-07,
8.372,-3.792879669417365e-07,
8.374,-3.9065363365646236e-07,
8.376,-4.0124428684793884e-07,
8.378,-4.10753271973047e-07,
8.38,-4.1895899763470694e-07,
8.382,-4.2575891012897023e-07,
8.384,-4.3118369045023143e-07,
8.386,-4.353903033424193e-07,
8.388,-4.386369350623318e-07,
8.39,-4.4124646843113316e-07,
8.392,-4.43567025709397e-07,
8.394,-4.459377825615387e-07,
8.396,-4.486658615634462e-07,
8.398,-4.520163904352926e-07,
8.4,-4.562138625841144e-07,
8.402,-4.614498932610788e-07,
8.404,-4.678911289431e-07,
8.406,-4.7568170336477915e-07,
8.408,-4.849369167218782e-07,
8.41,-4.957279881960961e-07,
8.412,-5.080608608688506e-07,
8.414,-5.21854299881832e-07,
8.416,-5.369234085135294e-07,
8.418,-5.52974085404214e-07,
8.42,-5.696120993864562e-07,
8.422,-5.86367837566636e-07,
8.424,-6.027349279971354e-07,
8.426,-6.182183548866092e-07,
8.428,-6.323857676108976e-07,
8.43,-6.449147161115403e-07,
8.432,-6.556286859394005e-07,
8.434,-6.645161034349589e-07,
8.436,-6.717288331224317e-07,
8.438,-6.775598209083932e-07,
8.44,-6.824029817461437e-07,
8.442,-6.867015807302692e-07,
8.444,-6.908935558644259e-07,
8.446,-6.953629323217124e-07,
8.448,-7.004054020267856e-07,
8.45,-7.062133845228098e-07,
8.452,-7.128819490691117e-07,
8.454,-7.204326768290703e-07,
8.456,-7.288488328968403e-07,
8.458,-7.381129556604984e-07,
8.46,-7.482377058428056e-07,
8.462,-7.592826362413142e-07,
8.464,-7.713530435656513e-07,
8.466,-7.845814354993598e-07,
8.468,-7.990963676859493e-07,
8.47,-8.149864756825906e-07,
8.472,-8.322687208296102e-07,
8.474,-8.508688993816653e-07,
8.476,-8.706195707890711e-07,
8.478,-8.912764452614787e-07,
8.48,-9.125499368318116e-07,
8.482,-9.341450887052095e-07,
8.484,-9.558012568084776e-07,
8.486,-9.773232040547777e-07,
8.488,-9.98597499452137e-07,
8.49,-1.0195917183549902e-06,
8.492,-1.040337971711604e-06,
8.494,-1.0609057553107068e-06,
8.496,-1.0813712070581005e-06,
8.498,-1.1017901909748877e-06,
8.5,-1.1221812570035128e-06,
8.502,-1.1425219236188273e-06,
8.504,-1.1627585886425459e-06,
8.506,-1.1828274088987594e-06,
8.508,-1.2026812563901028e-06,
8.51,-1.2223166753914545e-06,
8.512,-1.2417947059509995e-06,
8.514,-1.2612504174021873e-06,
8.516,-1.2808878354339995e-06,
8.518,-1.3009594307861092e-06,
8.52,-1.321732197304554e-06,
8.522,-1.3434452133216376e-06,
8.524,-1.3662659629772206e-06,
8.526,-1.3902540190223672e-06,
8.528,-1.4153404321250114e-06,
8.53,-1.4413290435737705e-06,
8.532,-1.467922070845849e-06,
8.534,-1.4947673383450812e-06,
8.536,-1.5215194996876746e-06,
8.538,-1.547903770450206e-06,
8.54,-1.57376915294547e-06,
8.542,-1.5991194831284374e-06,
8.544,-1.6241147455408427e-06,
8.546,-1.6490411459522987e-06,
8.548,-1.6742550421659388e-06,
8.55,-1.7001114949773223e-06,
8.552,-1.726891633441645e-06,
8.554,-1.7547434980409616e-06,
8.556,-1.783648490882151e-06,
8.558,-1.8134206165230235e-06,
8.56,-1.8437393835178756e-06,
8.562,-1.8742107806163515e-06,
8.564,-1.9044453156374339e-06,
8.566,-1.934138658837835e-06,
8.568,-1.9631395793743403e-06,
8.57,-1.991491838420245e-06,
8.572,-2.019441304737603e-06,
8.574,-2.0474061309615244e-06,
8.576,-2.0759152608827923e-06,
8.578,-2.1055273691430567e-06,
8.58,-2.1367469857822488e-06,
8.582,-2.169955694860272e-06,
8.584,-2.2053732337410178e-06,
8.586,-2.243056362746861e-06,
8.588,-2.2829339270418025e-06,
8.59,-2.3248668868105135e-06,
8.592,-2.3687148984983657e-06,
8.594,-2.414388554253931e-06,
8.596,-2.4618697710141804e-06,
8.598,-2.5111915989780194e-06,
8.6,-2.5623807786772572e-06,
8.602,-2.615378437702145e-06,
8.604,-2.6699628186587086e-06,
8.606,-2.725700090413945e-06,
8.608,-2.7819440077838062e-06,
8.61,-2.837893462814063e-06,
8.612,-2.892701757249786e-06,
8.614,-2.9456168228350263e-06,
8.616,-2.9961217147402363e-06,
8.618,-3.0440424040424864e-06,
8.62,-3.0895960428985015e-06,
8.622,-3.1333660059518196e-06,
8.624,-3.1762067633988444e-06,
8.626,-3.219097723456635e-06,
8.628,-3.2629765688281776e-06,
8.63,-3.3085866321244484e-06,
8.632,-3.356368834114861e-06,
8.634,-3.406418019488647e-06,
8.636,-3.45850907525363e-06,
8.638,-3.512183556684398e-06,
8.64,-3.5668759214191774e-06,
8.642,-3.622052057248895e-06,
8.644,-3.6773323420443152e-06,
8.646,-3.732576378161237e-06,
8.648,-3.787915217948496e-06,
8.65,-3.843727309626906e-06,
8.652,-3.900564573685551e-06,
8.654,-3.959043378254713e-06,
8.656,-4.019720653343441e-06,
8.658,-4.082977414755555e-06,
8.66,-4.148930450168736e-06,
8.662,-4.21738813783067e-06,
8.664,-4.287858989138441e-06,
8.666,-4.35961258255418e-06,
8.668,-4.431783468971696e-06,
8.67,-4.5035009395851256e-06,
8.672,-4.574022718051816e-06,
8.674,-4.642849711259838e-06,
8.676,-4.709802248281164e-06,
8.678,-4.775045212312159e-06,
8.68,-4.839058778929289e-06,
8.682,-4.902561253388437e-06,
8.684,-4.966398787023566e-06,
8.686,-5.031421945268531e-06,
8.688,-5.098370301601252e-06,
8.69,-5.167783419717597e-06,
8.692,-5.239950555282648e-06,
8.694,-5.314903541608422e-06,
8.696,-5.39244925318422e-06,
8.698,-5.472231312258661e-06,
8.7,-5.55380648245625e-06,
8.702,-5.636720099683196e-06,
8.704,-5.720566917407678e-06,
8.706,-5.8050283038887e-06,
8.708,-5.8898827651431166e-06,
8.71,-5.974992957776604e-06,
8.712,-6.060277353493593e-06,
8.714,-6.1456774363143095e-06,
8.716,-6.231131178308897e-06,
8.718,-6.316560645995083e-06,
8.72,-6.401876731369301e-06,
8.722,-6.486998492134262e-06,
8.724,-6.571879945402178e-06,
8.726,-6.656534692045431e-06,
8.728,-6.7410491720764096e-06,
8.73,-6.825578556321824e-06,
8.732,-6.910324349659642e-06,
8.734,-6.995498236879363e-06,
8.736,-7.0812809416307275e-06,
8.738,-7.16778663806759e-06,
8.74,-7.255042231456824e-06,
8.742,-7.342986959607536e-06,
8.744,-7.431492378702567e-06,
8.746,-7.520397418748492e-06,
8.748,-7.60954931553319e-06,
8.75,-7.698839872571509e-06,
8.752,-7.788227958859404e-06,
8.754,-7.877742913662052e-06,
8.756,-7.967468520568249e-06,
8.758,-8.057512092480489e-06,
8.76,-8.147966761643242e-06,
8.762,-8.238876511001138e-06,
8.764,-8.330212616539537e-06,
8.766,-8.421867364277511e-06,
8.768,-8.513666941632853e-06,
8.77,-8.605401230086624e-06,
8.772,-8.69686473342229e-06,
8.774,-8.78790070216015e-06,
8.776,-8.878439963966723e-06,
8.778,-8.968527008087e-06,
8.78,-9.058328189684642e-06,
8.782,-9.148120031614857e-06,
8.784,-9.238258942596276e-06,
8.786,-9.329136692672828e-06,
8.788,-9.421128223874847e-06,
8.79,-9.51453949914817e-06,
8.792,-9.609562965957252e-06,
8.794,-9.706246883915136e-06,
8.796,-9.804482500737294e-06,
8.798,-9.904010264740076e-06,
8.8,-1.0004443434712358e-05,
8.802,-1.010530507396373e-05,
8.804,-1.0206072868796704e-05,
8.806,-1.0306225685901271e-05,
8.808,-1.0405286258537957e-05,
8.81,-1.0502855666307305e-05,
8.812,-1.0598637025853407e-05,
8.814,-1.0692447686324127e-05,
8.816,-1.0784220914677561e-05,
8.818,-1.087399933718848e-05,
8.82,-1.0961923144876482e-05,
8.822,-1.1048216217127791e-05,
8.824,-1.1133172871024661e-05,
8.826,-1.1217146955787065e-05,
8.828,-1.1300543607794538e-05,
8.83,-1.1383812384905487e-05,
8.832,-1.1467439047632035e-05,
8.834,-1.155193236195382e-05,
8.836,-1.1637802369732417e-05,
8.838,-1.1725527859784024e-05,
8.84,-1.1815513252428766e-05,
8.842,-1.190803839124451e-05,
8.844,-1.2003208085452095e-05,
8.846,-1.2100910732229627e-05,
8.848,-1.2200796078191894e-05,
8.85,-1.2302280574026196e-05,
8.852,-1.2404584796594872e-05,
8.854,-1.2506801655982756e-05,
8.856,-1.260798771927844e-05,
8.858,-1.2707264436742672e-05,
8.86,-1.2803912767394634e-05,
8.862,-1.2897444680488662e-05,
8.864,-1.2987638558691986e-05,
8.866,-1.3074532123425808e-05,
8.868,-1.3158374858201978e-05,
8.87,-1.3239550239410325e-05,
8.872,-1.3318484511396929e-05,
8.874,-1.3395561704188617e-05,
8.876,-1.3471063241829281e-05,
8.878,-1.3545144929951112e-05,
8.88,-1.3617855427407764e-05,
8.882,-1.3689190375170977e-05,
8.884,-1.3759167456638737e-05,
8.886,-1.3827901955432637e-05,
8.888,-1.3895661381620342e-05,
8.89,-1.396288191255745e-05,
8.892,-1.4030137966901747e-05,
8.894,-1.4098067303352847e-05,
8.896,-1.416726501875916e-05,
8.898,-1.4238168038014545e-05,
8.9,-1.4310955071728785e-05,
8.902,-1.4385484642045698e-05,
8.904,-1.4461286127035772e-05,
8.906,-1.4537607636651597e-05,
8.908,-1.4613512541512667e-05,
8.91,-1.468800643208498e-05,
8.912,-1.4760170448058236e-05,
8.914,-1.4829276460953966e-05,
8.916,-1.4894864359961173e-05,
8.918,-1.4956770323211623e-05,
8.92,-1.501510530770742e-05,
8.922,-1.5070192702254676e-05,
8.924,-1.5122481164602525e-05,
8.926,-1.517245187750491e-05,
8.928,-1.5220538528599371e-05,
8.93,-1.5267073840375466e-05,
8.932,-1.531226968393369e-05,
8.934,-1.5356230245741357e-05,
8.936,-1.5398990910024096e-05,
8.938,-1.544057072423007e-05,
8.94,-1.548102432615548e-05,
8.942,-1.5520480267425385e-05,
8.944,-1.555915642907828e-05,
8.946,-1.5597348829049698e-05,
8.948,-1.5635396328667613e-05,
8.95,-1.5673629175811064e-05,
8.952,-1.5712312752577628e-05,
8.954,-1.5751598557731244e-05,
8.956,-1.5791492265990772e-05,
8.958,-1.5831844318230556e-05,
8.96,-1.587236314390496e-05,
8.962,-1.5912646278569783e-05,
8.964,-1.5952221593829487e-05,
8.966,-1.5990590292428274e-05,
8.968,-1.6027265114123967e-05,
8.97,-1.6061800474165906e-05,
8.972,-1.609381469186814e-05,
8.974,-1.6123006774823694e-05,
8.976,-1.6149170610562645e-05,
8.978,-1.6172207870361014e-05,
8.98,-1.6192138231029975e-05,
8.982,-1.620910294510686e-05,
8.984,-1.6223356628606207e-05,
8.986,-1.6235243196976307e-05,
8.988,-1.6245155154119625e-05,
8.99,-1.625348005409551e-05,
8.992,-1.6260542457191108e-05,
8.994,-1.626655252751227e-05,
8.996,-1.6271572452752777e-05,
8.998,-1.627550882298681e-05,
9.0,-1.6278133660975953e-05,
9.002,-1.6279130386211957e-05,
9.004,-1.627815537282119e-05,
9.006,-1.627490244491158e-05,
9.008,-1.6269157478553346e-05,
9.01,-1.6260833158807394e-05,
9.012,-1.6249978938659125e-05,
9.014,-1.623676690960742e-05,
9.016,-1.6221459116784297e-05,
9.018,-1.6204364733455853e-05,
9.02,-1.6185796040266905e-05,
9.022,-1.6166030645449805e-05,
9.024,-1.6145284674608677e-05,
9.026,-1.6123698755370458e-05,
9.028,-1.6101336333467953e-05,
9.03,-1.6078192537047125e-05,
9.032,-1.6054211321668527e-05,
9.034,-1.6029308510953514e-05,
9.036,-1.6003398085165776e-05,
9.038,-1.597641839979634e-05,
9.04,-1.594835409102359e-05,
9.042,-1.5919248778856017e-05,
9.044,-1.5889204003564783e-05,
9.046,-1.58583616396617e-05,
9.048,-1.5826870357278223e-05,
9.05,-1.5794840950824742e-05,
9.052,-1.576229941298324e-05,
9.054,-1.5729149171961534e-05,
9.056,-1.5695153839548852e-05,
9.058,-1.5659948688009007e-05,
9.06,-1.562308330225949e-05,
9.062,-1.5584090683593818e-05,
9.064,-1.5542571264356354e-05,
9.066,-1.54982756148852e-05,
9.068,-1.5451168398617115e-05,
9.07,-1.5401458841140857e-05,
9.072,-1.5349589148046488e-05,
9.074,-1.5296180630770358e-05,
9.076,-1.5241945982898367e-05,
9.078,-1.5187583328632089e-05,
9.08,-1.5133671812625281e-05,
9.082,-1.5080588724472717e-05,
9.084,-1.502846433580215e-05,
9.086,-1.4977183445718523e-05,
9.088,-1.492643340309437e-05,
9.09,-1.4875788877549387e-05,
9.092,-1.4824815800066724e-05,
9.094,-1.4773172414360167e-05,
9.096,-1.4720685436453152e-05,
9.098,-1.4667384199889558e-05,
9.1,-1.4613484605488818e-05,
9.102,-1.455932591505765e-05,
9.104,-1.4505274440932706e-05,
9.106,-1.4451616340161289e-05,
9.108,-1.4398464885617694e-05,
9.11,-1.434570474987752e-05,
9.112,-1.4292987485007216e-05,
9.114,-1.423978046019318e-05,
9.116,-1.4185458984922501e-05,
9.118,-1.4129421385340238e-05,
9.12,-1.4071201951987937e-05,
9.122,-1.4010558105279956e-05,
9.124,-1.3947515291855444e-05,
9.126,-1.3882363943034435e-05,
9.128,-1.381561428123552e-05,
9.13,-1.3747923779877076e-05,
9.132,-1.368001642649087e-05,
9.134,-1.3612611797801387e-05,
9.136,-1.354637612687886e-05,
9.138,-1.3481899111487372e-05,
9.14,-1.341969187777166e-05,
9.142,-1.336019575520399e-05,
9.144,-1.330378987947023e-05,
9.146,-1.3250788311243899e-05,
9.148,-1.3201423196447223e-05,
9.15,-1.3155817417010637e-05,
9.152,-1.3113955852891963e-05,
9.154,-1.3075666909711069e-05,
9.156,-1.3040624501300487e-05,
9.158,-1.3008375611589093e-05,
9.16,-1.2978391430757973e-05,
9.162,-1.2950133052019268e-05,
9.164,-1.2923118016722071e-05,
9.166,-1.2896973124417906e-05,
9.168,-1.287146226661591e-05,
9.17,-1.2846484720201455e-05,
9.172,-1.282204745025631e-05,
9.174,-1.279822215235853e-05,
9.176,-1.2775101882959037e-05,
9.178,-1.2752771921915486e-05,
9.18,-1.2731304989267086e-05,
9.182,-1.2710783375424315e-05,
9.184,-1.2691342116202568e-05,
9.186,-1.2673220487877383e-05,
9.188,-1.2656805786972701e-05,
9.19,-1.264265453843546e-05,
9.192,-1.2631481593017135e-05,
9.194,-1.2624115527288827e-05,
9.196,-1.2621427150222362e-05,
9.198,-1.2624244515095364e-05,
9.2,-1.2633270990558626e-05,
9.202,-1.2649022018250952e-05,
9.204,-1.2671791647524575e-05,
9.206,-1.2701653144816698e-05,
9.208,-1.2738490728632784e-05,
9.21,-1.2782053511061297e-05,
9.212,-1.283201926820416e-05,
9.214,-1.2888055203542835e-05,
9.216,-1.2949865157871009e-05,
9.218,-1.3017216920715337e-05,
9.22,-1.3089948286708534e-05,
9.222,-1.3167955149884405e-05,
9.224,-1.325116834364582e-05,
9.226,-1.3339527587076007e-05,
9.228,-1.3432960666948005e-05,
9.23,-1.3531374108230564e-05,
9.232,-1.3634658583353705e-05,
9.234,-1.3742708846969155e-05,
9.236,-1.3855454757453129e-05,
9.238,-1.3972897552350984e-05,
9.24,-1.4095144369555691e-05,
9.242,-1.4222434178067623e-05,
9.244,-1.4355149651445306e-05,
9.246,-1.4493811737178686e-05,
9.248,-1.4639056288145723e-05,
9.25,-1.4791594692828486e-05,
9.252,-1.4952162638517464e-05,
9.254,-1.5121462779049124e-05,
9.256,-1.530010808157522e-05,
9.258,-1.548857296671294e-05,
9.26,-1.568715898493798e-05,
9.262,-1.5895980596265262e-05,
9.264,-1.6114974550408233e-05,
9.266,-1.6343933408058327e-05,
9.268,-1.6582560122524986e-05,
9.27,-1.6830536805703526e-05,
9.272,-1.7087597568985316e-05,
9.274,-1.735359348987288e-05,
9.276,-1.7628538006889376e-05,
9.278,-1.7912623713985574e-05,
9.28,-1.8206206387584328e-05,
9.282,-1.8509758318609748e-05,
9.284,-1.882379937840242e-05,
9.286,-1.9148819278167985e-05,
9.288,-1.9485206932823145e-05,
9.29,-1.9833201970284675e-05,
9.292,-2.0192879230729742e-05,
9.294,-2.056417035175692e-05,
9.296,-2.0946918631531767e-05,
9.298,-2.134095602545492e-05,
9.3,-2.174618600868839e-05,
9.302,-2.2162654332867473e-05,
9.304,-2.259059188479787e-05,
9.306,-2.303041953952044e-05,
9.308,-2.348271291227505e-05,
9.31,-2.3948133543692924e-05,
9.312,-2.4427340403304497e-05,
9.314,-2.4920900028030526e-05,
9.316,-2.5429214100303536e-05,
9.318,-2.5952479666960456e-05,
9.32,-2.6490690285381097e-05,
9.322,-2.7043677696246975e-05,
9.324,-2.7611185117587658e-05,
9.326,-2.819295683085526e-05,
9.328,-2.8788825777825253e-05,
9.33,-2.939878195452163e-05,
9.332,-3.002300906529551e-05,
9.334,-3.066188394779601e-05,
9.336,-3.131594098119254e-05,
9.338,-3.198581030181737e-05,
9.34,-3.26721428425396e-05,
9.342,-3.337553635666637e-05,
9.344,-3.4096474836711244e-05,
9.346,-3.483528987519424e-05,
9.348,-3.559214765871112e-05,
9.35,-3.6367060546219716e-05,
9.352,-3.7159918395288754e-05,
9.354,-3.7970532395952334e-05,
9.356,-3.87986832089867e-05,
9.358,-3.964416550612427e-05,
9.36,-4.05068223147092e-05,
9.362,-4.138656465664287e-05,
9.364,-4.228337464745324e-05,
9.366,-4.319729327128704e-05,
9.368,-4.412839711427134e-05,
9.37,-4.507677090332475e-05,
9.372,-4.604248411924512e-05,
9.374,-4.7025579661194076e-05,
9.376,-4.802608025177896e-05,
9.378,-4.904401419575071e-05,
9.38,-5.0079457011587326e-05,
9.382,-5.113258054720704e-05,
9.384,-5.220369782423607e-05,
9.386,-5.329329113206471e-05,
9.388,-5.440201329990132e-05,
9.39,-5.5530657270637756e-05,
9.392,-5.6680095936675236e-05,
9.394,-5.7851201004087756e-05,
9.396,-5.904475468209731e-05,
9.398,-6.0261369932183286e-05,
9.4,-6.150143334796891e-05,
9.402,-6.276507993300053e-05,
9.404,-6.405220238857576e-05,
9.406,-6.536249076137707e-05,
9.408,-6.669549311436742e-05,
9.41,-6.805068541740868e-05,
9.412,-6.942753939649006e-05,
9.414,-7.082558004214299e-05,
9.416,-7.224442862071087e-05,
9.418,-7.368383091086234e-05,
9.42,-7.514367283752885e-05,
9.422,-7.662398617742346e-05,
9.424,-7.8124945843331e-05,
9.426,-7.964685834292659e-05,
9.428,-8.119013956108575e-05,
9.43,-8.275528004965477e-05,
9.432,-8.434279794572019e-05,
9.434,-8.595318310370454e-05,
9.436,-8.758683993049642e-05,
9.438,-8.924403930931878e-05,
9.44,-9.092489057037615e-05,
9.442,-9.262934201549139e-05,
9.444,-9.435721323448746e-05,
9.446,-9.610825549447994e-05,
9.448,-9.788222958961298e-05,
9.45,-9.967898558670629e-05,
9.452,-0.00010149852733792118,
9.454,-0.0001033410470312979,
9.456,-0.00010520692094751235,
9.458,-0.0001070966656051557,
9.46,-0.00010901086170387456,
9.462,-0.0001109500598178543,
9.464,-0.0001129146852528886,
9.466,-0.00011490495929360807,
9.468,-0.00011692085055486651,
9.47,-0.00011896206435078633,
9.472,-0.00012102807129088924,
9.474,-0.00012311817005283187,
9.476,-0.00012523157444992514,
9.478,-0.00012736751199628887,
9.48,-0.00012952532020423521,
9.482,-0.00013170452757240762,
9.484,-0.00013390490831105895,
9.486,-0.00013612650305084445,
9.488,-0.00013836960193584557,
9.49,-0.00014063469144587505,
9.492,-0.000142922371692773,
9.494,-0.00014523325614358693,
9.496,-0.00014756786978333003,
9.498,-0.0001499265635383515,
9.5,-0.00015230946140684507,
9.502,-0.000154716451803422,
9.504,-0.00015714722657786704,
9.506,-0.00015960136138598864,
9.508,-0.00016207842166194664,
9.51,-0.0001645780716902453,
9.512,-0.0001671001621429932,
9.514,-0.00016964477490065066,
9.516,-0.00017221221262587197,
9.518,-0.0001748029326594919,
9.52,-0.00017741743760932435,
9.522,-0.0001800561454333238,
9.524,-0.00018271926728420407,
9.526,-0.00018540672044155076,
9.528,-0.00018811809642856644,
9.53,-0.00019085269253513648,
9.532,-0.0001936096012087637,
9.534,-0.00019638783929358875,
9.536,-0.0001991864907015205,
9.538,-0.00020200483356046955,
9.54,-0.00020484242658960875,
9.542,-0.00020769913837725686,
9.544,-0.0002105751152749847,
9.546,-0.00021347069611403355,
9.548,-0.00021638629230263896,
9.55,-0.00021932225808178255,
9.552,-0.00022227877676841648,
9.554,-0.00022525578475070734,
9.556,-0.00022825294686840318,
9.558,-0.00023126968637962567,
9.56,-0.00023430526209688245,
9.562,-0.00023735887651339107,
9.564,-0.00024042979343515667,
9.566,-0.00024351744265498402,
9.568,-0.0002466214925526289,
9.57,-0.00024974187832866684,
9.572,-0.0002528787823736756,
9.574,-0.0002560325721925147,
9.576,-0.0002592037085689493,
9.578,-0.0002623926409374907,
9.58,-0.000265599707620474,
9.582,-0.00026882505590958766,
9.584,-0.0002720685918679286,
9.586,-0.0002753299635837061,
9.588,-0.0002786085758672728,
9.59,-0.00028190363017717706,
9.592,-0.0002852141814395661,
9.594,-0.000288539203288402,
9.596,-0.000291877654470526,
9.598,-0.00029522854085436257,
9.6,-0.0002985909688729395,
9.602,-0.00030196418691931314,
9.604,-0.0003053476113148315,
9.606,-0.00030874083354816284,
9.608,-0.000312143606294191,
9.61,-0.0003155558078619412,
9.612,-0.0003189773882848916,
9.614,-0.0003224083046829166,
9.616,-0.0003258484575943837,
9.618,-0.00032929764221106806,
9.62,-0.00033275552754216686,
9.622,-0.0003362216718972859,
9.624,-0.00033969557519280684,
9.626,-0.00034317675906074297,
9.628,-0.00034666485699574233,
9.63,-0.000350159691408067,
9.632,-0.0003536613144529103,
9.634,-0.0003571699955827441,
9.636,-0.0003606861499825488,
9.638,-0.00036421021593305427,
9.64,-0.000367742502303286,
9.642,-0.0003712830363582203,
9.644,-0.00037483144436983976,
9.646,-0.00037838689226386954,
9.648,-0.0003819481017713997,
9.65,-0.000385513441979055,
9.652,-0.00038908108043007135,
9.654,-0.00039264916566101026,
9.656,-0.0003962160070003119,
9.658,-0.00039978021880648375,
9.66,-0.0004033408045419405,
9.662,-0.00040689716911226134,
9.664,-0.0004104490627386963,
9.666,-0.0004139964730386932,
9.668,-0.00041753949120252356,
9.67,-0.00042107818143913533,
9.672,-0.00042461247981199823,
9.674,-0.0004281421401392926,
9.676,-0.0004316667328524405,
9.678,-0.0004351856903219462,
9.68,-0.0004386983819771568,
9.682,-0.00044220419683932416,
9.684,-0.00044570261104999383,
9.686,-0.0004491932234354251,
9.688,-0.000452675751553671,
9.69,-0.00045614999149125985,
9.692,-0.0004596157540307965,
9.694,-0.0004630727952660449,
9.696,-0.00046652075998438353,
9.698,-0.00046995915135454277,
9.7,-0.0004733873322595318,
9.702,-0.000476804554542736,
9.704,-0.00048021000516785856,
9.706,-0.0004836028548427486,
9.708,-0.0004869822957681142,
9.71,-0.0004903475601625916,
9.712,-0.0004936979182551729,
9.714,-0.0004970326611921363,
9.716,-0.0005003510786952581,
9.718,-0.0005036524421405935,
9.72,-0.0005069360009990314,
9.722,-0.0005102009953888884,
9.724,-0.0005134466816031175,
9.726,-0.0005166723627354065,
9.728,-0.0005198774143080679,
9.73,-0.0005230612956447314,
9.732,-0.0005262235412829673,
9.734,-0.0005293637319376581,
9.736,-0.0005324814500048056,
9.738,-0.0005355762289711625,
9.74,-0.0005386475083391428,
9.742,-0.0005416946052788595,
9.744,-0.0005447167112327524,
9.746,-0.0005477129166853946,
9.748,-0.0005506822612284139,
9.75,-0.0005536238001023772,
9.752,-0.0005565366738550546,
9.754,-0.0005594201657419503,
9.756,-0.0005622737327477101,
9.758,-0.0005650970007479556,
9.76,-0.0005678897217178087,
9.762,-0.000570651699618508,
9.764,-0.0005733826996965302,
9.766,-0.0005760823613078461,
9.768,-0.0005787501353336523,
9.77,-0.0005813852630174961,
9.772,-0.0005839868041524738,
9.774,-0.0005865537108318909,
9.776,-0.0005890849312633299,
9.778,-0.0005915795195420139,
9.78,-0.0005940367243183558,
9.782,-0.0005964560331728412,
9.784,-0.0005988371596274715,
9.786,-0.0006011799737221948,
9.788,-0.0006034843914179972,
9.79,-0.0006057502489555779,
9.792,-0.0006079771927228989,
9.794,-0.0006101646118737315,
9.796,-0.0006123116306895487,
9.798,-0.0006144171631705889,
9.8,-0.0006164800173824234,
9.802,-0.0006184990255301892,
9.804,-0.0006204731704079955,
9.806,-0.0006224016808326018,
9.808,-0.000624284077001036,
9.81,-0.0006261201589003762,
9.812,-0.0006279099436512627,
9.814,-0.0006296535678701595,
9.816,-0.0006313511766699871,
9.818,-0.000633002821099117,
9.82,-0.0006346083813626547,
9.822,-0.0006361675257921212,
9.824,-0.0006376797073168434,
9.826,-0.0006391441920140662,
9.828,-0.0006405601094237796,
9.83,-0.0006419265122079057,
9.832,-0.0006432424332566009,
9.834,-0.00064450693092135,
9.836,-0.0006457191169167701,
9.838,-0.0006468781657914678,
9.84,-0.0006479833089782399,
9.842,-0.0006490338196306407,
9.844,-0.0006500289961834443,
9.846,-0.0006509681524769097,
9.848,-0.0006518506203061165,
9.85,-0.0006526757667424135,
9.852,-0.000653443024266273,
9.854,-0.0006541519276730704,
9.856,-0.0006548021489053489,
9.858,-0.000655393520209828,
9.86,-0.000655926037583493,
9.862,-0.0006563998400380124,
9.864,-0.0006568151649368501,
9.866,-0.0006571722844574221,
9.868,-0.0006574714320551962,
9.87,-0.0006577127299424936,
9.872,-0.0006578961287760749,
9.874,-0.0006580213691403843,
9.876,-0.0006580879714642848,
9.878,-0.0006580952572468858,
9.88,-0.0006580424003665608,
9.882,-0.0006579285031705474,
9.884,-0.0006577526883055469,
9.886,-0.0006575141942086526,
9.888,-0.000657212460300444,
9.89,-0.0006568471877472981,
9.892,-0.0006564183636664631,
9.894,-0.0006559262410343534,
9.896,-0.0006553712730565047,
9.898,-0.0006547540085288269,
9.9,-0.000654074962438997,
9.902,-0.0006533344821351916,
9.904,-0.0006525326323428169,
9.906,-0.0006516691211215192,
9.908,-0.0006507432832786095,
9.91,-0.0006497541284542426,
9.912,-0.0006487004495721247,
9.914,-0.0006475809757205567,
9.916,-0.0006463945441042287,
9.918,-0.0006451402605594859,
9.92,-0.0006438176186249454,
9.922,-0.0006424265536361283,
9.924,-0.0006409674198887984,
9.926,-0.0006394408935665542,
9.928,-0.0006378478190040411,
9.93,-0.0006361890278306681,
9.932,-0.0006344651668779529,
9.934,-0.0006326765697634459,
9.936,-0.0006308231986493557,
9.938,-0.0006289046683633695,
9.94,-0.0006269203478338782,
9.942,-0.000624869517388097,
9.944,-0.0006227515485600057,
9.946,-0.0006205660683470803,
9.948,-0.0006183130733970806,
9.95,-0.0006159929705546489,
9.952,-0.0006136065360287553,
9.954,-0.0006111548025797964,
9.956,-0.000608638898805167,
9.958,-0.0006060598737435833,
9.96,-0.0006034185418835593,
9.962,-0.0006007153781614199,
9.964,-0.000597950481150862,
9.966,-0.0005951236080109205,
9.968,-0.0005922342700500554,
9.97,-0.000589281866018535,
9.972,-0.0005862658237756502,
9.974,-0.0005831857209543183,
9.976,-0.0005800413614738325,
9.978,-0.0005768327957468011,
9.98,-0.0005735602856968473,
9.982,-0.0005702242282575478,
9.984,-0.000566825060001467,
9.986,-0.0005633631688782636,
9.988,-0.0005598388359600156,
9.99,-0.0005562522213907228,
9.992,-0.0005526033966344776,
9.994,-0.0005488924127362004,
9.996,-0.000545119384887844,
9.998,-0.0005412845696012734,
10.0,-0.0005373884132291294,
10.002,-0.0005334315586807753,
10.004,-0.000529414808609198,
10.006,-0.0005253390548599103,
10.008,-0.0005212051923728251,
10.01,-0.0005170140387907281,
10.012,-0.0005127662781347318,
10.014,-0.0005084624391878453,
10.016,-0.0005041029091651395,
10.018,-0.0004996879738896918,
10.02,-0.000495217869710937,
10.022,-0.0004906928313168427,
10.024,-0.0004861131233646042,
10.026,-0.00048147905098607885,
10.028,-0.0004767909522789723,
10.03,-0.0004720491822844034,
10.032,-0.0004672541007268953,
10.034,-0.00046240607419503467,
10.036,-0.0004575054980790689,
10.038,-0.0004525528361925926,
10.04,-0.00044754866890259475,
10.042,-0.0004424937359705263,
10.044,-0.00043738895961136393,
10.046,-0.00043223543681397025,
10.048,-0.000427034396840494,
10.05,-0.00042178712822100946,
10.052,-0.00041649488726266763,
10.054,-0.0004111588050962924,
10.056,-0.00040577981131936455,
10.058,-0.00040035858915322443,
10.06,-0.00039489557056987675,
10.062,-0.00038939097171104457,
10.064,-0.0003838448610900649,
10.066,-0.00037825724729973094,
10.068,-0.00037262817036661866,
10.07,-0.0003669577817507159,
10.072,-0.0003612464017115775,
10.074,-0.0003554945481943542,
10.076,-0.00034970293716743184,
10.078,-0.00034387245926353996,
10.08,-0.000338004140843097,
10.082,-0.0003320990989014437,
10.084,-0.0003261584987006817,
10.086,-0.00032018352100287055,
10.088,-0.00031417534281604593,
10.09,-0.00030813513215748923,
10.092,-0.0003020640540129051,
10.094,-0.00029596328196110155,
10.096,-0.0002898340083830776,
10.098,-0.00028367744624490504,
10.1,-0.0002774948173658681,
10.102,-0.0002712873256751629,
10.104,-0.00026505611854129695,
10.106,-0.00025880224368949234,
10.108,-0.00025252661218192856,
10.11,-0.00024622997829748907,
10.112,-0.00023991294441379717,
10.114,-0.0002335759935621968,
10.116,-0.0002272195455041652,
10.118,-0.00022084402585918463,
10.12,-0.0002144499339365163,
10.122,-0.00020803789481330223,
10.124,-0.00020160868511236664,
10.126,-0.00019516322887091255,
10.128,-0.00018870256787585909,
10.13,-0.00018222781750619515,
10.132,-0.00017574012245107258,
10.134,-0.00016924062566852656,
10.136,-0.00016273045895349666,
10.138,-0.00015621075607297338,
10.14,-0.00014968268191056143,
10.142,-0.00014314746573015593,
10.144,-0.00013660642508762336,
10.146,-0.00013006096944808576,
10.148,-0.0001235125783134039,
10.15,-0.00011696275580719241,
10.152,-0.00011041297008171245,
10.154,-0.00010386458983636536,
10.156,-9.731883077915079e-05,
10.158,-9.077672218339693e-05,
10.16,-8.423909885570673e-05,
10.162,-7.770661837461741e-05,
10.164,-7.117979886883707e-05,
10.166,-6.465906987337624e-05,
10.168,-5.81448282091175e-05,
10.17,-5.163749198010719e-05,
10.172,-4.513754784902428e-05,
10.174,-3.864558885172097e-05,
10.176,-3.216234150404155e-05,
10.178,-2.5688681632270988e-05,
10.18,-1.9225638434355614e-05,
10.182,-1.277438623676227e-05,
10.184,-6.336223755240954e-06,
10.186,8.745828283278551e-08,
10.188,6.495218562562523e-06,
10.19,1.2885610991040039e-05,
10.192,1.9257228418381603e-05,
10.194,2.5608736890305654e-05,
10.196,3.193889356565092e-05,
10.198,3.824654359196837e-05,
10.2,4.45305948736121e-05,
10.202,5.078997423543106e-05,
10.204,5.7023573103276315e-05,
10.206,6.323019444228109e-05,
10.208,6.94085143034991e-05,
10.21,7.555707019592092e-05,
10.212,8.167428439641635e-05,
10.214,8.775852366676975e-05,
10.216,9.380818879617991e-05,
10.218,9.982181960077334e-05,
10.22,0.00010579819539085655,
10.222,0.00011173640912097312,
10.224,0.00011763589642303359,
10.226,0.00012349640834807019,
10.228,0.00012931792757226842,
10.23,0.00013510053971567418,
10.232,0.00014084428146316587,
10.234,0.00014654899280235992,
10.236,0.000152214200321315,
10.238,0.00015783905205643924,
10.24,0.00016342231337212592,
10.242,0.0001689624205632015,
10.244,0.0001744575775666514,
10.246,0.00017990587416892372,
10.248,0.00018530540294090975,
10.25,0.00019065435662169567,
10.252,0.00019595109595163236,
10.254,0.0002011941871390678,
10.256,0.00020638241526834902,
10.258,0.0002115147829702982,
10.26,0.00021659050211078924,
10.262,0.00022160898135357388,
10.264,0.00022656980669200077,
10.266,0.00023147270820661746,
10.268,0.00023631750643745495,
10.27,0.00024110403638031176,
10.272,0.0002458320549497542,
10.274,0.00025050114612538575,
10.276,0.0002551106437344682,
10.278,0.0002596595923588732,
10.28,0.00026414676116725996,
10.282,0.00026857071451414456,
10.284,0.0002729299296275031,
10.286,0.00027722293929323676,
10.288,0.00028144846967524076,
10.29,0.00028560554263072445,
10.292,0.00028969351858673784,
10.294,0.00029371206875675345,
10.296,0.0002976610811951169,
10.298,0.000301540520199554,
10.3,0.000305350269408922,
10.302,0.00030908999316343097,
10.304,0.0003127590473797509,
10.306,0.00031635646104511013,
10.308,0.000319880994555751,
10.31,0.0003233312645606401,
10.312,0.0003267059101235629,
10.314,0.0003300037650384418,
10.316,0.00033322399832583417,
10.318,0.00033636619027676,
10.32,0.00033943032421088074,
10.322,0.00034241669201889424,
10.324,0.000345325730836776,
10.326,0.000348157824475287,
10.328,0.0003509131124505722,
10.33,0.00035359134897795,
10.332,0.000356191843670377,
10.334,0.0003587134970605479,
10.336,0.0003611549217853361,
10.338,0.0003635146198685861,
10.34,0.0003657911733123511,
10.342,0.00036798340272823607,
10.344,0.00037009045780228306,
10.346,0.00037211182168345115,
10.348,0.00037404723408837994,
10.35,0.00037589655897322705,
10.352,0.00037765963644307817,
10.354,0.00037933616155713315,
10.356,0.00038092562422156707,
10.358,0.000382427326923223,
10.36,0.00038384047547294485,
10.362,0.0003851643180149631,
10.364,0.00038639829452443504,
10.366,0.00038754215609975004,
10.368,0.0003885960210676463,
10.37,0.00038956035101128,
10.372,0.00039043585001387207,
10.374,0.0003912233095209479,
10.376,0.0003919234345573829,
10.378,0.000392536691479157,
10.38,0.0003930632121488232,
10.382,0.000393502775932832,
10.384,0.0003938548726574221,
10.386,0.00039411883107847085,
10.388,0.00039429398289244385,
10.39,0.00039437982510589505,
10.392,0.00039437614511482786,
10.394,0.0003942830824198,
10.396,0.000394101115934775,
10.398,0.0003938309825575429,
10.4,0.000393473547067145,
10.402,0.00039302965229979397,
10.404,0.00039249998028818167,
10.406,0.0003918849498956051,
10.408,0.0003911846663909348,
10.41,0.0003903989264049789,
10.412,0.0003895272709212968,
10.414,0.0003885690717757042,
10.416,0.00038752363459736096,
10.418,0.00038639030277284994,
10.42,0.00038516855125037,
10.422,0.00038385806376830286,
10.424,0.00038245879063122007,
10.426,0.0003809709856059519,
10.428,0.00037939522011014586,
10.43,0.0003777323717573309,
10.432,0.00037598358400128503,
10.434,0.00037415019529861497,
10.436,0.00037223364026536907,
10.438,0.00037023533110130003,
10.44,0.00036815653357693114,
10.442,0.00036599825621797194,
10.444,0.000363761172296047,
10.446,0.0003614455909408858,
10.448,0.00035905148632081716,
10.45,0.0003565785836849649,
10.452,0.00035402649019699895,
10.454,0.0003513948492758441,
10.456,0.0003486834916731989,
10.458,0.0003458925560909572,
10.46,0.0003430225570650802,
10.462,0.000340074387309,
10.464,0.000337049253971147,
10.466,0.000333948560963172,
10.468,0.000330773760141662,
10.47,0.0003275262004822521,
10.472,0.00032420700505304205,
10.474,0.0003208170002511791,
10.476,0.0003173567113365693,
10.478,0.00031382642481459394,
10.48,0.000310226304480236,
10.482,0.00030655653688911594,
10.484,0.0003028174761181939,
10.486,0.000299009758258847,
10.488,0.00029513436302153813,
10.49,0.0002911926115157811,
10.492,0.000287186102986203,
10.494,0.00028311660587960097,
10.496,0.0002789859272716889,
10.498,0.000274795787623947,
10.5,0.000270547724735304,
10.502,0.00026624304272384,
10.504,0.00026188281113306426,
10.506,0.00025746790846991707,
10.508,0.00025299909607221513,
10.51,0.0002484771037744988,
10.512,0.00024390270888441089,
10.514,0.00023927679389027214,
10.516,0.000234600374699523,
10.518,0.00022987459832119785,
10.52,0.00022510071514721792,
10.522,0.00022028003522450782,
10.524,0.00021541387965230897,
10.526,0.000210503537611833,
10.528,0.00020555023711448802,
10.53,0.000200555134139847,
10.532,0.0001955193212205381,
10.534,0.00019044385334905883,
10.536,0.00018532978671197706,
10.538,0.00018017822432669608,
10.54,0.00017499036209239402,
10.542,0.00016976752889336612,
10.544,0.00016451121501581217,
10.546,0.00015922308414264587,
10.548,0.00015390496555911217,
10.55,0.00014855882501091318,
10.552,0.00014318671499608394,
10.554,0.00013779070812869923,
10.556,0.00013237282036795804,
10.558,0.00012693493386198908,
10.56,0.00012147873119089001,
10.562,0.00011600565309935591,
10.564,0.00011051688974910996,
10.566,0.00010501341090516183,
10.568,9.949603375629599e-05,
10.57,9.396551942081993e-05,
10.572,8.842268229631519e-05,
10.574,8.286849211432883e-05,
10.576,7.730414833611914e-05,
10.578,7.173111100408703e-05,
10.58,6.615108079284611e-05,
10.582,6.0565932061194664e-05,
10.584,5.497761360975304e-05,
10.586,4.938803981000338e-05,
10.588,4.379899754492252e-05,
10.59,3.821209097668156e-05,
10.592,3.262873713121323e-05,
10.594,2.705021281060729e-05,
10.596,2.1477740597415857e-05,
10.598,1.5912592067374504e-05,
10.6,1.0356182379512961e-05,
10.602,4.810133232383774e-06,
10.604,-7.237100553428782e-07,
10.606,-6.243309352196096e-06,
10.608,-1.1746502199999447e-05,
10.61,-1.7231088970649016e-05,
10.612,-2.2694916667848015e-05,
10.614,-2.8135940705446253e-05,
10.616,-3.3552254392200075e-05,
10.618,-3.8942086471368946e-05,
10.62,-4.430377648932974e-05,
10.622,-4.963574308774941e-05,
10.624,-5.4936460021840543e-05,
10.626,-6.020444917109452e-05,
10.628,-6.543829110661617e-05,
10.63,-7.063664501021429e-05,
10.632,-7.579826398482418e-05,
10.634,-8.092199112701766e-05,
10.636,-8.600672654660366e-05,
10.638,-9.1051364426366e-05,
10.64,-9.605470950294286e-05,
10.642,-0.00010101539084057232,
10.644,-0.00010593179479573174,
10.646,-0.00011080203726456895,
10.648,-0.00011562398794542489,
10.65,-0.00012039534823143292,
10.652,-0.00012511377220953936,
10.654,-0.00012977701000892503,
10.656,-0.0001343830467646617,
10.658,-0.00013893021002235367,
10.66,-0.00014341722351888402,
10.662,-0.0001478431948054177,
10.664,-0.0001522075362142402,
10.666,-0.00015650983092965987,
10.668,-0.00016074966618747114,
10.67,-0.0001649264620766199,
10.672,-0.0001690393258806322,
10.674,-0.00017308695801962254,
10.676,-0.0001770676269773556,
10.678,-0.00018097921853684905,
10.68,-0.00018481935132937813,
10.682,-0.00018858553862623637,
10.684,-0.00019227536788417034,
10.686,-0.00019588666656831293,
10.688,-0.000199417625916586,
10.69,-0.00020286686293778439,
10.692,-0.00020623341317773695,
10.694,-0.00020951665995025152,
10.696,-0.0002127162169552043,
10.698,-0.0002158317881964282,
10.7,-0.0002188630306798867,
10.702,-0.0002218094416849201,
10.704,-0.00022467028484454943,
10.706,-0.00022744455998804773,
10.708,-0.00023013101296892526,
10.71,-0.00023272817535853956,
10.712,-0.00023523442092529667,
10.714,-0.00023764802629704971,
10.716,-0.00023996722638223788,
10.718,-0.0002421902597886222,
10.72,-0.00024431540428518253,
10.722,-0.0002463410061243436,
10.724,-0.0002482655089456096,
10.726,-0.0002500874876239985,
10.728,-0.00025180568987861037,
10.73,-0.0002534190842598909,
10.732,-0.00025492690826360494,
10.734,-0.000256328706072024,
10.736,-0.0002576243431990418,
10.738,-0.00025881398626748477,
10.74,-0.00025989804079276467,
10.742,-0.00026087704774041017,
10.744,-0.0002617515492501273,
10.746,-0.0002625219429228159,
10.748,-0.0002631883498076335,
10.75,-0.0002637505215583817,
10.752,-0.00026420780625275957,
10.754,-0.000264559180905883,
10.756,-0.00026480334428500803,
10.758,-0.00026493884990023693,
10.76,-0.0002649642497912091,
10.762,-0.00026487821773687385,
10.764,-0.000264679626645125,
10.766,-0.0002643675676993634,
10.768,-0.0002639413149283524,
10.77,-0.00026340025376031436,
10.772,-0.00026274380160362404,
10.774,-0.0002619713498477791,
10.776,-0.0002610822494998978,
10.778,-0.00026007584902032997,
10.78,-0.0002589515767020861,
10.782,-0.00025770904577367864,
10.784,-0.0002563481522891519,
10.786,-0.0002548691360539305,
10.788,-0.0002532725832294332,
10.79,-0.00025155936353161887,
10.792,-0.00024973051122745233,
10.794,-0.00024778707316313627,
10.796,-0.0002457299552905231,
10.798,-0.00024355979968091647,
10.8,-0.00024127691694675443,
10.802,-0.00023888128631179464,
10.804,-0.00023637262051838545,
10.806,-0.00023375047895024957,
10.808,-0.00023101440288705063,
10.81,-0.00022816404360439892,
10.812,-0.0002251992574581201,
10.814,-0.0002221201510036129,
10.816,-0.0002189270713083074,
10.818,-0.00021562054905271041,
10.82,-0.000212201212008113,
10.822,-0.0002086696919289507,
10.824,-0.00020502654781589817,
10.826,-0.00020127222317836647,
10.828,-0.00019740704580069107,
10.83,-0.00019343126785794815,
10.832,-0.0001893451345630002,
10.834,-0.0001851489630728967,
10.836,-0.00018084321153061643,
10.838,-0.00017642852113423322,
10.84,-0.00017190572111640913,
10.842,-0.00016727579569664338,
10.844,-0.0001625398212040448,
10.846,-0.00015769888854738626,
10.848,-0.00015275402951484582,
10.85,-0.00014770616442104996,
10.852,-0.00014255608376555635,
10.854,-0.00013730446902735643,
10.856,-0.00013195194918495532,
10.858,-0.00012649918180244367,
10.86,-0.00012094694207877784,
10.862,-0.00011529620111650255,
10.864,-0.00010954817618324906,
10.866,-0.00010370434062097778,
10.868,-9.776638844718484e-05,
10.87,-9.17361573078342e-05,
10.872,-8.561552176312954e-05,
10.874,-7.940627536191666e-05,
10.876,-7.311002325667814e-05,
10.878,-6.672810636041164e-05,
10.88,-6.0261573077290806e-05,
10.882,-5.371120610579163e-05,
10.884,-4.7077601180868694e-05,
10.886,-4.03612839675846e-05,
10.888,-3.356284293562143e-05,
10.89,-2.668305194512644e-05,
10.892,-1.9722957674252087e-05,
10.894,-1.2683913957881016e-05,
10.896,-5.567556324694031e-06,
10.898,1.6242768598475715e-06,
10.9,8.889658193875232e-06,
10.902,1.6226693469168045e-05,
10.904,2.3633623804501973e-05,
10.906,3.1108883878400315e-05,
10.908,3.865110294836313e-05,
10.91,4.6259049171647865e-05,
10.912,5.393153155714032e-05,
10.914,6.166728425282666e-05,
10.916,6.946486217435117e-05,
10.918,7.732257408078264e-05,
10.92,8.523846979157775e-05,
10.922,9.321038468060486e-05,
10.924,0.00010123603031187998,
10.926,0.00010931310871443646,
10.928,0.00011743942218653138,
10.93,0.00012561295202279967,
10.932,0.00013383188768364423,
10.934,0.00014209460050154855,
10.936,0.00015039956978865423,
10.938,0.0001587452807072329,
10.94,0.00016713011971579073,
10.942,0.0001755522934094585,
10.944,0.00018400979040022737,
10.946,0.0001925003953102846,
10.948,0.00020102175171475415,
10.95,0.00020957145992854512,
10.952,0.00021814718830226638,
10.954,0.00022674677452216233,
10.956,0.0002353682963543882,
10.958,0.00024401009823552517,
10.96,0.0002526707692314049,
10.962,0.0002613490770934231,
10.964,0.00027004387062915533,
10.966,0.0002787539672032904,
10.968,0.00028747804347045627,
10.97,0.0002962145456802829,
10.972,0.0003049616318169778,
10.974,0.0003137171523933475,
10.976,0.00032247867085283537,
10.978,0.00033124351904567813,
10.98,0.0003400088787522242,
10.982,0.00034877187716358726,
10.984,0.000357529682895142,
10.986,0.0003662795896458221,
10.988,0.00037501907699867673,
10.99,0.00038374584181411137,
10.992,0.00039245779865102886,
10.994,0.00040115305285350576,
10.996,0.00040982985440135485,
10.998,0.0004184865434135533,
11.0,0.00042712149866283794,
11.002,0.00043573309843233867,
11.004,0.00044431969894472695,
11.006,0.0004528796303991924,
11.008,0.00046141120568544936,
11.01,0.0004699127334478596,
11.012,0.0004783825263200721,
11.014,0.00048681889714662335,
11.016,0.0004952201403537737,
11.018,0.0005035845011095486,
11.02,0.0005119101399178755,
11.022,0.0005201951032667903,
11.024,0.0005284373108687828,
11.026,0.0005366345667216509,
11.028,0.0005447845954521781,
11.03,0.0005528850987145609,
11.032,0.0005609338206566517,
11.034,0.0005689286082963082,
11.036,0.0005768674530332152,
11.038,0.0005847485034564308,
11.04,0.0005925700461255161,
11.042,0.0006003304584424091,
11.044,0.0006080281442197301,
11.046,0.0006156614665068869,
11.048,0.0006232286927741159,
11.05,0.0006307279646756911,
11.052,0.0006381572991256212,
11.054,0.0006455146206780822,
11.056,0.000652797818725915,
11.058,0.0006600048181359129,
11.06,0.0006671336494935051,
11.062,0.0006741825054319259,
11.064,0.0006811497723365322,
11.066,0.0006880340313940581,
11.068,0.0006948340285942572,
11.07,0.000701548618893637,
11.072,0.000708176694366467,
11.074,0.0007147171090271619,
11.076,0.00072116861362198,
11.078,0.0007275298119470532,
11.08,0.0007337991464634743,
11.082,0.0007399749158437252,
11.084,0.0007460553215575352,
11.086,0.0007520385357189877,
11.088,0.0007579227790325,
11.09,0.00076370639631113,
11.092,0.0007693879177647359,
11.094,0.000774966096736438,
11.096,0.0007804399182079018,
11.098,0.0007858085765427708,
11.1,0.0007910714250331653,
11.102,0.0007962279034785001,0.00020363905463253892
11.104,0.0008012774530157041,0.000205370869022022
11.106,0.0008062194295397261,0.0002071035480105625
11.108,0.0008110530280392551,0.00020883709070745543
11.11,0.0008157772296905966,0.00021057149622134993
11.112,0.0008203907812760465,0.00021230676366021639
11.114,0.0008248922123076232,0.00021404289213137592
11.116,0.000829279889431473,0.00021577988074147862
11.118,0.0008335521010800571,0.00021751772859651488
11.12,0.000837707159202256,0.0002192564348018145
11.122,0.0008417435007111543,0.00022099599846205528
11.124,0.0008456597703184001,0.00022273641868124125
11.126,0.0008494548693138901,0.00022447769456272932
11.128,0.0008531279613300929,0.00022621982520921443
11.13,0.0008566784349624459,0.0002279628097227341
11.132,0.000860105832347742,0.00022970664720466734
11.134,0.0008634097602399931,0.00023145133675574195
11.136,0.000866589803920009,0.0002331968774760238
11.138,0.0008696454634230579,0.00023494326846492967
11.14,0.0008725761261994833,0.00023669050882122616
11.142,0.0008753810816652991,0.00023843859764300938
11.144,0.000878059573183421,0.00024018753402774254
11.146,0.0008806108741559549,0.00024193731707223014
11.148,0.0008830343691451728,0.00024368794587261545
11.15,0.0008853296195769423,0.00024543941952440585
11.152,0.0008874963969057488,0.0002471917371224509
11.154,0.0008895346733848251,0.00024894489776094574
11.156,0.0008914445701897421,0.00025069890053345184
11.158,0.0008932262724921129,0.0002524537445328671
11.16,0.000894879929011842,0.00025420942885145243
11.162,0.0008964055577988489,0.00025596595258081835
11.164,0.0008978029794546521,0.0002577233148119239
11.166,0.0008990717936221992,0.0002594815146350934
11.168,0.000900211405334788,0.00026124055113999637
11.17,0.000901221096621388,0.0002630004234156642
11.172,0.000902100128114529,0.00026476113055048646
11.174,0.0009028478478527995,0.0002665226716322029
11.176,0.0009034637820395199,0.00026828504574791354
11.178,0.0009039476861351647,0.0002700482519840816
11.18,0.0009042995438046732,0.0002718122894265258
11.182,0.000904519513928868,0.0002735771571604217
11.184,0.0009046078390713081,0.00027534285427031083
11.186,0.0009045647390700459,0.00027710937984009356
11.188,0.0009043903179620052,0.0002788767329530312
11.19,0.0009040845097940439,0.0002806449126917504
11.192,0.000903647079453084,0.00028241391813824194
11.194,0.0009030776807491072,0.0002841837483738446
11.196,0.0009023759592004072,0.00028595440247928833
11.198,0.0009015416752363347,0.0002877258795346462
11.2,0.0009005748180174192,0.0002894981786193678
11.202,0.0008994756822753921,0.00029127129881226856
11.204,0.0008982448898759429,0.000293045239191526
11.206,0.0008968833516395175,0.0002948199988346841
11.208,0.000895392179551971,0.0002965955768186633
11.21,0.0008937725709545858,0.0002983719722197511
11.212,0.0008920256917055298,0.0003001491841135985
11.214,0.0008901525835012961,0.000301927211575235
11.216,0.0008881541124174417,0.00030370605367904867
11.218,0.0008860309638475511,0.0003054857094988139
11.22,0.0008837836768484629,0.0003072661781076723
11.222,0.0008814127017602962,0.0003090474585781304
11.224,0.0008789184611216962,0.00031082954998207636
11.226,0.0008763013959746102,0.00031261245139077766
11.228,0.0008735619865778557,0.00031439616187486203
11.23,0.0008707007459817474,0.00031618068050434395
11.232,0.0008677181939842763,0.00031796600634860836
11.234,0.0008646148251399223,0.00031975213847642214
11.236,0.0008613910861779285,0.00032153907595592593
11.238,0.0008580473752187206,0.0003233268178546401
11.24,0.0008545840686629933,0.0003251153632394609
11.242,0.0008510015735705751,0.000326904711176669
11.244,0.0008473003960076153,0.0003286948607319199
11.246,0.0008434812111241998,0.0003304858109702558
11.248,0.0008395449196849287,0.0003322775609560929
11.25,0.0008354926784381123,0.00033407010975323445
11.252,0.0008313258971583369,0.00033586345642486263
11.254,0.0008270462019320815,0.0003376576000335513
11.256,0.0008226553706313514,0.00033945253964124707
11.258,0.0008181552511887965,0.00034124827430928855
11.26,0.0008135476754845513,0.0003430448030983959
11.262,0.000808834381288566,0.00034484212506867806
11.264,0.000804016952258538,0.00034664023927962726
11.266,0.0007990967822997254,0.0003484391447901263
11.268,0.0007940750665475287,0.0003502388406584448
11.27,0.0007889528175753117,0.00035203932594223523
11.272,0.0007837309026152602,0.000353840599698551
11.274,0.0007784100957666701,0.00035564266098382343
11.276,0.0007729911382902081,0.00035744550885387865
11.278,0.0007674747999856706,0.00035924914236393354
11.28,0.0007618619351546676,0.0003610535605686016
11.282,0.0007561535276457987,0.0003628587625218794
11.284,0.0007503507209058058,0.0003646647472771607
11.286,0.0007444548307563424,0.00036647151388723517
11.288,0.0007384673406716207,0.00036827906140428617
11.29,0.0007323898814539207,0.0003700873888798852
11.292,0.0007262241991114486,0.00037189649536500474
11.294,0.0007199721161311099,0.0003737063799100156
11.296,0.0007136354919400192,0.00037551704156468053
11.298,0.000707216188020174,0.0003773284793781624
11.3,0.0007007160419113746,0.0003791406923990178
11.302,0.000694136852422906,0.00038095367967520567
11.304,0.0006874803761483004,0.00038276744025408574
11.306,0.000680748333287481,0.0003845819731824164
11.308,0.0006739424192648769,0.00038639727750634925
11.31,0.00066706431801211,0.000388213352271446
11.312,0.0006601157131879015,0.00039003019652266894
11.314,0.0006530982949256873,0.0003918478093043743
11.316,0.0006460137615883643,0.000393666189660336
11.318,0.000638863817959927,0.00039548533663371683
11.32,0.0006316501727466782,0.0003973052492670895
11.322,0.0006243745387255204,0.0003991259266024339
11.324,0.0006170386381278257,0.0004009473676811362
11.326,0.0006096442139937699,0.00040276957154397787
11.328,0.0006021930457491923,0.0004045925372311607
11.33,0.000594686964891749,0.0004064162637822865
11.332,0.0005871278652581579,0.00040824075023636677
11.334,0.0005795177025390968,0.0004100659956318149
11.336,0.0005718584797565196,0.00041189199900646675
11.338,0.0005641522189979506,0.00041371875939755497
11.34,0.0005564009239433109,0.0004155462758417338
11.342,0.0005486065413967363,0.00041737454737505466
11.344,0.0005407709319247617,0.0004192035730329937
11.346,0.0005328958589645879,0.00042103335185043157
11.348,0.0005249830022813782,0.00042286388286166024
11.35,0.0005170339961222619,0.00042469516510039456
11.352,0.0005090504862367594,0.0004265271975997556
11.354,0.0005010341948151709,0.00042835997939228077
11.356,0.000492986979849223,0.0004301935095099169
11.358,0.0004849108762697386,0.00043202778698403705
11.36,0.00047680811032085906,0.00043386281084542425
11.362,0.00046868108487680603,0.0004356985801242757
11.364,0.0004605323400387323,0.0004375350938502168
11.366,0.0004523644984989758,0.0004393723510522765
11.368,0.00044418020743013683,0.0004412103507589192
11.37,0.00043598208755916626,0.00044304909199801185
11.372,0.0004277726961845222,0.00044488857379685167
11.374,0.0004195545056063046,0.000446728795182154
11.376,0.00041132989356740864,0.00044856975518005093
11.378,0.00040310113943606697,0.0004504114528161041
11.38,0.0003948704198584732,0.00045225388711528955
11.382,0.0003866398003346802,0.00045409705710201435
11.384,0.00037841122353799133,0.00045594096180010045
11.386,0.0003701864995555056,0.0004577856002327999
11.388,0.0003619673058984119,0.00045963097142278384
11.39,0.00035375520497433235,0.000461477074392154
11.392,0.0003455516835057256,0.0004633239081624357
11.394,0.0003373582128896453,0.0004651714717545793
11.396,0.0003291763232709088,0.00046701976418896216
11.398,0.00032100767898685263,0.0004688687844853883
11.4,0.00031285414062385257,0.0004707185316630944
11.402,0.00030471780005661165,0.0004725690047407401
11.404,0.0002966009793970698,0.0004744202027364178
11.406,0.000288506191694723,0.00047627212466764613
11.408,0.0002804360688317178,0.00047812476955137663
11.41,0.00027239326852557705,0.00047997813640399557
11.412,0.0002643803762461479,0.0004818322242413059
11.414,0.0002563998184488633,0.0004836870320785607
11.416,0.0002484538009634659,0.00048554255893043416
11.418,0.00024054428153182368,0.000487398803811037
11.42,0.00023267297964244893,0.0004892557657339123
11.422,0.00022484142125498948,0.0004911134437120373
11.424,0.00021705101168757894,0.0004929718367578302
11.426,0.0002093031272567099,0.0004948309438831306
11.428,0.00020159921509563133,0.0004966907640992295
11.43,0.00019394089048185837,0.000498551296416842
11.432,0.00018633002147878404,0.0005004125398461252
11.434,0.00017876879145660053,0.0005022744933966719
11.436,0.0001712597311531434,0.0005041371560775165
11.438,0.0001638057137163379,0.0005060005268971323
11.44,0.00015640990907783318,0.0005078646048634236
11.442,0.0001490756982899653,0.0005097293889837376
11.444,0.00014180655393364138,0.0005115948782648734
11.446,0.00013460589863773626,0.0005134610717130499
11.448,0.00012747695894870165,0.000515327968333942
11.45,0.00012042263487528259,0.0005171955671326627
11.452,0.0001134454052348611,0.0005190638671137658
11.454,0.00010654728487570542,0.0005209328672812477
11.456,9.972984223274433e-05,0.0005228025666385496
11.458,9.29942757022242e-05,0.0005246729641885555
11.46,8.634153690453592e-05,0.0005265440589335945
11.462,7.977248025366149e-05,0.00052841584987544
11.464,7.32880133429527e-05,0.0005302883360153063
11.466,6.688922272788726e-05,0.0005321615163538645
11.468,6.057745489963219e-05,0.0005340353898912173
11.47,5.435434158860049e-05,0.0005359099556269256
11.472,4.822177003020557e-05,0.0005377852125599958
11.474,4.2181809951679275e-05,0.0005396611596888799
11.476,3.62366173288312e-05,0.0005415377960114745
11.478,3.0388338586327433e-05,0.0005434151205251313
11.48,2.4639037113099427e-05,0.0005452931322266494
11.482,1.899065724225641e-05,0.0005471718301122778
11.484,1.3445030856879847e-05,0.000549051213177714
11.486,8.003920939836406e-06,0.0005509312804181071
11.488,2.6690872827662648e-06,0.0005528120308280587
11.49,-2.5576456443640046e-06,0.0005546934634016208
11.492,-7.674338785723997e-06,0.0005565755771322952
11.494,-1.2678921766165132e-05,0.0005584583710130463
11.496,-1.7569215858637555e-05,0.0005603418440362775
11.498,-2.2342992904653045e-05,0.0005622259951938562
11.5,-2.699805711204842e-05,0.0005641108234770984
11.502,-3.1532330565303695e-05,0.0005659963278767798
11.504,-3.594392190656902e-05,0.0005678825073831263
11.506,-4.0231161298596646e-05,0.0005697693609858195
11.508,-4.4392592554175796e-05,0.0005716568876740031
11.51,-4.842692333077608e-05,0.0005735450864362672
11.512,-5.233294414655868e-05,0.0005754339562606695
11.514,-5.6109434361490895e-05,0.0005773234961347165
11.516,-5.9755076486229005e-05,0.0005792137050453769
11.518,-6.32683985273434e-05,0.0005811045819790752
11.52,-6.664775796966475e-05,0.0005829961259216967
11.522,-6.989137183013225e-05,0.0005848883358585876
11.524,-7.299738702341954e-05,0.000586781210774548
11.526,-7.59639762501192e-05,0.0005886747496538362
11.528,-7.878943865011758e-05,0.0005905689514801879
11.53,-8.147228277781907e-05,0.0005924638152367761
11.532,-8.40112724003304e-05,0.000594359339906255
11.534,-8.640542263047865e-05,0.0005962555244707258
11.536,-8.865394364960035e-05,0.0005981523679117613
11.538,-9.075613989614141e-05,0.0006000498692103934
11.54,-9.271128205859347e-05,0.0006019480273471172
11.542,-9.451847563950969e-05,0.0006038468413018896
11.544,-9.617655188684572e-05,0.0006057463100541346
11.546,-9.768400391803812e-05,0.0006076464325827393
11.548,-9.903898322977235e-05,0.0006095472078660508
11.55,-0.00010023936076620699,0.0006114486348818941
11.552,-0.00010128284435346643,0.0006133507126075394
11.554,-0.00010216713305954332,0.0006152534400197425
11.556,-0.00010289008129750649,0.0006171568160947137
11.558,-0.00010344984304856545,0.0006190608398081353
11.56,-0.00010384497017938123,0.0006209655101351547
11.562,-0.00010407444789535146,0.0006228708260503842
11.564,-0.00010413766307059186,0.0006247767865279066
11.566,-0.00010403431477451152,0.000626683390541279
11.568,-0.0001037642877219571,0.0006285906370635105
11.57,-0.00010332751599578886,0.0006304985250670958
11.572,-0.00010272386470476245,0.0006324070535239895
11.574,-0.00010195305125122048,0.0006343162214056243
11.576,-0.00010101461713917397,0.0006362260276828901
11.578,-9.990794849533179e-05,0.0006381364713261586
11.58,-9.863233193038803e-05,0.0006400475513052668
11.582,-9.718702491502359e-05,0.0006419592665895235
11.584,-9.557131825666792e-05,0.0006438716161477106
11.586,-9.378457273020722e-05,0.0006457845989480818
11.588,-9.182622101004818e-05,0.0006476982139583594
11.59,-8.969573712044781e-05,0.0006496124601457397
11.592,-8.739258552812626e-05,0.000651527336476897
11.594,-8.491616799432326e-05,0.0006534428419179708
11.596,-8.226578677252774e-05,0.0006553589754345802
11.598,-7.944063765916309e-05,0.000657275735991813
11.6,-7.643983732467725e-05,0.0006591931225542358
11.602,-7.326247894748424e-05,0.0006611111340858882
11.604,-6.990770148006614e-05,0.0006630297695502837
11.606,-6.637475343575518e-05,0.0006649490279104101
11.608,-6.266303322444845e-05,0.0006668689081287298
11.61,-5.877209452626703e-05,0.0006687894091671862
11.612,-5.470161520461782e-05,0.000670710529987194
11.614,-5.0451339028584525e-05,0.0006726322695496498
11.616,-4.6021007958860864e-05,0.0006745546268149158
11.618,-4.1410306497000534e-05,0.0006764776007428408
11.62,-3.6618837417875977e-05,0.0006784011902927472
11.622,-3.164614050536764e-05,0.0006803253944234379
11.624,-2.6491754603130322e-05,0.0006822502120931892
11.626,-2.1155311283337387e-05,0.0006841756422597558
11.628,-1.5636638886166526e-05,0.0006861016838803762
11.63,-9.93585116754882e-06,0.0006880283359117604
11.632,-4.053396636976715e-06,0.0006899555973101025
11.634,2.0099474093875484e-06,0.000691883467031072
11.636,8.253139975798815e-06,0.0006938119440298207
11.638,1.4674990879085914e-05,0.0006957410272609762
11.64,2.1274303427550243e-05,0.0006976707156786525
11.642,2.8050017220499404e-05,0.0006996010082364371
11.644,3.500132266143403e-05,0.0007015319038874007
11.646,4.212772491955082e-05,0.0007034634015840966
11.648,4.942904619595153e-05,0.0007053955002785522
11.65,5.6905368537586324e-05,0.0007073281989222828
11.652,6.455693187166013e-05,0.0007092614964662813
11.654,7.238401050908074e-05,0.0007111953918610259
11.656,8.038679423165211e-05,0.0007131298840564751
11.658,8.856529686317559e-05,0.0007150649720020639
11.66,9.691930708119952e-05,0.0007170006546467131
11.662,0.00010544838545992443,0.0007189369309388339
11.664,0.00011415190115164564,0.0007208737998263073
11.666,0.0001230290937554752,0.0007228112602564981
11.668,0.00013207914241200404,0.0007247493111762707
11.67,0.00014130122535909473,0.0007266879515319495
11.672,0.00015069455818718627,0.0007286271802693577
11.674,0.00016025840605713026,0.0007305669963337953
11.676,0.00016999207210309435,0.0007325073986700495
11.678,0.00017989486935792926,0.0007344483862223921
11.68,0.00018996608580176897,0.0007363899579345716
11.682,0.00020020495149008518,0.0007383321127498282
11.684,0.00021061061394295351,0.0007402748496108827
11.686,0.00022118212432382944,0.000742218167459948
11.688,0.00023191843368080634,0.0007441620652387085
11.69,0.00024281839656300637,0.0007461065418883411
11.692,0.0002538807789508735,0.0007480515963495059
11.694,0.0002651042683382028,0.0007499972275623537
11.696,0.0002764874852504211,0.0007519434344665129
11.698,0.0002880289966565734,0.0007538902160010994
11.7,0.0002997273320219483,0.0007558375711047154
11.702,0.00031158100197115616,0.0007577854987154452
11.704,0.00032358851797571227,0.0007597339977708688
11.706,0.00033574840979133614,0.0007616830672080402
11.708,0.0003480592363130639,0.0007636327059635068
11.71,0.00036051958569766746,0.0007655829129732961
11.712,0.00037312806224913084,0.0007675336871729266
11.714,0.0003858832604065357,0.0007694850274974026
11.716,0.00039878372951437864,0.0007714369328812077
11.718,0.0004118279359379861,0.0007733894022583259
11.72,0.0004250142306083114,0.0007753424345622119
11.722,0.00043834082965382384,0.0007772960287258186
11.724,0.00045180581336459383,0.0007792501836815759
11.726,0.00046540714487187875,0.0007812048983614106
11.728,0.0004791427056131135,0.0007831601716967268
11.73,0.0004930103410479542,0.0007851160026184204
11.732,0.000507007908173698,0.0007870723900568747
11.734,0.000521133316636165,0.0007890293329419553
11.736,0.0005353845574637468,0.0007909868302030168
11.738,0.0005497597168805728,0.0007929448807689023
11.74,0.000564256976137091,0.0007949034835679371
11.742,0.0005788746007309488,0.0007968626375279434
11.744,0.0005936109230860264,0.0007988223415762175
11.746,0.0006084643216853523,0.0008007825946395533
11.748,0.000623433197460069,0.0008027433956442216
11.75,0.000638515946012996,0.0008047047435159879
11.752,0.000653710923139524,0.0008066666371801022
11.754,0.0006690164018545985,0.0008086290755612998
11.756,0.0006844305218049576,0.0008105920575838043
11.758,0.0006999512358390288,0.0008125555821713291
11.76,0.0007155762623564369,0.0008145196482470654
11.762,0.0007313030544321203,0.0008164842547337023
11.764,0.0007471287964879132,0.0008184494005534067
11.766,0.0007630504360440714,0.000820415084627837
11.768,0.0007790647522719174,0.0008223813058781377
11.77,0.0007951684559017243,0.0008243480632249349
11.772,0.0008113583081662325,0.0008263153555883523
11.774,0.0008276312415152147,0.0008282831818879868
11.776,0.0008439844629978868,0.0008302515410429292
11.778,0.0008604155229279858,0.0008322204319717567
11.78,0.0008769223363711394,0.0008341898535925297
11.782,0.0008935031521292433,0.0008361598048227982
11.784,0.0009101564718942486,0.000838130284579592
11.786,0.0009268809297254682,0.0008401012917794334
11.788,0.0009436751478430973,0.0008420728253383275
11.79,0.0009605375881842591,0.0008440448841717651
11.792,0.0009774664199129408,0.0008460174671947204
11.794,0.0009944594211244516,0.0008479905733216608
11.796,0.0010115139286156322,0.0008499642014665275
11.798,0.001028626843261013,0.0008519383505427582
11.8,0.0010457946908953447,0.0008539130194632649
11.802,0.0010630137305127837,0.0008558882071404544
11.804,0.0010802800941317713,0.0008578639124862089
11.806,0.001097589937074841,0.0008598401344119031
11.808,0.001114939574874316,0.000861816871828392
11.81,0.0011323255844302954,0.0008637941236460116
11.812,0.0011497448526854442,0.0008657718887745883
11.814,0.0011671945653488052,0.0008677501661234319
11.816,0.0011846721395847555,0.0008697289546013283
11.818,0.0012021751158448914,0.0008717082531165565
11.82,0.0012197010326480589,0.0008736880605768699
11.822,0.0012372473119237203,0.0008756683758895146
11.824,0.001254811180297248,0.0008776491979612085
11.826,0.0012723896435640801,0.0008796305256981602
11.828,0.001289979519205292,0.0008816123580060525
11.83,0.0013075775179512462,0.0008835946937900644
11.832,0.001325180353435421,0.0008855775319548388
11.834,0.0013427848519028899,0.0008875608714045135
11.836,0.0013603880336220068,0.000889544711042706
11.838,0.0013779871443021985,0.0008915290497725063
11.84,0.001395579626889798,0.0008935138864964978
11.842,0.0014131630386510316,0.0008954992201167276
11.844,0.001430734931875432,0.0008974850495347439
11.846,0.0014482927255452492,0.0008994713736515539
11.848,0.0014658335977452651,0.0009014581913676606
11.85,0.0014833544239140157,0.0009034455015830375
11.852,0.0015008517754943368,0.0009054333031971395
11.854,0.0015183219797444659,0.0009074215951089001
11.856,0.0015357612277391082,0.0009094103762167364
11.858,0.0015531657071088283,0.0009113996454185296
11.86,0.0015705317311408735,0.0009133894016116537
11.862,0.0015878558374261152,0.0009153796436929505
11.864,0.0016051348367007695,0.0009173703705587416
11.866,0.0016223658040131258,0.0009193615811048284
11.868,0.0016395460171557041,0.000921353274226484
11.87,0.0016566728585713328,0.0009233454488184586
11.872,0.0016737437042567008,0.0009253381037749789
11.874,0.0016907558250800886,0.0009273312379897503
11.876,0.0017077063221517769,0.0009293248503559435
11.878,0.0017245921094217417,0.0009313189397662098
11.88,0.0017414099454975984,0.0009333135051126764
11.882,0.0017581565053081168,0.000935308545286935
11.884,0.001774828473216829,0.0009373040591800634
11.886,0.0017914226345133008,0.0009393000456826007
11.888,0.001807935942890942,0.0009412965036845642
11.89,0.0018243655473668106,0.0009432934320754429
11.892,0.0018407087717355664,0.0009452908297441922
11.894,0.0018569630508360893,0.0009472886955792438
11.896,0.0018731258380378728,0.0009492870284684993
11.898,0.0018891945050791845,0.0009512858272993288
11.9,0.0019051662571639718,0.0009532850909585673
11.902,0.0019210380826900544,0.0009552848183325256
11.904,0.0019368067490290713,0.0009572850083069827
11.906,0.00195246884533107,0.0009592856597671831
11.908,0.0019680208628557205,0.0009612867715978341
11.91,0.0019834592952507595,0.0009632883426831203
11.912,0.0019987807372897227,0.0009652903719066867
11.914,0.0020139819616011674,0.0009672928581516433
11.916,0.00202905995846119,0.000969295800300568
11.918,0.0020440119323635263,0.0009712991972355001
11.92,0.002058835258778043,0.0009733030478379498
11.922,0.0020735274130725383,0.0009753073509888835
11.924,0.0020880858891760747,0.0009773121055687362
11.926,0.002102508127101545,0.000979317310457399
11.928,0.0021167914657319936,0.0009813229645342298
11.93,0.0021309331310286317,0.0009833290666780522
11.932,0.0021449302614614677,0.0009853356157671412
11.934,0.002158779963827995,0.000987342610679236
11.936,0.002172479385563734,0.0009893500502915365
11.938,0.0021860257856906404,0.0009913579334807014
11.94,0.002199416586582196,0.0009933662591228422
11.942,0.0022126493928247013,0.0009953750260935374
11.944,0.0022257219708290686,0.000997384233267815
11.946,0.002238632191969842,0.0009993938795201656
11.948,0.002251377950908524,0.0010014039637245276
11.95,0.002263957077354274,0.0010034144847542983
11.952,0.002276367262175963,0.001005425441482333
11.954,0.0022886060166465347,0.0010074368327809345
11.956,0.002300670676869373,0.0010094486575218595
11.958,0.002312558455375817,0.0010114609145763218
11.96,0.0023242665306309447,0.0010134736028149826
11.962,0.002335792155300701,0.0010154867211079532
11.964,0.002347132758036689,0.0010175002683247975
11.966,0.002358286012941491,0.001019514243334528
11.968,0.0023692498563517308,0.001021528645005605
11.97,0.002380022441338338,0.0010235434722059356
11.972,0.002390602034328165,0.0010255587238028766
11.974,0.00240098687255667,0.0010275743986632297
11.976,0.0024111750124223104,0.0010295904956532402
11.978,0.002421164204363009,0.001031607013638601
11.98,0.002430951827807277,0.0010336239514844474
11.982,0.002440534909798555,0.0010356413080553604
11.984,0.002449910234552596,0.0010376590822153574
11.986,0.0024590745315766598,0.001039677272827903
11.988,0.002468024711219027,0.001041695878755905
11.99,0.00247675810299792,0.001043714898861696
11.992,0.002485272647364009,0.0010457343320070679
11.994,0.002493566997521281,0.0010477541770532329
11.996,0.002501640504049541,0.0010497744328608499
11.998,0.00250949307834459,0.0010517950982900201
12.0,0.0025171249563676673,0.0010538161722002605
12.002,0.0025245364060376106,0.0010558376534505393
12.004,0.002531727434504788,0.00105785954089926
12.006,0.0025386975521251953,0.0010598818334042425
12.008,0.002545445637734815,0.0010619045298227547
12.01,0.0025519699274911775,0.0010639276290114875
12.012,0.002558268122391735,0.0010659511298265634
12.014,0.0025643375841566023,0.001067975031123534
12.016,0.00257017557162846,0.0010699993317573801
12.018,0.002575779464307325,0.0010720240305825048
12.02,0.002581146927094565,0.0010740491264527453
12.022,0.0025862759884181298,0.0010760746182213587
12.024,0.0025911650276389054,0.0010781005047410237
12.026,0.0025958126907289613,0.0010801267848638508
12.028,0.002600217769839158,0.0010821534574413656
12.03,0.002604379088664313,0.0010841805213245138
12.032,0.002608295430459566,0.0010862079753636697
12.034,0.0026119655311129426,0.0010882358184086157
12.036,0.0026153881400437476,0.001090264049308562
12.038,0.0026185621321124447,0.0010922926669121307
12.04,0.00262148663906475,0.0010943216700673567
12.042,0.002624161162637925,0.0010963510576217003
12.044,0.0026265856344879,0.0010983808284220225
12.046,0.0026287603994646996,0.0011004109813146103
12.048,0.002630686115608991,0.0011024415151451466
12.05,0.0026323635827264443,0.0011044724287587408
12.052,0.0026337935275950663,0.001106503720999904
12.054,0.0026349763845303106,0.0011085353907125499
12.056,0.002635912113144305,0.0011105674367400118
12.058,0.0026366000901169645,0.0011125998579250178
12.06,0.0026370390995405367,0.0011146326531097114
12.062,0.0026372274290610955,0.0011166658211356278
12.064,0.0026371630596998467,0.001118699360843715
12.066,0.002636843919424418,0.0011207332710743147
12.068,0.0026362681576780973,0.0011227675506671727
12.07,0.002635434392865766,0.001124802198461435
12.072,0.002634341888641679,0.0011268372132956373
12.074,0.002632990627444229,0.0011288725940077238
12.076,0.0026313812689441503,0.0011309083394350256
12.078,0.002629515003237112,0.001132944448414268
12.08,0.0026273933291671736,0.001134980919781573
12.082,0.002625017802653754,0.0011370177523724499
12.084,0.002622389805001566,0.0011390549450218006
12.086,0.00261951037558587,0.001141092496563915
12.088,0.0026163801381431473,0.0011431304058324738
12.09,0.002612999328529055,0.001145168671660535
12.092,0.002609367909121262,0.0011472072928805533
12.094,0.00260548573628086,0.0011492462683243576
12.096,0.002601352736762014,0.0011512855968231655
12.098,0.0025969690490095466,0.0011533252772075715
12.1,0.0025923350956976203,0.0011553653083075524
12.102,0.002587451571964306,0.0011574056889524613
12.104,0.002582319355136458,0.001159446417971028
12.106,0.002576939361206214,0.0011614874941913603
12.108,0.002571312386387053,0.0011635289164409412
12.11,0.002565438975840494,0.0011655706835466192
12.112,0.0025593193554735317,0.001167612794334619
12.114,0.0025529534482059205,0.0011696552476305369
12.116,0.002546340976770682,0.0011716980422593376
12.118,0.002539481635373265,0.0011737411770453491
12.12,0.0025323752967665873,0.0011757846508122665
12.122,0.002525022212867262,0.001177828462383149
12.124,0.002517423167617943,0.0011798726105804217
12.126,0.002509579550114072,0.0011819170942258634
12.128,0.002501493331943759,0.001183961912140619
12.13,0.0024931669518070423,0.0011860070631451935
12.132,0.0024846031287703778,0.0011880525460594396
12.134,0.002475804639230158,0.0011900983597025727
12.136,0.002466774099071602,0.001192144502893161
12.138,0.002457513790456323,0.0011941909744491211
12.14,0.002448025562753248,0.0011962377731877208
12.142,0.002438310821567491,0.0011982848979255828
12.144,0.0024283706019665946,0.001200332347478669
12.146,0.002418205705601956,0.001202380120662292
12.148,0.002407816869827115,0.0012044282162911074
12.15,0.002397204932371546,0.001206476633179114
12.152,0.002386370958333668,0.0012085253701396483
12.154,0.0023753163062441175,0.0012105744259853916
12.156,0.0023640426243537,0.001212623799528358
12.158,0.002352551783910077,0.0012146734895799036
12.16,0.0023408457696563662,0.0012167234949507096
12.162,0.0023289265563537164,0.0012187738144507966
12.164,0.002316796002171345,0.0012208244468895177
12.166,0.0023044557851017757,0.0012228753910755498
12.168,0.0022919073983548254,0.0012249266458169014
12.17,0.0022791522072732715,0.0012269782099209056
12.172,0.002266191556597462,0.001229030082194221
12.174,0.002253026905772612,0.001231082261442828
12.176,0.002239659963727864,0.0012331347464720264
12.178,0.002226092794398649,0.0012351875360864333
12.18,0.0022123278701694634,0.001237240629089988
12.182,0.0021983680610743813,0.001239294024285946
12.184,0.002184216560717069,0.0012413477204768694
12.186,0.0021698767626599385,0.0012434017164646373
12.188,0.0021553521107703284,0.0012454560110504375
12.19,0.002140645951660131,0.0012475106030347689
12.192,0.002125761415992515,0.0012495654912174326
12.194,0.0021107013484723434,0.0012516206743975328
12.196,0.002095468295438816,0.0012536761513734834
12.198,0.002080064546663678,0.0012557319209429956
12.2,0.0020644922170262345,0.0012577879819030775
12.202,0.0020487533466038805,0.001259844333050037
12.204,0.0020328499958579514,0.0012619009731794735
12.206,0.002016784316190431,0.0012639579010862855
12.208,0.00200055858407927,0.0012660151155646617
12.21,0.0019841751971459796,0.0012680726154080748
12.212,0.0019676366402963516,0.0012701303994092877
12.214,0.0019509454371188974,0.0012721884663603562
12.216,0.0019341041044261308,0.0012742468150526106
12.218,0.0019171151257219134,0.001276305444276662
12.22,0.00189998095323621,0.0012783643528224086
12.222,0.0018827040397305787,0.001280423539479021
12.224,0.0018652868927886994,0.0012824830030349474
12.226,0.0018477321379420835,0.0012845427422779109
12.228,0.0018300425742916013,0.0012866027559949
12.23,0.001812221207846821,0.0012886630429721807
12.232,0.0017942712530989544,0.0012907236019952843
12.234,0.0017761961009382641,0.0012927844318490042
12.236,0.0017579992589567691,0.0012948455313174004
12.238,0.00173968427646029,0.0012969068991837951
12.24,0.0017212546696367497,0.0012989685342307629
12.242,0.0017027138616141388,0.0013010304352401429
12.244,0.0016840651478965062,0.001303092600993028
12.246,0.0016653116910707209,0.0013051550302697601
12.248,0.0016464565414742998,0.0013072177218499393
12.25,0.0016275026745532065,0.0013092806745124068
12.252,0.0016084530324100535,0.0013113438870352519
12.254,0.0015893105572950018,0.0013134073581958108
12.256,0.0015700782083634286,0.0013154710867706604
12.258,0.0015507589588845286,0.0013175350715356156
12.26,0.0015313557776191601,0.0013195993112657327
12.262,0.0015118716035078259,0.0013216638047352962
12.264,0.001492309325636469,0.001323728550717836
12.266,0.0014726717798721847,0.0013257935479861027
12.268,0.0014529617696623113,0.0013278587953120813
12.27,0.001433182112209452,0.0013299242914669763
12.272,0.0014133357041363694,0.001331990035221225
12.274,0.0013934255946244309,0.0013340560253444855
12.276,0.001373455050423069,0.0013361222606056238
12.278,0.0013534275970587973,0.001338188739772737
12.28,0.0013333470241696647,0.0013402554616131347
12.282,0.0013132173494521024,0.0013423224248933312
12.284,0.0012930427438446065,0.0013443896283790633
12.286,0.0012728274285406175,0.0013464570708352633
12.288,0.001252575560500687,0.0013485247510260801
12.29,0.0012322911259991791,0.0013505926677148561
12.292,0.0012119778607493146,0.0013526608196641418
12.294,0.001191639210458533,0.0013547292056356808
12.296,0.0011712783382012502,0.001356797824390422
12.298,0.001150898176257725,0.001358866674688491
12.3,0.0011305015118224532,0.0013609357552892248
12.302,0.0011100910898988545,0.0013630050649511317
12.304,0.0010896697139896132,0.0013650746024319214
12.306,0.0010692403263714212,0.0013671443664884735
12.308,0.0010488060545004992,0.0013692143558768563
12.31,0.0010283702173598014,0.0013712845693523187
12.312,0.0010079362937399747,0.0013733550056692816
12.314,0.0009875078617892874,0.0013754256635813396
12.316,0.0009670885241506668,0.0013774965418412643
12.318,0.0009466818346887115,0.001379567639200989
12.32,0.0009262912410324978,0.0013816389544116122
12.322,0.0009059200525550444,0.0013837104862234088
12.324,0.000885571437212239,0.001385782233385803
12.326,0.0008652484443889757,0.0013878541946473755
12.328,0.0008449540459623535,0.0013899263687558758
12.33,0.0008246911851668548,0.0013919987544581936
12.332,0.0008044628228724103,0.0013940713505003737
12.334,0.0007842719732306198,0.0013961441556276152
12.336,0.000764121724449697,0.001398217168584258
12.338,0.0007440152446017223,0.001400290388113772
12.34,0.0007239557757670925,0.001402363812958794
12.342,0.0007039466217111864,0.0014044374418610765
12.344,0.0006839911343785804,0.0014065112735615146
12.346,0.0006640927030010098,0.0014085853068001326
12.348,0.0006442547471807477,0.0014106595403160904
12.35,0.0006244807127775556,0.001412733972847667
12.352,0.0006047740676097126,0.0014148086031322703
12.354,0.0005851382934426643,0.001416883429906426
12.356,0.0005655768716409532,0.0014189584519057783
12.358,0.0005460932619199545,0.0014210336678650935
12.36,0.0005266908762129564,0.0014231090765182445
12.362,0.0005073730519501925,0.0014251846765982142
12.364,0.0004881430302772411,0.0014272604668370905
12.366,0.00046900394444449305,0.0014293364459660775
12.368,0.00044995882174440926,0.001431412612715466
12.37,0.000431010599376109,0.0014334889658146573
12.372,0.00041216215125767006,0.0014355655039921377
12.374,0.0003934163200039238,0.0014376422259754977
12.376,0.00037477594684725055,0.00143971913049141
12.378,0.00035624389265980795,0.0014417962162656412
12.38,0.00033782304541335917,0.001443873482023034
12.382,0.0003195163128790781,0.0014459509264875244
12.384,0.0003013266032622067,0.0014480285483821106
12.386,0.0002832567997950429,0.0014501063464288845
12.388,0.0002653097372102296,0.001452184319348997
12.39,0.00024748818796224123,0.0014542624658626768
12.392,0.00022979486399863123,0.0014563407846892112
12.394,0.0002122324362198323,0.0014584192745469658
12.396,0.00019480356929961853,0.0014604979341533472
12.398,0.00017751096526185555,0.001462576762224842
12.4,0.00016035740611002242,0.0014646557574769748
12.402,0.00014334578466554732,0.0014667349186243276
12.404,0.00012647911399689895,0.0014688142443805292
12.406,0.00010976050935973787,0.001470893733458261
12.408,9.319314187315274e-05,0.0014729733845692452
12.41,7.678016926446698e-05,0.0014750531964242313
12.412,6.05246546929627e-05,0.001477133167733022
12.414,4.4429488632472074e-05,0.0014792132972044475
12.416,2.8497329994784995e-05,0.0014812935835463667
12.418,1.2730580530031234e-05,0.0014833740254656625
12.42,-2.868598867882771e-06,0.0014854546216682511
12.422,-1.829822917492269e-05,0.0014875353708590617
12.424,-3.355641963245964e-05,0.0014896162717420516
12.426,-4.864125558134866e-05,0.0014916973230201783
12.428,-6.355068910863146e-05,0.0014937785233954202
12.43,-7.828245511996656e-05,0.0014958598715687672
12.432,-9.283403198925571e-05,0.0014979413662402031
12.434,-0.00010720265815341982,0.0015000230061087275
12.436,-0.0001213854052691931,0.0015021047898723257
12.438,-0.0001353792969341893,0.0015041867162279895
12.44,-0.0001491814519168088,0.001506268783871695
12.442,-0.00016278922456534526,0.001508350991498414
12.444,-0.00017620031410759096,0.0015104333378020958
12.446,-0.0001894128193833803,0.0015125158214756827
12.448,-0.0002024252254449587,0.001514598441211092
12.45,-0.00021523632158449086,0.0015166811956992116
12.452,-0.00022784506411208403,0.0015187640836299117
12.454,-0.0002402504087764164,0.001520847103692022
12.456,-0.0002524511445852218,0.0015229302545733477
12.458,-0.00026444576132037727,0.0015250135349606502
12.46,-0.00027623237688432963,0.001527096943539654
12.462,-0.00028780873880591973,0.0015291804789950392
12.464,-0.0002991722990837228,0.0015312641400104352
12.466,-0.0003103203462094165,0.001533347925268429
12.468,-0.0003212501660486913,0.0015354318334505415
12.47,-0.0003319591970890153,0.0015375158632372483
12.472,-0.00034244514700187647,0.0015396000133079545
12.474,-0.00035270604644836864,0.0015416842823410095
12.476,-0.0003627402307457545,0.0015437686690136846
12.478,-0.00037254625711442493,0.0015458531720021916
12.48,-0.00038212278069879715,0.0015479377899816629
12.482,-0.00039146842256652654,0.0015500225216261475
12.484,-0.0004005816647936388,0.0015521073656086216
12.486,-0.00040946080082989567,0.001554192320600968
12.488,-0.00041810395513448156,0.0015562773852739933
12.49,-0.000426509168053242,0.0015583625582973983
12.492,-0.0004346745246784128,0.001560447838339796
12.494,-0.0004425982945355573,0.0015625332240686944
12.496,-0.00045027904564284946,0.0015646187141505105
12.498,-0.00045771570281517675,0.00156670430725055
12.5,-0.00046490753449109784,0.0015687900020329958
12.502,-0.00047185407105014966,0.0015708757971609395
12.504,-0.00047855497552371727,0.0015729616912963367
12.506,-0.00048500989987110456,0.0015750476831000407
12.508,-0.0004912183631879401,0.001577133771231765
12.51,-0.0004971796814185286,0.0015792199543501002
12.512,-0.0005028929632304597,0.0015813062311125113
12.514,-0.0005083571678481732,0.0015833926001753258
12.516,-0.0005135712031447894,0.0015854790601937247
12.518,-0.0005185340311239729,0.0015875656098217584
12.52,-0.0005232447462917222,0.0015896522477123274
12.522,-0.0005277026008491376,0.0015917389725171786
12.524,-0.0005319069668114447,0.0015938257828869108
12.526,-0.0005358572445477235,0.0015959126774709657
12.528,-0.0005395527443602287,0.0015979996549176207
12.53,-0.0005429925776773111,0.0016000867138739915
12.532,-0.000546175594262122,0.0016021738529860274
12.534,-0.0005491003913400851,0.001604261070898502
12.536,-0.0005517654023571069,0.0016063483662550164
12.538,-0.0005541690519414794,0.0016084357376979941
12.54,-0.0005563099451425347,0.0016105231838686694
12.542,-0.0005581870480933451,0.0016126107034070952
12.544,-0.0005597998168782773,0.0016146982949521332
12.546,-0.0005611482418463906,0.0016167859571414504
12.548,-0.000562232793406247,0.0016188736886115116
12.55,-0.0005630542778726396,0.00162096148799759
12.552,-0.0005636136327115024,0.00162304935393374
12.554,-0.0005639117045243481,0.0016251372850528143
12.556,-0.00056394905701681,0.0016272252799864552
12.558,-0.0005637258491803505,0.0016293133373650782
12.56,-0.0005632418077834126,0.0016314014558178862
12.562,-0.0005624962969422835,0.0016334896339728502
12.564,-0.0005614884660851269,0.0016355778704567217
12.566,-0.000560217440999214,0.0016376661638950035
12.568,-0.0005586825145671959,0.0016397545129119824
12.57,-0.0005568832958685994,0.0016418429161306881
12.572,-0.0005548197877589291,0.0016439313721729122
12.574,-0.0005524923808907083,0.0016460198796592004
12.576,-0.0005499017720496924,0.0016481084372088383
12.578,-0.0005470488319147505,0.001650197043439867
12.58,-0.0005439344579251119,0.0016522856969690526
12.582,-0.0005405594495282872,0.0016543743964119136
12.584,-0.000536924435537149,0.0016564631403826822
12.586,-0.0005330298686804009,0.0016585519274943366
12.588,-0.0005288760844013,0.0016606407563585614
12.59,-0.000524463404032274,0.0016627296255857737
12.592,-0.000519792250831,0.0016648185337851083
12.594,-0.0005148632438722369,0.0016669074795643947
12.596,-0.0005096772403011821,0.001668996461530195
12.598,-0.00050423530960605,0.001671085478287748
12.6,-0.000498538641110099,0.001673174528441017
12.602,-0.000492588403484672,0.0016752636105926404
12.604,-0.0004863855883932809,0.0016773527233439674
12.606,-0.00047993087609283895,0.0016794418652950178
12.608,-0.00047322455749931603,0.0016815310350445074
12.61,-0.0004662665356281751,0.0016836202311898227
12.612,-0.00045905641218898705,0.0016857094523270275
12.614,-0.00045159364649170297,0.0016877986970508655
12.616,-0.0004438777580385519,0.0016898879639547343
12.618,-0.00043590853480770386,0.0016919772516307073
12.62,-0.00042768620825933093,0.0016940665586695019
12.622,-0.0004192115634828871,0.0016961558836605022
12.624,-0.00041048596669680413,0.0016982452251917376
12.626,-0.000401511309173808,0.0017003345818498894
12.628,-0.0003922898827407909,0.001702423952220276
12.63,-0.00038282421384066396,0.0017045133348868504
12.632,-0.00037311688848896897,0.0017066027284322115
12.634,-0.00036317039868357103,0.001708692131437577
12.636,-0.000352987032964425,0.0017107815424827956
12.638,-0.0003425688221890869,0.0017128709601463327
12.64,-0.00033191753913705297,0.001714960383005277
12.642,-0.000321034740116731,0.0017170498096353269
12.644,-0.00030992183038915,0.0017191392386107912
12.646,-0.000298580133831794,0.0017212286685045757
12.648,-0.00028701095047387694,0.0017233180978881994
12.65,-0.00027521559194319903,0.001725407525331769
12.652,-0.000263195392505111,0.0017274969494039815
12.654,-0.00025095170025646096,0.00172958636867213
12.656,-0.00023848585763267007,0.001731675781702081
12.658,-0.00022579918194763195,0.0017337651870582872
12.66,-0.00021289295531009994,0.0017358545833037684
12.662,-0.00019976842975171597,0.0017379439690001258
12.664,-0.00018642684894766508,0.001740033342707515
12.666,-0.0001728694837324431,0.0017421227029846616
12.668,-0.00015909767564503203,0.0017442120483888539
12.67,-0.00014511288144630194,0.001746301377475914
12.672,-0.00013091671191033192,0.0017483906888002322
12.674,-0.00011651095978589305,0.0017504799809147317
12.676,-0.00010189761404858397,0.001752569252370884
12.678,-8.707885981782006e-05,0.0017546585017186884
12.68,-7.205706515361283e-05,0.0017567477275066863
12.682,-5.683475716064591e-05,0.0017588369282819346
12.684,-4.1414590407586055e-05,0.0017609261025900201
12.686,-2.5799310749547962e-05,0.0017630152489750538
12.688,-9.991717405770091e-06,0.0017651043659796433
12.69,6.0053742512929955e-06,0.0017671934521449242
12.692,2.2189167189445977e-05,0.0017692825060105248
12.694,3.855691294408502e-05,0.0017713715261145862
12.696,5.5105936468274056e-05,0.0017734605109937312
12.698,7.18336548882489e-05,0.0017755494591830895
12.7,8.873758975870316e-05,0.0017776383692162672
12.702,0.000105815372611087,0.0017797272396253639
12.704,0.00012306474366257392,0.0017818160689409544
12.706,0.00014048354355548792,0.0017839048556920801
12.708,0.00015806969802155675,0.001785993598406265
12.71,0.0001758211955484169,0.001788082295609489
12.712,0.0001937360585761929,0.0017901709458262058
12.714,0.0002118123095063859,0.001792259547579307
12.716,0.00023004793377869807,0.0017943480993901557
12.718,0.0002484408432540309,0.0017964365997785502
12.72,0.00026698884383906396,0.0017985250472627395
12.722,0.000285689611397527,0.0018006134403594032
12.724,0.0003045406793125519,0.001802701777583672
12.726,0.000323539439568802,0.001804790057449089
12.728,0.0003426831571167641,0.00180687827846763
12.73,0.000361968994969768,0.0018089664391496968
12.732,0.0003813940454940699,0.0018110545380040954
12.734,0.00040095536218553497,0.0018131425735380593
12.736,0.0004206499862322709,0.001815230544257218
12.738,0.00044047496341381807,0.0018173184486656101
12.74,0.0004604273491498631,0.0018194062852656724
12.742,0.00048050420228697404,0.0018214940525582283
12.744,0.0005007025708604121,0.001823581749042511
12.746,0.0005210194749681361,0.0018256693732161108
12.748,0.0005414518926094009,0.001827756923575025
12.75,0.0005619967537127711,0.0018298443986136082
12.752,0.00058265094576646,0.0018319317968245987
12.754,0.0006034113318801449,0.0018340191166990928
12.756,0.0006242747793018302,0.00183610635672656
12.758,0.000645238193941315,0.0018381935153948155
12.76,0.000666298554757335,0.0018402805911900382
12.762,0.0006874529412183889,0.0018423675825967524
12.764,0.000708698547533119,0.001844454488097823
12.766,0.0007300326788988611,0.0018465413061744666
12.768,0.000751452727453393,0.0018486280353062195
12.77,0.0007729561286729759,0.0018507146739709622
12.772,0.000794540302286865,0.0018528012206448933
12.774,0.0008162025849432532,0.0018548876738025363
12.776,0.0008379401643439269,0.0018569740319167294
12.778,0.0008597500258191351,0.00185906029345863
12.78,0.000881628921864559,0.0018611464568977002
12.782,0.0009035733727498871,0.0018632325207016982
12.784,0.000925579702025557,0.0018653184833366952
12.786,0.0009476441051280549,0.001867404343267045
12.788,0.0009697627432499632,0.0018694900989553985
12.79,0.0009919318493857858,0.0018715757488626868
12.792,0.001014147830179109,0.0018736612914481252
12.794,0.0010364073467670624,0.0018757467251692018
12.796,0.0010587073605780838,0.001877832048481681
12.798,0.001081045135628656,0.0018799172598395952
12.8,0.001103418196270127,0.001882002357695227
12.802,0.001125824247095793,0.0018840873404991367
12.804,0.0011482610682477538,0.0018861722067001195
12.806,0.001170726403327278,0.0018882569547452295
12.808,0.0011932178577289583,0.0018903415830797594
12.81,0.001215732822434573,0.0018924260901472497
12.812,0.0012382684327934294,0.0018945104743894653
12.814,0.001260821564824861,0.0018965947342464125
12.816,0.0012833888646231828,0.0018986788681563144
12.818,0.001305966800985703,0.0019007628745556168
12.82,0.0013285517285025652,0.00190284675187899
12.822,0.0013511399485220642,0.0019049304985593067
12.824,0.001373727758414584,0.001907014113027652
12.826,0.0013963114845332782,0.0019090975937133112
12.828,0.001418887499886211,0.0019111809390437748
12.83,0.0014414522323135397,0.0019132641474447177
12.832,0.0014640021716162783,0.0019153472173400149
12.834,0.0014865338838406072,0.0019174301471517096
12.836,0.0015090440377490807,0.001919512935300043
12.838,0.001531529443175188,0.001921595580203427
12.84,0.0015539870948764038,0.0019236780802784333
12.842,0.001576414210425776,0.0019257604339398154
12.844,0.0015988082482435357,0.0019278426396004756
12.846,0.001621166893135086,0.0019299246956714867
12.848,0.001643488001817948,0.0019320066005620589
12.85,0.0016657695090120524,0.0019340883526795668
12.852,0.0016880093039673433,0.001936169950429513
12.854,0.0017102050955707716,0.0019382513922155521
12.856,0.00173235428924124,0.001940332676439467
12.858,0.0017544538991694403,0.001942413801501168
12.86,0.0017765005146413559,0.0019444947657987013
12.862,0.0017984903299882852,0.0019465755677282148
12.864,0.001820419236002218,0.0019486562056839954
12.866,0.0018422829589664228,0.0019507366780584234
12.868,0.0018640772243451557,0.0019528169832419996
12.87,0.0018857979176554413,0.0019548971196233183
12.872,0.001907441216065829,0.0019569770855890757
12.874,0.0019290036705247758,0.0019590568795240623
12.876,0.0019504822282399793,0.001961136499811153
12.878,0.0019718741968375174,0.001963215944831315
12.88,0.001993177162007966,0.0019652952129635883
12.882,0.002014388877740697,0.001967374302585095
12.884,0.0020355071510468523,0.0019694532120710186
12.886,0.002056529741190612,0.001971531939794621
12.888,0.002077454287799467,0.001973610484127214
12.89,0.0020982782745239555,0.001975688843438177
12.892,0.002118999027196528,0.001977767016094941
12.894,0.002139613739483421,0.0019798450004629748
12.896,0.0021601195159261875,0.001981922794905809
12.898,0.002180513422180987,0.0019840003977849947
12.9,0.002200792534453471,0.001986077807460135
12.902,0.002220953983294723,0.0019881550222888506
12.904,0.0022409949896902443,0.001990232040626796
12.906,0.0022609128927635032,0.0019923088608276426
12.908,0.002280705168196743,0.0019943854812430853
12.91,0.002300369435204321,0.0019964619002228244
12.912,0.002319903448691601,0.001998538116114574
12.914,0.0023393050732983573,0.0020006141272640517
12.916,0.002358572238130601,0.002002689932014967
12.918,0.002377702875086823,0.0020047655287090383
12.92,0.00239669484882636,0.00200684091568596
12.922,0.0024155458909831513,0.002008916091283423
12.924,0.002434253553424891,0.0020109910538370934
12.926,0.002452815193906168,0.002013065801680617
12.928,0.002471228002076007,0.0020151403331456212
12.93,0.002489489065412462,0.0020172146465616855
12.932,0.002507595465243702,0.0020192887402563685
12.934,0.002525544385068108,0.0020213626125551738
12.936,0.002543333209169353,0.002023436261781579
12.938,0.0025609595903933087,0.002025509686256994
12.94,0.002578421471914801,0.0020275828843007936
12.942,0.002595717057508096,0.0020296558542302777
12.944,0.002612844735871931,0.0020317285943607013
12.946,0.00262980297425381,0.002033801103005235
12.948,0.0026465902026878833,0.0020358733784749936
12.95,0.0026632047113457433,0.0020379454190790156
12.952,0.0026796445798280243,0.0020400172231242507
12.954,0.00269590764991555,0.0020420887889155753
12.956,0.0027119915443248018,0.0020441601147557728
12.958,0.0027278937255138273,0.002046231198945538
12.96,0.00274361158229094,0.002048302039783462
12.962,0.002759142528835457,0.0020503726355660503
12.964,0.002774484100800389,0.0020524429845876885
12.966,0.0027896340357521665,0.0020545130851406627
12.968,0.0028045903292430122,0.002056582935515144
12.97,0.002819351262216305,0.0020586525339991815
12.972,0.0028339153993998134,0.002060721878878709
12.974,0.0028482815614421565,0.0020627909684375304
12.976,0.0028624487757514853,0.0020648598009573253
12.978,0.002876416212481701,0.0020669283747176306
12.98,0.0028901831130670372,0.002068996687995853
12.982,0.002903748719201806,0.002071064739067253
12.984,0.002917112210093361,0.0020731325262049456
12.986,0.0029302726549757345,0.0020752000476798984
12.988,0.0029432289860779875,0.002077267301760918
12.99,0.002955979994487715,0.002079334286714656
12.992,0.00296852434789738,0.0020814010008056
12.994,0.002980860625602505,0.0020834674422960755
12.996,0.0029929873630506194,0.002085533609446229
12.998,0.003004903096448104,0.002087599500514037
13.0,0.0030166063979693543,0.0020896651137552965
13.002,0.0030280958941839623,0.002091730447423622
13.004,0.0030393702641809146,0.0020937954997704415
13.006,0.0030504282188410074,0.002095860269044986
13.008,0.003061268467766489,0.0020979247534943036
13.01,0.0030718896843582237,0.0020999889513632253
13.012,0.0030822904813859056,0.0021020528608944
13.014,0.0030924694084466225,0.0021041164803282534
13.016,0.003102424978848677,0.002106179807903007
13.018,0.0031121557272651827,0.0021082428418546734
13.02,0.00312166029217052,0.0021103055804170315
13.022,0.0031309375102112065,0.0021123680218216555
13.024,0.0031399865049480473,0.0021144301642978766
13.026,0.0031488067511728176,0.002116492006072811
13.028,0.0031573980988770316,0.0021185535453713284
13.03,0.0031657607476173696,0.002120614780416071
13.032,0.003173895171222892,0.002122675709427428
13.034,0.003181802002568441,0.0021247363306235553
13.036,0.0031894818962937563,0.002126796642220351
13.038,0.003196935391985355,0.002128856642431467
13.04,0.003204162800365654,0.002130916329468289
13.042,0.0032111641304613616,0.002132975701539952
13.044,0.003217939067672236,0.0021350347568533283
13.046,0.003224487003057985,0.0021370934936130043
13.048,0.0032308071052274644,0.0021391519100213206
13.05,0.0032368984198621023,0.002141210004278322
13.052,0.0032427599792569355,0.0021432677745817892
13.054,0.0032483909054037397,0.002145325219127205
13.056,0.0032537904941904437,0.0021473823361077833
13.058,0.0032589582737556815,0.0021494391237144393
13.06,0.0032638940353080566,0.002151495580135791
13.062,0.0032685978385720645,0.002153551703558175
13.064,0.003273069995940516,0.00215560749216561
13.066,0.003277311039645763,0.0021576629441398213
13.068,0.00328132167561893,0.002159718057660224
13.07,0.003285102727169323,0.0021617728309039227
13.072,0.003288655071914668,0.002163827262045711
13.074,0.0032919795767031483,0.0021658813492580636
13.076,0.0032950770371342275,0.0021679350907111263
13.078,0.003297948129787274,0.0021699884845727342
13.08,0.0033005933853868514,0.002172041529008389
13.082,0.003303013189161842,0.0021740942221812557
13.084,0.0033052078105299107,0.002176146562252175
13.086,0.003307177458648624,0.0021781985473796374
13.088,0.003308922354633682,0.002180250175719811
13.09,0.0033104428069218182,0.0021823014454264962
13.092,0.0033117392747065576,0.0021843523546511688
13.094,0.003312812406310239,0.002186402901542937
13.096,0.0033136630445693956,0.002188453084248564
13.098,0.0033142921986897477,0.002190502900912456
13.1,0.0033147009898018423,0.002192552349676654
13.102,0.0033148905836592035,0.00219460142868084
13.104,0.0033148621269387564,0.0021966501360623234
13.106,0.003314616702579608,0.002198698469956056
13.108,0.003314155314702807,0.002200746428494604
13.11,0.003313478906063265,0.002202794009808168
13.112,0.0033125884025759205,0.0022048412120245606
13.114,0.003311484772350641,0.0022068880332692187
13.116,0.00331016908268355,0.0022089344716651996
13.118,0.003308642538649767,0.002210980525333161
13.12,0.003306906491350303,0.0022130261923913822
13.122,0.003304962411470469,0.0022150714709557335
13.124,0.0033028118327821008,0.0022171163591397096
13.126,0.0033004562783793255,0.002219160855054386
13.128,0.003297897187746506,0.002221204956808454
13.13,0.0032951358638418924,0.0022232486625081826
13.132,0.003292173455851514,0.002225291970257449
13.134,0.003289010985829712,0.002227334878157711
13.136,0.0032856494177305917,0.0022293773843080175
13.138,0.0032820897575433867,0.0022314194868049983
13.14,0.0032783331656123424,0.0022334611837428646
13.142,0.003274381058512721,0.0022355024732134132
13.144,0.0032702351789492597,0.00223754335330601
13.146,0.0032658976178382014,0.0022395838221076028
13.148,0.0032613707818053405,0.0022416238777026956
13.15,0.003256657309821173,0.002243663518173382
13.152,0.003251759952378424,0.0022457027415993007
13.154,0.003246681433509913,0.0022477415460576706
13.156,0.0032414243187352944,0.0022497799296232667
13.158,0.0032359909103353035,0.0022518178903684167
13.16,0.0032303831857646357,0.0022538554263630125
13.162,0.0032246027868802645,0.0022558925356744963
13.164,0.0032186510587467547,0.002257929216367866
13.166,0.003212529128841801,0.0022599654665056606
13.168,0.0032062380119111137,0.0022620012841479795
13.17,0.0031997787232670794,0.0022640366673524516
13.172,0.0031931523840532266,0.002266071614174261
13.174,0.0031863603053537757,0.0022681061226661275
13.176,0.003179404043061505,0.0022701401908783057
13.178,0.0031722854210201163,0.002272173816858594
13.18,0.0031650065251113972,0.002274206998652321
13.182,0.0031575696748857834,0.0022762397343023466
13.184,0.0031499773815884253,0.002278272021849059
13.186,0.0031422323018859815,0.002280303859330381
13.188,0.0031343371954007334,0.0022823352447817542
13.19,0.003126294891671294,0.0022843661762361476
13.192,0.0031181082688925706,0.0022863966517240597
13.194,0.003109780243352875,0.002288426669273491
13.196,0.003101313765518131,0.00229045622690998
13.198,0.003092711816813435,0.00229248532265657
13.2,0.0030839774007616464,0.0022945139545338233
13.202,0.0030751135234428715,0.0022965421205598116
13.204,0.003066123161065281,0.00229856981875013
13.206,0.0030570092162356304,0.002300597047117863
13.208,0.0030477744684289138,0.002302623803673622
13.21,0.0030384215271832622,0.002304650086425519
13.212,0.003028952797807513,0.0023066758933791604
13.214,0.0030193704683684074,0.0023087012225376756
13.216,0.0030096765234611813,0.0023107260719016807
13.218,0.0029998727854023475,0.0023127504394692975
13.22,0.0029899609781305126,0.002314774323236145
13.222,0.00297994280456498,0.0023167977211953437
13.224,0.002969820025600886,0.0023188206313375015
13.226,0.002959594528954954,0.0023208430516507323
13.228,0.00294926837867541,0.0023228649801206413
13.23,0.0029388438405555583,0.0023248864147303165
13.232,0.0029283233837307317,0.0023269073534603513
13.234,0.002917709663066081,0.002328927794288809
13.236,0.0029070054895067696,0.002330947735191268
13.238,0.002896213795894667,0.0023329671741407713
13.24,0.002885337604084755,0.002334986109107863
13.242,0.002874379996337594,0.0023370045380605602
13.244,0.0028633440910345873,0.002339022458964376
13.246,0.0028522330207910356,0.0023410398697823053
13.248,0.002841049910638201,0.002343056768474817
13.25,0.002829797855115327,0.002345073152999872
13.252,0.00281847989527356,0.002347089021312907
13.254,0.00280709899879767,0.002349104371366839
13.256,0.0027956580477188336,0.0023511192011120615
13.258,0.0027841598378472976,0.0023531335084964558
13.26,0.0027726070919725726,0.002355147291465369
13.262,0.0027610024855317205,0.002357160547961639
13.264,0.002749348679779662,0.0023591732759255662
13.266,0.002737648354638036,0.002361185473294936
13.268,0.002725904232338575,0.002363197138005011
13.27,0.0027141190842500315,0.002365208267988519
13.272,0.0027022957168063005,0.002367218861175677
13.274,0.0026904369375304604,0.002369228915494159
13.276,0.002678545507601914,0.0023712384288691276
13.278,0.002666624091877127,0.002373247399223207
13.28,0.0026546752195261277,0.002375255824476509
13.282,0.0026427012677127304,0.0023772637025465987
13.284,0.0026307044769103526,0.0023792710313485324
13.286,0.0026186870001233533,0.002381277808794835
13.288,0.0026066509807246745,0.002383284032795494
13.29,0.002594598646469873,0.00238528970125798
13.292,0.00258253240218929,0.002387294812087231
13.294,0.002570454902036027,0.002389299363185661
13.296,0.0025583690846319156,0.002391303352453148
13.298,0.002546278160773082,0.0023933067777870565
13.3,0.0025341855523935263,0.0023953096370822116
13.302,0.0025220947914016433,0.0023973119282309154
13.304,0.0025100093956548744,0.0023993136491229487
13.306,0.0024979327447485216,0.002401314797645554
13.308,0.002485867979143993,0.0024033153716834614
13.31,0.0024738179421098603,0.0024053153691188617
13.312,0.0024617851757506764,0.0024073147878314366
13.314,0.0024497719717441135,0.002409313625698321
13.316,0.0024377804665489103,0.002411311880594149
13.318,0.0024258127620736835,0.002413309550391008
13.32,0.002413871047934867,0.0024153066329584815
13.322,0.002401957701426039,0.0024173031261636242
13.324,0.002390075346076882,0.002419299027870963
13.326,0.002378226858106263,0.0024212943359425087
13.328,0.0023664153203727042,0.002423289048237753
13.33,0.002354643933497677,0.002425283162613666
13.332,0.0023429159017239144,0.0024272766769246968
13.334,0.0023312343153440544,0.0024292695890227828
13.336,0.0023196020515351672,0.0024312618967573386
13.338,0.0023080217113566476,0.0024332535979752655
13.34,0.0022964956034691817,0.002435244690520956
13.342,0.0022850257763121305,0.002437235172236279
13.344,0.002273614091763165,0.002439225040960598
13.346,0.0022622623263220134,0.0024412142945307615
13.348,0.002250972281816154,0.0024432029307811143
13.35,0.002239745887097852,0.0024451909475434845
13.352,0.002228585275040868,0.0024471783426472
13.354,0.0022174928245471738,0.0024491651139190804
13.356,0.00220647116397396,0.002451151259183444
13.358,0.002195523138969558,0.0024531367762620966
13.36,0.002184651752911661,0.002455121662974355
13.362,0.0021738600911629952,0.0024571059171370345
13.364,0.002163151240977531,0.0024590895365644437
13.366,0.0021525282174506763,0.002461072519068411
13.368,0.0021419939031600108,0.0024630548624582516
13.37,0.002131551005972959,0.002465036564540804
13.372,0.002121202036656629,0.002467017623120409
13.374,0.0021109493058338864,0.0024689980359989218
13.376,0.002100794938529633,0.002470977800975706
13.378,0.00209074090378287,0.00247295691584765
13.38,0.002080789056196193,0.002474935378409155
13.382,0.0020709411855846537,0.002476913186452133
13.384,0.002061199070039591,0.002478890337766036
13.386,0.0020515645269747586,0.002480866830137825
13.388,0.00204203945647,0.002482842661351998
13.39,0.0020326258718385316,0.0024848178291905737
13.392,0.002023325913971315,0.002486792331433113
13.394,0.0020141418484626037,0.0024887661658566937
13.396,0.002005076047281269,0.002490739330235947
13.398,0.001996130959121213,0.00249271182234304
13.4,0.001987309073892334,0.002494683639947671
13.402,0.001978612886741541,0.002496654780817094
13.404,0.0019700448655942237,0.0024986252427161054
13.406,0.0019616074240017935,0.0025005950234070523
13.408,0.0019533028988731444,0.002502564120649833
13.41,0.0019451335312798722,0.002504532532201907
13.412,0.0019371014485003789,0.002506500255818286
13.414,0.001929208646852439,0.002508467289251547
13.416,0.0019214569771479372,0.0025104336302518354
13.418,0.0019138481368569838,0.002512399276566855
13.42,0.0019063836742336917,0.002514364225941894
13.422,0.001899065008926239,0.0025163284761197976
13.424,0.001891893470738125,0.0025182920248410143
13.426,0.001884870353738565,0.002520254869843545
13.428,0.0018779969780317047,0.0025222170088629974
13.43,0.0018712747477485161,0.002524178439632555
13.432,0.0018647051926889528,0.002526139159883001
13.434,0.001858289983378906,0.0025280991673427133
13.436,0.001852030915007366,0.00253005845973766
13.438,0.0018459298635873662,0.002532017034791425
13.44,0.0018399887256938291,0.0025339748902251857
13.442,0.0018342093588994788,0.0025359320237577487
13.444,0.00182859354153799,0.0025378884331055092
13.446,0.0018231429666753518,0.002539844115982507
13.448,0.001817859276605901,0.002541799070100385
13.45,0.001812744132717088,0.002543753293168421
13.452,0.0018077993041453288,0.0025457067828935295
13.454,0.0018030267505217059,0.0025476595369802475
13.456,0.001798428671899764,0.002549611553130763
13.458,0.001794007503854966,0.0025515628290448925
13.46,0.0017897658470626642,0.002553513362420123
13.462,0.0017857063359083551,0.0025554631509515694
13.464,0.0017818314661586917,0.002557412192332023
13.466,0.0017781434134644277,0.002559360484251927
13.468,0.001774643879327709,0.002561308024399397
13.47,0.0017713339976741771,0.002563254810460208
13.472,0.001768214323955557,0.002565200840117825
13.474,0.001765284912353073,0.0025671461110533906
13.476,0.0017625454690145131,0.0025690906209457224
13.478,0.0017599955544562748,0.0025710343674713444
13.48,0.0017576347996124302,0.002572977348304463
13.482,0.0017554630992035315,0.0025749195611169937
13.484,0.0017534807528388186,0.0025768610035785513
13.486,0.001751688536462037,0.0025788016733564716
13.488,0.0017500877011631672,0.0025807415681157924
13.49,0.0017486799095258656,0.002582680685519288
13.492,0.001747467128759235,0.002584619023227452
13.494,0.0017464515034040858,0.00258655657889851
13.496,0.0017456352285218418,0.0025884933501884337
13.498,0.0017450204384605898,0.0025904293347509258
13.5,0.0017446091188488562,0.002592364530237453
13.502,0.001744403042768379,0.002594298934297224
13.504,0.0017444037278503328,0.002596232544577222
13.506,0.0017446124100028366,0.002598165358722183
13.508,0.0017450300311165274,0.002600097374374626
13.51,0.0017456572410210118,0.0026020285891748493
13.512,0.0017464944164164611,0.002603959000760927
13.514,0.001747541699991465,0.0026058886067687375
13.516,0.001748799060750672,0.002607817404831946
13.518,0.001750266372071556,0.0026097453925820278
13.52,0.0017519434985210614,0.002611672567648261
13.522,0.001753830377908858,0.0026135989276577522
13.524,0.001755927083317152,0.0026155244702354133
13.526,0.001758233852138419,0.0026174491930040043
13.528,0.0017607510755327672,0.0026193730935841148
13.53,0.00176347925094397,0.002621296169594167
13.532,0.001766418910089056,0.0026232184186504508
13.534,0.00176957054238831,0.002625139838367096
13.536,0.0017729345366766561,0.0026270604263561063
13.538,0.001776511160860856,0.002628980180227348
13.54,0.0017803005901780569,0.002630899097588581
13.542,0.001784302981774611,0.0026328171760454187
13.544,0.0017885185796547571,0.002634734413201396
13.546,0.0017929478233399579,0.0026366508066579366
13.548,0.0017975914290256339,0.002638566354014365
13.55,0.0018024504153927833,0.0026404810528679254
13.552,0.0018075260572813026,0.00264239490081378
13.554,0.001812819766842659,0.00264430789544502
13.556,0.001818332919668864,0.0026462200343526717
13.558,0.0018240666582446578,0.00264813131512571
13.56,0.001830021712951636,0.002650041735351049
13.562,0.0018361982794444219,0.002651951292613576
13.564,0.0018425959804866919,0.0026538599844961445
13.566,0.001849213922593109,0.0026557678085795703
13.568,0.001856050837203452,0.0026576747624426664
13.57,0.001863105277529901,0.0026595808436622216
13.572,0.0018703758301345064,0.0026614860498130406
13.574,0.001877861297606004,0.0026633903784679227
13.576,0.0018855608160193008,0.002665293827197695
13.578,0.0018934738863623478,0.0026671963935711923
13.58,0.0019016003190394579,0.0026690980751553
13.582,0.0019099401101487147,0.0026709988695149257
13.584,0.0019184932829003532,0.0026728987742130417
13.586,0.001927259733990805,0.0026747977868106765
13.588,0.001936239121708838,0.00267669590486692
13.59,0.001945430821043612,0.002678593125938941
13.592,0.001954833954076269,0.0026804894475819904
13.594,0.0019644474856509928,0.0026823848673494153
13.596,0.0019742703590822606,0.0026842793827926608
13.598,0.001984301637935282,0.0026861729914612947
13.6,0.001994540619516428,0.002688065690902991
13.602,0.0020049868933892023,0.0026899574786635647
13.604,0.002015640331832628,0.002691848352286967
13.606,0.0020265010151939954,0.00269373830931529
13.608,0.002037569109626915,0.0026956273472888022
13.61,0.002048844724346736,0.0026975154637459186
13.612,0.002060327778228614,0.002699402656223247
13.614,0.00207201790107434,0.0027012889222555723
13.616,0.002083914384746988,0.002703174259375885
13.618,0.002096016186516253,0.00270505866511537
13.62,0.0021083219748168954,0.00270694213700344
13.622,0.00212083019925924,0.0027088246725677314
13.624,0.002133539164037391,0.0027107062693341104
13.626,0.002146447087118702,0.0027125869248266995
13.628,0.002159552135392798,0.0027144666365678666
13.63,0.002172852435749164,0.0027163454020782563
13.632,0.002186346070842691,0.0027182232188767827
13.634,0.002200031073527849,0.002720100084480656
13.636,0.002213905434160843,0.002721975996405374
13.638,0.0022279671302524525,0.0027238509521647527
13.64,0.00224221417981686,0.0027257249492709254
13.642,0.00225664471068002,0.002727597985234345
13.644,0.002271257030715179,0.002729470057563822
13.646,0.002286049680659904,0.0027313411637665016
13.648,0.002301021452912924,0.002733211301347908
13.65,0.0023161713661816884,0.0027350804678119207
13.652,0.002331498595445818,0.0027369486606608254
13.654,0.0023470023669803592,0.0027388158773952783
13.656,0.0023626818365429557,0.002740682115514361
13.658,0.002378535973170773,0.0027425473725155715
13.66,0.002394563470281646,0.0027444116458948285
13.662,0.002410762700120514,0.002746274933146502
13.664,0.0024271317184040558,0.0027481372317634035
13.666,0.002443668315475607,0.0027499985392368176
13.668,0.0024603701008297806,0.0027518588530564994
13.67,0.00247723460161989,0.0027537181707106965
13.672,0.00249425935402486,0.0027555764896861493
13.674,0.0025114419693447504,0.0027574338074681194
13.676,0.002528780163534578,0.0027592901215403756
13.678,0.002546271747844705,0.0027611454293852383
13.68,0.002563914587171532,0.0027629997284835703
13.682,0.0025817065396000157,0.002764853016314783
13.684,0.0025996453939856807,0.0027667052903568817
13.686,0.00261772882172682,0.00276855654808643
13.688,0.0026359543545463092,0.002770406786978614
13.69,0.002654319393398033,0.002772256004507203
13.692,0.002672821246260681,0.00277410419814461
13.694,0.0026914571863259408,0.002775951365361867
13.696,0.0027102245182508942,0.0027777975036286638
13.698,0.002729120639335245,0.0027796426104133467
13.7,0.002748143084508895,0.0027814866831829313
13.702,0.002767289548017362,0.002783329719403119
13.704,0.0027865578794495395,0.0027851717165383143
13.706,0.002805946056062237,0.0027870126720516337
13.708,0.0028254521363597876,0.0027888525834049087
13.71,0.002845074201271785,0.002790691448058725
13.712,0.002864810289268449,0.0027925292634724064
13.714,0.002884658330970599,0.0027943660271040477
13.716,0.002904616087956472,0.0027962017364105214
13.718,0.0029246811000573462,0.0027980363888474896
13.72,0.00294485064558912,0.002799869981869428
13.722,0.002965121719375788,0.0028017025129296186
13.724,0.00298549103344736,0.0028035339794801888
13.726,0.0030059550442505306,0.0028053643789721036
13.728,0.0030265100076373947,0.002807193708855196
13.73,0.0030471520588271567,0.002809021966578167
13.732,0.0030678773095855305,0.002810849149588614
13.734,0.00308868195015931,0.002812675255333035
13.736,0.003109562340400353,0.0028145002812568396
13.738,0.00313051507422491,0.0028163242248043785
13.74,0.003151537004752546,0.0028181470834189406
13.742,0.0031726252239829946,0.00281996885454278
13.744,0.003193776999612886,0.002821789535617123
13.746,0.0032149896807217434,0.0028236091240821885
13.748,0.003236260591384598,0.0028254276173771942
13.75,0.00325758693481198,0.0028272450129403835
13.752,0.0032789657291677297,0.002829061308209034
13.754,0.003300393789723835,0.002830876500619462
13.756,0.0033218677617283536,0.002832690587607061
13.758,0.00334338419659298,0.0028345035666062896
13.76,0.003364939653586087,0.0028363154350507175
13.762,0.0033865308027751203,0.0028381261903730045
13.764,0.003408154504223732,0.0028399358300049485
13.766,0.0034298078437202595,0.0028417443513774794
13.768,0.0034514881153641843,0.0028435517519206878
13.77,0.0034731927536774433,0.0028453580290638356
13.772,0.00349491922944734,0.002847163180235363
13.774,0.0035166649313770845,0.002848967202862923
13.776,0.0035384270579441528,0.002850770094373373
13.778,0.003560202540265454,0.0028525718521928206
13.78,0.0035819880084283556,0.0028543724737466044
13.782,0.0036037798030597464,0.0028561719564593455
13.784,0.003625574023770296,0.002857970297754932
13.786,0.0036473665991185946,0.00285976749505656
13.788,0.003669153360465621,0.002861563545786731
13.79,0.003690930104716168,0.00286335844736728
13.792,0.003712692637279283,0.0028651521972193946
13.794,0.0037344367944796794,0.002866944792763607
13.796,0.0037561584516780018,0.0028687362314198535
13.798,0.0037778535274844934,0.002870526510607439
13.8,0.0037995179946157874,0.0028723156277451023
13.802,0.003821147904292858,0.002874103580250995
13.804,0.003842739424859192,0.0028758903655427288
13.806,0.003864288888462395,0.002877675981037361
13.808,0.0038857928342780406,0.0028794604241514418
13.81,0.003907248034511262,0.0028812436923010146
13.812,0.00392865149107882,0.0028830257829016307
13.814,0.003950000396193488,0.002884806693368378
13.816,0.0039712920578234825,0.002886586421115885
13.818,0.003992523799317547,0.0028883649635583503
13.82,0.004013692849323406,0.0028901423181095535
13.822,0.004034796241742452,0.002891918482182872
13.824,0.004055830744840022,0.0028936934531912993
13.826,0.004076792833720307,0.0028954672285474653
13.828,0.004097678712125249,0.0028972398056636576
13.83,0.004118484379676215,0.0028990111819518173
13.832,0.004139205731406063,0.0029007813548235927
13.834,0.0041598386698127,0.002902550321690315
13.836,0.004180379207223027,0.0029043180799630647
13.838,0.00420082353857362,0.0029060846270526366
13.84,0.0042211680712821685,0.0029078499603696056
13.842,0.004241409408202895,0.002909614077324309
13.844,0.004261544289589324,0.0029113769753268907
13.846,0.004281569508269588,0.002913138651787303
13.848,0.00430148181704071,0.0029148991041153256
13.85,0.004321277847663943,0.0029166583297205993
13.852,0.004340954056942798,0.0029184163260126176
13.854,0.004360506708370376,0.002920173090400781
13.856,0.004379931889614495,0.0029219286202943747
13.858,0.004399225558719093,0.0029236829131026273
13.86,0.00441838360702801,0.0029254359662346926
13.862,0.004437401925394267,0.002927187777099701
13.864,0.004456276462172174,0.0029289383431067607
13.866,0.0044750032658697775,0.0029306876616649654
13.868,0.0044935785106789425,0.0029324357301834503
13.87,0.004511998507805745,0.0029341825460713652
13.872,0.00453025970833736,0.0029359281067379353
13.874,0.004548358703702413,0.002937672409592446
13.876,0.004566292227777527,0.0029394154520442925
13.878,0.0045840571611950095,0.002941157231502969
13.88,0.0046016505346362525,0.0029428977453781163
13.882,0.00461906952510688,0.002944636991079524
13.884,0.004636311438332014,0.0029463749660171464
13.886,0.0046533736718926055,0.002948111667601148
13.888,0.0046702536573306926,0.002949847093241884
13.89,0.0046869487844081415,0.002951581240349958
13.892,0.0047034563158735825,0.0029533141063362105
13.894,0.004719773305232282,0.0029550456886117673
13.896,0.004735896532052954,0.002956775984588031
13.898,0.004751822468604872,0.002958504991676733
13.9,0.004767547287965775,0.002960232707289913
13.902,0.0047830669176268685,0.00296195912883998
13.904,0.004798377135023256,0.002963684253739706
13.906,0.004813473693676375,0.0029654080794022535
13.908,0.0048283524622253875,0.002967130603241203
13.91,0.0048430095548828885,0.0029688518226705573
13.912,0.004857441431712828,0.002970571735104782
13.914,0.004871644950913405,0.0029722903379588027
13.916,0.004885617362586415,0.0029740076286480506
13.918,0.004899356243163017,0.00297572360458846
13.92,0.004912859380060917,0.0029774382631965056
13.922,0.00492612462533182,0.002979151601889224
13.924,0.004939149743192078,0.002980863618084208
13.926,0.004951932278076082,0.0029825743091996667
13.928,0.0049644694666780885,0.0029842836726544104
13.93,0.004976758209788268,0.0029859917058679005
13.932,0.004988795108954776,0.002987698406260247
13.934,0.005000576561177994,0.0029894037712522555
13.936,0.005012098894304793,0.0029911077982654115
13.938,0.0050233585186569745,0.002992810484721939
13.94,0.005034352068113299,0.002994511828044803
13.942,0.005045076506758095,0.0029962118256577257
13.944,0.005055529184567576,0.002997910474985227
13.946,0.0050657078357304606,0.0029996077734526236
13.948,0.0050756105238410265,0.00300130371848607
13.95,0.005085235547098905,0.003002998307512563
13.952,0.005094581322074785,0.003004691537959978
13.954,0.005103646265757037,0.0030063834072570775
13.956,0.0051124286927597936,0.0030080739128335466
13.958,0.005120926738958686,0.0030097630521200066
13.96,0.005129138316181645,0.0030114508225480294
13.962,0.005137061096692295,0.0030131372215501783
13.964,0.005144692522375784,0.003014822246560005
13.966,0.005152029832274078,0.0030165058950121
13.968,0.005159070103070305,0.0030181881643420875
13.97,0.005165810299263847,0.003019869051986674
13.972,0.005172247331825299,0.0030215485553836416
13.974,0.0051783781249712104,0.003023226671971893
13.976,0.005184199689820363,0.0030249033991914657
13.978,0.005189709201284231,0.003026578734483546
13.98,0.005194904071459303,0.003028252675290512
13.982,0.005199782010243408,0.0030299252190559294
13.984,0.0052043410630524915,0.003031596363224603
13.986,0.005208579617089063,0.003033266105242562
13.988,0.005212496371631789,0.0030349344425571285
13.99,0.005216090273571532,0.003036601372616891
13.992,0.005219360425666506,0.0030382668928717747
13.994,0.005222305980273824,0.0030399310007730284
13.996,0.005224926034379778,0.0030415936937732606
13.998,0.005227219541851205,0.0030432549693264637
14.0,0.005229185255922512,0.0030449148248880274
14.002,0.005230821709649938,0.003046573257914781
14.004,0.005232127235540269,0.0030482302658649883
14.006,0.005233100019130306,0.003049885846198402
14.008,0.00523373817617515,0.003051539996376258
14.01,0.005234039840145843,0.003053192713861316
14.012,0.0052340032462691,0.00305484399611787
14.014,0.005233626800172251,0.00305649384061179
14.016,0.0052329091227194665,0.003058142244810531
14.018,0.005231849067012942,0.00305978920618315
14.02,0.005230445707936299,0.0030614347222003464
14.022,0.00522869830834513,0.003063078790334472
14.024,0.005226606268624241,0.0030647214080595643
14.026,0.005224169067680293,0.003066362572851353
14.028,0.005221386203601059,0.003068002282187314
14.03,0.005218257141415303,0.003069640533546653
14.032,0.005214781273904053,0.0030712773244103643
14.034,0.005210957899501245,0.003072912652261234
14.036,0.005206786219179559,0.003074546514583861
14.038,0.00520226535200836,0.003076178908864705
14.04,0.005197394366949747,0.003077809832592077
14.042,0.0051921723266060045,0.003079439283256194
14.044,0.005186598337260264,0.0030810672583491735
14.046,0.005180671598876709,0.003082693755365085
14.048,0.005174391448903424,0.0030843187717999464
14.05,0.0051677573947770845,0.0030859423051517727
14.052,0.005160769131819272,0.00308756435292059
14.054,0.005153426545423804,0.0030891849126084433
14.056,0.005145729698643372,0.0030908039817194545
14.058,0.005137678808068963,0.0030924215577598124
14.06,0.005129274211962254,0.003094037638237814
14.062,0.005120516334853504,0.0030956522206638856
14.064,0.0051114056523966,0.003097265302550615
14.066,0.00510194265948684,0.003098876881412752
14.068,0.005092127843854943,0.0031004869547672587
14.07,0.005081961666823696,0.003102095520133323
14.072,0.00507144455272486,0.0031037025750323714
14.074,0.005060576888469171,0.0031053081169881134
14.076,0.0050493590346242885,0.00310691214352655
14.078,0.00503779134873813,0.0031085146521760104
14.08,0.005025874220338558,0.003110115640467161
14.082,0.005013608115095148,0.00311171510593305
14.084,0.005000993623394096,0.0031133130461091017
14.086,0.004988031506627364,0.0031149094585331766
14.088,0.004974722733465348,0.003116504340745572
14.09,0.0049610684987609075,0.0031180976902890466
14.092,0.004947070219692674,0.003119689504708862
14.094,0.004932729507069838,0.0031212797815527824
14.096,0.0049180481137948645,0.003122868518371123
14.098,0.004903027866501558,0.0031244557127167536
14.1,0.004887670589531941,0.0031260413621451437
14.102,0.004871978032057553,0.0031276254642143677
14.104,0.0048559518089993795,0.003129208016485147
14.106,0.004839593364541032,0.0031307890165208504
14.108,0.004822903963864995,0.0031323684618875525
14.11,0.004805884714866429,0.0031339463501540254
14.112,0.004788536617641927,0.0031355226788917774
14.114,0.004770860636065369,0.003137097445675091
14.116,0.004752857783148593,0.003138670648081015
14.118,0.004734529210375245,0.003140242283689427
14.12,0.004715876290888145,0.0031418123500830185
14.122,0.004696900687280233,0.003143380844847359
14.124,0.0046776043966699704,0.003144947765570886
14.126,0.0046579897685093226,0.00314651310984496
14.128,0.004638059493846606,0.0031480768752638654
14.13,0.0046178165681149685,0.003149639059424843
14.132,0.004597264232459497,0.003151199659928123
14.134,0.004576405900708225,0.003152758674376932
14.136,0.004555245080035773,0.0031543161003775456
14.138,0.004533785293095773,0.0031558719355392734
14.14,0.00451203000811497,0.003157426177474529
14.142,0.004489982581572267,0.0031589788237988145
14.144,0.004467646216159629,0.0031605298721307713
14.146,0.004445023935208561,0.003162079320092198
14.148,0.004422118573921335,0.0031636271653080646
14.15,0.004398932787528692,0.003165173405406559
14.152,0.004375469076579322,0.003166718038019087
14.154,0.004351729829462002,0.0031682610607803165
14.156,0.00432771738150399,0.0031698024713281902
14.158,0.004303434088336113,0.0031713422673039617
14.16,0.004278882408781442,0.0031728804463522046
14.162,0.00425406498980199,0.0031744170061208552
14.164,0.004228984743790941,0.003175951944261231
14.166,0.004203644907547681,0.003177485258428039
14.168,0.004178049073242145,0.0031790169462794274
14.17,0.00415220118476556,0.0031805470054769914
14.172,0.004126105497743589,0.0031820754336858103
14.174,0.004099766507314719,0.003183602228574458
14.176,0.0040731888533851734,0.003185127387815049
14.178,0.004046377217241001,0.003186650909083237
14.18,0.004019336225169529,0.003188172790058259
14.182,0.003992070373652581,0.0031896930284229597
14.184,0.003964583986917574,0.003191211621863798
14.186,0.003936881211929043,0.0031927285680709017
14.188,0.003908966049445955,0.003194243864738061
14.19,0.0038808424138538355,0.0031957575095627774
14.192,0.0038525142102211296,0.0031972695002462723
14.194,0.003823985415114967,0.0031987798344935247
14.196,0.003795260148280369,0.0032002885100132802
14.198,0.003766342724954016,0.003201795524518096
14.2,0.0037372376825922393,0.003203300875724355
14.202,0.003707949780250267,0.0032048045613522814
14.204,0.0036784839729572297,0.0032063065791259797
14.206,0.003648845366649071,0.0032078069267734554
14.208,0.003619039161320842,0.003209305602026639
14.21,0.0035890705910631778,0.003210802602621407
14.212,0.003558944869696956,0.003212297926297619
14.214,0.0035286671499378413,0.0032137915707991225
14.216,0.003498242502429969,0.0032152835338737987
14.218,0.0034676759185320607,0.0032167738132735666
14.22,0.0034369723373957367,0.0032182624067544265
14.222,0.003406136693820492,0.003219749312076481
14.224,0.0033751739790929356,0.0032212345270039404
14.226,0.003344089303343074,0.003222718049305176
14.228,0.0033128879458899207,0.0032241998767527226
14.23,0.0032815753805249563,0.0032256800071233187
14.232,0.0032501572661940018,0.003227158438197913
14.234,0.003218639399870193,0.0032286351677617126
14.236,0.003187027636534014,0.0032301101936041843
14.238,0.003155327789379264,0.003231583513519095
14.24,0.0031235455296314747,0.0032330551253045314
14.242,0.0030916863079091987,0.003234525026762918
14.244,0.0030597553168441437,0.0032359932157010572
14.246,0.0030277575077853054,0.003237459689930135
14.248,0.0029956976641087713,0.0032389244472657585
14.25,0.0029635805221287074,0.0032403874855279754
14.252,0.0029314109204246473,0.003241848802541301
14.254,0.0028991939518750146,0.0032433083961347373
14.256,0.0028669350912700017,0.003244766264141803
14.258,0.0028346402753196883,0.0032462224044005608
14.26,0.0028023159202173716,0.0032476768147536267
14.262,0.002769968872778284,0.003249129493048214
14.264,0.0027376063022770862,0.0032505804371361336
14.266,0.002705235549343477,0.0032520296448738523
14.268,0.0026728639541673486,0.0032534771141224787
14.27,0.0026404986881926433,0.0032549228427478168
14.272,0.00260814661166019,0.003256366828620373
14.274,0.002575814174618002,0.003257809069615389
14.276,0.0025435073724609154,0.0032592495636128665
14.278,0.0025112317597811517,0.0032606883084975763
14.28,0.0024789925191947256,0.00326212530215911
14.282,0.0024467945754876983,0.0032635605424918683
14.284,0.0024146427403455963,0.0032649940273951255
14.286,0.0023825418694438773,0.003266425754773013
14.288,0.002350497012121263,0.003267855722534577
14.29,0.002318513534535241,0.0032692839285937744
14.292,0.0022865972002776274,0.003270710370869524
14.294,0.002254754197804956,0.00327213504728571
14.296,0.002222991111222921,0.003273557955771204
14.298,0.002191314839045167,0.00327497909425991
14.3,0.0021597324732984848,0.003276398460690762
14.302,0.0021282511574325846,0.003277816053007773
14.304,0.002096877944747532,0.0032792318691600335
14.306,0.0020656196787572963,0.0032806459071017566
14.308,0.002034482912980278,0.003282058164792285
14.31,0.0020034738806973453,0.0032834686401961265
14.312,0.0019725985164581426,0.0032848773312829727
14.314,0.0019418625221319268,0.003286284236027714
14.316,0.0019112714627378443,0.0032876893524104857
14.318,0.0018808308725439293,0.0032890926784166588
14.32,0.0018505463508490616,0.0032904942120368986
14.322,0.0018204236296209676,0.003291893951267155
14.324,0.001790468601184362,0.0032932918941087123
14.326,0.0017606873022541797,0.003294688038568191
14.328,0.0017310858592146383,0.0032960823826575915
14.33,0.0017016704070028082,0.0032974749243942967
14.332,0.001672446998851123,0.003298865661801108
14.334,0.001643421525577696,0.003300254592906269
14.336,0.001614599660878639,0.003301641715743475
14.338,0.001585986843689436,0.003303027028351916
14.34,0.0015575883012706876,0.003304410528776276
14.342,0.0015294091087433106,0.003305792215066778
14.344,0.0015014542739143263,0.003307172085279188
14.346,0.0014737288317094737,0.0033085501374748552
14.348,0.0014462379311537433,0.0033099263697207166
14.35,0.0014189868997519185,0.0033113007800893335
14.352,0.0013919812747948044,0.0033126733666589132
14.354,0.001365226797507434,0.003314044127513314
14.356,0.0013387293727385135,0.0033154130607420933
14.358,0.0013124950027431548,0.0033167801644405047
14.36,0.001286529707476669,0.0033181454367095463
14.362,0.0012608394451036425,0.003319508875655955
14.364,0.001235430045081293,0.003320870479392257
14.366,0.0012103071626630064,0.0033222302460367598
14.368,0.0011854762588254686,0.0033235881737135988
14.37,0.001160942604475954,0.003324944260552754
14.372,0.001136711303331683,0.003326298504690056
14.374,0.0011127873248530811,0.0033276509042672294
14.376,0.001089175537485383,0.0033290014574319
14.378,0.0010658807332675942,0.0033303501623376274
14.38,0.0010429076373097885,0.0033316970171439076
14.382,0.0010202608991825204,0.0033330420200162227
14.384,0.0009979450672476698,0.0033343851691260327
14.386,0.0009759645507276439,0.003335726462650823
14.388,0.0009543235772881439,0.0033370658987741104
14.39,0.0009330261556564894,0.0033384034756854617
14.392,0.0009120760530295853,0.00333973919158053
14.394,0.0008914767956152974,0.0033410730446610582
14.396,0.0008712316976472242,0.0033424050331349172
14.398,0.0008513439198673589,0.0033437351552161104
14.4,0.0008318165532755634,0.0033450634091248105
14.402,0.0008126527186405913,0.0033463897930873635
14.404,0.000793855667803485,0.003347714305336326
14.406,0.0007754288702031216,0.003349036944110477
14.408,0.000757376068201081,0.0033503577076548345
14.41,0.0007397012881708831,0.0033516765942206905
14.412,0.0007224088008066496,0.003352993602065611
14.414,0.0007055030328148741,0.003354308729453481
14.416,0.000688988441508181,0.003355621974654499
14.418,0.0006728693718363299,0.003356933335945219
14.42,0.0006571499201113761,0.0033582428116085547
14.422,0.0006418338286956469,0.003359550399933815
14.424,0.0006269244307943239,0.003360856099216705
14.426,0.0006124246550061835,0.0033621599077593638
14.428,0.0005983370873421108,0.003363461823870382
14.43,0.000584664076645756,0.0033647618458648005
14.432,0.0005714078604587372,0.0033660599720641633
14.434,0.0005585706844660519,0.0033673562007965076
14.436,0.0005461548906607763,0.0033686505303964056
14.438,0.0005341629567680805,0.0033699429592049662
14.44,0.0005225974804424431,0.0033712334855698725
14.442,0.0005114611136486025,0.0033725221078453774
14.444,0.0005007564626905227,0.0033738088243923468
14.446,0.00049048597540213,0.003375093633578273
14.448,0.0004806518380285356,0.003376376533777273
14.45,0.0004712559005971018,0.003377657523370142
14.452,0.00046229964250967936,0.00337893660074434
14.454,0.0004537841817166698,0.003380213764294036
14.456,0.00044571032319248453,0.0033814890124201032
14.458,0.0004380786370020996,0.0033827623435301666
14.46,0.00043088955363990367,0.0033840337560385883
14.462,0.0004241434642733884,0.003385303248366514
14.464,0.0004178408151693038,0.003386570818941878
14.466,0.00041198218787924946,0.003387836466199417
14.468,0.00040656835890944974,0.0033891001885807065
14.47,0.0004016003342747551,0.0033903619845341566
14.472,0.00039707935571922724,0.00339162185251505
14.474,0.0003930068769538265,0.003392879790985541
14.476,0.0003893845104729167,0.003394135798414694
14.478,0.0003862139485139479,0.003395389873278483
14.48,0.0003834968651996257,0.003396642014059817
14.482,0.0003812348101280474,0.003397892219248567
14.484,0.0003794291057588743,0.0033991404873415587
14.486,0.0003780807611470672,0.003400386816842619
14.488,0.0003771904125998445,0.003401631206262569
14.49,0.00037675829796056826,0.0034028736541192616
14.492,0.00037678426624840984,0.003404114158937578
14.494,0.0003772678193811758,0.0034053527192494664
14.496,0.0003782081787071913,0.0034065893335939387
14.498,0.0003796043667615572,0.0034078240005171027
14.5,0.00038145529422011176,0.003409056718572175
14.502,0.00038375984313774035,0.003410287486319487
14.504,0.0003865169395813664,0.0034115163023265174
14.506,0.00038972561098668285,0.003412743165167895
14.508,0.00039338502543777255,0.0034139680734254323
14.51,0.0003974945113682863,0.003415191025688116
14.512,0.0004020535570213994,0.003416412020552152
14.514,0.00040706178971173276,0.0034176310566209583
14.516,0.00041251893587051727,0.0034188481325051912
14.518,0.0004184247642434852,0.003420063246822769
14.52,0.0004247790164182489,0.0034212763981988654
14.522,0.0004315813307957304,0.0034224875852659526
14.524,0.00043883116773380307,0.0034236968066637882
14.526,0.0004465277444102725,0.003424904061039463
14.528,0.0004546699876314371,0.00342610934704738
14.53,0.0004632565112402439,0.003427312663349305
14.532,0.00047228562209804915,0.0034285140086143524
14.534,0.0004817553551880278,0.003429713381519026
14.536,0.0004916635347044653,0.003430910780747208
14.538,0.000502007854567702,0.003432106204990198
14.54,0.000512785969093598,0.0034332996529467127
14.542,0.0005239955828984315,0.0034344911233228992
14.544,0.0005356345287491105,0.003435680614832367
14.546,0.0005477008230650728,0.0034368681261961772
14.548,0.0005601926911063753,0.0034380536561428843
14.55,0.000573108557387312,0.003439237203408521
14.552,0.0005864470012428932,0.00344041876673664
14.554,0.0006002066823045091,0.0034415983448783083
14.556,0.0006143862453224902,0.00344277593659213
14.558,0.0006289842176024354,0.003443951540644265
14.56,0.0006439989145661183,0.0034451251558084246
14.562,0.0006594283689719154,0.003446296780865908
14.564,0.0006752702967576308,0.003447466414605597
14.566,0.0006915221073400611,0.0034486340558239786
14.568,0.0007081809590739297,0.0034497997033251563
14.57,0.0007252438525136065,0.0034509633559208688
14.572,0.0007427077466020032,0.0034521250124304884
14.574,0.0007605696775353969,0.0034532846716810502
14.576,0.0007788268582074322,0.0034544423325072616
14.578,0.0007974767386227142,0.0034555979937514964
14.58,0.0008165170144175576,0.00345675165426384
14.582,0.0008359455805740269,0.0034579033129020706
14.584,0.0008557604386422944,0.0034590529685316947
14.586,0.0008759595758783959,0.0034602006200259443
14.588,0.0008965408412891584,0.0034613462662658003
14.59,0.0009175018449232406,0.00346248990613999
14.592,0.0009388399022547636,0.003463631538545016
14.594,0.0009605520359420103,0.0034647711623851593
14.596,0.0009826350346455598,0.0034659087765724884
14.598,0.0010050855558363394,0.0034670443800268757
14.6,0.0010279002496426438,0.0034681779716760055
14.602,0.0010510758762078847,0.003469309550455396
14.604,0.0010746093909394807,0.0034704391153083857
14.606,0.001098497980026697,0.003471566665186178
14.608,0.0011227390407628501,0.0034726921990478206
14.61,0.0011473301145271278,0.003473815715860241
14.612,0.0011722687914397746,0.0034749372145982463
14.614,0.0011975526119038344,0.0034760566942445242
14.616,0.0012231789899364125,0.0034771741537896785
14.618,0.0012491451764924588,0.003478289592232211
14.62,0.0012754482696603205,0.0034794030085785587
14.622,0.0013020852656403792,0.0034805144018430797
14.624,0.001329053133219997,0.0034816237710480836
14.626,0.001356348888005313,0.003482731115223824
14.628,0.0013839696427030489,0.0034838364334085245
14.63,0.0014119126163138886,0.0034849397246483793
14.632,0.0014401750965242768,0.0034860409879975598
14.634,0.0014687543628898506,0.003487140222518234
14.636,0.0014976475900772919,0.003488237427280565
14.638,0.0015268517573355845,0.003489332601362733
14.64,0.001556363590563737,0.0034904257438509267
14.642,0.001586179556597356,0.003491516853839375
14.644,0.0016162959172012512,0.003492605930430332
14.646,0.001646708835675723,0.0034936929727341086
14.648,0.0016774145155588238,0.003494777979869059
14.65,0.0017084093419877965,0.0034958609509616084
14.652,0.0017396899941377203,0.00349694188514625
14.654,0.0017712535024153038,0.003498020781565555
14.656,0.0018030972356069901,0.003499097639370188
14.658,0.0018352188183299637,0.0035001724577188986
14.66,0.00186761599444505,0.0035012452357785547
14.662,0.001900286464073071,0.0035023159727241224
14.664,0.0019332277278185112,0.003503384667738695
14.666,0.0019664369704349314,0.0035044513200134858
14.668,0.001999911007805082,0.0035055159287478493
14.67,0.0020336463076265267,0.0035065784931492807
14.672,0.0020676390785507957,0.0035076390124334166
14.674,0.0021018854080982374,0.003508697485824061
14.676,0.002136381419533829,0.0035097539125531663
14.678,0.002171123414151303,0.0035108082918608673
14.68,0.00220610796880587,0.003511860622995467
14.682,0.0022413319682733747,0.0035129109052134573
14.684,0.002276792565980981,0.0035139591377795105
14.686,0.0023124870818630873,0.003515005319966507
14.688,0.0023484128593220994,0.0035160494510555187
14.69,0.0023845671117397453,0.0035170915303358295
14.692,0.0024209467909544146,0.0035181315571049384
14.694,0.0024575485052619464,0.0035191695306685572
14.696,0.0024943685039549037,0.0035202054503406365
14.698,0.0025314027315428153,0.0035212393154433444
14.7,0.0025686469406320965,0.003522271125307093
14.702,0.002606096841021711,0.003523300879270532
14.704,0.0026437482562399767,0.0035243285766805616
14.706,0.002681597258652983,0.003525354216892338
14.708,0.0027196402601271682,0.0035263777992692643
14.71,0.002757874045416641,0.0035273993231830156
14.712,0.002796295747456626,0.003528418788013526
14.714,0.002834902774801377,0.003529436193149009
14.716,0.0028736927091647735,0.003530451537985944
14.718,0.002912663193985826,0.0035314648219291027
14.72,0.002951811832964666,0.003532476044391528
14.722,0.00299113611163848,0.0035334852047945644
14.724,0.00303063334720085,0.003534492302567841
14.726,0.0030703006641675185,0.0035354973371492836
14.728,0.0031101349881327983,0.0035365003079851245
14.73,0.0031501330479490226,0.0035375012145298893
14.732,0.003190291378336942,0.0035385000562464237
14.734,0.00323060631929465,0.00353949683260587
14.736,0.0032710740140603034,0.0035404915430877
14.738,0.003311690411888119,0.0035414841871796864
14.74,0.0033524512839104743,0.003542474764377936
14.742,0.003393352259045287,0.003543463274186867
14.744,0.003434388882456915,0.003544449716119231
14.746,0.003475556692671367,0.0035454340896961083
14.748,0.0035168513069337498,0.0035464163944469032
14.75,0.0035582684997844975,0.003547396629909359
14.752,0.0035998042587079043,0.0035483747956295483
14.754,0.0036414548037545253,0.0035493508911618927
14.756,0.003683216564808931,0.0035503249160691377
14.758,0.0037250861191401507,0.003551296869922385
14.76,0.0037670601008211136,0.003552266752301068
14.762,0.0038091351002043747,0.003553234562792968
14.764,0.0038513075740874135,0.0035542003009942213
14.766,0.00389357378471311,0.0035551639665092967
14.768,0.003935929778824828,0.0035561255589510255
14.77,0.003978371408296274,0.0035570850779405765
14.772,0.004020894383798367,0.003558042523107482
14.774,0.004063494345084117,0.003558997894089615
14.776,0.004106166927750433,0.0035599511905332107
14.778,0.0041489078076872455,0.003560902412092847
14.78,0.004191712710454409,0.0035618515584314656
14.782,0.004234577381956622,0.0035627986292203592
14.784,0.004277497526675565,0.0035637436241391703
14.786,0.004320468727899171,0.0035646865428759006
14.788,0.004363486368894515,0.0035656273851269044
14.79,0.004406545573834807,0.003566566150596892
14.792,0.004449641182738468,0.0035675028389989235
14.794,0.004492767767011964,0.003568437450054422
14.796,0.004535919683391804,0.003569369983493151
14.798,0.004579091156272148,0.0035703004390532363
14.8,0.004622276373289269,0.0035712288164811566
14.802,0.0046654695775161115,0.003572155115531732
14.804,0.0047086651416563576,0.003573079335968142
14.806,0.004751857614338016,0.0035740014775619113
14.808,0.004795041734606076,0.003574921540092913
14.81,0.0048382124165232835,0.0035758395233493655
14.812,0.0048813647102258695,0.003576755427127835
14.814,0.004924493748212214,0.003577669251233227
14.816,0.004967594686039532,0.003578580995478791
14.818,0.005010662645425624,0.0035794906596861202
14.82,0.005053692665704532,0.0035803982436851374
14.822,0.005096679667350961,0.0035813037473141113
14.824,0.005139618429328105,0.003582207170419631
14.826,0.005182503580478058,0.003583108512856633
14.828,0.005225329603957167,0.003584007774488367
14.83,0.005268090852601422,0.003584904955186422
14.832,0.005310781571935102,0.0035858000548307013
14.834,0.005353395926353127,0.0035866930733094333
14.836,0.005395928023085147,0.003587584010519167
14.838,0.005438371928313367,0.0035884728663647595
14.84,0.005480721670664449,0.0035893596407593864
14.842,0.0055229712294193834,0.003590244333624526
14.844,0.005565114507998479,0.0035911269448899667
14.846,0.005607145296996178,0.0035920074744937936
14.848,0.005649057234364153,0.0035928859223823954
14.85,0.0056908437722923595,0.003593762288510448
14.852,0.0057324981601412,0.003594636572840926
14.854,0.005774013450137287,0.003595508775345081
14.856,0.005815382527801184,0.003596378896002454
14.858,0.005856598163204394,0.0035972469348008657
14.86,0.005897653073560433,0.003598112891736398
14.862,0.005938539983846234,0.0035989767668134164
14.864,0.005979251671304626,0.0035998385600445413
14.866,0.006019780982306948,0.0036006982714506604
14.868,0.0060601208157911885,0.0036015559010609075
14.87,0.0061002640751264625,0.003602411448912677
14.872,0.006140203597999499,0.003603264915051598
14.874,0.00617993207984862,0.003604116299531548
14.876,0.00621944200892578,0.003604965602414636
14.878,0.006258725629480893,0.003605812823771196
14.88,0.006297774944087258,0.0036066579636797958
14.882,0.006336581757989766,0.0036075010222272096
14.884,0.006375137759449782,0.0036083419995084354
14.886,0.006413434622456772,0.003609180895626666
14.888,0.006451464113587445,0.003610017710693305
14.89,0.006489218184149942,0.0036108524448279448
14.892,0.006526689031988475,0.0036116850981583667
14.894,0.006563869123457238,0.0036125156708205386
14.896,0.00660075117350855,0.003613344162958596
14.898,0.006637328088839669,0.0036141705747248505
14.9,0.006673592884185783,0.003614994906279771
14.902,0.006709538584368652,0.0036158171577919886
14.904,0.00674515812462044,0.0036166373294382725
14.906,0.0067804442596642684,0.003617455421403548
14.908,0.006815389489066386,0.0036182714338808585
14.91,0.006849986003485634,0.003619085367071389
14.912,0.006884225654305274,0.00361989722118444
14.914,0.006918099947904012,0.0036207069964374196
14.916,0.00695160006519023,0.003621514693055851
14.918,0.006984716906378108,0.0036223203112733427
14.92,0.007017441159717554,0.003623123851331607
14.922,0.0070497633906791805,0.0036239253134804235
14.924,0.007081674145072638,0.0036247246979776585
14.926,0.007113164056349951,0.003625522005089236
14.928,0.007144223944835173,0.0036263172350891404
14.93,0.007174844895789635,0.0036271103882594097
14.932,0.007205018304751206,0.003627901464890113
14.934,0.0072347358826354395,0.0036286904652793623
14.936,0.0072639896191697435,0.003629477389733284
14.938,0.0072927717102776865,0.0036302622385660293
14.94,0.007321074461609403,0.003631045012099747
14.942,0.007348890185058031,0.00363182571066459
14.944,0.007376211106675021,0.0036326043345986927
14.946,0.007403029302369514,0.0036333808842481745
14.948,0.007429336672399207,0.003634155359967126
14.95,0.007455124957927654,0.003634927762117589
14.952,0.007480385794395587,0.0036356980910695687
14.954,0.0075051107889227125,0.003636466347201
14.956,0.007529291604058368,0.00363723253089776
14.958,0.007552920029050218,0.0036379966425536384
14.96,0.007575988022729088,0.0036387586825703463
14.962,0.007598487718558913,0.003639518651357489
14.964,0.007620411391021849,0.0036402765493325708
14.966,0.007641751391425087,0.003641032376920971
14.968,0.007662500068433649,0.0036417861345559473
14.97,0.007682649692481651,0.003642537822678618
14.972,0.007702192402746614,0.0036432874417379434
14.974,0.007721120190608412,0.003644034992190737
14.976,0.007739424925476743,0.003644780474501632
14.978,0.007757098419375531,0.0036455238891430863
14.98,0.0077741325179212116,0.00364626523659536
14.982,0.0077905191993929085,0.0036470045173465195
14.984,0.007806250661888661,0.0036477417318924047
14.986,0.007821319381505857,0.003648476880736639
14.988,0.007835718131349971,0.0036492099643906104
14.99,0.007849439960275678,0.003649940983373451
14.992,0.007862478139356446,0.0036506699382120433
14.994,0.007874826090954787,0.003651396829440988
14.996,0.007886477318309104,0.0036521216576026133
14.998,0.007897425352166282,0.0036528444232469437
15.0,0.007907663725724134,0.0036535651269317087
15.002,0.007917185981538868,0.003654283769222308
15.004,0.00792598570617293,0.00365500035069182
15.006,0.007934056582241469,0.00365571487192098
15.008,0.007941392444603138,0.0036564273334981595
15.01,0.007947987328216168,0.003657137736019377
15.012,0.007953835499086924,0.0036578460800882583
15.014,0.007958931465398137,0.003658552366316052
15.016,0.007963269971566161,0.0036592565953215877
15.018,0.007966845982038475,0.0036599587677312896
15.02,0.007969654663108628,0.0036606588841791472
15.022,0.007971691369747985,0.003661356945306704
15.024,0.007972951641111262,0.003662052951763059
15.026,0.007973431204205409,0.00366274690420483
15.028,0.007973125981601518,0.003663438803296163
15.03,0.007972032097119363,0.0036641286497087013
15.032,0.007970145873632236,0.0036648164441215893
15.034,0.007967463819341549,0.0036655021872214386
15.036,0.007963982602287138,0.0036661858797023376
15.038,0.007959699016422413,0.003666867522265815
15.04,0.007954609945268693,0.003667547115620846
15.042,0.007948712330290549,0.0036682246604838285
15.044,0.00794200315053258,0.003668900157578566
15.046,0.007934479418056754,0.003669573607636264
15.048,0.007926138190986651,0.0036702450113955043
15.05,0.007916976603259079,0.003670914369602246
15.052,0.007906991908108903,0.003671581683009793
15.054,0.007896181531155547,0.0036722469523787957
15.056,0.00788454312865146,0.0036729101784772266
15.058,0.007872074646669147,0.003673571362080374
15.06,0.007858774377339017,0.0036742305039708153
15.062,0.007844641008415849,0.0036748876049384183
15.064,0.007829673662405947,0.003675542665780316
15.066,0.007813871921461457,0.0036761956873008913
15.068,0.007797235834647213,0.003676846670311771
15.07,0.007779765905397785,0.003677495615631796
15.072,0.007761463059177102,0.003678142524087028
15.074,0.007742328594323442,0.00367878739651071
15.076,0.007722364122209522,0.003679430233743273
15.078,0.007701571505303362,0.0036800710366323036
15.08,0.0076799528026028855,0.003680709806032542
15.082,0.007657510230658133,0.0036813465428058583
15.084,0.007634246144971367,0.003681981247821238
15.086,0.007610163041632181,0.0036826139219547725
15.088,0.007585263573831088,0.0036832445660896353
15.09,0.0075595505738998954,0.003683873181116073
15.092,0.007533027070078058,0.0036844997679313838
15.094,0.007505696289014987,0.0036851243274399095
15.096,0.007477561639878431,0.0036857468605530097
15.098,0.007448626682674818,0.0036863673681890555
15.1,0.007418895090105688,0.0036869858512734097
15.102,0.00738837061689331,0.0036876023107384054
15.104,0.007357057091332945,0.00368821674752334
15.106,0.007324958440175356,0.0036888291625744476
15.108,0.007292078750393066,0.0036894395568448975
15.11,0.007258422361737149,0.0036900479312947593
15.112,0.007223993974823488,0.0036906542868910073
15.114,0.00718879875344081,0.003691258624607481
15.116,0.007152842398794484,0.003691860945424891
15.118,0.007116131178131455,0.00369246125033079
15.12,0.007078671899720835,0.0036930595403195515
15.122,0.007040471838221144,0.0036936558163923696
15.124,0.007001538626008145,0.003694250079557222
15.126,0.006961880134074286,0.003694842330828875
15.128,0.006921504368524408,0.0036954325712288444
15.13,0.00688041940480653,0.003696020801785399
15.132,0.006838633372583324,0.0036966070235335217
15.134,0.006796154491877603,0.0036971912375149147
15.136,0.00675299114885415,0.0036977734447779724
15.138,0.006709151990305901,0.003698353646377754
15.14,0.006664646011760208,0.0036989318433759866
15.142,0.006619482615962297,0.0036995080368410296
15.144,0.006573671625729427,0.0037000822278478703
15.146,0.006527223245974626,0.0037006544174780945
15.148,0.006480147981519891,0.003701224606819885
15.15,0.006432456527505156,0.003701792796967983
15.152,0.0063841596555836025,0.0037023589890236913
15.154,0.006335268120425841,0.003702923184094845
15.156,0.006285792607185133,0.00370348538329579
15.158,0.006235743732409181,0.0037040455877473785
15.16,0.0061851321001475746,0.0037046037985769375
15.162,0.006133968403872465,0.0037051600169182644
15.164,0.006082263555519542,0.003705714243911592
15.166,0.006030028817312019,0.00370626648070359
15.168,0.005977275911195302,0.0037068167284473276
15.17,0.005924017084894154,0.003707364988302272
15.172,0.005870265122019817,0.003707911261434257
15.174,0.00581603329462439,0.0037084555490154744
15.176,0.005761335267860734,0.0037089978522244532
15.178,0.005706184975570843,0.0037095381722460343
15.18,0.0056505964907011055,0.0037100765102713617
15.182,0.005594583914325619,0.0037106128674978573
15.184,0.005538161301830172,0.0037111472451292087
15.186,0.005481342635766651,0.0037116796443753416
15.188,0.005424141844253064,0.0037122100664524135
15.19,0.005366572854160555,0.0037127385125827798
15.192,0.005308649661984475,0.0037132649839949905
15.194,0.005250386403613234,0.003713789481923762
15.196,0.005191797407273192,0.0037143120076099556
15.198,0.005132897220546064,0.003714832562300572
15.2,0.005073700610420521,0.003715351147248716
15.202,0.005014222542477946,0.003715867763713591
15.204,0.004954478149589325,0.0037163824129604725
15.206,0.004894482700987765,0.00371689509626069
15.208,0.004834251579588627,0.00371740581489161
15.21,0.00477380027034684,0.003717914570136615
15.212,0.004713144357230604,0.003718421363285089
15.214,0.0046522995229205414,0.003718926195632388
15.216,0.004591281544754349,0.0037194290684798327
15.218,0.0045301062827890854,0.0037199299831346777
15.22,0.004468789660125614,0.003720428940910106
15.222,0.004407347640111905,0.003720925943125193
15.224,0.0043457962079068236,0.0037214209911049043
15.226,0.0042841513638857305,0.0037219140861800594
15.228,0.00422242913325335,0.003722405229687328
15.23,0.004160645590861772,0.0037228944229691996
15.232,0.004098816894332161,0.0037233816673739647
15.234,0.004036959314162569,0.0037238669642557037
15.236,0.0039750892482277944,0.003724350314974256
15.238,0.003913223210672004,0.0037248317208952095
15.24,0.0038513777912122025,0.0037253111833898734
15.242,0.0037895695887729813,0.003725788703835267
15.244,0.003727815130984485,0.003726264283614087
15.246,0.0036661307962166656,0.0037267379241147053
15.248,0.003604532755954422,0.003727209626731134
15.25,0.003543036951983302,0.0037276793928630106
15.252,0.003481659115807296,0.003728147223915582
15.254,0.0034204148286884413,0.0037286131212996764
15.256,0.003359319611897626,0.0037290770864316933
15.258,0.0032983890302779864,0.0037295391207335703
15.26,0.003237638789460277,0.003729999225632781
15.262,0.0031770848084504886,0.0037304574025622964
15.264,0.0031167432542350553,0.0037309136529605764
15.266,0.0030566305321559992,0.0037313679782715486
15.268,0.002996763233404749,0.003731820379944581
15.27,0.0029371580475173195,0.0037322708594344713
15.272,0.0028778316521754104,0.0037327194182014177
15.274,0.002818800594545414,0.00373316605771101
15.276,0.0027600811780519163,0.003733610779434192
15.278,0.0027016893665039367,0.0037340535848472646
15.28,0.002643640714592333,0.0037344944754318377
15.282,0.0025859503305304702,0.0037349334526748383
15.284,0.0025286328733266725,0.0037353705180684657
15.286,0.0024717025839272747,0.0037358056731101887
15.288,0.002415173346233279,0.003736238919302719
15.29,0.002359058770838852,0.0037366702581539827
15.292,0.002303372291548907,0.0037370996911771136
15.294,0.0022481272628040736,0.003737527219890421
15.296,0.002193337045661245,0.0037379528458173815
15.298,0.0021390150713925305,0.0037383765704866044
15.3,0.0020851748751471435,0.0037387983954318238
15.302,0.0020318300970322595,0.003739218322191866
15.304,0.001978994453475599,0.00373963635231064
15.306,0.0019266816866120068,0.0037400524873371123
15.308,0.0018749055025051489,0.0037404667288252823
15.31,0.0018236795094919657,0.0037408790783341694
15.312,0.0017730171657141206,0.0037412895374277838
15.314,0.0017229317406185019,0.0037416981076751174
15.316,0.0016734362901122055,0.0037421047906501057
15.318,0.0016245436406374476,0.003742509587931628
15.32,0.0015762663749892812,0.003742912501103467
15.322,0.0015286168129385151,0.003743313531754303
15.324,0.0014816069825308918,0.0037437126814776874
15.326,0.0014352485824029716,0.003744109951872015
15.328,0.0013895529401536167,0.0037445053445405176
15.33,0.00134453097522352,0.0037448988610912295
15.332,0.0013001931757297025,0.0037452905031369766
15.334,0.0012565495968728474,0.0037456802722953494
15.336,0.0012136098843266037,0.0037460681701886856
15.338,0.0011713833205786916,0.0037464541984440444
15.34,0.001129878887025496,0.003746838358693195
15.342,0.0010891053311255102,0.003747220652572586
15.344,0.0010490712269871554,0.003747601081723326
15.346,0.0010097850195576606,0.003747979647791173
15.348,0.0009712550465010965,0.0037483563524264934
15.35,0.0009334895367872683,0.0037487311972842653
15.352,0.0008964965896708336,0.0037491041840240357
15.354,0.0008602841410333233,0.0037494753143099174
15.356,0.0008248599253842802,0.0037498445898105515
15.358,0.0007902314411487039,0.003750212012199101
15.36,0.0007564059246932436,0.003750577583153224
15.362,0.0007233903356402194,0.003750941304355044
15.364,0.0006911913531894797,0.003751303177491149
15.366,0.0006598153810120447,0.0037516632042525477
15.368,0.0006292685570726431,0.0037520213863346673
15.37,0.0005995567644337088,0.0037523777254373186
15.372,0.0005706856394343269,0.003752732223264688
15.374,0.0005426605743064098,0.003753084881525302
15.376,0.0005154867120483056,0.003753435701932022
15.378,0.0004891689321385392,0.003753784686202004
15.38,0.00046371182649729124,0.0037541318360566987
15.382,0.000439119666121417,0.003754477153221817
15.384,0.00041539636012675454,0.0037548206394273087
15.386,0.00039254541050253377,0.0037551622964073525
15.388,0.0003705698675263773,0.0037555021259003192
15.39,0.00034947229216432374,0.0037558401296487647
15.392,0.0003292547324789755,0.003756176309399399
15.394,0.0003099187207120043,0.0037565106669030755
15.396,0.00029146529606111467,0.003756843203914756
15.398,0.000273895055230565,0.003757173922193504
15.4,0.0002572082288680025,0.0037575028235024566
15.402,0.00024140477754019805,0.003757829909608798
15.404,0.0002264844966815489,0.0037581551822837528
15.406,0.00021244711679892906,0.003758478643302548
15.408,0.00019929238390525516,0.0037588002944444108
15.41,0.00018702010624018764,0.003759120137492527
15.412,0.00017563015700826595,0.00375943817423404
15.414,0.0001651224288434841,0.0037597544064600107
15.416,0.00015549674321536396,0.003760068835965414
15.418,0.00014675272582465013,0.003760381464549108
15.42,0.00013888966575175332,0.0037606922940138098
15.422,0.00013190638030146845,0.0037610013261660863
15.424,0.0001258011080429515,0.0037613085628163206
15.426,0.00012057144899487716,0.0037616140057787034
15.428,0.00011621436355565891,0.0037619176568711964
15.43,0.0001127262317428222,0.003762219517915531
15.432,0.00011010296335405137,0.003762519590737166
15.434,0.00010834013990373647,0.0037628178771652856
15.436,0.00010743316264927195,0.0037631143790327693
15.438,0.00010737737920491447,0.003763409098176166
15.44,0.00010816816477424798,0.0037637020364356855
15.442,0.00010980094247044787,0.0037639931956551654
15.444,0.00011227113905191944,0.0037642825776820635
15.446,0.0001155740854054882,0.0037645701843674207
15.448,0.00011970488263718321,0.003764856017565855
15.45,0.000124658262242842,0.0037651400791355303
15.452,0.0001304284707974748,0.0037654223709381414
15.454,0.00013700920530354332,0.0037657028948388928
15.456,0.00014439361544748753,0.0037659816527064716
15.458,0.00015257437541588321,0.0037662586464130374
15.46,0.00016154381336511145,0.0037665338778341906
15.462,0.00017129407417934125,0.0037668073488489606
15.464,0.0001818172835120415,0.003767079061339774
15.466,0.000193105680059238,0.003767349017192451
15.468,0.00020515168895789728,0.0037676172182961637
15.47,0.00021794792102302542,0.0037678836665434347
15.472,0.00023148709779014572,0.0037681483638301043
15.474,0.000245761917754581,0.003768411312055311
15.476,0.00026076489142171755,0.003768672513121478
15.478,0.000276488179085225,0.0037689319689342797
15.48,0.00029292346420078887,0.0037691896814026384
15.482,0.0003100618870340307,0.003769445652438687
15.484,0.0003278940497648464,0.0037696998839577595
15.486,0.00034641008847446366,0.0037699523778783627
15.488,0.0003655997929948888,0.0037702031361221636
15.49,0.000385452745727456,0.0037704521606139593
15.492,0.00040595844743867866,0.0037706994532816663
15.494,0.0004271064023493321,0.0037709450160562943
15.496,0.00044888614546841185,0.0037711888508719224
15.498,0.0004712872095662066,0.0037714309596656908
15.5,0.0004942990440563698,0.0037716713443777645
15.502,0.0005179109099266797,0.0037719100069513256
15.504,0.0005421117810002148,0.003772146949332544
15.506,0.0005668902808249997,0.0037723821734705664
15.508,0.0005922346766017402,0.003772615681317484
15.51,0.0006181329385362288,0.003772847474828323
15.512,0.0006445728577529969,0.003773077555961022
15.514,0.0006715422018269338,0.0037733059266764003
15.516,0.0006990288772227775,0.0037735325889381565
15.518,0.0007270210646943305,0.0037737575447128317
15.52,0.0007555072977991356,0.0037739807959698015
15.522,0.0007844764653727384,0.003774202344681243
15.524,0.0008139177339028622,0.003774422192822132
15.526,0.0008438204021080542,0.003774640342370201
15.528,0.0008741737142077952,0.0037748567953059383
15.53,0.0009049666673414074,0.0037750715536125604
15.532,0.0009361878503898156,0.0037752846192759845
15.534,0.000967825345617789,0.0037754959942848257
15.536,0.0009998667122494609,0.003775705680630358
15.538,0.0010322990548726984,0.0037759136803065074
15.54,0.0010651091628505703,0.0037761199953098247
15.542,0.0010982836932256189,0.0037763246276394736
15.544,0.0011318093618000536,0.003776527579297198
15.546,0.0011656731067260933,0.003776728852287315
15.548,0.0011998621959606072,0.003776928448616689
15.55,0.0012343642626258093,0.003777126370294708
15.552,0.0012691672677539818,0.003777322619333273
15.554,0.0013042594046336112,0.003777517197746769
15.556,0.0013396289698414808,0.003777710107552053
15.558,0.001375264230862699,0.003777901350768427
15.56,0.001411153318256521,0.0037780909294176253
15.562,0.0014472841624836755,0.003778278845523787
15.564,0.001483644483935397,0.0037784651011134444
15.566,0.0015202218322878014,0.0037786496982154987
15.568,0.0015570036609423932,0.003778832638861198
15.57,0.001593977416214359,0.003779013925084127
15.572,0.0016311306201368307,0.0037791935589201724
15.574,0.001668450929961759,0.0037793715424075222
15.576,0.0017059261651874804,0.003779547877586627
15.578,0.001743544302027775,0.0037797225665001967
15.58,0.0017812934433223536,0.0037798956111931687
15.582,0.0018191617770823396,0.003780067013712698
15.584,0.0018571375381547636,0.0037802367761081324
15.586,0.0018952089849230596,0.0037804049004309917
15.588,0.0019333643975498918,0.0037805713887349556
15.59,0.001971592097661806,0.003780736243075834
15.592,0.0020098804833968325,0.00378089946551156
15.594,0.002048218069908477,0.003781061058102158
15.596,0.0020865935245968237,0.003781221022909738
15.598,0.0021249956885335333,0.00378137936199846
15.6,0.0021634135799810453,0.0037815360774345317
15.602,0.002201836381247791,0.003781691171286177
15.604,0.0022402534148695183,0.0037818446456236252
15.606,0.0022786541179772146,0.0037819965025190872
15.608,0.002317028023972452,0.0037821467440467336
15.61,0.0023553647582587067,0.0037822953722826884
15.612,0.002393654050455399,0.003782442389304992
15.614,0.0024318857604354797,0.0037825877971935993
15.616,0.002470049911054924,0.0037827315980303476
15.618,0.0025081367178003576,0.003782873793898949
15.62,0.002546136605517129,0.0037830143868849606
15.622,0.0025840402049964527,0.0037831533790757764
15.624,0.0026218383269307117,0.0037832907725606013
15.626,0.002659521916497919,0.003783426569430432
15.628,0.0026970819972502234,0.003783560771778046
15.63,0.00273450961674795,0.003783693381697972
15.632,0.0027717958075360706,0.0037838244012864844
15.634,0.002808931575197685,0.0037839538326415708
15.636,0.0028459079205818594,0.0037840816778629245
15.638,0.002882715896732323,0.0037842079390519195
15.64,0.0029193466938193546,0.003784332618311595
15.642,0.0029557917389630836,0.0037844557177466407
15.644,0.0029920427936069517,0.003784577239463366
15.646,0.003028092030059624,0.0037846971855696973
15.648,0.0030639320714058293,0.003784815558175147
15.65,0.0030995559849304726,0.0037849323593908057
15.652,0.0031349572275537873,0.0037850475913293125
15.654,0.0031701295510248462,0.003785161256104851
15.656,0.003205066882946093,0.0037852733558331147
15.658,0.0032397632053123445,0.003785383892631304
15.66,0.00327421245377135,0.0037854928686181038
15.662,0.0033084084576224283,0.003785600285913654
15.664,0.0033423449330126772,0.00378570614663955
15.666,0.0033760155312023855,0.0037858104529188102
15.668,0.003409413932280733,0.0037859132068758694
15.67,0.003442533964819691,0.003786014410636548
15.672,0.0034753697259753127,0.003786114066328049
15.674,0.0035079156760516057,0.0037862121760789264
15.676,0.0035401666869114153,0.0037863087420190768
15.678,0.003572118033864161,0.0037864037662797214
15.68,0.0036037653335749455,0.003786497250993379
15.682,0.003635104443168946,0.003786589198293862
15.684,0.0036661313450431516,0.0037866796103162475
15.686,0.0036968420456262776,0.003786768489196867
15.688,0.0037272325134356794,0.003786855837073281
15.69,0.003757298672845521,0.003786941656084275
15.692,0.003787036457080463,0.0037870259483698252
15.694,0.0038164419101531983,0.003787108716071096
15.696,0.003845511316077806,0.003787189961330418
15.698,0.0038742413274144285,0.003787269686291259
15.7,0.003902629065451327,0.003787347893098228
15.702,0.003930672170888982,0.003787424583897041
15.704,0.003958368794991309,0.003787499760834513
15.706,0.003985717533987072,0.0037875734260585346
15.708,0.0040127173209169075,0.003787645581718062
15.71,0.004039367296526937,0.0037877162299630915
15.712,0.004065666682779151,0.0037877853729446536
15.714,0.004091614679131919,0.003787853012814781
15.716,0.0041172103943683345,0.003787919151726508
15.718,0.004142452817735341,0.003787983791833845
15.72,0.004167340825020086,0.0037880469352917574
15.722,0.0041918732099304225,0.003788108584256161
15.724,0.0042160487297213415,0.003788168740883892
15.726,0.004239866156142412,0.0037882274073327035
15.728,0.004263324327143459,0.0037882845857612367
15.73,0.004286422199460036,0.0037883402783290138
15.732,0.004309158905342767,0.0037883944871964143
15.734,0.004331533817058569,0.003788447214524664
15.736,0.004353546620120506,0.0037884984624758167
15.738,0.004375197391291435,0.0037885482332127352
15.74,0.004396486671836659,0.0037885965288990795
15.742,0.0044174155221748885,0.0037886433516992842
15.744,0.004437985542654768,0.0037886887037785534
15.746,0.004458198847614947,0.003788732587302829
15.748,0.004478057986122577,0.003788775004438791
15.75,0.004497565811783847,0.003788815957353824
15.752,0.004516725313974063,0.003788855448216018
15.754,0.004535539431597443,0.0037888934791941446
15.756,0.004554010876062476,0.0037889300524576335
15.758,0.004572141991144781,0.003788965170176575
15.76,0.004589934673304608,0.0037889988345216827
15.762,0.004607390367344558,0.003789031047664296
15.764,0.004624510140473585,0.003789061811776352
15.766,0.004641294824979116,0.0037890911290303785
15.768,0.0046577452081595,0.003789119001599468
15.77,0.004673862240105593,0.003789145431657274
15.772,0.004689647226917549,0.0037891704213779873
15.774,0.0047051019796484775,0.0037891939729363206
15.776,0.004720228897257648,0.0037892160885074993
15.778,0.004735030973677721,0.003789236770267236
15.78,0.0047495117325294725,0.0037892560203917273
15.782,0.004763675105479688,0.0037892738410576264
15.784,0.0047775252793284635,0.0037892902344420364
15.786,0.004791066540898271,0.0037893052027224896
15.788,0.004804303146994161,0.003789318748076936
15.79,0.004817239239633532,0.0037893308726837283
15.792,0.004829878816029372,0.003789341578721599
15.794,0.0048422257508182655,0.0037893508683696604
15.796,0.004854283857336196,0.003789358743807372
15.798,0.004866056967582889,0.0037893652072145388
15.8,0.004877549008248038,0.0037893702607712876
15.802,0.00488876405303448,0.003789373906658063
15.804,0.004899706338593318,0.003789376147055596
15.806,0.004910380240874955,0.003789376984144908
15.808,0.004920790218352593,0.003789376420107279
15.81,0.004930940736231454,0.0037893744571242446
15.812,0.004940836189833648,0.003789371097377579
15.814,0.004950480845151608,0.0037893663430492723
15.816,0.004959878810383697,0.0037893601963215296
15.818,0.0049690340452407805,0.0037893526593767435
15.82,0.004977950406613951,0.003789343734397489
15.822,0.004986631721616268,0.0037893334235665024
15.824,0.0049950818735897615,0.003789321729066672
15.826,0.005003304884378021,0.003789308653081019
15.828,0.0050113049772791875,0.003789294197792689
15.83,0.005019086609198592,0.0037892783653849333
15.832,0.005026654466657374,0.003789261158041094
15.834,0.005034013427214667,0.0037892425779445945
15.836,0.005041168494197174,0.003789222627278919
15.838,0.00504812471725662,0.0037892013082276074
15.84,0.005054887113404649,0.0037891786229742293
15.842,0.005061460602495408,0.0037891545737023836
15.844,0.005067849967829748,0.003789129162595672
15.846,0.005074059847297284,0.003789102391837693
15.848,0.005080094754263783,0.0037890742636120275
15.85,0.005085959121438646,0.00378904478010222
15.852,0.005091657356385538,0.0037890139434917716
15.854,0.005097193895081761,0.0037889817559641193
15.856,0.005102573240469971,0.003788948219702631
15.858,0.0051077999762044165,0.0037889133368905806
15.86,0.005112878751135647,0.003788877109711147
15.862,0.0051178142364128225,0.0037888395403473892
15.864,0.005122611063088721,0.003788800630982243
15.866,0.005127273752517989,0.0037887603837985
15.868,0.005131806653705689,0.0037887188009787963
15.87,0.005136213900701531,0.003788675884705602
15.872,0.005140499399384606,0.0037886316371612033
15.874,0.005144666847359194,0.003788586060527695
15.876,0.005148719784368232,0.00378853915698696
15.878,0.005152661664914088,0.003788490928720666
15.88,0.005156495940746782,0.0037884413779102413
15.882,0.0051602261392195755,0.0037883905067368703
15.884,0.005163855924371595,0.0037883383173814783
15.886,0.0051673891306261675,0.0037882848120247142
15.888,0.005170829763471228,0.0037882299928469467
15.89,0.005174181966522253,0.00378817386202824
15.892,0.005177449959108059,0.0037881164217483535
15.894,0.005180637952311895,0.0037880576741867174
15.896,0.005183750053873082,0.0037879976215224286
15.898,0.00518679017341503,0.0037879362659342317
15.9,0.005189761939223983,0.003787873609600514
15.902,0.005192668636476338,0.0037878096546992857
15.904,0.005195513174629871,0.0037877444034081697
15.906,0.005198298088838992,0.0037876778579043935
15.908,0.005201025576872101,0.003787610020364767
15.91,0.005203697569241916,0.0037875408929656834
15.912,0.005206315826321706,0.0037874704778830927
15.914,0.005208882052448097,0.003787398777292503
15.916,0.005211398013882856,0.0037873257933689567
15.918,0.005213865645591868,0.0037872515282870284
15.92,0.005216287131657823,0.0037871759842208015
15.922,0.005218664946169289,0.003787099163343869
15.924,0.005221001845706407,0.0037870210678293136
15.926,0.005223300810736486,0.003786941699849694
15.928,0.005225564940561252,0.0037868610615770406
15.93,0.005227797313785128,0.003786779155182836
15.932,0.005230000832295095,0.0037866959828380085
15.934,0.005232178070246356,0.0037866115467129167
15.936,0.005234331149688734,0.0037865258489773426
15.938,0.005236461660989913,0.0037864388918004734
15.94,0.005238570639550362,0.003786350677350895
15.942,0.00524065860154738,0.0037862612077965803
15.944,0.005242725632136958,0.0037861704853048724
15.946,0.005244771511375399,0.0037860785120424813
15.948,0.005246795857596782,0.003785985290175464
15.95,0.005248798266081212,0.0037858908218692203
15.952,0.0052507784228405935,0.0037857951092884756
15.954,0.005252736178732416,0.0037856981545972774
15.956,0.005254671576734044,0.0037855999599589727
15.958,0.00525658483351793,0.0037855005275362072
15.96,0.00525847628384185,0.0037853998594909112
15.962,0.005260346301361649,0.003785297957984284
15.964,0.0052621952114836135,0.0037851948251767897
15.966,0.005264023210684996,0.003785090463228139
15.968,0.005265830302913786,0.003784984874297289
15.97,0.005267616258328967,0.0037848780605424168
15.972,0.005269380594119773,0.003784770024120925
15.974,0.0052711225727459215,0.0037846607671894184
15.976,0.005272841210615373,0.0037845502919037
15.978,0.005274535290328776,0.00378443860041876
15.98,0.0052762033718917285,0.0037843256948887597
15.982,0.005277843801873834,0.0037842115774670286
15.984,0.0052794547231761225,0.0037840962503060474
15.986,0.005281034090620183,0.0037839797155574417
15.988,0.00528257969805582,0.003783861975371968
15.99,0.005284089220731994,0.003783743031899509
15.992,0.005285560272620279,0.003783622887289055
15.994,0.005286990473208417,0.0037835015436887003
15.996,0.0052883775134138925,0.003783379003245632
15.998,0.005289719207200462,0.0037832552681061147
16.0,0.005291013515388156,0.0037831303404154888
16.002,0.005292258531534424,0.00378300422231815
16.004,0.00529345242626662,0.0037828769159575517
16.006,0.00529459335484438,0.0037827484234761797
16.008,0.00529567934118206,0.003782618747015559
16.01,0.005296708158017939,0.0037824878887162293
16.012,0.0052976772256208855,0.003782355850717744
16.014,0.00529858354937931,0.0037822226351586588
16.016,0.005299423709894798,0.003782088244176517
16.018,0.0053001939090130306,0.0037819526799078465
16.02,0.0053008900637005005,0.003781815944488145
16.022,0.005301507929408372,0.0037816780400518747
16.024,0.005302043228001875,0.0037815389687324463
16.026,0.005302491754161003,0.0037813987326622196
16.028,0.005302849438846418,0.00378125733397248
16.03,0.005303112358050277,0.003781114774793444
16.032,0.00530327668746355,0.003780971057254238
16.034,0.005303338615999984,0.003780826183482895
16.036,0.005303294240389539,0.003780680155606345
16.038,0.005303139467055348,0.0037805329757504007
16.04,0.005302869945256525,0.003780384646039757
16.042,0.0053024810475935085,0.0037802351685979722
16.044,0.005301967902418787,0.003780084545547466
16.046,0.005301325470361197,0.0037799327790095055
16.048,0.0053005486470952155,0.0037797798711042027
16.05,0.005299632369069605,0.0037796258239504946
16.052,0.005298571699299844,0.003779470639666147
16.054,0.00529736187614752,0.003779314320367737
16.056,0.00529599831750598,0.0037791568681706435
16.058,0.0052944765833748296,0.003778998285189047
16.06,0.005292792308716095,0.003778838573535909
16.062,0.005290941123645785,0.003778677735322975
16.064,0.005288918578495713,0.0037785157726607545
16.066,0.005286720087487682,0.003778352687658524
16.068,0.005284340898225187,0.003778188482424306
16.07,0.005281776087050176,0.00377802315906487
16.072,0.005279020574586378,0.003777856719685723
16.074,0.00527606915287597,0.003777689166391093
16.076,0.005272916515776135,0.003777520501283932
16.078,0.0052695572870461805,0.003777350726465897
16.08,0.005265986044441203,0.0037771798440373494
16.082,0.0052621973415517016,0.0037770078560973416
16.084,0.005258185730853221,0.003776834764743614
16.086,0.005253945790955397,0.0037766605720725792
16.088,0.005249472158719063,0.0037764852801793224
16.09,0.005244759563770505,0.003776308891157589
16.092,0.005239802860285775,0.0037761314070997717
16.094,0.005234597049836414,0.0037759528300969135
16.096,0.005229137290086242,0.0037757731622386883
16.098,0.005223418886949235,0.003775592405613403
16.1,0.0052174372715575665,0.0037754105623079804
16.102,0.005211187966827576,0.0037752276344079592
16.104,0.005204666550451631,0.00377504362399748
16.106,0.005197868621203493,0.0037748585331592805
16.108,0.005190789773639635,0.0037746723639746904
16.11,0.005183425583377702,0.0037744851185236164
16.112,0.005175771602248827,0.003774296798884542
16.114,0.0051678233608005,0.0037741074071345137
16.116,0.0051595763754513175,0.003773916945349141
16.118,0.005151026158964109,0.003773725415602578
16.12,0.005142168235049089,0.003773532819967529
16.122,0.005132998159701396,0.003773339160515227
16.124,0.005123511552248351,0.003773144439315441
16.126,0.005113704137457593,0.003772948658436455
16.128,0.005103571796636467,0.00377275181994507
16.13,0.005093110621413012,0.003772553925906594
16.132,0.0050823169603054765,0.003772354978384831
16.134,0.00507118744675727,0.003772154979442081
16.136,0.005059718999023155,0.0037719539311391256
16.138,0.005047908787219493,0.003771751835535227
16.14,0.005035754170046078,0.0037715486946881165
16.142,0.005023252611372819,0.00377134451065399
16.144,0.0050104015929440466,0.0037711392854874975
16.146,0.004997198542051825,0.003770933021241743
16.148,0.004983640791175931,0.003770725719968271
16.15,0.004969725580477929,0.0037705173837170613
16.152,0.004955450105037691,0.0037703080145365265
16.154,0.0049408115990293286,0.0037700976144734943
16.156,0.004925807441071416,0.003769886185573216
16.158,0.004910435260736838,0.0037696737298793474
16.16,0.004894693026669738,0.0037694602494339475
16.162,0.0048785791016835315,0.0037692457462774704
16.164,0.004862092258201475,0.0037690302224487617
16.166,0.004845231656302812,0.0037688136799850468
16.168,0.004827996794166524,0.0037685961209219273
16.17,0.004810387445064731,0.0037683775472933763
16.172,0.0047924035954073395,0.003768157961131728
16.174,0.004774045394976269,0.0037679373644676746
16.176,0.004755313124704261,0.0037677157593302576
16.178,0.004736207181025242,0.003767493147746865
16.18,0.00471672807084721,0.0037672695317432178
16.182,0.004696876408956158,0.003767044913343374
16.184,0.004676652910644739,0.003766819294569715
16.186,0.004656058376078663,0.0037665926774429394
16.188,0.004635093668066263,0.003766365063982064
16.19,0.004613759689777628,0.003766136456204406
16.192,0.0045920573719643,0.0037659068561255904
16.194,0.004569987679311781,0.003765676265759532
16.196,0.00454755164251615,0.0037654446871184387
16.198,0.004524750417206255,0.003765212122212798
16.2,0.004501585364321286,0.003764978573051378
16.202,0.00447805814069831,0.0037647440416412187
16.204,0.004454170784979358,0.003764508529987621
16.206,0.004429925783523317,0.003764272040094152
16.208,0.004405326104017335,0.0037640345739626277
16.21,0.0043803751903079636,0.0037637961335931177
16.212,0.004355076919332479,0.0037635567209839296
16.214,0.004329435528302442,0.0037633163381316135
16.216,0.004303455525901938,0.003763074987030946
16.218,0.004277141604041091,0.003762832669674934
16.22,0.004250498566128215,0.003762589388054805
16.222,0.004223531284101294,0.0037623451441599984
16.224,0.004196244690453015,0.0037620999399781683
16.226,0.004168643804493108,0.0037618537774951693
16.228,0.004140733785567885,0.003761606658695058
16.23,0.004112520001188882,0.003761358585560082
16.232,0.004084008095890932,0.0037611095600706816
16.234,0.004055204047446067,0.003760859584205476
16.236,0.004026114200491271,0.003760608659941268
16.238,0.003996745272837811,0.0037603567892530274
16.24,0.003967104335527763,0.003760103974113896
16.242,0.003937198772815871,0.0037598502164951793
16.244,0.003907036231603153,0.0037595955183663365
16.246,0.0038766245707850984,0.003759339881694984
16.248,0.00384597181943556,0.003759083308446882
16.25,0.0038150861492517374,0.0037588258005859377
16.252,0.0037839758622271466,0.0037585673600741935
16.254,0.003752649390310664,0.0037583079888718267
16.256,0.0037211153009727763,0.003758047688937141
16.258,0.0036893823018761917,0.0037577864622265647
16.26,0.00365745923938787,0.003757524310694647
16.262,0.003625355088987061,0.0037572612362940477
16.264,0.0035930789397138215,0.0037569972409755383
16.266,0.003560639978410144,0.003756732326687993
16.268,0.0035280474814743694,0.0037564664953783898
16.27,0.0034953108214497777,0.003756199748991798
16.272,0.003462439492922515,0.0037559320894713813
16.274,0.0034294431575284104,0.0037556635187583876
16.276,0.0033963317025293748,0.003755394038792148
16.278,0.003363115302831511,0.003755123651510072
16.28,0.0033298044737581265,0.00375485235884764
16.282,0.00329641010216887,0.003754580162738404
16.284,0.003262943446730856,0.0037543070651139777
16.286,0.003229416103667597,0.0037540330679040374
16.288,0.0031958399409237333,0.003753758173036314
16.29,0.003162227009905036,0.003753482382436591
16.292,0.003128589448402972,0.0037532056980286977
16.294,0.003094939390049679,0.0037529281217345083
16.296,0.0030612888943795462,0.003752649655473937
16.298,0.0030276499076986934,0.003752370301164931
16.3,0.002994034259430745,0.003752090060723471
16.302,0.002960453692652012,0.003751808936063561
16.304,0.0029269199223464063,0.0037515269290972326
16.306,0.0028934447113801104,0.003751244041734532
16.308,0.0028600399527061843,0.003750960275883525
16.31,0.0028267177467376984,0.003750675633450284
16.312,0.002793490464659717,0.0037503901163388935
16.314,0.002760370790992763,0.0037501037264514392
16.316,0.0027273717413405433,0.0037498164656880047
16.318,0.0026945066535614226,0.0037495283359466735
16.32,0.0026617891525214793,0.003749239339123518
16.322,0.0026292330903043932,0.0037489494771126017
16.324,0.0025968524655598743,0.0037486587518059705
16.326,0.002564661327766023,0.0037483671650936547
16.328,0.0025326736744941923,0.0037480747188636584
16.33,0.002500903351902479,0.003747781415001963
16.332,0.002469363969994892,0.00374748725539252
16.334,0.002438068843952077,0.0037471922419172457
16.336,0.0024070309705586873,0.003746896376456023
16.338,0.002376263044363418,0.003746599660886692
16.34,0.0023457775122394313,0.0037463020970850518
16.342,0.0023155866585461335,0.0037460036869248524
16.344,0.002285702707534801,0.0037457044322777976
16.346,0.002256137926368999,0.0037454043350135333
16.348,0.002226904712094482,0.003745103396999653
16.35,0.00219801564930168,0.0037448016201016864
16.352,0.002169483531419681,0.0037444990061831027
16.354,0.0021413213461556153,0.0037441955571053047
16.356,0.002113542232733492,0.003743891274727624
16.358,0.0020861594235451328,0.0037435861609073215
16.36,0.0020591861844067414,0.00374328021749958
16.362,0.002032635765506098,0.003742973446357507
16.364,0.002006521370001547,0.0037426658493321238
16.366,0.0019808561405671907,0.0037423574282723715
16.368,0.001955653157837682,0.003742048185025099
16.37,0.0019309254404365598,0.0037417381214350674
16.372,0.0019066859352192048,0.003741427239344944
16.374,0.001882947488773979,0.003741115540595296
16.376,0.0018597227964060054,0.0037408030270245965
16.378,0.0018370243313593714,0.0037404897004692105
16.38,0.0018148642631766704,0.0037401755627634037
16.382,0.0017932543782648927,0.0037398606157393287
16.384,0.0017722060169040467,0.003739544861227031
16.386,0.001751730038851786,0.0037392283010544407
16.388,0.001731836824904258,0.0037389109370473727
16.39,0.001712536315408327,0.003738592771029524
16.392,0.0016938380801901375,0.0037382738048224676
16.394,0.0016757514090031094,0.003737954040245656
16.396,0.0016582854083761263,0.003737633479116412
16.398,0.0016414490901119144,0.0037373121232499324
16.4,0.0016252514385640033,0.0037369899744592785
16.402,0.0016097014476890237,0.0037366670345553815
16.404,0.001594808123940037,0.0037363433053470324
16.406,0.0015805804564520678,0.0037360187886408863
16.408,0.0015670273608424329,0.0037356934862414564
16.41,0.0015541576066272634,0.003735367399951109
16.412,0.0015419797402709836,0.0037350405315700686
16.414,0.0015305020159994487,0.0037347128828964073
16.416,0.0015197323447261998,0.00373438445572605
16.418,0.0015096782680165362,0.0037340552518527657
16.42,0.0015003469594333022,0.003733725273068171
16.422,0.0014917452505587999,0.0037333945211617215
16.424,0.0014838796742801719,0.0037330629979207158
16.426,0.0014767565143869123,0.00373273070513029
16.428,0.0014703818488540413,0.003732397644573415
16.43,0.0014647615747987992,0.003732063818030899
16.432,0.0014599014060423846,0.003731729227281377
16.434,0.0014558068390857503,0.0037313938741013186
16.436,0.0014524830893219132,0.003731057760265017
16.438,0.0014499350053729303,0.003730720887544595
16.44,0.0014481669743798213,0.003730383257709996
16.442,0.0014471828338454033,0.003730044872528988
16.444,0.0014469858055470358,0.003729705733767156
16.446,0.0014475784639403288,0.003729365843187905
16.448,0.001448962745809349,0.003729025202552457
16.45,0.001451140000684729,0.0037286838136198447
16.452,0.0014541110741366672,0.003728341678146917
16.454,0.0014578764099619239,0.0037279987978883315
16.456,0.0014624361538270588,0.0037276551745965554
16.458,0.0014677902409043987,0.0037273108100218614
16.46,0.0014739384535235977,0.003726965705912332
16.462,0.0014808804411638027,0.003726619864013847
16.464,0.0014886157028706033,0.0037262732860700934
16.466,0.0014971435396698833,0.003725925973822558
16.468,0.0015064629900642822,0.003725577929010523
16.47,0.0015165727639802208,0.0037252291533710724
16.472,0.001527471189093901,0.003724879648639082
16.474,0.0015391561787331067,0.0037245294165472245
16.476,0.0015516252237849021,0.0037241784588259628
16.478,0.0015648754040236907,0.003723826777203553
16.48,0.0015789034088674705,0.003723474373406039
16.482,0.0015937055552191044,0.0037231212491572545
16.484,0.0016092777914001072,0.0037227674061788194
16.486,0.0016256156808965873,0.003722412846190137
16.488,0.0016427143664593633,0.0037220575709083982
16.49,0.0016605685221830462,0.0037217015820485725
16.492,0.0016791723065628984,0.0037213448813234145
16.494,0.0016985193316148644,0.0037209874704434553
16.496,0.0017186026611771305,0.0037206293511170075
16.498,0.00173941484574545,0.003720270525050159
16.5,0.0017609479928679366,0.0037199109939467746
16.502,0.001783193863171902,0.0037195507595084954
16.504,0.0018061439746907232,0.003719189823434733
16.506,0.001829789694202099,0.0037188281874226763
16.508,0.0018541222949475052,0.0037184658531672805
16.51,0.001879132965523993,0.003718102822361276
16.512,0.0019048127639821413,0.003717739096695157
16.514,0.0019311525223821712,0.003717374677857192
16.516,0.0019581427178766847,0.0037170095675334107
16.518,0.0019857733344061873,0.003716643767407613
16.52,0.002014033742415567,0.0037162772791613638
16.522,0.0020429126216720632,0.0037159101044739887
16.524,0.0020723979445249497,0.0037155422450225795
16.526,0.0021024770252312946,0.003715173702481988
16.528,0.00213313662765689,0.00371480447852483
16.53,0.002164363111585498,0.0037144345748214777
16.532,0.0021961425897145353,0.0037140639930400674
16.534,0.002228461065100985,0.0037136927348464894
16.536,0.0022613045230208684,0.0037133208019043944
16.538,0.0022946589611448696,0.003712948195875191
16.54,0.0023285103554999526,0.0037125749184180406
16.542,0.0023628445738793817,0.003712200971189863
16.544,0.002397647259960429,0.0037118263558453307
16.546,0.0024329037177031982,0.0037114510740368723
16.548,0.002468598825137461,0.0037110751274146655
16.55,0.00250471699946368,0.0037106985176266452
16.552,0.0025412422231441017,0.0037103212463184946
16.554,0.0025781581261844354,0.0037099433151336503
16.556,0.0026154481064792562,0.003709564725713297
16.558,0.002653095461010788,0.0037091854796963727
16.56,0.0026910834979366255,0.003708805578719563
16.562,0.002729395603760872,0.0037084250244173
16.564,0.002768015249823319,0.003708043818421769
16.566,0.0028069259358857426,0.003707661962362898
16.568,0.002846111082510022,0.003707279457868365
16.57,0.002885553895072917,0.003706896306563594
16.572,0.0029252372282327173,0.003706512510071756
16.574,0.0029651434792894275,0.0037061280700137656
16.576,0.0030052545324657253,0.003705742988008285
16.578,0.0030455517653067365,0.003705357265671722
16.58,0.003086016115672415,0.003704970904618225
16.582,0.003126628195973447,0.003704583906459691
16.584,0.003167368432815123,0.003704196272805758
16.586,0.0032082172066297395,0.0037038080052638088
16.588,0.003249154967610847,0.003703419105438968
16.59,0.003290162310579037,0.0037030295749341064
16.592,0.0033312200006801983,0.003702639415349833
16.594,0.0033723089519458213,0.0037022486282845017
16.596,0.003413410169653896,0.0037018572153342095
16.598,0.0034545046734869543,0.003701465178092792
16.6,0.0034955734207958666,0.00370107251815183
16.602,0.0035365972477760022,0.0037006792371006435
16.604,0.0035775568417132668,0.0037002853365262953
16.606,0.0036184327508348617,0.0036998908180135874
16.608,0.0036592054310832464,0.0036994956831450663
16.61,0.003699855322618992,0.0036990999335010143
16.612,0.0037403629440475,0.0036987035706594596
16.614,0.0037807089898331445,0.0036983065961961703
16.616,0.003820874416255238,0.003697909011684652
16.618,0.0038608405033467305,0.0036975108186961553
16.62,0.0039005888840453204,0.0036971120187996678
16.622,0.003940101536636183,0.0036967126135619205
16.624,0.003979360741782646,0.003696312604547383
16.626,0.004018349010353679,0.0036959119933182676
16.628,0.004057048992264789,0.003695510781434525
16.63,0.0040954433791681195,0.0036951089704538496
16.632,0.004133514814724372,0.003694706561931675
16.634,0.004171245825230554,0.003694303557421176
16.636,0.004208618780654196,0.003693899958473269
16.638,0.004245615891981406,0.0036934957666366103
16.64,0.004282219245785883,0.0036930909834575996
16.642,0.004318410871802132,0.0036926856104803766
16.644,0.0043541728348234455,0.0036922796492468244
16.646,0.004389487339157688,0.003691873101296566
16.648,0.0044243368326634894,0.003691465968166968
16.65,0.004458704098241923,0.0036910582513931403
16.652,0.004492572323392752,0.0036906499525079326
16.654,0.004525925142530074,0.003690241073041941
16.656,0.004558746651408787,0.0036898316145235013
16.658,0.004591021397360276,0.0036894215784786964
16.66,0.0046227343522790626,0.003689010966431349
16.662,0.00465387087689935,0.00368859977990303
16.664,0.004684416684685801,0.0036881880204130517
16.666,0.0047143578118725915,0.003687775689478474
16.668,0.004743680597403639,0.0036873627886140985
16.67,0.00477237167352604,0.0036869493193324764
16.672,0.004800417965336183,0.0036865352831439028
16.674,0.004827806696224391,0.003686120681556418
16.676,0.004854525396105775,0.003685705516075813
16.678,0.004880561910352299,0.003685289788205621
16.68,0.004905904408914201,0.0036848734994471286
16.682,0.004930541396544229,0.003684456651299366
16.684,0.004954461725695289,0.003684039245259115
16.686,0.004977654613220826,0.003683621282820906
16.688,0.0050001096605493695,0.0036832027654770177
16.69,0.005021816875022164,0.0036827836947174826
16.692,0.005042766688326476,0.0036823640720300803
16.694,0.005062949967193153,0.0036819438989003452
16.696,0.005082358012264869,0.0036815231768115605
16.698,0.00510098254332667,0.0036811019072447654
16.7,0.00511881567244473,0.003680680091678749
16.702,0.005135849870082299,0.003680257731590058
16.704,0.005152077931892609,0.0036798348284529906
16.706,0.005167492954734011,0.0036794113837396018
16.708,0.005182088329087724,0.0036789873989197027
16.71,0.005195857751695017,0.003678562875460859
16.712,0.0052087952576940905,0.003678137814828397
16.714,0.005220895267042823,0.0036777122184853974
16.716,0.0052321526368159085,0.0036772860878927023
16.718,0.005242562709976137,0.0036768594245089113
16.72,0.00525212135272026,0.0036764322297903862
16.722,0.005260824976042978,0.0036760045051912474
16.724,0.005268670541692759,0.0036755762521633786
16.726,0.005275655556855786,0.003675147472156427
16.728,0.005281778064454451,0.0036747181666178003
16.73,0.005287036636121105,0.0036742883369926737
16.732,0.005291430372660267,0.003673857984723984
16.734,0.005294958912835683,0.0036734271112524378
16.736,0.005297622446840385,0.003672995718016503
16.738,0.0052994217272397965,0.0036725638064524207
16.74,0.005300358068700962,0.003672131377994196
16.742,0.005300433329044435,0.0036716984340736066
16.744,0.005299649867933689,0.0036712649761202
16.746,0.00529801048497962,0.0036708310055612917
16.748,0.005295518344809883,0.003670396523821974
16.75,0.005292176901216021,0.0036699615323251074
16.752,0.005287989834567924,0.0036695260324913315
16.754,0.005282961015571775,0.003669090025739056
16.756,0.005277094504186209,0.003668653513484471
16.758,0.005270394585900748,0.0036682164971415395
16.76,0.005262865839991616,0.0036677789781220066
16.762,0.0052545132274482535,0.003667340957835392
16.764,0.005245342181565596,0.003666902437688999
16.766,0.005235358682847441,0.0036664634190879107
16.768,0.005224569302311703,0.0036660239034349913
16.77,0.005212981203183544,0.00366558389213089
16.772,0.005200602099225281,0.0036651433865740385
16.774,0.0051874401769596325,0.003664702388160656
16.776,0.0051735039969587945,0.0036642608982847455
16.778,0.005158802394502883,0.0036638189183381006
16.78,0.005143344401076,0.0036633764497103006
16.782,0.005127139204951539,0.0036629334937887162
16.784,0.005110196161991043,0.0036624900519585104
16.786,0.005092524858040933,0.0036620461256026346
16.788,0.005074135213838485,0.003661601716101838
16.79,0.0050550376142312154,0.0036611568248346603
16.792,0.005035243037650344,0.0036607114531774397
16.794,0.005014763160428555,0.0036602656025043093
16.796,0.004993610414085548,0.0036598192741872024
16.798,0.0049717979815151825,0.003659372469595849
16.8,0.0049493397286138096,0.0036589251900977816
16.802,0.004926250079249167,0.003658477437058335
16.804,0.004902543851397511,0.0036580292118406446
16.806,0.004878236078893309,0.0036575805158056526
16.808,0.004853341845347224,0.003657131350312104
16.81,0.004827876154105136,0.0036566817167165548
16.812,0.004801853851293193,0.0036562316163733645
16.814,0.004775289609439418,0.003655781050634706
16.816,0.004748197968755492,0.00365533002085056
16.818,0.004720593423843592,0.003654878528368722
16.82,0.004692490536988714,0.003654426574534799
16.822,0.0046639040563308445,0.003653974160692213
16.824,0.0046348490183507765,0.003653521288182203
16.826,0.0046053408187625555,0.003653067958343825
16.828,0.004575395242996008,0.003652614172513955
16.83,0.004545028455524635,0.0036521599320272873
16.832,0.004514256954829322,0.0036517052382163398
16.834,0.004483097506476456,0.003651250092411451
16.836,0.004451567069739714,0.0036507944959407864
16.838,0.004419682733065863,0.0036503384501303383
16.84,0.004387461670693506,0.003649881956303922
16.842,0.0043549211275878,0.003649425015783187
16.844,0.004322078433593382,0.0036489676298876077
16.846,0.00428895104151603,0.003648509799934495
16.848,0.004255556578835875,0.0036480515272389893
16.85,0.004221912899805303,0.003647592813114069
16.852,0.004188038124278966,0.0036471336588705452
16.854,0.004153950651803272,0.0036466740658170696
16.856,0.004119669143848195,0.003646214035260132
16.858,0.004085212472817326,0.0036457535685040622
16.86,0.00405059964259844,0.0036452926668510337
16.862,0.004015849690828387,0.0036448313316010616
16.864,0.00398098158675746,0.0036443695640520093
16.866,0.003946014139909906,0.0036439073654995838
16.868,0.003910965933345406,0.0036434447372373432
16.87,0.0038758552914012097,0.0036429816805566935
16.872,0.003840700285954058,0.003642518196746894
16.874,0.0038055187784750196,0.0036420542870950552
16.876,0.003770328488651848,0.0036415899528861448
16.878,0.003735147075325636,0.0036411251954029853
16.88,0.0036999922129205163,0.003640660015926257
16.882,0.0036648816470242094,0.0036401944157345
16.884,0.003629833216348041,0.0036397283961041153
16.886,0.0035948648344246432,0.0036392619583093685
16.888,0.003559994432037311,0.0036387951036223865
16.89,0.0035252398691178128,0.003638327833313166
16.892,0.0034906188312053372,0.003637860148649568
16.894,0.0034561487292259765,0.003637392050897325
16.896,0.003421846621492216,0.003636923541320041
16.898,0.0033877291732560904,0.0036364546211791905
16.9,0.003353812662426962,0.003635985291734125
16.902,0.0033201130313900763,0.00363551555424207
16.904,0.0032866459758734527,0.003635045409958131
16.906,0.003253427054267939,0.0036345748601352913
16.908,0.003220471796231214,0.003634103906024417
16.91,0.003187795788766988,0.0036336325488742554
16.912,0.0031554147214744046,0.0036331607899314404
16.914,0.0031233443796988055,0.003632688630440492
16.916,0.0030916005835802843,0.003632216071643818
16.918,0.003060199080752779,0.0036317431147817156
16.92,0.0030291554088723097,0.003631269761092375
16.922,0.0029984847497021507,0.0036307960118118795
16.924,0.002968201798182468,0.0036303218681742076
16.926,0.0029383206675209555,0.0036298473314112355
16.928,0.0029088548453744603,0.0036293724027527366
16.93,0.002879817207774901,0.003628897083426387
16.932,0.0028512200880871958,0.0036284213746577655
16.934,0.002823075389553901,0.003627945277670352
16.936,0.002795394723260088,0.0036274687936855366
16.938,0.0027681895496117514,0.0036269919239226146
16.94,0.0027414713010993495,0.0036265146695987926
16.942,0.0027152514671064673,0.0036260370319291875
16.944,0.002689541627245911,0.0036255590121268308
16.946,0.0026643534272429584,0.0036250806114026682
16.948,0.002639698499634016,0.0036246018309655636
16.95,0.002615588339375555,0.0036241226720223002
16.952,0.0025920341508232432,0.0036236431357775803
16.954,0.0025690466866148424,0.0036231632234340317
16.956,0.0025466361002236533,0.0036226829361922035
16.958,0.0025248118321412024,0.003622202275250575
16.96,0.0025035825449760524,0.0036217212418055505
16.962,0.0024829561157894563,0.0036212398370514673
16.964,0.0024629396856524475,0.003620758062180593
16.966,0.002443539757893998,0.003620275918383131
16.968,0.0024247623291298623,0.0036197934068472196
16.97,0.002406613032151398,0.003619310528758935
16.972,0.002389097268051781,0.0036188272853022946
16.974,0.0023722203070086862,0.003618343677659257
16.976,0.0023559873427261534,0.003617859707009724
16.978,0.00234040349379583,0.0036173753745315437
16.98,0.002325473754741786,0.003616890681400512
16.982,0.002311202908521643,0.003616405628790374
16.984,0.002297595419036094,0.0036159202178728273
16.986,0.0022846553253926985,0.0036154344498175216
16.988,0.002272386158598301,0.0036149483257920637
16.99,0.002260790896196412,0.003614461846962018
16.992,0.0022498719621538935,0.0036139750144909065
16.994,0.002239631269730787,0.0036134878295402146
16.996,0.0022300702961387717,0.00361300029326939
16.998,0.002221190171389669,0.0036125124068358476
17.0,0.0022129917611907776,0.003612024171394968
17.002,0.0022054757255545385,0.003611535588100102
17.004,0.0021986425404884142,0.0036110466581025717
17.006,0.0021924924784020297,0.0036105573825516734
17.008,0.0021870255518400693,0.003610067762594679
17.01,0.002182241432834941,0.0036095777993768374
17.012,0.0021781393649166025,0.0036090874940413777
17.014,0.002174718085677761,0.00360859684772951
17.016,0.002171975774738844,0.003608105861580429
17.018,0.002169910035857272,0.0036076145367313138
17.02,0.0021685179143145833,0.0036071228743173337
17.022,0.0021677959434080792,0.0036066308754716457
17.024,0.00216774020852529,0.0036061385413253995
17.026,0.002168346414987923,0.00360564587300774
17.028,0.0021696099469126133,0.0036051528716458062
17.03,0.0021715259082122703,0.003604659538364737
17.032,0.002174089142356404,0.0036041658742876695
17.034,0.0021772942331066076,0.003603671880535746
17.036,0.002181135492726407,0.0036031775582281104
17.038,0.002185606946171685,0.003602682908481916
17.04,0.002190702319233747,0.0036021879324123216
17.042,0.0021964150359800017,0.003601692631132499
17.044,0.0022027382271104052,0.0036011970057536337
17.046,0.0022096647472337745,0.0036007010573849223
17.048,0.002217187196628309,0.003600204787133583
17.05,0.002225297942388154,0.003599708196104849
17.052,0.002233989134958419,0.0035992112854019796
17.054,0.0022432527183398375,0.0035987140561262523
17.056,0.0022530804347626926,0.0035982165093769746
17.058,0.002263463826423397,0.0035977186462514787
17.06,0.002274394237286003,0.0035972204678451285
17.062,0.0022858628168334616,0.0035967219752513196
17.064,0.002297860525442278,0.003596223169561481
17.066,0.0023103781386014056,0.003595724051865079
17.068,0.0023234062454965372,0.0035952246232496166
17.07,0.002336935237329106,0.00359472488480064
17.072,0.0023509552824556644,0.003594224837601736
17.074,0.0023654562887317067,0.003593724482734538
17.076,0.002380427857491691,0.003593223821278725
17.078,0.002395859237246487,0.003592722854312027
17.08,0.0024117392873010345,0.0035922215829102227
17.082,0.002428056461310012,0.003591720008147148
17.084,0.0024447988181118875,0.0035912181310946926
17.086,0.00246195406248386,0.0035907159528228037
17.088,0.002479509612764952,0.0035902134743994903
17.09,0.002497452686914581,0.0035897106968908227
17.092,0.002515770394772091,0.0035892076213609363
17.094,0.0025344498229651347,0.0035887042488720326
17.096,0.00255347810039841,0.003588200580484384
17.098,0.00257284243621418,0.0035876966172563316
17.1,0.0025925301276644485,0.0035871923602442913
17.102,0.002612528541247316,0.0035866878105027555
17.104,0.0026328250754618907,0.003586182969084292
17.106,0.002653407116586819,0.003585677837039551
17.108,0.002674261999398551,0.0035851724154172637
17.11,0.002695376982693856,0.0035846667052642466
17.112,0.0027167392453824697,0.0035841607076254017
17.114,0.0027383359037049656,0.003583654423543722
17.116,0.0027601540449407103,0.0035831478540602896
17.118,0.0027821807689026915,0.0035826410002142814
17.12,0.002804403226407513,0.0035821338630429704
17.122,0.0028268086441864595,0.0035816264435817253
17.124,0.002849384328297471,0.0035811187428640176
17.126,0.002872117642482061,0.0035806107619214193
17.128,0.002894995963206923,0.003580102501783608
17.13,0.0029180066182860915,0.003579593963478368
17.132,0.0029411368199782927,0.0035790851480315936
17.134,0.0029643736054937625,0.0035785760564672883
17.136,0.0029877037974981933,0.0035780666898075717
17.138,0.003011113994484279,0.003577557049072679
17.14,0.0030345905962511893,0.0035770471352809616
17.142,0.0030581198640077657,0.0035765369494488945
17.144,0.0030816880088208065,0.003576026492591072
17.146,0.0031052812973150364,0.0035755157657202173
17.148,0.0031288861605691313,0.003575004769847177
17.15,0.0031524892915780135,0.0035744935059809305
17.152,0.003176077718555089,0.0035739819751285868
17.154,0.003199638845354605,0.0035734701782953906
17.156,0.003223160455635079,0.0035729581164847223
17.158,0.0032466306830547156,0.003572445790698101
17.16,0.0032700379547508382,0.003571933201935187
17.162,0.003293370918754967,0.003571420351193784
17.164,0.0033166183673361506,0.0035709072394698414
17.166,0.0033397691674975274,0.0035703938677574556
17.168,0.00336281220735593,0.0035698802370488746
17.17,0.0033857363636015437,0.0035693663483344967
17.172,0.003408530491481496,0.0035688522026028776
17.174,0.003431183435513422,0.0035683378008407292
17.176,0.003453684056902658,0.0035678231440329214
17.178,0.003476021272573374,0.0035673082331624875
17.18,0.0034981841006844986,0.0035667930692106233
17.182,0.0035201617081335574,0.003566277653156693
17.184,0.0035419434564537187,0.0035657619859782263
17.186,0.0035635189433598008,0.0035652460686509276
17.188,0.003584878037858338,0.0035647299021486717
17.19,0.0036060109073385023,0.00356421348744351
17.192,0.0036269080355559426,0.0035636968255056715
17.194,0.0036475602310654504,0.003563179917303566
17.196,0.0036679586265056935,0.0035626627638037857
17.198,0.003688094670099605,0.0035621453659711064
17.2,0.0037079601115825723,0.0035616277247684934
17.202,0.003727546985242516,0.003561109841157098
17.204,0.003746847592652864,0.003560591716096268
17.206,0.0037658544869792303,0.0035600733505435403
17.208,0.0037845604596268264,0.003559554745454653
17.21,0.003802958528824193,0.0035590359017835384
17.212,0.003821041928920553,0.0035585168204823343
17.214,0.0038388040990324553,0.0035579975025013793
17.216,0.0038562386703129793,0.003557477948789218
17.218,0.003873339452366978,0.003556958160292605
17.22,0.0038901004207836432,0.0035564381379565024
17.222,0.003906515708875327,0.0035559178827240883
17.224,0.003922579607021837,0.003555397395536753
17.226,0.003938286572266509,0.0035548766773341074
17.228,0.003953631249062099,0.003554355729053979
17.23,0.003968608499714155,0.00355383455163242
17.232,0.0039832134407353165,0.0035533131460037067
17.234,0.003997441479670103,0.003552791513100341
17.236,0.004011288346487554,0.0035522696538530557
17.238,0.004024750114565414,0.003551747569190813
17.24,0.004037823208420699,0.003551225260040812
17.242,0.0040505043981515715,0.0035507027273284854
17.244,0.004062790783322581,0.0035501799719775064
17.246,0.0040746797710340685,0.0035496569949097874
17.248,0.0040861690536571115,0.0035491337970454864
17.25,0.004097256591031268,0.0035486103793030055
17.252,0.004107940600050863,0.0035480867425989942
17.254,0.0041182195520710774,0.003547562887848355
17.256,0.0041280921761736155,0.0035470388159642404
17.258,0.004137557464732803,0.00354651452785806
17.26,0.004146614677356103,0.003545990024439479
17.262,0.004155263340220791,0.0035454653066164248
17.264,0.0041635032397705435,0.0035449403752950844
17.266,0.004171334412053606,0.0035444152313799113
17.268,0.004178757130930985,0.003543889875773626
17.27,0.00418577189930489,0.003543364309377217
17.272,0.00419237944705315,0.003542838533089945
17.274,0.004198580737556684,0.0035423125478093445
17.276,0.00420437698204285,0.003541786354431227
17.278,0.004209769658205052,0.0035412599538496817
17.28,0.004214760527551432,0.00354073334695708
17.282,0.0042193516453694615,0.003540206534644076
17.284,0.004223545358373589,0.0035396795177996105
17.286,0.004227344287836739,0.0035391522973109114
17.288,0.004230751299622718,0.0035386248740634976
17.29,0.0042337694660607135,0.003538097248941181
17.292,0.004236402027014525,0.003537569422826069
17.294,0.004238652358040257,0.003537041396598566
17.296,0.0042405239519313995,0.003536513171137377
17.298,0.004242020416560514,0.0035359847473195104
17.3,0.004243145487621701,0.003535456126020276
17.302,0.004243903050853252,0.0035349273081132946
17.304,0.004244297165747594,0.0035343982944704942
17.306,0.0042443320824559925,0.0035338690859621157
17.308,0.004244012245764104,0.003533339683456714
17.31,0.004243342284148461,0.00353281008782116
17.312,0.004242326986923995,0.0035322802999206444
17.314,0.004240971276948263,0.003531750320618678
17.316,0.004239280188925541,0.0035312201507770977
17.318,0.004237258863168433,0.0035306897912560633
17.32,0.00423491256155673,0.0035301592429140666
17.322,0.004232246706998878,0.003529628506607927
17.324,0.0042292669412209065,0.003529097583192799
17.326,0.0042259791897830655,0.0035285664735221723
17.328,0.004222389719393143,0.0035280351784478738
17.33,0.004218505171926427,0.0035275036988200725
17.332,0.0042143325624272795,0.003526972035487278
17.334,0.0042098792342932225,0.003526440189296346
17.336,0.0042051527726643,0.0035259081610924795
17.338,0.004200160885167678,0.003525375951719232
17.34,0.00419491126594189,0.0035248435620185074
17.342,0.004189411462923958,0.0035243109928305653
17.344,0.0041836687689240796,0.003523778244994023
17.346,0.00417769015392967,0.0035232453193458553
17.348,0.0041714822499429845,0.0035227122167214003
17.35,0.004165051391561134,0.0035221789379543582
17.352,0.0041584037068475846,0.0035216454838767983
17.354,0.0041515452452611954,0.0035211118553191553
17.356,0.00414448212374828,0.0035205780531102383
17.358,0.004137220669444692,0.003520044078077227
17.36,0.0041297675381688605,0.0035195099310456794
17.362,0.0041221297918797905,0.003518975612839531
17.364,0.004114314924882205,0.003518441124281096
17.366,0.004106330836725918,0.003517906466191075
17.368,0.004098185758130261,0.00351737163938855
17.37,0.004089888143460552,0.0035168366446909943
17.372,0.004081446548039599,0.0035163014829142692
17.374,0.004072869510036873,0.0035157661548726295
17.376,0.004064165454568751,0.003515230661378723
17.378,0.004055342632369473,0.0035146950032435963
17.38,0.004046409098000474,0.0035141591812766966
17.382,0.00403737272455725,0.0035136231962858695
17.384,0.004028241244857794,0.0035130870490773683
17.386,0.004019022304596637,0.00351255074045585
17.388,0.004009723511815251,0.0035120142712243836
17.39,0.004000352469403502,0.0035114776421844465
17.392,0.003990916782535581,0.0035109408541359327
17.394,0.003981424039647168,0.003510403907877149
17.396,0.003971881772149363,0.0035098668042048233
17.398,0.003962297403008944,0.0035093295439141037
17.4,0.003952678196524545,0.00350879212779856
17.402,0.00394303122072972,0.0035082545566501896
17.404,0.003933363330265003,0.0035077168312594165
17.406,0.003923681172324767,0.003507178952415095
17.408,0.003913991212780973,0.003506640920904511
17.41,0.003904299775169257,0.003506102737513389
17.412,0.003894613082886073,0.0035055644030258857
17.414,0.0038849372951018832,0.0035050259182246015
17.416,0.003875278529321291,0.003504487283890576
17.418,0.0038656428674656356,0.0035039485008032953
17.42,0.0038560363467598714,0.003503409569740691
17.422,0.003846464940493026,0.003502870491479144
17.424,0.003836934536031044,0.003502331266793487
17.426,0.0038274509178360112,0.0035017918964570047
17.428,0.003818019761689904,0.003501252381241441
17.43,0.0038086466432583764,0.003500712721916995
17.432,0.0037993370602786907,0.003500172919252329
17.434,0.0037900964638640476,0.003499632974014567
17.436,0.0037809302914869314,0.003499092886969299
17.438,0.00377184399275052,0.0034985526588805827
17.44,0.003762843039404108,0.0034980122905109465
17.442,0.0037539329131940895,0.0034974717826213907
17.444,0.0037451190687239366,0.00349693113597139
17.446,0.00373640687291718,0.0034963903513188983
17.448,0.003727801527155727,0.0034958494294203457
17.45,0.0037193079818878204,0.0034953083710306475
17.452,0.003710930855750238,0.0034947671769032015
17.454,0.0037026743715502927,0.003494225847789892
17.456,0.003694542319653492,0.003493684384441093
17.458,0.003686538055638492,0.003493142787605669
17.46,0.0036786645340740136,0.003492601058030978
17.462,0.0036709243747492415,0.0034920591964628747
17.464,0.0036633199525707805,0.0034915172036457114
17.466,0.0036558534984947803,0.0034909750803223403
17.468,0.003648527196953993,0.003490432827234118
17.47,0.0036413432656136643,0.003489890445120905
17.472,0.0036343040059130275,0.00348934793472107
17.474,0.003627411817322467,0.0034888052967714913
17.476,0.0036206691738675943,0.0034882625320075593
17.478,0.0036140785673530983,0.0034877196411631796
17.48,0.003607642426926913,0.003487176624970773
17.482,0.003601363028317729,0.0034866334841612816
17.484,0.0035952424076435246,0.0034860902194641667
17.486,0.0035892822938325703,0.0034855468316074157
17.488,0.0035834840705088484,0.00348500332131754
17.49,0.0035778487731377984,0.0034844596893195802
17.492,0.0035723771211025033,0.003483915936337109
17.494,0.003567069578199511,0.00348337206309223
17.496,0.0035619264298867182,0.0034828280703055833
17.498,0.00355694786244391,0.003482283958696346
17.5,0.0035521340286765626,0.003481739728982236
17.502,0.003547485087115879,0.0034811953818795127
17.504,0.003543001206520749,0.0034806509181029813
17.506,0.0035386825340437775,0.003480106338365992
17.508,0.0035345291324691977,0.0034795616433804465
17.51,0.003530540898089606,0.0034790168338567954
17.512,0.0035267174747941154,0.003478471910504045
17.514,0.0035230581809160572,0.0034779268740297575
17.516,0.003519561963057682,0.003477381725140053
17.518,0.0035162273858933115,0.0034768364645396126
17.52,0.0035130526599028173,0.00347629109293168
17.522,0.003510035701586808,0.003475745611018065
17.524,0.00350717421454027,0.0034752000194991435
17.526,0.0035044657761327345,0.0034746543190738634
17.528,0.0035019079142071217,0.0034741085104397426
17.53,0.003499498161151358,0.0034735625942928752
17.532,0.003497234078149031,0.0034730165713279314
17.534,0.003495113249032841,0.0034724704422381594
17.536,0.0034931332493695314,0.003471924207715391
17.538,0.0034912916007745778,0.0034713778684500388
17.54,0.0034895857220785024,0.003470831425131104
17.542,0.0034880128876682206,0.003470284878446174
17.544,0.003486570199679601,0.003469738229081428
17.546,0.003485254575878671,0.003469191477721636
17.548,0.003484062750436212,0.0034686446250501656
17.55,0.0034829912816374117,0.00346809767174898
17.552,0.00348203655964686,0.0034675506184986414
17.554,0.003481194808871599,0.003467003465978316
17.556,0.0034804620826441503,0.003466456214865772
17.558,0.003479834251817049,0.0034659088658373846
17.56,0.0034793069921858744,0.0034653614195681377
17.562,0.0034788757774080717,0.0034648138767316267
17.564,0.0034785358837234118,0.0034642662380000586
17.566,0.0034782824104044726,0.003463718504044257
17.568,0.003478110316161386,0.0034631706755336635
17.57,0.0034780144677526276,0.0034626227531363383
17.572,0.0034779896939260255,0.003462074737518965
17.574,0.0034780308363814025,0.00346152662934685
17.576,0.003478132790051389,0.003460978429283929
17.578,0.0034782905274079678,0.003460430137992764
17.58,0.003478499104996688,0.0034598817561345497
17.582,0.003478753653995494,0.0034593332843691135
17.584,0.003479049359345681,0.003458784723354919
17.586,0.0034793814332634123,0.0034582360737490676
17.588,0.0034797450885392547,0.0034576873362073004
17.59,0.003480135515290375,0.0034571385113840018
17.592,0.0034805478624302644,0.0034565895999321993
17.594,0.003480977222891846,0.0034560406025035697
17.596,0.003481418620292459,0.003455491519748436
17.598,0.003481866994647114,0.003454942352315775
17.6,0.003482317185874502,0.0034543931008532156
17.602,0.003482763915754115,0.003453843766007043
17.604,0.0034832017709833705,0.003453294348422201
17.606,0.00348362519132921,0.0034527448487422924
17.608,0.0034840284670356624,0.0034521952676095837
17.61,0.0034844057484727273,0.0034516456056650053
17.612,0.003484751068741994,0.0034510958635481552
17.614,0.003485058377195629,0.0034505460418972995
17.616,0.0034853215793625844,0.003449996141349377
17.618,0.0034855345773520514,0.0034494461625399994
17.62,0.003485691304899027,0.003448896106103454
17.622,0.003485785752897512,0.003448345972672706
17.624,0.0034858119841493507,0.0034477957628794016
17.626,0.0034857641393924933,0.0034472454773538694
17.628,0.0034856364395368274,0.0034466951167251214
17.63,0.0034854231905766964,0.003446144681620858
17.632,0.0034851187973240372,0.003445594172667467
17.634,0.003484717789846332,0.0034450435904900293
17.636,0.003484214862751162,0.0034444929357123175
17.638,0.003483604923114493,0.0034439422089568013
17.64,0.0034828831390018517,0.0034433914108446466
17.642,0.0034820449782256855,0.003442840541995721
17.644,0.0034810862269349335,0.0034422896030285935
17.646,0.0034800029800396135,0.0034417385945605373
17.648,0.0034787915999436913,0.0034411875172075334
17.65,0.003477448645691602,0.0034406363715842694
17.652,0.003475970780239909,0.003440085158304146
17.654,0.003474354667940723,0.0034395338779792755
17.656,0.0034725968765462784,0.003438982531220487
17.658,0.003470693797675451,0.0034384311186373257
17.66,0.0034686415968585593,0.003437879640838057
17.662,0.0034664361996417227,0.003437328098429669
17.664,0.0034640733147653603,0.0034367764920178717
17.666,0.0034615484901965587,0.0034362248222071035
17.668,0.00345885719369826,0.0034356730896005303
17.67,0.00345599490722906,0.0034351212948000483
17.672,0.0034529572239441727,0.003434569438406286
17.674,0.003449739937694409,0.003434017521018608
17.676,0.003446339117221389,0.003433465543235115
17.678,0.0034427511601501327,0.003432913505652647
17.68,0.003438972824855452,0.003432361408866786
17.682,0.0034350012409333653,0.003431809253471856
17.684,0.0034308339011183075,0.003431257040060928
17.686,0.0034264686389626846,0.00343070476922582
17.688,0.003421903597432894,0.0034301524415571005
17.69,0.0034171371937930643,0.003429600057644089
17.692,0.0034121680857671075,0.0034290476180748606
17.694,0.003406995143014165,0.0034284951234362453
17.696,0.003401617426492268,0.0034279425743138333
17.698,0.0033960341764671573,0.0034273899712919742
17.7,0.003390244807999247,0.0034268373149537804
17.702,0.003384248911043404,0.0034262846058811295
17.704,0.0033780462511850805,0.003425731844654666
17.706,0.00337163676680989,0.003425179031853804
17.708,0.003365020559311092,0.0034246261680567274
17.71,0.0033581978747122113,0.003424073253840396
17.712,0.003351169077516887,0.0034235202897805422
17.714,0.003343934620194277,0.0034229672764516782
17.716,0.0033364950138680778,0.0034224142144270954
17.718,0.003328850806924469,0.003421861104278867
17.72,0.0033210025779860743,0.0034213079465778493
17.722,0.0033129509478826654,0.003420754741893686
17.724,0.003304696612095314,0.003420201490794809
17.726,0.003296240391194175,0.003419648193848439
17.728,0.0032875832928097124,0.003419094851620591
17.73,0.0032787265755454572,0.003418541464676073
17.732,0.0032696718037424793,0.003417988033578491
17.734,0.0032604208826492124,0.003417434558890248
17.736,0.003250976066429517,0.003416881041172549
17.738,0.0032413399361635917,0.003416327480985403
17.74,0.0032315153507261303,0.0034157738788876207
17.742,0.0032215053790223074,0.0034152202354368233
17.744,0.0032113132263075182,0.003414666551189439
17.746,0.0032009421691868863,0.0034141128267007087
17.748,0.0031903955127975817,0.003413559062524685
17.75,0.0031796765796485815,0.003413005259214238
17.752,0.0031687887333069495,0.003412451417321053
17.754,0.0031577354328074787,0.0034118975373956368
17.756,0.003146520306859122,0.003411343619987317
17.758,0.0031351472321420335,0.003410789665644245
17.76,0.0031236203983823333,0.003410235674913398
17.762,0.0031119443449578975,0.003409681648340581
17.764,0.003100123959238059,0.003409127586470429
17.766,0.003088164434641739,0.003408573489846409
17.768,0.003076071194904888,0.003408019359010822
17.77,0.0030638497984590567,0.0034074651945048048
17.772,0.0030515058414979338,0.003406910996868333
17.774,0.0030390448791626844,0.003406356766640223
17.776,0.003026472381022157,0.003405802504358131
17.778,0.003013793730257029,0.0034052482105585606
17.78,0.0030010142670345748,0.0034046938857768593
17.782,0.002988139367320198,0.0034041395305472247
17.784,0.0029751745407388375,0.003403585145402703
17.786,0.0029621255266780327,0.003403030730875195
17.788,0.0029489983675600948,0.0034024762874954547
17.79,0.0029357994421924044,0.0034019218157930933
17.792,0.0029225354495543998,0.0034013673162965803
17.794,0.0029092133428217444,0.0034008127895332457
17.796,0.002895840223003473,0.0034002582360292822
17.798,0.002882423209416237,0.0033997036563097474
17.8,0.0028689693088555916,0.003399149050898566
17.802,0.0028554853059174013,0.0033985944203185304
17.804,0.0028419776934406676,0.003398039765091305
17.806,0.0028284526552220957,0.003397485085737425
17.808,0.0028149161043236463,0.0033969303827763027
17.81,0.0028013737710917194,0.0033963756567262264
17.812,0.0027878313270541834,0.0033958209081043625
17.814,0.0027742945254641284,0.003395266137426759
17.816,0.0027607693371964276,0.0033947113452083458
17.818,0.002747262062126003,0.003394156531962939
17.82,0.002733779400576874,0.0033936016982032404
17.822,0.0027203284760083826,0.0033930468444408417
17.824,0.002706916807609068,0.003392491971186224
17.826,0.0026935522386569493,0.0033919370789487623
17.828,0.0026802428322949784,0.003391382168236726
17.83,0.002666996749989093,0.0033908272395572815
17.832,0.002653822129019102,0.003390272293416494
17.834,0.00264072697395666,0.003389717330319329
17.836,0.0026277190736464346,0.003389162350769656
17.838,0.0026148059504409516,0.0033886073552702478
17.84,0.0026019948432083836,0.0033880523443227846
17.842,0.00258929272079303,0.003387497318427855
17.844,0.00257670631887669,0.0033869422780849587
17.846,0.002564242191028967,0.0033863872237925073
17.848,0.0025519067642957036,0.0033858321560478284
17.85,0.0025397063907935213,0.003385277075347165
17.852,0.0025276473890362724,0.003384721982185679
17.854,0.0025157360715508015,0.003384166877057453
17.856,0.002503978758160755,0.0033836117604554906
17.858,0.002492381776647646,0.003383056632871722
17.86,0.002480951454041696,0.003382501494797003
17.862,0.0024696941024684857,0.003381946346721117
17.864,0.0024586160033794663,0.003381391189132778
17.866,0.0024477233933346406,0.003380836022519633
17.868,0.0024370224535204005,0.003380280847368263
17.87,0.002426519304070715,0.003379725664164184
17.872,0.0024162200031451887,0.003379170473391851
17.874,0.0024061305496740856,0.003378615275534658
17.876,0.0023962568877750495,0.0033780600710749432
17.878,0.002386604910169844,0.0033775048604939863
17.88,0.002377180457627853,0.003376949644272014
17.882,0.002367989311703122,0.0033763944228881997
17.884,0.0023590371789347984,0.0033758391968206677
17.886,0.0023503296662464772,0.003375283966546493
17.888,0.002341872249312231,0.003374728732541705
17.89,0.002333670237766742,0.003374173495281287
17.892,0.00232572874279483,0.003373618255239181
17.894,0.002318052653312113,0.003373063012888288
17.896,0.002310646626267587,0.00337250776870047
17.898,0.0023035150944866584,0.003371952523146552
17.9,0.002296662292227006,0.003371397276696323
17.902,0.00229009229487916,0.003370842029818541
17.904,0.0022838090658529814,0.0033702867829809315
17.906,0.0022778165014914207,0.0033697315366501904
17.908,0.0022721184644559898,0.0033691762912919873
17.91,0.00226671879764465,0.003368621047370965
17.912,0.002261621314070274,0.0033680658053507435
17.914,0.0022568297625660642,0.0033675105656939207
17.916,0.002252347773760707,0.003366955328862075
17.918,0.0022481787945258873,0.003366400095315767
17.92,0.002244326021292756,0.00336584486551454
17.922,0.0022407923428832697,0.0033652896399169246
17.924,0.0022375803018630145,0.003364734418980438
17.926,0.00223469208033425,0.003364179203161588
17.928,0.0022321295122347162,0.0033636239929158724
17.93,0.002229894120338924,0.003363068788697784
17.932,0.0022279871729184273,0.003362513590960809
17.934,0.0022264097528263255,0.0033619584001574328
17.936,0.0022251628307882396,0.0033614032167391373
17.938,0.0022242473348323393,0.003360848041156407
17.94,0.002223664208845684,0.0033602928738587275
17.942,0.0022234144549080795,0.0033597377152945907
17.944,0.0022234991560462695,0.0033591825659114935
17.946,0.002223919478138111,0.003358627426155941
17.948,0.002224676651703182,0.0033580722964734497
17.95,0.002225771936103459,0.003357517177308546
17.952,0.0022272065701237245,0.0033569620691047716
17.954,0.0022289817138891315,0.0033564069723046827
17.956,0.002231098387510847,0.0033558518873498537
17.958,0.0022335574116813103,0.003355296814680878
17.96,0.0022363593546994545,0.0033547417547373703
17.962,0.0022395044892214067,0.0033541867079579677
17.964,0.002242992760616285,0.0033536316747803325
17.966,0.0022468237674222575,0.0033530766556411533
17.968,0.002250996753289743,0.0033525216509761474
17.97,0.0022555106091384993,0.0033519666612200623
17.972,0.002260363884088652,0.003351411686806677
17.974,0.0022655548039657515,0.0033508567281688053
17.976,0.0022710812966253336,0.003350301785738296
17.978,0.0022769410237416144,0.0033497468599460356
17.98,0.0022831314188219948,0.0033491919512219507
17.982,0.002289649730894742,0.003348637059995007
17.984,0.002296493072555785,0.0033480821866932156
17.986,0.002303658469973409,0.0033475273317436303
17.988,0.002311142911280731,0.003346972495572353
17.99,0.00231894338884139,0.0033464176786045323
17.992,0.0023270569304587635,0.003345862881264369
17.994,0.002335480614946661,0.0033453081039751136
17.996,0.002344211568693945,0.0033447533471590725
17.998,0.0023532469418785446,0.003344198611237606
18.0,0.0023625838655838005,0.0033436438966311325
18.002,0.002372219393861369,0.003343089203759129
18.004,0.0023821504372895414,0.0033425345330401336
18.006,0.002392373696301924,0.0033419798848917477
18.008,0.0024028856030972024,0.0033414252597306357
18.01,0.0024136822800569736,0.00334087065797253
18.012,0.002424759520325777,0.003340316080032229
18.014,0.002436112792864081,0.003339761526323602
18.016,0.002447737270450361,0.0033392069972595904
18.018,0.0024596278755158454,0.0033386524932522074
18.02,0.002471779336085519,0.0033380980147125427
18.022,0.0024841862430304605,0.0033375435620507615
18.024,0.0024968431005423317,0.003336989135676109
18.026,0.002509744364033943,0.0033364347359969094
18.028,0.0025228844629690095,0.00333588036342057
18.03,0.0025362578095796343,0.0033353260183535804
18.032,0.00254985879714328,0.0033347717012015177
18.034,0.002563681792764512,0.0033342174123690456
18.036,0.002577721129152315,0.003333663152259916
18.038,0.0025919710979348514,0.0033331089212769735
18.04,0.002606425944316078,0.003332554719822153
18.042,0.002621079860350754,0.0033320005482964854
18.044,0.002635926972782461,0.0033314464071000967
18.046,0.0026509613219203826,0.0033308922966322116
18.048,0.002666176830514093,0.0033303382172911533
18.05,0.0026815672654545222,0.003329784169474347
18.052,0.002697126199251152,0.0033292301535783196
18.054,0.0027128469812207467,0.0033286761699987044
18.056,0.0027287227289144365,0.0033281222191302398
18.058,0.002744746347807943,0.0033275683013667726
18.06,0.0027609105818229103,0.0033270144171012603
18.062,0.002777208089885877,0.0033264605667257707
18.064,0.0027936315362412085,0.003325906750631486
18.066,0.0028101736766819943,0.0033253529692087013
18.068,0.002826827421063251,0.003324799222846831
18.07,0.002843585855426256,0.0033242455119344063
18.072,0.0028604422146371457,0.0033236918368590787
18.074,0.0028773898072253306,0.0033231381980076222
18.076,0.002894421905703511,0.0033225845957659326
18.078,0.0029115316252241535,0.003322031030519033
18.08,0.002928711818400003,0.0033214775026510716
18.082,0.002945955012869518,0.003320924012545326
18.084,0.0029632534105287706,0.0033203705605842036
18.086,0.0029805989546690353,0.0033198171471492447
18.088,0.0029979834562479874,0.003319263772621122
18.09,0.0030153987565927545,0.0033187104373796432
18.092,0.003032836894292093,0.003318157141803755
18.094,0.003050290241290162,0.0033176038862715402
18.096,0.003067751578143233,0.0033170506711602244
18.098,0.0030852140901857983,0.003316497496846173
18.1,0.0031026712825329428,0.0033159443637048964
18.102,0.0031201168289461145,0.0033153912721110494
18.104,0.003137544383888203,0.003314838222438435
18.106,0.0031549473954644754,0.003314285215060003
18.108,0.0031723189575497356,0.003313732250347855
18.11,0.003189651732076309,0.0033131793286732447
18.112,0.0032069379587277417,0.0033126264504065783
18.114,0.003224169552006015,0.0033120736159174178
18.116,0.0032413382683728256,0.003311520825574482
18.118,0.003258435912417101,0.0033109680797456485
18.12,0.003275454543507097,0.0033104153787979545
18.122,0.0032923866445869142,0.0033098627230976002
18.124,0.003309225222549677,0.003309310113009948
18.126,0.003325963823342923,0.003308757548899526
18.128,0.00334259646185377,0.0033082050311300294
18.13,0.003359117483306951,0.0033076525600643208
18.132,0.003375521386072617,0.003307100136064434
18.134,0.0033918026428218844,0.0033065477594915733
18.136,0.003407955556500555,0.0033059954307061174
18.138,0.0034239741797320623,0.003305443150067619
18.14,0.0034398523126146926,0.0033048909179348076
18.142,0.0034555835772405144,0.003304338734665591
18.144,0.0034711615510689816,0.0033037866006170565
18.146,0.003486579928915511,0.0033032345161454727
18.148,0.0035018326773787836,0.0033026824816062917
18.15,0.003516914147315452,0.0033021304973541495
18.152,0.0035318191191283433,0.003301578563742869
18.154,0.0035465427702337546,0.0033010266811254606
18.156,0.0035610805709963304,0.0033004748498541236
18.158,0.003575428131030278,0.003299923070280249
18.16,0.003589581028711865,0.00329937134275442
18.162,0.0036035346606967823,0.0032988196676264144
18.164,0.003617284144395871,0.003298268045245205
18.166,0.00363082429563789,0.0032977164759589632
18.168,0.0036441496885158894,0.003297164960115058
18.17,0.003657254787968628,0.00329661349806006
18.172,0.0036701341314445295,0.0032960620901397414
18.174,0.0036827825268862494,0.0032955107366990782
18.176,0.003695195231914747,0.003294959438082252
18.178,0.003707368083638186,0.0032944081946326507
18.18,0.0037192975586788023,0.003293857006692871
18.182,0.0037309807564407274,0.0032933058746047197
18.184,0.00374241531248431,0.003292754798709215
18.186,0.003753599260423837,0.0032922037793465886
18.188,0.003764530868023329,0.0032916528168562866
18.19,0.003775208475167498,0.0032911019115769713
18.192,0.0037856303583065905,0.0032905510638465228
18.194,0.0037957946389613533,0.0032900002740020415
18.196,0.0038056992447023817,0.0032894495423798475
18.198,0.003815341921662711,0.0032888988693154843
18.2,0.003824720289850527,0.0032883482551437186
18.202,0.00383383192750899,0.0032877977001985435
18.204,0.003842674469004723,0.0032872472048131795
18.206,0.003851245701973637,0.0032866967693200746
18.208,0.0038595436528812113,0.0032861463940509084
18.21,0.0038675666545915015,0.0032855960793365916
18.212,0.0038753133937700877,0.003285045825507268
18.214,0.003882782938995074,0.0032844956328923164
18.216,0.0038899747517995137,0.003283945501820353
18.218,0.003896888682555722,0.00328339543261923
18.22,0.003903524951695296,0.003282845425616041
18.222,0.003909884115144378,0.0032822954811371195
18.224,0.003915967012030735,0.0032817455995080413
18.226,0.003921774693454363,0.0032811957810536274
18.228,0.003927308333688488,0.0032806460260979427
18.23,0.003932569129254265,0.003280096334964301
18.232,0.003937558195947779,0.0032795467079752626
18.234,0.003942276477764519,0.00327899714545264
18.236,0.003946724683389478,0.0032784476477174963
18.238,0.003950903264487583,0.003277898215090147
18.24,0.003954812445126989,0.0032773488478901637
18.242,0.003958452303873737,0.003276799546436373
18.244,0.003961822900820021,0.00327625031104686
18.246,0.003964924433008961,0.003275701142038967
18.248,0.00396775739543473,0.0032751520397293
18.25,0.003970322722620375,0.0032746030044337247
18.252,0.003972621888416139,0.0032740540364673714
18.254,0.003974656948714974,0.0032735051361446345
18.256,0.003976430521793224,0.0032729563037791768
18.258,0.003977945711792698,0.003272407539683927
18.26,0.003979205990123963,0.0032718588441710853
18.262,0.003980215055370705,0.003271310217552122
18.264,0.003980976693570443,0.0032707616601377796
18.266,0.003981494657629015,0.003270213172238075
18.268,0.003981772578229598,0.0032696647541623006
18.27,0.003981813910765583,0.0032691164062190253
18.272,0.0039816219155836795,0.003268568128716097
18.274,0.003981199663827203,0.0032680199219606437
18.276,0.003980550059301982,0.0032674717862590736
18.278,0.003979675867977445,0.0032669237219170783
18.28,0.003978579750063217,0.0032663757292396346
18.282,0.003977264293637787,0.003265827808531003
18.284,0.003975732052058156,0.0032652799600947327
18.286,0.003973985588745128,0.0032647321842336615
18.288,0.003972027531988864,0.0032641844812499165
18.29,0.003969860639489216,0.0032636368514449166
18.292,0.003967487868384077,0.0032630892951193745
18.294,0.00396491244278666,0.003262541812573296
18.296,0.0039621379085414245,0.0032619944041059833
18.298,0.003959168164820266,0.0032614470700160366
18.3,0.00395600746452127,0.003260899810601354
18.302,0.003952660379796213,0.0032603526261591343
18.304,0.003949131734525703,0.003259805516985877
18.306,0.003945426511050225,0.0032592584833773855
18.308,0.00394154974284852,0.0032587115256287676
18.31,0.003937506407297955,0.003258164644034437
18.312,0.003933301332737206,0.0032576178388881143
18.314,0.0039289391318202815,0.0032570711104828293
18.316,0.003924424169049609,0.0032565244591109222
18.318,0.003919760565139338,0.003255977885064044
18.32,0.003914952235359599,0.003255431388633159
18.322,0.00391000295411182,0.0032548849701085464
18.324,0.0039049164344078877,0.003254338629779801
18.326,0.00389969640917168,0.0032537923679358347
18.328,0.0038943467015543545,0.0032532461848648777
18.33,0.0038888712736613387,0.003252700080854481
18.332,0.0038832742468427267,0.003252154056191517
18.334,0.0038775598913901774,0.00325160811116218
18.336,0.0038717325883642255,0.0032510622460519903
18.338,0.0038657967705835513,0.0032505164611457923
18.34,0.0038597568528799674,0.0032499707567277577
18.342,0.0038536171631108596,0.0032494251330813873
18.344,0.0038473818849551985,0.003248879590489511
18.346,0.003841055021330909,0.003248334129234291
18.348,0.003834640383761143,0.003247788749597221
18.35,0.0038281416087721848,0.003247243451859129
18.352,0.003821562198108992,0.003246698236300179
18.354,0.003814905575863232,0.0032461531031998713
18.356,0.0038081751530715303,0.003245608052837044
18.358,0.003801374389318454,0.003245063085489875
18.36,0.0037945068415045037,0.0032445182014358837
18.362,0.0037875761921026003,0.0032439734009519303
18.364,0.0037805862525930115,0.0032434286843142203
18.366,0.0037735409418075887,0.003242884051798303
18.368,0.0037664442429858457,0.0032423395036790753
18.37,0.003759300146772453,0.00324179504023078
18.372,0.0037521125895794657,0.0032412506617270106
18.374,0.0037448853972990824,0.00324070636844071
18.376,0.0037376222431701567,0.0032401621606441737
18.378,0.0037303266258846856,0.0032396180386090505
18.38,0.0037230018702782866,0.0032390740026063424
18.382,0.003715651148899111,0.0032385300529064087
18.384,0.0037082775191713832,0.0032379861897789647
18.386,0.0037008839684312227,0.0032374424134930854
18.388,0.003693473458230487,0.0032368987243172045
18.39,0.0036860489600487713,0.0032363551225191183
18.392,0.0036786134766519413,0.0032358116083659847
18.394,0.0036711700462492393,0.0032352681821243255
18.396,0.0036637217296742845,0.0032347248440600285
18.398,0.003656271583441065,0.003234181594438347
18.4,0.003648822623279717,0.003233638433523904
18.402,0.003641377783483536,0.003233095361580689
18.404,0.0036339398771982005,0.003232552378872065
18.406,0.0036265115619470846,0.0032320094856607643
18.408,0.003619095313566971,0.0032314666822088945
18.41,0.003611693410633391,0.003230923968777937
18.412,0.003604307930554608,0.003230381345628748
18.414,0.003596940757816495,0.003229838813021563
18.416,0.003589593604258887,0.0032292963712159937
18.418,0.003582268040595848,0.0032287540204710336
18.42,0.0035749655375491656,0.003228211761045056
18.422,0.003567687513945642,0.0032276695931958174
18.424,0.0035604353880670193,0.003227127517180457
18.426,0.003553210627669527,0.0032265855332555002
18.428,0.0035460147936643106,0.0032260436416768584
18.43,0.0035388495726620755,0.00322550184269983
18.432,0.003531716794486485,0.0032249601365791033
18.434,0.003524618432236714,0.0032244185235687554
18.436,0.00351755658426826,0.0032238770039222566
18.438,0.0035105334392343986,0.003223335577892469
18.44,0.0035035512267843653,0.003222794245731649
18.442,0.003496612157466634,0.003222253007691449
18.444,0.0034897183558236754,0.003221711864022917
18.446,0.0034828717907388544,0.0032211708149764997
18.448,0.003476074207053968,0.0032206298608020425
18.45,0.003469327062553133,0.003220089001748792
18.452,0.0034626314747195504,0.0032195482380653955
18.454,0.0034559881821330262,0.003219007569999905
18.456,0.0034493975257026475,0.0032184669977997757
18.458,0.003442859454702737,0.003217926521711868
18.46,0.0034363735613950706,0.0032173861419824506
18.462,0.003429939145639593,0.003216845858857199
18.464,0.0034235553073967448,0.0032163056725811995
18.466,0.0034172210608540013,0.0032157655833989474
18.468,0.0034109354598324316,0.0032152255915543515
18.47,0.0034046977210724903,0.0032146856972907326
18.472,0.0033985073308083202,0.0032141459008508274
18.474,0.0033923641212410213,0.003213606202476786
18.476,0.0033862683071271588,0.0032130666024101783
18.478,0.0033802204781578082,0.0032125271008919903
18.48,0.0033742215490890726,0.0032119876981626283
18.482,0.0033682726754327816,0.003211448394461919
18.484,0.0033623751467364506,0.003210909190029111
18.486,0.003356530271270296,0.003210370085102877
18.488,0.003350739265086546,0.0032098310799213133
18.49,0.0033450031553695393,0.003209292174721942
18.492,0.0033393227037183276,0.003208753369741712
18.494,0.0033336983507181862,0.0032082146652170013
18.496,0.003328130179980493,0.0032076760613836157
18.498,0.0033226178984743816,0.0032071375584767927
18.5,0.0033171608305378824,0.0032065991567312014
18.502,0.003311757924921401,0.003206060856380944
18.504,0.00330640777661051,0.003205522657659557
18.506,0.003301108666873355,0.003204984560800013
18.508,0.0032958586250599006,0.0032044465660347196
18.51,0.0032906555137137278,0.0032039086735955245
18.512,0.0032854971347553736,0.0032033708837137134
18.514,0.0032803813496804276,0.0032028331966200124
18.516,0.003275306202102728,0.0032022956125445897
18.518,0.0032702700278568215,0.0032017581317170555
18.52,0.003265271537264522,0.0032012207543664654
18.522,0.0032603098565264833,0.0032006834807213193
18.524,0.0032553845202868054,0.003200146311009563
18.526,0.0032504954143570916,0.0031996092454585913
18.528,0.0032456426750569717,0.003199072284295247
18.53,0.0032408265581783725,0.0031985354277458233
18.532,0.0032360472949600374,0.003197998676036064
18.534,0.003231304953884342,0.0031974620293911665
18.536,0.0032265993254186874,0.003196925488035781
18.538,0.0032219298424752876,0.0031963890521940126
18.54,0.0032172955432956617,0.003195852722089423
18.542,0.0032126950768723156,0.00319531649794503
18.544,0.0032081267450832025,0.0031947803799833112
18.546,0.003203588571377768,0.0031942443684262025
18.548,0.0031990783836645994,0.0031937084634951016
18.55,0.003194593899108758,0.0031931726654108672
18.552,0.003190132800541376,0.0031926369743938217
18.554,0.003185692797512935,0.003192101390663752
18.556,0.003181271668935786,0.00319156591443991
18.558,0.003176867288018647,0.0031910305459410147
18.56,0.003172477633176875,0.003190495285385252
18.562,0.003168100790393097,0.0031899601329902784
18.564,0.0031637349529231693,0.003189425088973219
18.566,0.003159378423346167,0.003188890153550671
18.568,0.003155029621001333,0.003188355326938704
18.57,0.0031506870952528517,0.003187820609352861
18.572,0.0031463495422895606,0.0031872860010081602
18.574,0.003142015820846132,0.0031867515021190957
18.576,0.003137684960821833,0.0031862171128996383
18.578,0.0031333561586433796,0.0031856828335632375
18.58,0.003129028754530395,0.003185148664322822
18.582,0.003124702189475823,0.0031846146053908014
18.584,0.0031203759433753395,0.003184080656979067
18.586,0.0031160494597108684,0.0031835468192989917
18.588,0.003111722065756086,0.003183013092561435
18.59,0.0031073928996585265,0.0031824794769767387
18.592,0.003103060856346708,0.0031819459727547334
18.594,0.0030987245626924735,0.0031814125801047353
18.596,0.0030943823887945674,0.00318087929923555
18.598,0.0030900324971155292,0.0031803461303554735
18.6,0.0030856729253185312,0.003179813073672291
18.602,0.003081301693033768,0.0031792801293932813
18.604,0.0030769169184681915,0.0031787472977252147
18.606,0.0030725169286027775,0.0031782145788743573
18.608,0.003068100347184755,0.0031776819730464693
18.61,0.003063666147842473,0.0031771494804468084
18.612,0.003059213664964167,0.0031766171012801293
18.614,0.0030547425616130304,0.0031760848357506857
18.616,0.0030502527605558933,0.0031755526840622312
18.618,0.003045744350254825,0.00317502064641802
18.62,0.003041217481365029,0.003174488723020809
18.622,0.003036672270211723,0.0031739569140728577
18.624,0.00303210872370444,0.00317342521977593
18.626,0.0030275266955685286,0.0031728936403312958
18.628,0.003022925877516934,0.0031723621759397304
18.63,0.003018305822290172,0.003171830826801518
18.632,0.0030136659897091575,0.0031712995931164507
18.634,0.0030090058032015772,0.003170768475083831
18.636,0.003004324703441915,0.0031702374729024713
18.638,0.0029996221879433045,0.0031697065867706976
18.64,0.0029948978301495145,0.003169175816886348
18.642,0.0029901512777104184,0.0031686451634467747
18.644,0.0029853822357485305,0.0031681146266488457
18.646,0.002980590445566598,0.003167584206688946
18.648,0.0029757756712410002,0.0031670539037629768
18.65,0.0029709377053131346,0.003166523718066358
18.652,0.0029660764004923773,0.003165993649794031
18.654,0.0029611917278046553,0.0031654636991404555
18.656,0.0029562838543864874,0.0031649338662996145
18.658,0.002951353227790921,0.0031644041514650137
18.66,0.0029464006497516813,0.0031638745548296827
18.662,0.0029414273218764347,0.0031633450765861763
18.664,0.002936434849022248,0.0031628157169265756
18.666,0.0029314251926651127,0.0031622864760424882
18.668,0.002926400575229759,0.003161757354125051
18.67,0.0029213633454563096,0.00316122835136493
18.672,0.002916315822680847,0.003160699467952321
18.674,0.0029112601428581742,0.0031601707040769516
18.676,0.0029061981302433136,0.0031596420599280823
18.678,0.002901131215573731,0.0031591135356945077
18.68,0.0028960604148275323,0.0031585851315645555
18.682,0.0028909863733136867,0.003158056847726091
18.684,0.002885909469583846,0.003157528684366515
18.686,0.002880829964213376,0.0031570006416727667
18.688,0.00287574817150688,0.0031564727198313243
18.69,0.0028706646288331906,0.003155944919028206
18.692,0.0028655802391329465,0.0031554172394489704
18.694,0.002860496366978338,0.0031548896812787193
18.696,0.0028554148765054096,0.003154362244702097
18.698,0.002850338109147236,0.0031538349299032914
18.7,0.0028452688086598463,0.003153307737066037
18.702,0.0028402100087720444,0.003152780666373613
18.704,0.002835164903582942,0.003152253718008847
18.706,0.0028301367218483272,0.0031517268921541146
18.708,0.002825128623545319,0.003151200188991341
18.71,0.0028201436313093557,0.0031506736087020017
18.712,0.002815184601780537,0.003150147151467123
18.714,0.002810254234150481,0.003149620817467285
18.716,0.0028053551067907584,0.00314909460688262
18.718,0.0028004897289360506,0.0031485685198928155
18.72,0.002795660593566899,0.0031480425566771143
18.722,0.0027908702197764665,0.0031475167174143167
18.724,0.00278612117728101,0.003146991002282779
18.726,0.002781416091179255,0.0031464654114604176
18.728,0.002776757630275925,0.003145939945124708
18.73,0.0027721484861090158,0.0031454146034526863
18.732,0.002767591351516137,0.00314488938662095
18.734,0.0027630889069442774,0.00314436429480566
18.736,0.0027586438200976372,0.0031438393281825404
18.738,0.002754258760701901,0.0031433144869268802
18.74,0.0027499364281220076,0.0031427897712135344
18.742,0.002745679586252739,0.003142265181216924
18.744,0.0027414910982089245,0.003141740717111038
18.746,0.002737373953196905,0.0031412163790694356
18.748,0.0027333312794536138,0.003140692167265244
18.75,0.0027293663398488127,0.0031401680818711614
18.752,0.002725482509992041,0.0031396441230594585
18.754,0.002721683241754281,0.003139120291001978
18.756,0.002717972017394834,0.003138596585870137
18.758,0.0027143523005892676,0.003138073007834927
18.76,0.0027108274904766422,0.0031375495570669155
18.762,0.0027074008835466542,0.0031370262337362463
18.764,0.0027040756461507477,0.0031365030380126413
18.766,0.0027008547981478004,0.003135979970065401
18.768,0.0026977412062045426,0.0031354570300634057
18.77,0.0026947375839933623,0.0031349342181751162
18.772,0.0026918464962197176,0.0031344115345685753
18.774,0.0026890703640913803,0.003133888979411408
18.776,0.002686411471291591,0.003133366552870823
18.778,0.002683871971311221,0.0031328442551136143
18.78,0.002681453898582904,0.003132322086306161
18.782,0.0026791591866988074,0.003131800046614428
18.784,0.002676989696684003,0.0031312781362039695
18.786,0.002674947256706001,0.003130756355239926
18.788,0.002673033711938222,0.00313023470388703
18.79,0.002671250980102342,0.003129713182309602
18.792,0.0026696011052679703,0.0031291917906715555
18.794,0.0026680863006243536,0.003128670529136396
18.796,0.0026667089708321237,0.0031281493978672216
18.798,0.0026654717065340296,0.003127628397026726
18.8,0.002664377247481428,0.0031271075267771974
18.802,0.002663428415861187,0.00312658678728052
18.804,0.0026626280267539604,0.003126066178698176
18.806,0.0026619787870582647,0.003125545701191245
18.808,0.0026614831966656196,0.0031250253549204056
18.81,0.002661143465573775,0.0031245051400459376
18.812,0.0026609614579612847,0.0031239850567277203
18.814,0.002660938669594781,0.003123465105125236
18.816,0.002661076239327162,0.0031229452853975695
18.818,0.0026613749900873014,0.003122425597703409
18.82,0.0026618354907524434,0.003121906042201049
18.822,0.002662458128328356,0.003121386619048388
18.824,0.002663243180085814,0.0031208673284029314
18.826,0.0026641908773087307,0.0031203481704217936
18.828,0.002665301455306501,0.0031198291452616956
18.83,0.0026665751874064246,0.0031193102530789694
18.832,0.0026680124030036725,0.003118791494029557
18.834,0.0026696134910115387,0.0031182728682690114
18.836,0.0026713788902867027,0.003117754375952498
18.838,0.0026733090682578282,0.0031172360172347954
18.84,0.0026754044887030825,0.003116717792270297
18.842,0.0026776655699734344,0.00311619970121301
18.844,0.0026800926362050242,0.0031156817442165594
18.846,0.0026826858660237898,0.003115163921434185
18.848,0.002685445245322905,0.003114646233018746
18.85,0.0026883705320499087,0.0031141286791227193
18.852,0.0026914612407769258,0.0031136112598982024
18.854,0.0026947166526752795,0.003113093975496913
18.856,0.00269813585245506,0.00311257682607019
18.858,0.0027017177885438415,0.0031120598117689953
18.86,0.0027054613474309726,0.003111542932743914
18.862,0.002709365429052088,0.003111026189145155
18.864,0.002713429008511283,0.003110509581122553
18.866,0.0027176511709888413,0.003109993108825568
18.868,0.00272203111125974,0.0031094767724032875
18.87,0.0027265680959728386,0.003108960572004427
18.872,0.0027312613942431364,0.0031084445077773303
18.874,0.002736110188491685,0.0031079285798699717
18.876,0.0027411134813391563,0.0031074127884299554
18.878,0.0027462700148335527,0.0031068971336045167
18.88,0.002751578215321187,0.0031063816155405244
18.882,0.002757036171660414,0.00310586623438448
18.884,0.002762641647665137,0.0031053509902825185
18.886,0.002768392123329881,0.0031048358833804116
18.888,0.0027742848549917186,0.0031043209138235657
18.89,0.002780316942989149,0.003103806081757024
18.892,0.0027864853966317487,0.0031032913873254683
18.894,0.00279278718966081,0.003102776830673218
18.896,0.002799219303591266,0.003102262411944233
18.898,0.002805778759980026,0.0031017481312821124
18.9,0.002812462644668885,0.003101233988830098
18.902,0.00281926812693132,0.003100719984731073
18.904,0.002826192474500194,0.0031002061191275636
18.906,0.002833233062598334,0.00309969239216174
18.908,0.0028403873725993023,0.0030991788039754172
18.91,0.0028476529749833996,0.003098665354710056
18.912,0.0028550274925148293,0.0030981520445067636
18.914,0.0028625085430088173,0.0030976388735062944
18.916,0.0028700936658932106,0.0030971258418490515
18.918,0.0028777802416695697,0.0030966129496750867
18.92,0.0028855654168687783,0.0030961001971241027
18.922,0.002893446047987864,0.003095587584335452
18.924,0.00290141867565986,0.0030950751114481394
18.926,0.002909479535252418,0.0030945627786008226
18.928,0.002917624603295845,0.003094050585931812
18.93,0.0029258496721842613,0.0030935385335790727
18.932,0.0029341504401255605,0.0030930266216802255
18.934,0.0029425226006273525,0.0030925148503725465
18.936,0.002950961916490839,0.0030920032197929693
18.938,0.0029594642671095183,0.0030914917300780844
18.94,0.002968025663858504,0.0030909803813641418
18.942,0.0029766422350737073,0.003090469173787051
18.944,0.0029853101880384504,0.003089958107482381
18.946,0.0029940257592896264,0.0030894471825853626
18.948,0.003002785165761892,0.0030889363992308884
18.95,0.0030115845678042484,0.0030884257575535144
18.952,0.003020420051514097,0.0030879152576874596
18.954,0.003029287633106667,0.0030874048997666073
18.956,0.0030381832832413326,0.003086894683924507
18.958,0.0030471029652910367,0.003086384610294374
18.96,0.003056042679077388,0.0030858746790090904
18.962,0.0030649985008434507,0.003085364890201207
18.964,0.003073966611104292,0.0030848552440029433
18.966,0.003082943304181339,0.0030843457405461874
18.968,0.0030919249762561764,0.003083836379962498
18.97,0.003100908092214589,0.0030833271623831064
18.972,0.0031098891349562972,0.003082818087938914
18.974,0.0031188645438114298,0.003082309156760497
18.976,0.003127830650843305,0.0030818003689781033
18.978,0.003136783624777573,0.003081291724721657
18.98,0.0031457194318096704,0.0030807832241207572
18.982,0.003154633820500551,0.0030802748673046786
18.984,0.0031635223345186764,0.0030797666544023737
18.986,0.003172380352568722,0.0030792585855424722
18.988,0.0031812031501919635,0.0030787506608532826
18.99,0.0031899859741278506,0.003078242880462793
18.992,0.0031987241174756867,0.003077735244498672
18.994,0.0032074129836352646,0.0030772277530882685
18.996,0.003216048129150354,0.0030767204063586145
18.998,0.00322462527980438,0.003076213204436424
19.0,0.003233140319788911,0.003075706147448094
19.002,0.003241589259301892,0.0030751992355197073
19.004,0.0032499681902808464,0.00307469246877703
19.006,0.0032582732421168976,0.0030741858473455163
19.008,0.003266500548605166,0.0030736793713503053
19.01,0.0032746462341867147,0.0030731730409162246
19.012,0.003282706422470184,0.00307266685616779
19.014,0.0032906772642859287,0.003072160817229206
19.016,0.003298554977474966,0.0030716549242243685
19.018,0.0033063358874362648,0.0030711491772768625
19.02,0.003314016456876397,0.003070643576509965
19.022,0.003321593295328921,0.003070138122046646
19.024,0.0033290631433050685,0.0030696328140095677
19.026,0.0033364228313794916,0.003069127652521087
19.028,0.0033436692198495887,0.0030686226377032557
19.03,0.0033507991286542763,0.00306811776967782
19.032,0.0033578092691665777,0.003067613048566224
19.034,0.003364696188982717,0.003067108474489607
19.036,0.0033714562381857694,0.003066604047568808
19.038,0.0033780855615066856,0.003066099767924363
19.04,0.0033845801163439565,0.003065595635676509
19.042,0.0033909357127417466,0.0030650916509451826
19.044,0.003397148068921392,0.0030645878138500205
19.046,0.0034032128751476116,0.003064084124510363
19.048,0.0034091258594426475,0.003063580583045251
19.05,0.003414882850391956,0.0030630771895734307
19.052,0.0034204798342428915,0.0030625739442133506
19.054,0.0034259130049345984,0.003062070847083165
19.056,0.0034311788061190383,0.003061567898300734
19.058,0.0034362739635581813,0.003061065097983624
19.06,0.0034411955048846807,0.0030605624462491077
19.062,0.0034459407623168075,0.0030600599432141673
19.064,0.0034505073533861287,0.0030595575889954926
19.066,0.0034548931357870076,0.0030590553837094832
19.068,0.003459096135412214,0.0030585533274722493
19.07,0.003463114451245085,0.003058051420399612
19.072,0.0034669461462025143,0.0030575496626071034
19.074,0.003470589137994549,0.003057048054209969
19.076,0.0034740411071829424,0.0030565465953231678
19.078,0.003477299439710724,0.0030560452860613715
19.08,0.0034803612176486187,0.003055544126538968
19.082,0.003483223264980888,0.0030550431168700604
19.084,0.003485882246003194,0.003054542257168468
19.086,0.003488334804072277,0.0030540415475477267
19.088,0.00349057772008999,0.003053540988121091
19.09,0.0034926080651286433,0.003053040579001534
19.092,0.0034944233213023224,0.0030525403203017472
19.094,0.0034960214497017,0.0030520402121341434
19.096,0.003497400893194157,0.0030515402546108547
19.098,0.003498560513449613,0.003051040447843736
19.1,0.0034994994733799642,0.0030505407919443643
19.102,0.003500217085872184,0.003050041287024039
19.104,0.00350071265528524,0.003049541933193784
19.106,0.0035009853385817038,0.003049042730564348
19.108,0.003501034048210609,0.003048543679246203
19.11,0.0035008574100843176,0.0030480447793495495
19.112,0.0035004537791623208,0.003047546030984313
19.114,0.00349982130459924,0.003047047434260147
19.116,0.0034989580282958903,0.0030465489892864336
19.118,0.0034978619965243974,0.0030460506961722832
19.12,0.003496531364636527,0.003045552555026536
19.122,0.003494964479229796,0.003045054565957763
19.124,0.003493159929200333,0.0030445567290742657
19.126,0.0034911165650192578,0.003044059044484078
19.128,0.0034888334924646426,0.0030435615122949653
19.13,0.0034863100514581423,0.003043064132614428
19.132,0.003483545791846942,0.003042566905549699
19.134,0.0034805404560183527,0.003042069831207747
19.136,0.003477293973957046,0.0030415729096952746
19.138,0.003473806471048357,0.0030410761411187224
19.14,0.0034700782840152928,0.0030405795255842665
19.142,0.003466109977045079,0.0030400830631978214
19.144,0.00346190234912594,0.0030395867540650395
19.146,0.003457456424981761,0.0030390905982913123
19.148,0.003452773425309312,0.0030385945959817712
19.15,0.003447854716429268,0.003038098747241288
19.152,0.003442701743937865,0.003037603052174475
19.154,0.003437315958541167,0.0030371075108856873
19.156,0.0034316987442880318,0.003036612123479022
19.158,0.0034258513595813674,0.0030361168900583197
19.16,0.0034197748997174906,0.003035621810727165
19.162,0.003413470286673956,0.0030351268855888873
19.164,0.0034069382880341386,0.0030346321147465606
19.166,0.003400179562969318,0.0030341374983030057
19.168,0.0033931947297120573,0.00303364303636079
19.17,0.003385984446426813,0.0030331487290222287
19.172,0.0033785494961011244,0.0030326545763893842
19.174,0.003370890866121602,0.003032160578564069
19.176,0.0033630098144498,0.0030316667356478444
19.178,0.003354907916498332,0.003031173047742022
19.18,0.003346587089550793,0.0030306795149476645
19.182,0.003338049594449813,0.003030186137365586
19.184,0.003329298016896076,0.003029692915096354
19.186,0.0033203352327443305,0.003029199848240287
19.188,0.003311164362956489,0.003028706936897459
19.19,0.0033017887243247507,0.0030282141811676976
19.192,0.0032922117817862405,0.0030277215811505857
19.194,0.00328243710727723,0.0030272291369454617
19.196,0.0032724683488168198,0.0030267368486514208
19.198,0.0032623092120481426,0.003026244716367315
19.2,0.003251963454923298,0.003025752740191754
19.202,0.00324143489466924,0.003025260920223106
19.204,0.0032307274246553656,0.003024769256559499
19.206,0.0032198450373586165,0.00302427774929882
19.208,0.003208791848412126,0.0030237863985387173
19.21,0.0031975721159374733,0.0030232952043765995
19.212,0.0031861902492712124,0.003022804166909637
19.214,0.003174650802074843,0.003022313286234764
19.216,0.0031629584468265545,0.003021822562448677
19.218,0.003151117930781981,0.003021331995647836
19.22,0.0031391340173232375,0.0030208415859284657
19.222,0.0031270114205557576,0.0030203513333865568
19.224,0.0031147547442205844,0.0030198612381178653
19.226,0.0031023684375802744,0.0030193713002179133
19.228,0.0030898567802054664,0.003018881519781991
19.23,0.003077223904230091,0.0030183918969051557
19.232,0.003064473856907254,0.0030179024316822328
19.234,0.003051610699027779,0.003017413124207818
19.236,0.003038638627287857,0.0030169239745762764
19.238,0.003025562102575529,0.0030164349828817436
19.24,0.0030123859628505495,0.0030159461492181255
19.242,0.0029991154998243717,0.003015457473679101
19.244,0.0029857564832753334,0.003014968956358121
19.246,0.0029723151249627876,0.0030144805973484094
19.248,0.002958797984335746,0.003013992396742963
19.25,0.0029452118286297786,0.003013504354634555
19.252,0.002931563468433118,0.003013016471115732
19.254,0.0029178595946135954,0.0030125287462788165
19.256,0.0029041066425803163,0.0030120411802159078
19.258,0.00289031070511622,0.003011553773018882
19.26,0.0028764775063658105,0.003011066524779393
19.262,0.002862612438715224,0.003010579435588872
19.264,0.0028487206534151925,0.0030100925055385305
19.266,0.002834807187003425,0.0030096057347193585
19.268,0.0028208771005267096,0.0030091191232221267
19.27,0.0028069356080672376,0.003008632671137387
19.272,0.0027929881749876135,0.003008146378555471
19.274,0.0027790405735651255,0.0030076602455664948
19.276,0.002765098892589096,0.0030071742722603554
19.278,0.0027511695061078825,0.003006688458726734
19.28,0.0027372590130848736,0.003006202805055096
19.282,0.0027233741630757766,0.0030057173113346904
19.284,0.0027095217827760956,0.003005231977654552
19.286,0.0026957087148469523,0.003004746804103502
19.288,0.002681941774928421,0.0030042617907701475
19.29,0.002668227726701633,0.0030037769377428826
19.292,0.002654573269799603,0.0030032922451098897
19.294,0.002640985032493663,0.0030028077129591393
19.296,0.002627469561004661,0.003002323341378391
19.298,0.002614033299895552,0.0030018391304551936
19.3,0.002600682562510493,0.003001355080276887
19.302,0.002587423495580607,0.0030008711909306008
19.304,0.002574262046489851,0.0030003874625032572
19.306,0.002561203944027937,0.00299990389508157
19.308,0.0025482547029612216,0.0029994204887520454
19.31,0.002535419659304869,0.0029989372436009837
19.312,0.002522704037369172,0.0029984541597144784
19.314,0.0025101130426703772,0.0029979712371784183
19.316,0.002497651968179345,0.0029974884760784865
19.318,0.0024853262966773072,0.0029970058765001624
19.32,0.0024731417804047468,0.0029965234385287217
19.322,0.002461104481309071,0.002996041162249237
19.324,0.0024492207608220436,0.002995559047746579
19.326,0.002437497216268171,0.002995077095105416
19.328,0.0024259405701827067,0.002994595304410215
19.33,0.002414557527207777,0.0029941136757452433
19.332,0.0024033546191681507,0.002993632209194567
19.334,0.0023923380612231285,0.002993150904842054
19.336,0.0023815136402056437,0.002992669762771373
19.338,0.0023708866507861533,0.0029921887830659934
19.34,0.002360461887060017,0.002991707965809189
19.342,0.0023502436881561407,0.002991227311084035
19.344,0.0023402360282191847,0.0029907468189734115
19.346,0.0023304426350952492,0.0029902664895600016
19.348,0.0023208671191661217,0.0029897863229262937
19.35,0.0023115130942412128,0.0029893063191545823
19.352,0.0023023842757516756,0.002988826478326966
19.354,0.0022934845467028667,0.0029883468005253524
19.356,0.0022848179877009538,0.0029878672858314544
19.358,0.0022763888727095768,0.0029873879343267932
19.36,0.002268201636168337,0.0029869087460926984
19.362,0.002260260819327861,0.0029864297212103086
19.364,0.0022525710042056706,0.0029859508597605716
19.366,0.0022451367428691416,0.0029854721618242457
19.368,0.0022379624883941468,0.0029849936274819
19.37,0.0022310525323730465,0.0029845152568139135
19.372,0.00222441095260133,0.002984037049900479
19.374,0.0022180415736453548,0.0029835590068216
19.376,0.0022119479422473987,0.002983081127657094
19.378,0.002206133318707621,0.0029826034124865917
19.38,0.0022006006842756527,0.0029821258613895382
19.382,0.0021953527631199533,0.002981648474445193
19.384,0.0021903920557669507,0.002981171251732631
19.386,0.002185720879348326,0.0029806941933307432
19.388,0.0021813414089863646,0.0029802172993182363
19.39,0.002177255714551019,0.002979740569773635
19.392,0.0021734657880134738,0.002979264004775281
19.394,0.0021699735585930355,0.0029787876044013338
19.396,0.0021667808954581873,0.0029783113687297724
19.398,0.002163889600310322,0.0029778352978383944
19.4,0.0021613013941157153,0.0029773593918048175
19.402,0.002159017903053609,0.00297688365070648
19.404,0.0021570406481936553,0.0029764080746206407
19.406,0.002155371041636975,0.0029759326636243804
19.408,0.0021540103893216388,0.002975457417794602
19.41,0.0021529598980933647,0.00297498233720803
19.412,0.0021522206827018554,0.0029745074219412132
19.414,0.0021517937676674027,0.0029740326720705244
19.416,0.002151680079724657,0.0029735580876721597
19.418,0.0021518804286499668,0.002973083668822141
19.42,0.0021523954772229947,0.0029726094155963145
19.422,0.002153225704135851,0.0029721353280703533
19.424,0.0021543713660760883,0.002971661406319757
19.426,0.0021558324663569378,0.0029711876504198514
19.428,0.0021576087370359497,0.0029707140604457913
19.43,0.0021596996395081896,0.0029702406364725585
19.432,0.002162104385484472,0.0029697673785749642
19.434,0.00216482197670077,0.002969294286827649
19.436,0.002167851258363758,0.0029688213613050817
19.438,0.0021711909788470103,0.002968348602081564
19.44,0.0021748398469397428,0.002967876009231227
19.442,0.0021787965781837532,0.0029674035828280328
19.444,0.0021830599234279645,0.002966931322945777
19.446,0.002187628675399764,0.0029664592296580862
19.448,0.0021925016524237018,0.0029659873030384214
19.45,0.0021976776619381296,0.002965515543160076
19.452,0.002203155449681315,0.0029650439500961785
19.454,0.0022089336428739435,0.0029645725239196914
19.456,0.0022150106969980776,0.002964101264703413
19.458,0.0022213848555457144,0.0029636301725199767
19.46,0.0022280541302295734,0.002963159247441853
19.462,0.00223501630571297,0.002962688489541348
19.464,0.0022422689683311153,0.002962217898890607
19.466,0.0022498095532802,0.002961747475561611
19.468,0.0022576354003195805,0.002961277219626181
19.47,0.002265743805223329,0.0029608071311559765
19.472,0.002274132053908829,0.002960337210222496
19.474,0.0022827974288056247,0.0029598674568970785
19.476,0.0022917371824110423,0.0029593978712509033
19.478,0.002300948480210757,0.0029589284533549907
19.48,0.002310428322739272,0.0029584592032802027
19.482,0.002320173462747419,0.0029579901210972435
19.484,0.002330180336598111,0.0029575212068766597
19.486,0.0023404450280630758,0.0029570524606888408
19.488,0.002350963277480571,0.0029565838826040203
19.49,0.00236173054061558,0.0029561154726922756
19.492,0.002372742091284253,0.002955647231023529
19.494,0.0023839931521092176,0.0029551791576675475
19.496,0.0023954790308812327,0.0029547112526939444
19.498,0.0024071952375615924,0.0029542435161721793
19.5,0.0024191375596238,0.002953775948171558
19.502,0.0024313020807002345,0.002953308548761233
19.504,0.0024436851378231393,0.002952841318010206
19.506,0.0024562832237224703,0.0029523742559873266
19.508,0.0024690928503275033,0.002951907362761292
19.51,0.0024821103958974763,0.0029514406384006497
19.512,0.002495331960001501,0.0029509740829737965
19.514,0.0025087532478389376,0.00295050769654898
19.516,0.0025223694990605325,0.0029500414791942984
19.518,0.002536175467912492,0.002949575430977701
19.52,0.002550165453012752,0.0029491095519669883
19.522,0.002564333368013748,0.0029486438422298145
19.524,0.0025786728399011254,0.0029481783018336857
19.526,0.0025931773201053106,0.0029477129308459614
19.528,0.002607840194665526,0.002947247729333855
19.53,0.0026226548825966935,0.0029467826973644338
19.532,0.0026376149153656595,0.0029463178350046205
19.534,0.0026527139940511492,0.0029458531423211926
19.536,0.002667946023687008,0.0029453886193807834
19.538,0.002683305126189639,0.002944924266249883
19.54,0.0026987856342194166,0.0029444600829948374
19.542,0.0027143820686295543,0.0029439960696818505
19.544,0.002730089102196218,0.002943532226376984
19.546,0.0027459015124169715,0.002943068553146157
19.548,0.002761814126458148,0.0029426050500551484
19.55,0.002777821761791362,0.0029421417171695955
19.552,0.0027939191665100464,0.0029416785545549953
19.554,0.0028101009635332053,0.0029412155622767057
19.556,0.0028263616027097084,0.0029407527403999445
19.558,0.0028426953241707143,0.0029402900889897907
19.56,0.002859096135223213,0.0029398276081111854
19.562,0.002875557801821932,0.0029393652978289314
19.564,0.0028920738544358916,0.0029389031582076944
19.566,0.002908637607132268,0.002938441189312003
19.568,0.002925242188027825,0.002937979391206249
19.57,0.0029418805788786846,0.0029375177639546887
19.572,0.0029585456613663193,0.0029370563076214426
19.574,0.002975230267440731,0.0029365950222704964
19.576,0.0029919272307980713,0.002936133907965701
19.578,0.0030086294362155846,0.0029356729647707735
19.58,0.003025329863184606,0.002935212192749297
19.582,0.0030420216203070278,0.002934751591964722
19.584,0.003058697967478407,0.0029342911624803654
19.586,0.0030753523240859377,0.002933830904359413
19.588,0.003091978263208719,0.0029333708176649182
19.59,0.0031085694938009535,0.0029329109024598034
19.592,0.0031251198345736723,0.00293245115880686
19.594,0.0031416231842432175,0.0029319915867687487
19.596,0.003158073492608439,0.002931532186408001
19.598,0.003174464735482682,0.0029310729577870192
19.6,0.003190790894166136,0.0029306139009680756
19.602,0.0032070459375750306,0.0029301550160133146
19.604,0.0032232238032119708,0.002929696302984753
19.606,0.003239318372662413,0.0029292377619442793
19.608,0.003255323438684355,0.002928779392953655
19.61,0.003271232664122839,0.002928321196074516
19.612,0.003287039537118775,0.00292786317136837
19.614,0.0033027373312119255,0.0029274053188966015
19.616,0.003318319081598099,0.002926947638720467
19.618,0.003333777588844797,0.0029264901309011
19.62,0.0033491054582414992,0.0029260327954995094
19.622,0.003364295176932974,0.0029255756325765794
19.624,0.003379339223185605,0.0029251186421930713
19.626,0.003394230194323414,0.0029246618244096233
19.628,0.0034089609340097493,0.0029242051792867513
19.63,0.0034235246373040106,0.0029237487068848483
19.632,0.003437914914181444,0.002923292407264186
19.634,0.0034521257988085656,0.0029228362804849155
19.636,0.0034661517015851704,0.002922380326607066
19.638,0.003479987311759783,0.0029219245456905472
19.64,0.0034936274679358416,0.0029214689377951484
19.642,0.0035070670198949073,0.0029210135029805397
19.644,0.003520300706514241,0.002920558241306272
19.646,0.003533323070878911,0.002920103152831778
19.648,0.003546128425848278,0.002919648237616371
19.65,0.0035587108731098866,0.0029191934957192487
19.652,0.0035710643683872357,0.0029187389271994896
19.654,0.00358318281714425,0.0029182845321160562
19.656,0.0035950601804727363,0.002917830310527795
19.658,0.0036066905705892612,0.0029173762624934356
19.66,0.00361806831923749,0.0029169223880715924
19.662,0.0036291880091567086,0.002916468687320765
19.664,0.0036400444669598994,0.0029160151602993386
19.666,0.003650632723460652,0.0029155618070655833
19.668,0.0036609479531709214,0.002915108627677656
19.67,0.003670985407415686,0.0029146556221935995
19.672,0.0036807403550526752,0.0029142027906713447
19.674,0.003690208041607165,0.0029137501331687092
19.676,0.0036993836727033723,0.002913297649743399
19.678,0.0037082624222015536,0.0029128453404530076
19.68,0.0037168394605930186,0.0029123932053550182
19.682,0.0037251099958431825,0.0029119412445068027
19.684,0.0037330693174584565,0.0029114894579656226
19.686,0.0037407128350883012,0.0029110378457886297
19.688,0.0037480361050746887,0.0029105864080328655
19.69,0.003755034841406865,0.0029101351447552632
19.692,0.0037617049108323343,0.002909684056012647
19.694,0.003768042314806091,0.002909233141861732
19.696,0.0037740431631060572,0.0029087824023591273
19.698,0.003779703645115848,0.0029083318375613325
19.7,0.003785020004993949,0.0029078814475247414
19.702,0.003789988526372758,0.0029074312323056403
19.704,0.0037946055310717833,0.0029069811919602098
19.706,0.0037988673947551353,0.0029065313265445245
19.708,0.0038027705806318,0.002906081636114554
19.71,0.0038063116902487446,0.0029056321207261617
19.712,0.0038094875282020965,0.0029051827804351077
19.714,0.0038122951752849045,0.0029047336152970473
19.716,0.0038147320624053425,0.002904284625367532
19.718,0.0038167960358821123,0.0029038358107020103
19.72,0.0038184854038878246,0.0029033871713558274
19.722,0.0038197989543041363,0.0029029387073842257
19.724,0.0038207359363885214,0.002902490418842346
19.726,0.0038212960024827016,0.0029020423057852266
19.728,0.0038214791112193194,0.0029015943682678055
19.73,0.0038212853996337517,0.0029011466063449186
19.732,0.0038207150373010213,0.002900699020071302
19.734,0.0038197680800087725,0.002900251609501591
19.736,0.003818444342563829,0.002899804374690322
19.738,0.0038167433094613164,0.002899357315691931
19.74,0.0038146640981773514,0.0028989104325607556
19.742,0.0038122054832149385,0.002898463725351035
19.744,0.0038093659807034172,0.0028980171941169093
19.746,0.003806143984652381,0.002897570838912422
19.748,0.0038025379383319464,0.0028971246597915188
19.75,0.0037985465189724447,0.0028966786568080482
19.752,0.003794168811932126,0.0028962328300157617
19.754,0.003789404452002651,0.002895787179468315
19.756,0.0037842537143470377,0.0028953417052192685
19.758,0.0037787175449065635,0.002894896407322086
19.76,0.003772797528809112,0.0028944512858301366
19.762,0.003766495804030864,0.0028940063407966953
19.764,0.0037598149350099963,0.002893561572274942
19.766,0.003752757766016514,0.002893116980317964
19.768,0.003745327276136373,0.002892672564978753
19.77,0.0037375264564730513,0.002892228326310209
19.772,0.003729358225824811,0.002891784264365139
19.774,0.0037208253943336327,0.0028913403791962573
19.776,0.003711930676476297,0.0028908966708561866
19.778,0.003702676746573228,0.0028904531393974574
19.78,0.003693066323089651,0.0028900097848725097
19.782,0.0036831022636042267,0.0028895666073336917
19.784,0.003672787651258223,0.002889123606833262
19.786,0.0036621258560430216,0.002888680783423388
19.788,0.003651120560039557,0.0028882381371561484
19.79,0.0036397757436380167,0.002887795668083532
19.792,0.003628095638293588,0.0028873533762574385
19.794,0.0036160846587563688,0.0028869112617296794
19.796,0.0036037473323451918,0.0028864693245519773
19.798,0.0035910882436258063,0.0028860275647759675
19.8,0.0035781120095103357,0.0028855859824531973
19.802,0.003564823292930643,0.002885144577635127
19.804,0.003551226854289761,0.0028847033503731296
19.806,0.003537327630826446,0.002884262300718493
19.808,0.0035231308269036876,0.0028838214287224173
19.81,0.0035086419947422507,0.002883380734436018
19.812,0.003493867086172075,0.0028829402179103253
19.814,0.0034788124614615456,0.0028824998791962837
19.816,0.003463484850080195,0.0028820597183447537
19.818,0.003447891268452054,0.002881619735406511
19.82,0.0034320389091084375,0.002881179930432248
19.822,0.003415935022056316,0.0028807403034725727
19.824,0.0033995868111932966,0.002880300854578011
19.826,0.003383001365748342,0.002879861583799005
19.828,0.0033661856396227053,0.0028794224911859144
19.83,0.003349146481701182,0.0028789835767890175
19.832,0.0033318907098418005,0.0028785448406585105
19.834,0.003314425212570804,0.0028781062828445074
19.836,0.0032967570573500184,0.0028776679033970425
19.838,0.0032788935836798017,0.002877229702366068
19.84,0.003260842463274253,0.0028767916798014565
19.842,0.0032426117171179087,0.0028763538357530006
19.844,0.003224209688649144,0.002875916170270413
19.846,0.0032056449815214896,0.002875478683403327
19.848,0.003186926377384215,0.0028750413752012967
19.85,0.003168062752452733,0.0028746042457137985
19.852,0.0031490630106992537,0.0028741672949902297
19.854,0.0031299360466243518,0.0028737305230799094
19.856,0.0031106907429565853,0.00287329393003208
19.858,0.0030913360000265756,0.002872857515895906
19.86,0.003071880785902575,0.002872421280720475
19.862,0.003052334191346406,0.0028719852245547984
19.864,0.0030327054723289434,0.002871549347447811
19.866,0.003013004065497428,0.002871113649448372
19.868,0.0029932395679987947,0.0028706781306052642
19.87,0.002973421681107339,0.0028702427909671965
19.872,0.002953560125421391,0.0028698076305828015
19.874,0.002933664542179487,0.0028693726495006384
19.876,0.002913744399044873,0.0028689378477691914
19.878,0.0028938089187104795,0.002868503225436871
19.88,0.002873867044899384,0.0028680687825520146
19.882,0.0028539274535972444,0.0028676345191628854
19.884,0.0028339986090855237,0.0028672004353176746
19.886,0.0028140888562750562,0.0028667665310645003
19.888,0.0027942065345997243,0.0028663328064514088
19.89,0.0027743600955072176,0.002865899261526374
19.892,0.0027545582058644876,0.002865465896337298
19.894,0.0027348098230926283,0.0028650327109320125
19.896,0.002715124233592323,0.0028645997053582777
19.898,0.002695511052632645,0.002864166879663783
19.9,0.002675980189893854,0.002863734233896148
19.902,0.0026565417890987296,0.0028633017681029215
19.904,0.002637206151997648,0.002862869482331584
19.906,0.002617983656405938,0.0028624373766295455
19.908,0.002598884675641294,0.0028620054510441473
19.91,0.002579919503570755,0.0028615737056226624
19.912,0.0025610982866280316,0.0028611421404122948
19.914,0.0025424309624554197,0.0028607107554601808
19.916,0.002523927204653207,0.0028602795508133887
19.918,0.0025055963743348996,0.0028598485265189195
19.92,0.0024874474811613125,0.002859417682623707
19.922,0.0024694891583636677,0.0028589870191746184
19.924,0.0024517296570770266,0.0028585565362184546
19.926,0.0024341768644836506,0.0028581262338019495
19.928,0.0024168383476773758,0.002857696111971772
19.93,0.0023997214212032785,0.0028572661707745245
19.932,0.0023828332317390485,0.0028568364102567454
19.934,0.002366180849438664,0.002856406830464907
19.936,0.002349771353081398,0.0028559774314454176
19.938,0.0023336118960820746,0.0028555482132446206
19.94,0.002317709742844847,0.0028551191759087964
19.942,0.0023020722695405757,0.0028546903194841605
19.944,0.002286706929315678,0.0028542616440168653
19.946,0.002271621188040637,0.0028538331495530007
19.948,0.002256822441755736,0.002853404836138593
19.95,0.002242317929949648,0.002852976703819607
19.952,0.002228114659109144,0.002852548752641944
19.954,0.00221421934854636,0.0028521209826514442
19.956,0.0022006384058401124,0.002851693393893886
19.958,0.0021873779332670937,0.002851265986414986
19.96,0.0021744437605513652,0.0028508387602604007
19.962,0.002161841494342256,0.0028504117154757253
19.964,0.002149576572021872,0.0028499848521064946
19.966,0.0021376543072847997,0.002849558170198183
19.968,0.0021260799174164235,0.002849131669796206
19.97,0.0021148585267538747,0.002848705350945918
19.972,0.0021039951464331456,0.0028482792136926157
19.974,0.0020934946359547697,0.0028478532580815358
19.976,0.0020833616561128352,0.0028474274841578566
19.978,0.0020736006245038034,0.002847001891966698
19.98,0.0020642156837540593,0.002846576481553122
19.982,0.0020552106890066695,0.0028461512529621325
19.984,0.0020465892159244026,0.0028457262062386757
19.986,0.002038354584777197,0.002845301341427641
19.988,0.002030509891527292,0.002844876658573861
19.99,0.002023058034459672,0.0028444521577221105
19.992,0.0020160017255816693,0.002844027838917109
19.994,0.002009343479760724,0.002843603702203519
19.996,0.002003085580623824,0.0028431797476259485
19.998,0.0019972300291964656,0.0028427559752289486
20.0,0.001991778487357578,0.0028423323850570153
20.002,0.0019867322317464278,0.00284190897715459
20.004,0.00198209213360179,0.0028414857515660593
20.006,0.001977858675808247,0.002841062708335755
20.008,0.001974032010830962,0.0028406398475079556
20.01,0.0019706120538072252,0.0028402171691268843
20.012,0.001967598595981547,0.002839794673236712
20.014,0.0019649914171644993,0.0028393723598815553
20.016,0.0019627903737488364,0.0028389502291054783
20.018,0.0019609954418881607,0.002838528280952492
20.02,0.0019596067033949404,0.002838106515466555
20.022,0.001958624273224119,0.002837684932691573
20.024,0.0019580481796697556,0.0028372635326714005
20.026,0.001957878218864701,0.0028368423154498403
20.028,0.001958113811377963,0.002836421281070643
20.03,0.0019587538890840795,0.002836000429577508
20.032,0.001959796834760256,0.0028355797610140846
20.034,0.001961240486170573,0.002835159275423971
20.036,0.0019630822030119663,0.0028347389728507143
20.038,0.0019653189819669537,0.002834318853337813
20.04,0.0019679475951507363,0.002833898916928714
20.042,0.001970964722673944,0.002833479163666815
20.044,0.0019743670518584245,0.0028330595935954655
20.046,0.0019781513233870325,0.0028326402067579645
20.048,0.0019823143165435104,0.0028322210031975622
20.05,0.001986852779000913,0.002831801982957461
20.052,0.001991763318371366,0.002831383146080815
20.054,0.0019970422803828342,0.0028309644926107287
20.056,0.002002685640546349,0.0028305460225902606
20.058,0.0020086889322957395,0.0028301277360624206
20.06,0.0020150472259334315,0.0028297096330701715
20.062,0.002021755161438678,0.002829291713656429
20.064,0.0020288070269152366,0.002828873977864062
20.066,0.002036196865657432,0.0028284564257358927
20.068,0.0020439185902702156,0.002828039057314697
20.07,0.0020519660826846513,0.002827621872643205
20.072,0.002060333263788319,0.0028272048717641
20.074,0.0020690141242830067,0.0028267880547200213
20.076,0.0020780027172655163,0.0028263714215535614
20.078,0.00208729312082357,0.0028259549723072684
20.08,0.0020968793840128465,0.002825538707023645
20.082,0.002106755471078282,0.0028251226257451504
20.084,0.002116915216763466,0.002824706728514198
20.086,0.0021273523008816615,0.002824291015373158
20.088,0.002138060244389434,0.0028238754863643568
20.09,0.002149032423533161,0.002823460141530076
20.092,0.002160262094514514,0.0028230449809125554
20.094,0.0021717424193145613,0.0028226300045539904
20.096,0.002183466483961641,0.002822215212496534
20.098,0.0021954273031762786,0.0028218006047822965
20.1,0.002207617809125376,0.0028213861814533454
20.102,0.0022200308259705094,0.0028209719425517058
20.104,0.002232659035115794,0.0028205578881193615
20.106,0.002245494937962343,0.0028201440181982542
20.108,0.002258530823359432,0.0028197303328302836
20.11,0.002271758745974551,0.002819316832057309
20.112,0.0022851705199045088,0.002818903515921148
20.114,0.0022987577295466455,0.002818490384463577
20.116,0.002312511757518313,0.002818077437726333
20.118,0.002326423827584731,0.0028176646757511114
20.12,0.002340485059259698,0.002817252098579568
20.122,0.0023546865299431423,0.002816839706253318
20.124,0.0023690193400150226,0.0028164274988139383
20.126,0.002383474676067279,0.002816015476302965
20.128,0.0023980438673425566,0.0028156036387618952
20.13,0.0024127184304852025,0.0028151919862321874
20.132,0.0024274900980243044,0.0028147805187552608
20.134,0.0024423508267773057,0.002814369236372496
20.136,0.0024572927837362276,0.0028139581391252357
20.138,0.002472308309022787,0.002813547227054784
20.14,0.002487389858055301,0.0028131365002024068
20.142,0.002502529927867588,0.002812725958609333
20.144,0.0025177209751268467,0.002812315602316753
20.146,0.002532955335322979,0.002811905431365821
20.148,0.002548225153402941,0.0028114954457976534
20.15,0.002563522335505802,0.00281108564565333
20.152,0.0025788385293540913,0.002810676030973894
20.154,0.0025941651374716645,0.0028102666018003514
20.156,0.0026094933631651976,0.002809857358173673
20.158,0.0026248142847336876,0.0028094483001347924
20.16,0.0026401189493321106,0.002809039427724609
20.162,0.0026553984749382305,0.002808630740983985
20.164,0.002670644147434507,0.0028082222399537483
20.166,0.002685847500174472,0.0028078139246746907
20.168,0.0027010003655551923,0.0028074057951875697
20.17,0.0027160948918103943,0.002806997851533108
20.172,0.0027311235230004474,0.0028065900937519926
20.174,0.002746078945374847,0.0028061825218848777
20.176,0.0027609540082046565,0.002805775135972382
20.178,0.0027757416311106607,0.0028053679360550915
20.18,0.0027904347122241118,0.002804960922173557
20.182,0.002805026051771867,0.002804554094368297
20.184,0.0028195083037065778,0.002804147452679796
20.186,0.0028338739639691764,0.0028037409971485047
20.188,0.002848115398387974,0.002803334727814842
20.19,0.0028622249069152937,0.0028029286447191935
20.192,0.0028761948149104094,0.0028025227479019123
20.194,0.002890017577568808,0.0028021170374033185
20.196,0.0029036858812725437,0.0028017115132637008
20.198,0.002917192726129045,0.0028013061755233154
20.2,0.0029305314772886514,0.002800901024222387
20.202,0.002943695878230152,0.002800496059401108
20.204,0.002956680026029232,0.0028000912810996403
20.206,0.002969478315326547,0.002799686689358114
20.208,0.002982085362924292,0.0027992822842166283
20.21,0.0029944959275878505,0.002798878065715251
20.212,0.003006704839189419,0.0027984740338940195
20.214,0.003018706947971325,0.0027980701887929415
20.216,0.0030304970992705797,0.0027976665304519934
20.218,0.0030420701328580427,0.002797263058911122
20.22,0.0030534209006028794,0.0027968597742102433
20.222,0.003064544292775944,0.0027964566763892446
20.224,0.0030754352627317206,0.002796053765487983
20.226,0.0030860888420096303,0.0027956510415462865
20.228,0.003096500142380687,0.0027952485046039534
20.23,0.0031066643467740807,0.002794846154700753
20.232,0.0031165766958449223,0.0027944439918764267
20.234,0.0031262324798331754,0.002794042016170686
20.236,0.0031356270454663627,0.002793640227623214
20.238,0.0031447558248632055,0.0027932386262736666
20.24,0.0031536143883605363,0.00279283721216167
20.242,0.003162198517170049,0.0027924359853268234
20.244,0.0031705042863042665,0.0027920349458086975
20.246,0.0031785281446904613,0.0027916340936468362
20.248,0.0031862669787182376,0.0027912334288807553
20.25,0.003193718147819138,0.0027908329515499435
20.252,0.003200879485474465,0.0027904326616938623
20.254,0.0032077492651242543,0.0027900325593519463
20.256,0.0032143261363761556,0.002789632644563603
20.258,0.0032206090413757827,0.002789232917368213
20.26,0.003226597123343857,0.002788833377805132
20.262,0.003232289638900553,0.0027884340259136872
20.264,0.003237685883331948,0.0027880348617331813
20.266,0.003242785134330808,0.0027876358853028906
20.268,0.003247586616061567,0.002787237096662065
20.27,0.0032520894825983394,0.0027868384958499295
20.272,0.0032562928183794706,0.002786440082905683
20.274,0.0032601956532894963,0.0027860418578684993
20.276,0.0032637969908116946,0.0027856438207775275
20.278,0.0032670958486116976,0.002785245971671891
20.28,0.003270091311156155,0.002784848310590688
20.282,0.0032727825930804573,0.002784450837572993
20.284,0.0032751691100139937,0.002784053552657856
20.286,0.0032772505509678232,0.0027836564558843015
20.288,0.0032790269440517977,0.0027832595472913305
20.29,0.003280498706164401,0.0027828628269179197
20.292,0.003281666668101099,0.0027824662948030218
20.294,0.0032825320694854,0.002782069950985566
20.296,0.0032830965226574916,0.002781673795504458
20.298,0.003283361950221801,0.0027812778283985793
20.3,0.0032833305060863257,0.0027808820497067887
20.302,0.0032830044932440124,0.0027804864594679216
20.304,0.0032823862923126103,0.00278009105772079
20.306,0.0032814783126321858,0.002779695844504184
20.308,0.003280282972909273,0.00277930081985687
20.31,0.0032788027120290047,0.002778905983817592
20.312,0.003277040024173848,0.0027785113364250714
20.314,0.0032749975072835598,0.002778116877718008
20.316,0.003272677911349523,0.0027777226077350782
20.318,0.003270084173637306,0.002777328526514938
20.32,0.003267219431517904,0.00277693463409622
20.322,0.003264087009304961,0.0027765409305175355
20.324,0.003260690382003559,0.0027761474158174747
20.326,0.003257033124675279,0.0027757540900346057
20.328,0.0032531188598995432,0.0027753609532074753
20.33,0.003248951216732653,0.0027749680053746097
20.332,0.0032445338124563656,0.002774575246574513
20.334,0.0032398702637587914,0.0027741826768456694
20.336,0.003234964227823898,0.0027737902962265415
20.338,0.003229819467432482,0.0027733981047555717
20.34,0.0032244399289044208,0.0027730061024711814
20.342,0.003218829818573034,0.0027726142894117724
20.344,0.0032129936630535256,0.0027722226656157253
20.346,0.0032069363408809173,0.002771831231121401
20.348,0.003200663077673305,0.0027714399859671405
20.35,0.003194179402967335,0.0027710489301912646
20.352,0.0031874910732158815,0.0027706580638320742
20.354,0.003180603971068789,0.002770267386927851
20.356,0.0031735239950805056,0.002769876899516857
20.358,0.0031662569557981256,0.0027694866016373344
20.36,0.0031588084935389774,0.002769096493327507
20.362,0.0031511840301963676,0.002768706574625578
20.364,0.0031433887625813613,0.0027683168455697334
20.366,0.003135427698837414,0.0027679273061981388
20.368,0.0031273057332306814,0.0027675379565489417
20.37,0.0031190277490321344,0.002767148796660271
20.372,0.0031105987350890916,0.0027667598265702364
20.374,0.003102023899646912,0.00276637104631693
20.376,0.003093308765336198,0.002765982455938425
20.378,0.003084459231941379,0.0027655940554727767
20.38,0.003075481598198647,0.0027652058449580217
20.382,0.0030663825397173406,0.0027648178244321794
20.384,0.003057169046255652,0.0027644299939332505
20.386,0.003047848327043967,0.002764042353499219
20.388,0.0030384276967870033,0.0027636549031680503
20.39,0.003028914456816403,0.0027632676429776926
20.392,0.0030193157854114805,0.002762880572966077
20.394,0.003009638648776758,0.002762493693171117
20.396,0.0029998897401440744,0.002762107003630708
20.398,0.002990075449785561,0.0027617205043827297
20.4,0.0029802018642806445,0.0027613341954650446
20.402,0.0029702747899569386,0.0027609480769154975
20.404,0.0029602997935247273,0.002760562148771917
20.406,0.002950282252670236,0.0027601764110721148
20.408,0.00294022741050366,0.002759790863853886
20.41,0.002930140429710299,0.0027594055071550093
20.412,0.002920026444317539,0.002759020341013247
20.414,0.0029098906085088467,0.0027586353654663453
20.416,0.002899738142453428,0.002758250580552034
20.418,0.002889574374589044,0.002757865986308026
20.42,0.002879404778476424,0.00275748158277202
20.422,0.0028692350007985994,0.002757097369981697
20.424,0.002859070875994796,0.002756713347974724
20.426,0.002848918422989701,0.0027563295167887508
20.428,0.0028387838208238417,0.002755945876461412
20.43,0.0028286733626313124,0.0027555624270303265
20.432,0.002818593390867702,0.0027551791685330985
20.434,0.002808550220192644,0.002754796101007316
20.436,0.0027985500570987323,0.0027544132244905527
20.438,0.002788598926535287,0.0027540305390203663
20.44,0.0027787026150375236,0.0027536480446342993
20.442,0.0027688666373301735,0.0027532657413698804
20.444,0.0027590962295648597,0.002752883629264622
20.446,0.0027493963681069255,0.002752501708356023
20.448,0.002739771809020534,0.002752119978681566
20.45,0.00273022714085471,0.0027517384402787203
20.452,0.002720766842397061,0.00275135709318494
20.454,0.0027113953376906416,0.0027509759374376654
20.456,0.002702117042374567,0.0027505949730743215
20.458,0.0026929363976596916,0.0027502142001323195
20.46,0.0026838578903333036,0.0027498336186490566
20.462,0.0026748860586508095,0.002749453228661915
20.464,0.0026660254846931014,0.0027490730302082637
20.466,0.002657280773957728,0.002748693023325457
20.468,0.002648656523044226,0.0027483132080508357
20.47,0.002640157276756255,0.002747933584421727
20.472,0.002631787477069508,0.0027475541524754434
20.474,0.002623551408175892,0.002747174912249285
20.476,0.0026154531438229585,0.002746795863780537
20.478,0.002607496504756657,0.002746417007106472
20.48,0.002599685034505446,0.002746038342264348
20.482,0.0025920220004337505,0.002745659869291411
20.484,0.002584510423751766,0.002745281588224893
20.486,0.0025771531373153665,0.0027449034991020122
20.488,0.002569952864409618,0.0027445256019599743
20.49,0.0025629123064590752,0.002744147896835972
20.492,0.0025560342240163463,0.002743770383767184
20.494,0.0025493214945025,0.0027433930627907767
20.496,0.0025427771325685702,0.0027430159339439037
20.498,0.0025364042645084125,0.002742638997263705
20.5,0.002530206056068329,0.0027422622527873085
20.502,0.0025241856018805775,0.002741885700551829
20.504,0.002518345792893217,0.0027415093405943687
20.506,0.002512689183895868,0.002741133172952017
20.508,0.0025072178852401285,0.0027407571976618508
20.51,0.002501933500471988,0.0027403814147609344
20.512,0.0024968371249984964,0.0027400058242863204
20.514,0.002491929411093817,0.0027396304262750477
20.516,0.00248721069317157,0.002739255220764144
20.518,0.0024826811563434274,0.0027388802077906236
20.52,0.002478341022880798,0.0027385053873914896
20.522,0.002474190726937238,0.0027381307596037324
20.524,0.0024702310486974573,0.0027377563244643304
20.526,0.0024664631850039183,0.0027373820820102497
20.528,0.0024628887435419384,0.002737008032278445
20.53,0.0024595096601216053,0.0027366341753058583
20.532,0.0024563280512861344,0.0027362605111294195
20.534,0.0024533460251438648,0.0027358870397860475
20.536,0.0024505654800670786,0.002735513761312649
20.538,0.0024479879225514523,0.0027351406757461184
20.54,0.002445614331850595,0.002734767783123339
20.542,0.002443445090734976,0.002734395083481182
20.544,0.002441479990436856,0.0027340225768565075
20.546,0.002439718305603077,0.002733650263286163
20.548,0.002438158924059538,0.0027332781428069854
20.55,0.0024368005082618773,0.0027329062154557997
20.552,0.002435641661689301,0.0027325344812694193
20.554,0.0024346810745206745,0.0027321629402846464
20.556,0.0024339176282325166,0.0027317915925382714
20.558,0.0024333504470770467,0.0027314204380670735
20.56,0.002432978894069974,0.002731049476907821
20.562,0.002432802518358448,0.0027306787090972703
20.564,0.002432820968069498,0.0027303081346721665
20.566,0.002433033886860518,0.0027299377536692438
20.568,0.0024334408129496744,0.0027295675661252253
20.57,0.0024340410966189534,0.0027291975720768226
20.572,0.002434833846871315,0.0027288277715607364
20.574,0.0024358179113047355,0.002728458164613656
20.576,0.002436991886714756,0.00272808875127226
20.578,0.0024383541527163042,0.002727719531573216
20.58,0.0024399029177028264,0.00272735050555318
20.582,0.00244163626614393,0.0027269816732487977
20.584,0.0024435521983898274,0.002726613034696703
20.586,0.0024456486581014977,0.00272624458993352
20.588,0.0024479235470826082,0.002725876338995861
20.59,0.002450374731433339,0.002725508281920327
20.592,0.002453000045498348,0.00272514041874351
20.594,0.002455797300348648,0.0027247727495019894
20.596,0.00245876430141057,0.0027244052742323344
20.598,0.0024618988758517524,0.0027240379929711032
20.6,0.002465198905516924,0.0027236709057548436
20.602,0.002468662356945907,0.002723304012620092
20.604,0.0024722872976503,0.002722937313603375
20.606,0.0024760718883443,0.0027225708087412074
20.608,0.0024800143445186875,0.002722204498070094
20.61,0.0024841128670954355,0.0027218383816265293
20.612,0.002488365549614882,0.0027214724594469956
20.614,0.0024927702766781583,0.002721106731567966
20.616,0.002497324633281269,0.0027207411980259026
20.618,0.002502025845682902,0.0027203758588572563
20.62,0.0025068707707975625,0.002720010714098468
20.622,0.0025118559431015434,0.0027196457637859678
20.624,0.0025169776770694817,0.002719281007956175
20.626,0.002522232211438632,0.002718916446645498
20.628,0.002527615871706278,0.0027185520798903356
20.63,0.0025331252215562198,0.0027181879077270753
20.632,0.002538757173943214,0.002717823930192094
20.634,0.0025445090386962844,0.0027174601473217586
20.636,0.0025503784947481954,0.0027170965591524245
20.638,0.002556363489299175,0.002716733165720437
20.64,0.002562462080492279,0.002716369967062132
20.642,0.002568672251531038,0.0027160069632138325
20.644,0.0025749917301831388,0.0027156441542118526
20.646,0.002581417846965508,0.0027152815400924954
20.648,0.002587947458073782,0.0027149191208920534
20.65,0.0025945769467620172,0.0027145568966468084
20.652,0.0026013023019181864,0.002714194867393032
20.654,0.002608119258054849,0.002713833033166985
20.656,0.0026150234697408167,0.0027134713940049175
20.658,0.0026220106878025685,0.0027131099499430695
20.66,0.0026290769054135147,0.0027127487010176698
20.662,0.0026362184491198364,0.002712387647264937
20.664,0.0026434320013519297,0.002712026788721079
20.666,0.002650714554612422,0.0027116661254222934
20.668,0.002658063310547302,0.0027113056574047663
20.67,0.0026654755469644117,0.002710945384704674
20.672,0.0026729484807566438,0.0027105853073581825
20.674,0.0026804791538676603,0.0027102254254014455
20.676,0.0026880643633186005,0.002709865738870608
20.678,0.002695700646339486,0.002709506247801803
20.68,0.0027033843199712245,0.002709146952231153
20.682,0.0027111115635330978,0.0027087878521947703
20.684,0.0027188785242640407,0.0027084289477287563
20.686,0.0027266814227705624,0.0027080702388692013
20.688,0.0027345166362315355,0.0027077117256521853
20.69,0.0027423807431670457,0.0027073534081137776
20.692,0.0027502705225996727,0.002706995286290036
20.694,0.0027581829106194367,0.002706637360217008
20.696,0.002766114926505751,0.0027062796299307306
20.698,0.0027740635867206415,0.002705922095467229
20.7,0.0027820258269980734,0.0027055647568625186
20.702,0.002789998450091262,0.0027052076141526027
20.704,0.002797978110187042,0.0027048506673734746
20.706,0.002805961336101234,0.002704493916561116
20.708,0.002813944586194042,0.0027041373617514987
20.71,0.002821924320606004,0.0027037810029805825
20.712,0.002829897072602259,0.0027034248402843164
20.714,0.002837859501393116,0.002703068873698638
20.716,0.002845808413618342,0.0027027131032594746
20.718,0.0028537407485881203,0.002702357529002742
20.72,0.0028616535314832537,0.0027020021509643445
20.722,0.0028695438068563196,0.002701646969180176
20.724,0.0028774085699911594,0.002701291983686118
20.726,0.00288524471470352,0.002700937194518042
20.728,0.0028930490127223544,0.002700582601711807
20.73,0.002900818132656879,0.002700228205303262
20.732,0.002908548697377209,0.002699874005328244
20.734,0.002916237369540347,0.002699520001822578
20.736,0.0029238809480760753,0.0026991661948220784
20.738,0.002931476455286078,0.002698812584362548
20.74,0.0029390211954998737,0.0026984591704797777
20.742,0.0029465127716447334,0.002698105953209547
20.744,0.0029539490543719024,0.002697752932587624
20.746,0.0029613281076799323,0.0026974001086497654
20.748,0.002968648083275228,0.002697047481431715
20.75,0.0029759071015021607,0.002696695050969206
20.752,0.0029831031385402574,0.0026963428172979602
20.754,0.002990233937549419,0.002695990780453686
20.756,0.0029972969562486163,0.0026956389404720815
20.758,0.0030042893563652614,0.002695287297388832
20.76,0.0030112080330972797,0.002694935851239611
20.762,0.00301804967668063,0.0026945846020600805
20.764,0.0030248108544024543,0.0026942335498858897
20.766,0.0030314881003561393,0.002693882694752676
20.768,0.0030380780016498066,0.0026935320366960644
20.77,0.0030445772728794934,0.0026931815757516684
20.772,0.0030509828144173762,0.0026928313119550886
20.774,0.0030572917534200566,0.0026924812453419135
20.776,0.003063501468693082,0.002692131375947719
20.778,0.003069609601360362,0.002691781703808069
20.78,0.003075614052858295,0.0026914322289585146
20.782,0.00308151297065866,0.0026910829514345943
20.784,0.00308730472105478,0.002690733871271834
20.786,0.0030929878480013234,0.002690384988505747
20.788,0.003098561017798348,0.0026900363031718342
20.79,0.0031040229513806905,0.002689687815305583
20.792,0.0031093723487316577,0.002689339524942469
20.794,0.0031146078127858965,0.0026889914321179538
20.796,0.003119727782287542,0.0026886435368674863
20.798,0.003124730483685955,0.0026882958392265032
20.8,0.003129613910832739,0.002687948339230427
20.802,0.0031343758379777653,0.002687601036914668
20.804,0.0031390138667948576,0.002687253932314622
20.806,0.0031435255027349655,0.0026869070254656726
20.808,0.0031479082509459004,0.00268656031640319
20.81,0.003152159718337923,0.0026862138051625298
20.812,0.0031562777068926753,0.0026858674917790357
20.814,0.003160260284368126,0.002685521376288037
20.816,0.0031641058220071177,0.002685175458724849
20.818,0.0031678129941026473,0.002684829739124774
20.82,0.0031713807403568905,0.0026844842175231002
20.822,0.0031748081977972273,0.002684138893955102
20.824,0.003178094613556017,0.00268379376845604
20.826,0.0031812392523238495,0.0026834488410611597
20.828,0.0031842413123898132,0.002683104111805694
20.83,0.003187099861970508,0.002682759580724861
20.832,0.0031898138034890384,0.002682415247853864
20.834,0.0031923818683774474,0.0026820711132278926
20.836,0.0031948026397575595,0.0026817271768821223
20.838,0.00319707459590232,0.0026813834388517135
20.84,0.0031991961644147826,0.002681039899171812
20.842,0.0032011657760292428,0.0026806965578775495
20.844,0.0032029819079481725,0.0026803534150040423
20.846,0.003204643109443177,0.0026800104705863924
20.848,0.0032061480065356898,0.002679667724659686
20.85,0.003207495287181838,0.002679325177258996
20.852,0.0032086836726712216,0.002678982828419378
20.854,0.0032097118840993433,0.0026786406781758748
20.856,0.0032105786141583717,0.002678298726563512
20.858,0.0032112825137768264,0.002677956973617301
20.86,0.0032118222003717813,0.002677615419372237
20.862,0.0032121962901046595,0.0026772740638633
20.864,0.003212403451344442,0.0026769329071254545
20.866,0.003212442471549174,0.0026765919491936498
20.868,0.003212312326017216,0.002676251190102818
20.87,0.0032120122352921224,0.0026759106298878768
20.872,0.003211541698913458,0.0026755702685837264
20.874,0.00321090049667331,0.002675230106225252
20.876,0.0032100886540109997,0.0026748901428473226
20.878,0.003209106374657324,0.0026745503784847903
20.88,0.003207953949860633,0.0026742108131724914
20.882,0.003206631658223461,0.002673871446945245
20.884,0.0032051396723471663,0.002673532279837855
20.886,0.003203477987609024,0.0026731933118851066
20.888,0.003201646384581903,0.0026728545431217703
20.89,0.0031996444305561933,0.002672515973582598
20.892,0.003197471518517357,0.002672177603302326
20.894,0.003195126935175442,0.0026718394323156725
20.896,0.003192609944580568,0.002671501460657339
20.898,0.0031899198714892495,0.0026711636883620087
20.9,0.0031870561694164754,0.0026708261154643493
20.902,0.0031840184620201832,0.0026704887419990095
20.904,0.0031808065523191236,0.002670151568000621
20.906,0.00317742040101431,0.0026698145935037973
20.908,0.0031738600814644586,0.0026694778185431347
20.91,0.003170125723374219,0.002669141243153211
20.912,0.0031662174590862827,0.002668804867368586
20.914,0.0031621353851903596,0.0026684686912238015
20.916,0.003157879548270194,0.0026681327147533808
20.918,0.0031534499578737647,0.0026677969379918292
20.92,0.003148846623467972,0.0026674613609736332
20.922,0.0031440696066113417,0.0026671259837332604
20.924,0.003139119076057597,0.0026667908063051603
20.926,0.00313399535277448,0.002666455828723763
20.928,0.003128698934095349,0.0026661210510234797
20.93,0.0031232304909311623,0.002665786473238703
20.932,0.0031175908381057427,0.002665452095403805
20.934,0.0031117808840419306,0.0026651179175531405
20.936,0.003105801570795104,0.0026647839397210427
20.938,0.0030996538176715684,0.0026644501619418268
20.94,0.003093338480824386,0.0026641165842497872
20.942,0.003086856337454232,0.0026637832066791992
20.944,0.003080208097429632,0.002663450029264318
20.946,0.0030733944386736518,0.0026631170520393785
20.948,0.003066416057129341,0.0026627842750385953
20.95,0.003059273718906227,0.0026624516982961632
20.952,0.003051968302164787,0.002662119321846256
20.954,0.003044500819468046,0.002661787145723027
20.956,0.0030368724169432806,0.0026614551699606095
20.958,0.003029084353216673,0.0026611233945931147
20.96,0.0030211379669610777,0.002660791819654634
20.962,0.003013034645416397,0.002660460445179237
20.964,0.003004775806349265,0.0026601292712009725
20.966,0.0029963629024221377,0.0026597982977538672
20.968,0.0029877974506022317,0.002659467524871927
20.97,0.00297908108161382,0.002659136952589136
20.972,0.002970215597505194,0.0026588065809394564
20.974,0.0029612030210778746,0.0026584764099568284
20.976,0.0029520456205565622,0.0026581464396751705
20.978,0.0029427458968737004,0.0026578166701283785
20.98,0.0029333065286239537,0.0026574871013503266
20.982,0.002923730279471528,0.002657157733374866
20.984,0.0029140198823267164,0.002656828566235825
20.986,0.0029041779216356788,0.00265649959996701
20.988,0.0028942067378248354,0.0026561708346022044
20.99,0.002884108375425297,0.0026558422701751677
20.992,0.002873884588971692,0.002655513906719637
20.994,0.0028635369098652962,0.0026551857442693254
20.996,0.002853066765288993,0.002654857782857924
20.998,0.002842475629562316,0.002654530022519098
21.0,0.0028317651813656564,0.0026542024632864912
21.002,0.0028209374384514417,0.002653875105193722
21.004,0.0028099948458559817,0.0026535479461754453
21.006,0.002798940302351713,0.002653220984064454
21.008,0.0027877771210179417,0.002652894218742236
21.01,0.0027765089327520774,0.00265256765009035
21.012,0.0027651395519268053,0.0026522412779904254
21.014,0.0027536728291489678,0.0026519151023241642
21.016,0.0027421125171774585,0.0026515891229733387
21.018,0.002730462171901937,0.002651263339819792
21.02,0.002718725102143648,0.0026509377527454392
21.022,0.0027069043718342,0.002650612361632266
21.024,0.002695002848099977,0.002650287166362329
21.026,0.002683023280971225,0.0026499621668177563
21.028,0.0026709683962513916,0.002649637362880746
21.03,0.002658840983026691,0.0026493127544335686
21.032,0.0026466439609279437,0.002648988341358564
21.034,0.0026343804183747424,0.0026486641235381435
21.036,0.002622053620022246,0.0026483401008547893
21.038,0.002609666987876147,0.0026480162731910544
21.04,0.0025972240647972704,0.002647692640429562
21.042,0.002584728470759179,0.0026473692024530063
21.044,0.002572183861314648,0.002647045959144152
21.046,0.0025595938949222316,0.002646722910385834
21.048,0.0025469622120798756,0.0026464000560609594
21.05,0.0025342924256651004,0.0026460773960525034
21.052,0.0025215881193303242,0.002645754930243513
21.054,0.0025088528497014535,0.002645432658517105
21.056,0.0024960901484896584,0.0026451105807564677
21.058,0.002483303522093028,0.0026447886968448578
21.06,0.002470496448260481,0.002644467006665604
21.062,0.002457672371301069,0.0026441455101021047
21.064,0.002444834698657549,0.0026438242070378278
21.066,0.0024319868021427066,0.002643503097356312
21.068,0.0024191320267180766,0.002643182180941166
21.07,0.0024062737085240363,0.002642861457676069
21.072,0.0023934152022110915,0.0026425409274447695
21.074,0.0023805599157780883,0.0026422205901310857
21.076,0.0023677113493874706,0.0026419004456189068
21.078,0.0023548731332561548,0.002641580493792191
21.08,0.002342049058935939,0.0026412607345349666
21.082,0.002329243098282521,0.002640941167731332
21.084,0.0023164594052956285,0.0026406217932654547
21.086,0.002303702297829014,0.002640302611021573
21.088,0.0022909762188031485,0.002639983620883994
21.09,0.0022782856797024563,0.002639664822737094
21.092,0.0022656351923085716,0.00263934621646532
21.094,0.002253029197187979,0.002639027801953188
21.096,0.0022404719987856488,0.0026387095790852836
21.098,0.0022279677166043626,0.002638391547746262
21.1,0.0022155202597174913,0.0026380737078208474
21.102,0.002203133328034091,0.0026377560591938336
21.104,0.0021908104389947894,0.002637438601750084
21.106,0.0021785549737072243,0.0026371213353745307
21.108,0.0021663702329942826,0.002636804259952176
21.11,0.0021542594922931676,0.0026364873753680906
21.112,0.0021422260452369853,0.0026361706815074145
21.114,0.002130273228910297,0.002635854178255357
21.116,0.002118404428452506,0.0026355378654971963
21.118,0.002106623063728272,0.00263522174311828
21.12,0.002094932564915159,0.0026349058110040247
21.122,0.002083336346017794,0.0026345900690399153
21.124,0.002071837784969803,0.002634274517111506
21.126,0.0020604402162679226,0.002633959155104421
21.128,0.0020491469377909672,0.0026336439829043514
21.13,0.0020379612288217233,0.002633329000397058
21.132,0.0020268863726423283,0.0026330142074683705
21.134,0.002015925675469644,0.002632699604004187
21.136,0.002005082474410043,0.002632385189890475
21.138,0.0019943601303002564,0.0026320709650132696
21.14,0.0019837620058593378,0.002631756929258675
21.142,0.0019732914342004038,0.002631443082512864
21.144,0.0019629516860929703,0.002631129424662078
21.146,0.0019527459454268606,0.002630815955592626
21.148,0.0019426773007317384,0.0026305026751908874
21.15,0.0019327487567173418,0.0026301895833433075
21.152,0.0019229632646220738,0.0026298766799364016
21.154,0.0019133237650611405,0.002629563964856753
21.156,0.0019038332334142692,0.0026292514379910132
21.158,0.0018944947165750587,0.0026289390992259016
21.16,0.001885311351458517,0.002628626948448206
21.162,0.0018762863596641663,0.0026283149855447826
21.164,0.001867423018146756,0.0026280032104025555
21.166,0.0018587246113261193,0.0026276916229085166
21.168,0.0018501943744368907,0.002627380222949726
21.17,0.0018418354400616507,0.002627069010413312
21.172,0.0018336507992440596,0.00262675798518647
21.174,0.0018256432855106594,0.002626447147156465
21.176,0.0018178155852737194,0.002626136496210628
21.178,0.0018101702725307905,0.002625826032236359
21.18,0.0018027098607036728,0.002625515755121125
21.182,0.001795436860890173,0.0026252056647524617
21.184,0.0017883538343916533,0.002624895761017971
21.186,0.0017814634283318015,0.0026245860438053243
21.188,0.001774768386244719,0.002624276513002259
21.19,0.0017682715300752507,0.0026239671684965813
21.192,0.0017619757152721879,0.002623658010176164
21.194,0.0017558837656695176,0.0026233490379289474
21.196,0.0017499983988186992,0.0026230402516429397
21.198,0.0017443221547134029,0.0026227316512062167
21.2,0.0017388573410491344,0.0026224232365069213
21.202,0.0017336060061960694,0.002622115007433263
21.204,0.0017285699471591488,0.00262180696387352
21.206,0.0017237507544789112,0.002621499105716037
21.208,0.0017191498900590507,0.002621191432849225
21.21,0.0017147687882164283,0.0026208839451615637
21.212,0.0017106089657857374,0.0026205766425415992
21.214,0.0017066721246899535,0.002620269524877945
21.216,0.0017029602305402148,0.0026199625920592814
21.218,0.0016994755536721851,0.002619655843974355
21.22,0.0016962206642129889,0.002619349280511981
21.222,0.0016931983795176416,0.0026190429015610396
21.224,0.0016904116695219931,0.0026187367070104797
21.226,0.0016878635320176675,0.0026184306967493155
21.228,0.001685556854467384,0.0026181248706666294
21.23,0.0016834942809760788,0.0026178192286515694
21.232,0.0016816781021204467,0.0026175137705933505
21.234,0.0016801101817434435,0.002617208496381255
21.236,0.0016787919292328133,0.002616903405904631
21.238,0.0016777243192225364,0.002616598499052894
21.24,0.0016769079541845543,0.0026162937757155252
21.242,0.001676343160004191,0.002615989235782073
21.244,0.0016760301010625318,0.0026156848791421524
21.246,0.0016759688999112975,0.0026153807056854437
21.248,0.0016761597472641644,0.0026150767153016946
21.25,0.0016766029903779753,0.0026147729078807194
21.252,0.001677299191401212,0.0026144692833123978
21.254,0.0016782491513222073,0.0026141658414866762
21.256,0.0016794538992105424,0.0026138625822935677
21.258,0.0016809146501070257,0.0026135595056231507
21.26,0.001682632737917637,0.0026132566113655706
21.262,0.001684609531870624,0.002612953899411038
21.264,0.0016868463464355453,0.002612651369649831
21.266,0.0016893443550387761,0.0026123490219722915
21.268,0.0016921045173970341,0.00261204685626883
21.27,0.001695127528799265,0.0026117448724299213
21.272,0.0016984137972141026,0.0026114430703461063
21.274,0.0017019634508093993,0.0026111414499079924
21.276,0.001705776374614086,0.002610840011006252
21.278,0.0017098522710658295,0.002610538753531624
21.28,0.0017141907356288944,0.002610237677374913
21.282,0.0017187913361356695,0.0026099367824269893
21.284,0.001723653683522654,0.002609636068578788
21.286,0.0017287774825121849,0.002609335535721311
21.288,0.0017341625535467876,0.0026090351837456255
21.29,0.001739808821575963,0.002608735012542864
21.292,0.0017457162724757135,0.0026084350220042245
21.294,0.001751884883086965,0.002608135212020971
21.296,0.001758314535183866,0.0026078355824844315
21.298,0.001765004926351439,0.0026075361332860017
21.3,0.0017719554912845334,0.002607236864317141
21.302,0.0017791653453295936,0.0026069377754693746
21.304,0.0017866332585011779,0.002606638866634293
21.306,0.0017943576633816434,0.002606340137703552
21.308,0.0018023366951189057,0.0026060415885688724
21.31,0.0018105682570627283,0.00260574321912204
21.312,0.0018190501021650765,0.0026054450292549067
21.314,0.0018277799185788168,0.0026051470188593884
21.316,0.0018367554080482153,0.002604849187827467
21.318,0.0018459743474947333,0.002604551536051188
21.32,0.001855434627214343,0.0026042540634226632
21.322,0.0018651342627320384,0.002603956769834069
21.324,0.0018750713810048083,0.0026036596551776464
21.326,0.0018852441848114271,0.0026033627193457016
21.328,0.0018956509014520873,0.0026030659622306054
21.33,0.0019062897231193754,0.0026027693837247937
21.332,0.0019171587464747002,0.0026024729837207665
21.334,0.0019282559181912642,0.002602176762111089
21.336,0.0019395789917225005,0.0026018807187883908
21.338,0.0019511254985969243,0.0026015848536453663
21.34,0.0019628927354272594,0.002601289166574775
21.342,0.0019748777658433396,0.00260099365746944
21.344,0.001987077434969684,0.0026006983262222487
21.346,0.0019994883930535058,0.0026004031727261544
21.348,0.0020121071244935205,0.002600108196874174
21.35,0.002024929978792378,0.002599813398559388
21.352,0.0020379532007066196,0.002599518777674943
21.354,0.0020511729578543787,0.0025992243341140483
21.356,0.0020645853649782627,0.0025989300677699786
21.358,0.0020781865046887445,0.002598635978536072
21.36,0.0020919724446701706,0.002598342066305731
21.362,0.002105939251002055,0.0025980483309724226
21.364,0.002120082996587162,0.0025977547724296782
21.366,0.002134399762976246,0.0025974613905710925
21.368,0.0021488856334993395,0.0025971681852903243
21.37,0.002163536675882753,0.002596875156481097
21.372,0.0021783489136406532,0.0025965823040371974
21.374,0.0021933182874504025,0.0025962896278524765
21.376,0.0022084406101671177,0.002595997127820849
21.378,0.0022237115215965487,0.002595704803836294
21.38,0.002239126450987714,0.0025954126557928537
21.382,0.002254680595800154,0.0025951206835846344
21.384,0.0022703689241950907,0.0025948288871058063
21.386,0.002286186205758584,0.002594537266250603
21.388,0.002302127070459374,0.0025942458209133215
21.39,0.002318186090452023,0.0025939545509883234
21.392,0.0023343578740499956,0.002593663456370033
21.394,0.002350637157144058,0.0025933725369529383
21.396,0.0023670188755616902,0.002593081792631591
21.398,0.0023834982030459776,0.0025927912233006064
21.4,0.0024000705438356512,0.0025925008288546626
21.402,0.00241673147577372,0.0025922106091885015
21.404,0.002433476648377142,0.0025919205641969285
21.406,0.002450301648845619,0.002591630693774812
21.408,0.002467201855897892,0.0025913409978170843
21.41,0.002484172305111444,0.00259105147621874
21.412,0.0025012075891355616,0.0025907621288748374
21.414,0.002518301811538813,0.002590472955680498
21.416,0.002535448604785949,0.002590183956530907
21.418,0.002552641212329461,0.002589895131321311
21.42,0.002569872623970191,0.0025896064799470213
21.422,0.0025871357445365647,0.0025893180023034115
21.424,0.0026044235703028815,0.0025890296982859183
21.426,0.0026217293464902078,0.002588741567790041
21.428,0.002639046682841107,0.0025884536107113423
21.43,0.0026563696118624323,0.002588165826945448
21.432,0.002673692584339325,0.002587878216388045
21.434,0.00269101040715754,0.0025875907789348856
21.436,0.0027083181373347776,0.002587303514481783
21.438,0.0027256109518803678,0.002587016422924614
21.44,0.0027428840148304473,0.002586729504159317
21.442,0.0027601323605768607,0.002586442758081894
21.444,0.002777350807269787,0.0025861561845884093
21.446,0.002794533907046065,0.00258586978357499
21.448,0.0028116759327471512,0.0025855835549378247
21.45,0.0028287708950979545,0.002585297498573166
21.452,0.0028458125809801265,0.0025850116143773284
21.454,0.002862794602744073,0.002584725902246688
21.456,0.0028797104500906156,0.0025844403620776837
21.458,0.0028965535390433348,0.0025841549937668175
21.46,0.002913317255838642,0.002583869797210653
21.462,0.002929994996182961,0.002583584772305816
21.464,0.002946580201621046,0.002583299918948995
21.466,0.0029630663945675213,0.0025830152370369397
21.468,0.0029794472122045214,0.002582730726466463
21.47,0.0029957164376034806,0.0025824463871344395
21.472,0.003011868024862035,0.0025821622189378056
21.474,0.003027896114388278,0.0025818782217735606
21.476,0.003043795035019557,0.0025815943955387645
21.478,0.003059559291330807,0.0025813107401305405
21.48,0.003075183536812194,0.0025810272554460728
21.482,0.003090662535924532,0.002580743941382608
21.484,0.003105991119734934,0.0025804607978374542
21.486,0.0031211641404711695,0.002580177824707982
21.488,0.003136176429823915,0.0025798950218916226
21.49,0.0031510227644385236,0.0025796123892858703
21.492,0.003165697840283994,0.00257932992678828
21.494,0.0031801962560545245,0.0025790476342964683
21.496,0.0031945125049015867,0.0025787655117081145
21.498,0.003208640973790134,0.002578483558920958
21.5,0.0032225759504560703,0.0025782017758328012
21.502,0.0032363116388721197,0.002577920162341507
21.504,0.003249842184736749,0.002577638718345
21.506,0.0032631617122968306,0.0025773574437412666
21.508,0.0032762643725698,0.002577076338428354
21.51,0.0032891444008840954,0.0025767954023043715
21.512,0.003301796179101514,0.002576514635267489
21.514,0.0033142142956417136,0.002576234037215938
21.516,0.0033263935952392546,0.0025759536080480114
21.518,0.003338329210759122,0.0025756733476620633
21.52,0.003350016571527425,0.0025753932559565086
21.522,0.0033614513861955062,0.0025751133328298236
21.524,0.0033726296024440216,0.0025748335781805454
21.526,0.003383547349919997,0.002574553991907273
21.528,0.0033942008757626373,0.002574274573908666
21.53,0.0034045864832388207,0.002573995324083444
21.532,0.0034147004831160048,0.0025737162423303895
21.534,0.003424539164664538,0.002573437328548344
21.536,0.0034340987892298087,0.0025731585826362113
21.538,0.003443375605020545,0.002572880004492955
21.54,0.003452365878027903,0.0025726015940176006
21.542,0.00346106593154095,0.0025723233511092333
21.544,0.0034694721859525944,0.002572045275667
21.546,0.0034775811914548303,0.002571767367590107
21.548,0.0034853896484577603,0.002571489626777823
21.55,0.0034928944135492273,0.002571212053129476
21.552,0.0035000924918790455,0.0025709346465444547
21.554,0.0035069810194106525,0.002570657406922209
21.556,0.0035135572401214137,0.002570380334162249
21.558,0.003519818483774098,0.002570103428164145
21.56,0.003525762149374456,0.0025698266888275283
21.562,0.0035313856981022337,0.00256955011605209
21.564,0.003536686657680598,0.002569273709737582
21.566,0.0035416626381858237,0.0025689974697838164
21.568,0.003546311357505902,0.002568721396090666
21.57,0.0035506306732713206,0.002568445488558063
21.572,0.003554618617241461,0.002568169747086
21.574,0.0035582734278840765,0.002567894171574531
21.576,0.003561593577200667,0.0025676187619237687
21.578,0.0035645777886309142,0.0025673435180338863
21.58,0.0035672250439842713,0.0025670684398051177
21.582,0.003569534578639399,0.002566793527137756
21.584,0.003571505865571456,0.002566518779932155
21.586,0.0035731385899714324,0.0025662441980887287
21.588,0.003574432617198561,0.0025659697815079495
21.59,0.0035753879574712782,0.002565695530090351
21.592,0.0035760047310053494,0.002565421443736527
21.594,0.0035762831372289495,0.0025651475223471302
21.596,0.0035762234312578956,0.002564873765822873
21.598,0.0035758259100400883,0.002564600174064528
21.6,0.0035750909095573122,0.0025643267469729284
21.602,0.003574018813312395,0.002564053484448965
21.604,0.0035726100711692575,0.00256378038639359
21.606,0.0035708652266019983,0.002563507452707815
21.608,0.0035687849496793406,0.00256323468329271
21.61,0.003566370072752966,0.002562962078049406
21.612,0.0035636216258485677,0.002562689636879093
21.614,0.0035605408691121417,0.0025624173596830195
21.616,0.0035571293202051354,0.002562145246362495
21.618,0.003553388775104116,0.0025618732968188877
21.62,0.003549321321196074,0.002561601510953625
21.622,0.003544929341799819,0.0025613298886681935
21.624,0.003540215511323432,0.0025610584298641397
21.626,0.003535182780332509,0.002560787134443069
21.628,0.0035298343500569356,0.0025605160023066454
21.63,0.003524173636496855,0.0025602450333565936
21.632,0.0035182042253850744,0.0025599742274946963
21.634,0.003511929820746936,0.0025597035846227955
21.636,0.0035053541914032344,0.0025594331046427925
21.638,0.0034984811210892483,0.0025591627874566474
21.64,0.00349131436848003,0.0025588926329663795
21.642,0.0034838576429849764,0.0025586226410740666
21.644,0.00347611460059239,0.0025583528116818466
21.646,0.003468088861482126,0.0025580831446919148
21.648,0.003459784048032465,0.0025578136400065264
21.65,0.0034512038388467693,0.002557544297527995
21.652,0.003442352032150914,0.0025572751171586932
21.654,0.003433232610828244,0.0025570060988010525
21.656,0.003423849801631313,0.0025567372423575627
21.658,0.003414208122553748,0.0025564685477307723
21.66,0.003404312414487305,0.0025562000148232887
21.662,0.003394167855515311,0.0025559316435377778
21.664,0.0033837799579549965,0.0025556634337769646
21.666,0.0033731545492452788,0.0025553953854436317
21.668,0.0033622977380195662,0.0025551274984406207
21.67,0.0033512158665597396,0.0025548597726708323
21.672,0.0033399154508418293,0.0025545922080372242
21.674,0.0033284031100694546,0.0025543248044428138
21.676,0.0033166854892000756,0.0025540575617906762
21.678,0.0033047691803460193,0.002553790479983945
21.68,0.0032926606514785766,0.0025535235589258126
21.682,0.003280366192678713,0.0025532567985195286
21.684,0.003267891890315646,0.002552990198668402
21.686,0.003255243637323074,0.0025527237592757987
21.688,0.00324242718306265,0.002552457480245144
21.69,0.0032294482196977502,0.002552191361479921
21.692,0.0032163124947783184,0.0025519254028836705
21.694,0.0032030259334904273,0.0025516596043599913
21.696,0.003189594750384185,0.0025513939658125405
21.698,0.003176025530549013,0.0025511284871450332
21.7,0.003162325264532681,0.0025508631682612426
21.702,0.0031485013291904225,0.0025505980090649995
21.704,0.0031345614165779944,0.0025503330094601927
21.706,0.0031205134228537022,0.002550068169350769
21.708,0.0031063653167215555,0.002549803488640733
21.71,0.003092125010481697,0.002549538967234147
21.712,0.003077800255414627,0.0025492746050351303
21.714,0.003063398577317572,0.0025490104019478613
21.716,0.003048927258931393,0.002548746357876575
21.718,0.003034393365899409,0.0025484824727255643
21.72,0.0030198038041645953,0.0025482187463991804
21.722,0.0030051653913493077,0.0025479551788018307
21.724,0.0029904849238093145,0.0025476917698379815
21.726,0.0029757692247036043,0.0025474285194121557
21.728,0.002961025165428815,0.0025471654274289344
21.73,0.0029462596611766157,0.002546902493792955
21.732,0.0029314796489163307,0.002546639718408914
21.734,0.002916692060812345,0.002546377101181563
21.736,0.0029019038067717847,0.002546114642015713
21.738,0.002887121776391231,0.0025458523408162315
21.74,0.0028723528640290873,0.002545590197488043
21.742,0.0028576040128918258,0.00254532821193613
21.744,0.0028428822670369296,0.002545066384065531
21.746,0.002828194815985636,0.0025448047137813425
21.748,0.002813549016406347,0.0025445432009887177
21.75,0.0027989523792510142,0.0025442818455928672
21.752,0.0027844125179235396,0.002544020647499059
21.754,0.0027699370618203957,0.0025437596066126174
21.756,0.002755533547808301,0.002543498722838924
21.758,0.0027412093079160287,0.0025432379960834174
21.76,0.002726971373344891,0.0025429774262515927
21.762,0.0027128264123979905,0.0025427170132490025
21.764,0.0026987807136503866,0.0025424567569812557
21.766,0.0026848402170395165,0.0025421966573540185
21.768,0.002671010586457111,0.0025419367142730134
21.77,0.0026572973098182564,0.00254167692764402
21.772,0.0026437058080189648,0.0025414172973728744
21.774,0.002630241533487244,0.0025411578233654696
21.776,0.0026169100421222385,0.002540898505527755
21.778,0.0026037170284316925,0.0025406393437657367
21.78,0.0025906683211788795,0.0025403803379854773
21.782,0.002577769844186966,0.002540121488093096
21.784,0.0025650275526407666,0.002539862793994769
21.786,0.0025524473582735534,0.0025396042555967282
21.788,0.002540035056890623,0.0025393458728052622
21.79,0.0025277962690994746,0.002539087645526716
21.792,0.0025157364007628758,0.002538829573667491
21.794,0.0025038606247262,0.0025385716571340445
21.796,0.0024921738809539538,0.0025383138958328913
21.798,0.0024806808892336037,0.002538056289670601
21.8,0.0024693861675182706,0.002537798838553801
21.802,0.0024582940497385034,0.0025375415423891734
21.804,0.0024474086990407705,0.002537284401083457
21.806,0.0024367341151641984,0.002537027414543447
21.808,0.002426274137244567,0.002536770582675995
21.81,0.0024160324450754446,0.0025365139053880074
21.812,0.0024060125623893837,0.002536257382586448
21.814,0.0023962178650247085,0.0025360010141783356
21.816,0.002386651595215594,0.0025357448000707457
21.818,0.002377316881197073,0.0025354887401708094
21.82,0.0023682167594353096,0.0025352328343857134
21.822,0.002359354195574842,0.0025349770826227007
21.824,0.002350732099939702,0.00253472148478907
21.826,0.002342353334177721,0.002534466040792176
21.828,0.002334220707191877,0.0025342107505394286
21.83,0.002326336960471965,0.002533955613938294
21.832,0.0023187047448572093,0.0025337006308962934
21.834,0.0023113265921944053,0.002533445801321005
21.836,0.0023042048860053136,0.0025331911251200608
21.838,0.0022973418350360486,0.00253293660220115
21.84,0.0022907394525312035,0.0025326822324720165
21.842,0.0022843995425387907,0.0025324280158404598
21.844,0.002278323692899582,0.002532173952214335
21.846,0.0022725132732219835,0.002531920041501553
21.848,0.0022669694354314138,0.0025316662836100796
21.85,0.0022616931146033073,0.002531412678447936
21.852,0.0022566850287290227,0.0025311592259231997
21.854,0.0022519456776015855,0.002530905925944002
21.856,0.002247475342745511,0.0025306527784185306
21.858,0.0022432740917555077,0.0025303997832550277
21.86,0.0022393417910692164,0.002530146940361792
21.862,0.002235678130726164,0.0025298942496471757
21.864,0.0022322826629402976,0.0025296417110195874
21.866,0.0022291548535212018,0.0025293893243874908
21.868,0.002226294141799734,0.0025291370896594035
21.87,0.0022237000014604597,0.0025288850067438995
21.872,0.0022213719923593303,0.0025286330755496076
21.874,0.002219309792725385,0.002528381295985211
21.876,0.002217513202553977,0.002528129667959448
21.878,0.002215982112526362,0.002527878191381112
21.88,0.0022147164379924295,0.0025276268661590514
21.882,0.0022137160235595867,0.00252737569220217
21.884,0.0022129805294969678,0.002527124669419425
21.886,0.0022125093153087826,0.0025268737977198292
21.888,0.002212301337497663,0.0025266230770124506
21.89,0.0022123550772309326,0.0025263725072064112
21.892,0.0022126685094401616,0.002526122088210888
21.894,0.0022132391185339375,0.0025258718199351123
21.896,0.0022140639585637315,0.0025256217022883707
21.898,0.002215139748753801,0.0025253717351800043
21.9,0.0022164629901075105,0.002525121918519408
21.902,0.0022180300862750034,0.0025248722522160324
21.904,0.002219837452375457,0.002524622736179381
21.906,0.002221881598727799,0.0025243733703190136
21.908,0.0022241591816171604,0.0025241241545445434
21.91,0.0022266670191298417,0.002523875088765638
21.912,0.0022294020754969153,0.00252362617289202
21.914,0.00223236142130625,0.0025233774068334647
21.916,0.002235542178833847,0.002523128790499804
21.918,0.00223894146160541,0.002522880323800922
21.92,0.002242556315601664,0.002522632006646759
21.922,0.002246383667037765,0.002522383838947308
21.924,0.002250420279207101,0.0025221358206126165
21.926,0.0022546627191258506,0.0025218879515527867
21.928,0.0022591073339464367,0.002521640231677974
21.93,0.002263750237225848,0.002521392660898389
21.932,0.0022685873057179703,0.002521145239124295
21.934,0.002273614187834687,0.00252089796626601
21.936,0.002278826324773636,0.002520650842233907
21.938,0.002284218984268663,0.002520403866938411
21.94,0.002289787305059232,0.002520157040290002
21.942,0.0022955263479141827,0.002519910362199214
21.944,0.0023014311470232716,0.0025196638325766345
21.946,0.002307496754463948,0.002519417451332905
21.948,0.0023137182707612444,0.0025191712183787207
21.95,0.002320090856448752,0.00251892513362483
21.952,0.002326609722760729,0.002518679196982036
21.954,0.0023332701035171325,0.002518433408361195
21.956,0.002340067214051955,0.0025181877676732174
21.958,0.002346996205807169,0.002517942274829066
21.96,0.0023540521262850537,0.0025176969297397585
21.962,0.002361229893108927,0.0025174517323163655
21.964,0.002368524288120181,0.002517206682470011
21.966,0.0023759299733022354,0.0025169617801118734
21.968,0.002383441525737909,0.0025167170251531833
21.97,0.00239105348475475,0.0025164724175052258
21.972,0.002398760401772084,0.0025162279570793387
21.974,0.002406556882717005,0.002515983643786914
21.976,0.0024144376143886113,0.0025157394775393955
21.978,0.0024223973695284553,0.0025154954582482817
21.98,0.0024304309899061947,0.002515251585825124
21.982,0.0024385333514988887,0.002515007860181527
21.984,0.002446699319804231,0.002514764281229148
21.986,0.00245492370559821,0.0025145208488796984
21.988,0.0024632012314709318,0.002514277563044942
21.99,0.002471526517156865,0.002514034423636696
21.992,0.0024798940874298826,0.002513791430566831
21.994,0.002488298401023449,0.0025135485837472697
21.996,0.002496733893819443,0.0025133058830899887
21.998,0.002505195025646967,0.002513063328507017
22.0,0.002513676318457085,0.002512820919910437
22.002,0.0025221723749471866,0.002512578657212384
22.004,0.002530677870822462,0.002512336540325046
22.006,0.002539187520055007,0.002512094569160664
22.008,0.002547696019419828,0.0025118527436315307
22.01,0.0025561979846411014,0.0025116110636499937
22.012,0.002564687894112862,0.002511369529128452
22.014,0.0025731600562576614,0.002511128139979357
22.016,0.0025816086127975948,0.002510886896115214
22.018,0.0025900275830947144,0.00251064579744858
22.02,0.0025984109456881166,0.002510404843892065
22.022,0.002606752744210142,0.0025101640353583318
22.024,0.0026150471981382264,0.0025099233717600948
22.026,0.0026232887960920192,0.0025096828530101222
22.028,0.002631472351545159,0.002509442479021234
22.03,0.002639593007703865,0.0025092022497063024
22.032,0.002647646188595583,0.0025089621649782533
22.034,0.0026556275049163815,0.0025087222247500633
22.036,0.002663532633322413,0.002508482428934763
22.038,0.0026713571942414828,0.002508242777445434
22.04,0.0026790966543324677,0.002508003270195211
22.042,0.002686746275023921,0.0025077639070972806
22.044,0.002694301119022723,0.002507524688064882
22.046,0.002701756114337206,0.002507285613011307
22.048,0.0027091061629194056,0.002507046681849898
22.05,0.0027163462712744136,0.002506807894494051
22.052,0.002723471675502575,0.0025065692508572136
22.054,0.0027304779343419548,0.0025063307508528857
22.056,0.002737360970634193,0.0025060923943946195
22.058,0.0027441170527268324,0.0025058541813960185
22.06,0.0027507427201996556,0.0025056161117707385
22.062,0.0027572346701285094,0.0025053781854324875
22.064,0.0027635896283073427,0.0025051404022950253
22.066,0.0027698042326989142,0.002504902762272164
22.068,0.0027758749533428055,0.002504665265277767
22.07,0.002781798064790634,0.002504427911225749
22.072,0.0027875696757482336,0.002504190700030078
22.074,0.0027931858085418083,0.002503953631604773
22.076,0.0027986425109407815,0.0025037167058639042
22.078,0.0028039359769137682,0.0025034799227215947
22.08,0.0028090626522444023,0.002503243282092018
22.082,0.0028140193055510823,0.0025030067838894008
22.084,0.0028188030539158726,0.00250277042802802
22.086,0.0028234113429228833,0.0025025342144222042
22.088,0.002827841890938703,0.002502298142986335
22.09,0.0028320926146350595,0.002502062213634844
22.092,0.002836161555479461,0.002501826426282215
22.094,0.002840046824714796,0.0025015907808429824
22.096,0.002843746577911689,0.002501355277231734
22.098,0.0028472590212219664,0.0025011199153631065
22.1,0.00285058244229505,0.00250088469515179
22.102,0.002853715251784792,0.0025006496165125252
22.104,0.0028566560182769485,0.002500414679360104
22.106,0.0028594034811340176,0.002500179883609369
22.108,0.0028619565318140777,0.002499945229175216
22.11,0.0028643141631922863,0.00249971071597259
22.112,0.00286647539604783,0.0024994763439164873
22.114,0.00286843919969933,0.002499242112921957
22.116,0.0028702044276833504,0.002499008022904098
22.118,0.0028717697881749976,0.0024987740737780605
22.12,0.0028731338625658564,0.0024985402654590463
22.122,0.0028742951755003094,0.0024983065978623075
22.124,0.0028752523079587726,0.002498073070903148
22.126,0.002876004034364323,0.0024978396844969213
22.128,0.002876549457720417,0.0024976064385590336
22.13,0.002876888115249706,0.002497373333004941
22.132,0.00287702003149685,0.0024971403677501508
22.134,0.002876945705628848,0.0024969075427102205
22.136,0.0028766660327484645,0.0024966748578007596
22.138,0.00287618217267226,0.002496442312937427
22.14,0.002875495390867478,0.002496209908035934
22.142,0.002874606902607053,0.0024959776430120407
22.144,0.0028735177514236173,0.0024957455177815595
22.146,0.002872228746507015,0.002495513532260353
22.148,0.0028707404720713712,0.002495281686364334
22.15,0.002869053367311624,0.002495049980009467
22.152,0.00286716786137657,0.0024948184131117655
22.154,0.0028650845367637436,0.0024945869855872945
22.156,0.0028628042889652155,0.0024943556973521697
22.158,0.0028603284511678935,0.0024941245483225565
22.16,0.0028576588600460907,0.002493893538414672
22.162,0.0028547978505637874,0.0024936626675447823
22.164,0.002851748181669988,0.0024934319356292047
22.166,0.0028485129078819602,0.002493201342584307
22.168,0.0028450952213410117,0.0024929708883265067
22.17,0.0028414982931676902,0.0024927405727722726
22.172,0.0028377251412315192,0.0024925103958381226
22.174,0.00283377854448163,0.0024922803574406256
22.176,0.0028296610135553125,0.0024920504574964006
22.178,0.0028253748159339735,0.002491820695922116
22.18,0.002820922043958644,0.0024915910726344918
22.182,0.0028163047075491733,0.002491361587550297
22.184,0.002811524831558241,0.0024911322405863517
22.186,0.002806584540274325,0.0024909030316595244
22.188,0.0028014861175732412,0.0024906739606867356
22.19,0.0027962320388126047,0.0024904450275849543
22.192,0.0027908249777558827,0.0024902162322712
22.194,0.00278526779688386,0.0024899875746625427
22.196,0.0027795635313824577,0.0024897590546761016
22.198,0.002773715375775747,0.0024895306722290456
22.2,0.002767726678358427,0.002489302427238594
22.202,0.002761600943645141,0.002489074319622016
22.204,0.0027553418385721585,0.00248884634929663
22.206,0.0027489531955071913,0.002488618516179805
22.208,0.0027424390050040963,0.0024883908201889585
22.21,0.002735803393667038,0.002488163261241559
22.212,0.0027290505867073734,0.0024879358392551243
22.214,0.0027221848595164445,0.0024877085541472215
22.216,0.0027152104864247503,0.0024874814058354674
22.218,0.0027081316966024887,0.0024872543942375284
22.22,0.002700952646181079,0.0024870275192711206
22.222,0.002693677412280035,0.0024868007808540094
22.224,0.0026863100095441184,0.0024865741789040097
22.226,0.002678854424349885,0.0024863477133389867
22.228,0.002671314657470297,0.0024861213840768536
22.23,0.0026636947638749254,0.002485895191035574
22.232,0.002655998879099815,0.002485669134133161
22.234,0.0026482312251109937,0.002485443213287676
22.236,0.002640396093953167,0.002485217428417231
22.238,0.002632497813364087,0.0024849917794399863
22.24,0.002624540703424862,0.002484766266274152
22.242,0.0026165290359193923,0.0024845408888379866
22.244,0.0026084670076658256,0.002484315647049799
22.246,0.0026003587356927967,0.002484090540827947
22.248,0.0025922082765550115,0.002483865570090837
22.25,0.00258401966568224,0.0024836407347569246
22.252,0.002575796967035553,0.002483416034744715
22.254,0.0025675443199514227,0.0024831914699727617
22.256,0.0025592659698153164,0.002482967040359668
22.258,0.002550966272297137,0.0024827427458240852
22.26,0.0025426496666709005,0.0024825185862847148
22.262,0.0025343206209361606,0.002482294561660306
22.264,0.0025259835584045018,0.002482070671869658
22.266,0.0025176427804840243,0.002481846916831618
22.268,0.002509302402367691,0.0024816232964650826
22.27,0.002500966316680832,0.0024813998106889973
22.272,0.0024926381951486205,0.0024811764594223555
22.274,0.002484321531031609,0.0024809532425842003
22.276,0.0024760197169730043,0.0024807301600936233
22.278,0.002467736145697043,0.0024805072118697646
22.28,0.002459474316171384,0.002480284397831813
22.282,0.0024512379263546677,0.0024800617178990063
22.284,0.002443030935739756,0.00247983917199063
22.286,0.0024348575860888995,0.002479616760026019
22.288,0.0024267223759521068,0.002479394481924557
22.29,0.0024186299923352806,0.002479172337605675
22.292,0.0024105852097732307,0.002478950326988854
22.294,0.002402592771857333,0.002478728449993622
22.296,0.002394657272244433,0.0024785067065395566
22.298,0.00238678305118772,0.0024782850965462833
22.3,0.0023789741201038716,0.0024780636199334756
22.302,0.0023712341214714274,0.0024778422766208565
22.304,0.002363566325519259,0.002477621066528196
22.306,0.0023559736597863028,0.002477399989575313
22.308,0.0023484587635875563,0.002477179045682075
22.31,0.0023410240572366682,0.0024769582347683966
22.312,0.0023336718156768883,0.0024767375567542422
22.314,0.002326404237703065,0.002476517011559623
22.316,0.002319223504666829,0.0024762965991045995
22.318,0.0023121318257380485,0.002476076319309279
22.32,0.002305131469736288,0.0024758561720938177
22.322,0.002298224785666853,0.00247563615737842
22.324,0.0022914142150594944,0.002475416275083338
22.326,0.0022847022989646516,0.0024751965251288716
22.328,0.002278091681249337,0.0024749769074353693
22.33,0.002271585108109878,0.002474757421923227
22.332,0.0022651854220494335,0.0024745380685128886
22.334,0.0022588955475066276,0.0024743188471248456
22.336,0.0022527184652620497,0.0024740997576796382
22.338,0.002246657173841609,0.0024738808000978538
22.34,0.0022407146382263745,0.002473661974300128
22.342,0.0022348937288386665,0.002473443280207143
22.344,0.0022291971563882765,0.0024732247177396307
22.346,0.002223627410063805,0.0024730062868183692
22.348,0.0022181867071923043,0.0024727879873641845
22.35,0.002212876961569429,0.0024725698192979506
22.352,0.002207699775235385,0.0024723517825405894
22.354,0.0022026564549469767,0.0024721338770130694
22.356,0.002197748050658589,0.002471916102636408
22.358,0.0021929754097897436,0.0024716984593316682
22.36,0.002188339238672415,0.0024714809470199627
22.362,0.002183840161848698,0.0024712635656224504
22.364,0.0021794787709677028,0.002471046315060338
22.366,0.0021752556576449043,0.0024708291952548794
22.368,0.002171171428190422,0.0024706122061273765
22.37,0.0021672267017790892,0.0024703953475991775
22.372,0.002163422096621702,0.002470178619591679
22.374,0.002159758210388323,0.0024699620220263244
22.376,0.0021562356012538005,0.0024697455548246044
22.378,0.002152854774587908,0.002469529217908057
22.38,0.0021496161779495293,0.0024693130111982675
22.382,0.0021465202043273583,0.0024690969346168683
22.384,0.002143567201198605,0.002468880988085539
22.386,0.0021407574815083433,0.0024686651715260057
22.388,0.002138091332392559,0.0024684494848600433
22.39,0.0021355690183404584,0.002468233928009472
22.392,0.002133190777188953,0.0024680185008961603
22.394,0.0021309568093574355,0.0024678032034420225
22.396,0.002128867262516129,0.0024675880355690214
22.398,0.0021269222149988905,0.0024673729971991655
22.4,0.002125121661486959,0.0024671580882545106
22.402,0.0021234655038210475,0.00246694330865716
22.404,0.0021219535484779404,0.0024667286583292627
22.406,0.0021205855106461876,0.002466514137193016
22.408,0.0021193610233520258,0.002466299745170663
22.41,0.002118279649049964,0.0024660854821844935
22.412,0.0021173408906845644,0.002465871348156845
22.414,0.002116544199470211,0.002465657343010101
22.416,0.0021158889773945856,0.0024654434666666917
22.418,0.0021153745735124174,0.0024652297190490948
22.42,0.0021150002742173217,0.0024650161000798333
22.422,0.0021147652886583782,0.002464802609681478
22.424,0.002114668731175522,0.0024645892477766457
22.426,0.002114709603017862,0.0024643760142880004
22.428,0.002114886775703978,0.002464162909138252
22.43,0.0021151989782398775,0.002463949932250157
22.432,0.0021156447900911863,0.0024637370835465184
22.434,0.0021162226413527553,0.0024635243629501863
22.436,0.0021169308209906903,0.002463311770384056
22.438,0.002117767493348383,0.0024630993057710706
22.44,0.002118730722318786,0.002462886969034219
22.442,0.0021198185017205465,0.0024626747600965354
22.444,0.0021210287895517613,0.0024624626788811023
22.446,0.002122359543048312,0.002462250725311047
22.448,0.0021238087509889577,0.0024620388993095437
22.45,0.0021253744596084474,0.0024618272007998123
22.452,0.0021270547889095694,0.0024616156297051195
22.454,0.0021288479371359102,0.0024614041859487784
22.456,0.0021307521726149537,0.002461192869454147
22.458,0.0021327658139338058,0.0024609816801446313
22.46,0.0021348872012093836,0.0024607706179436816
22.462,0.0021371146627468854,0.0024605596827747952
22.464,0.002139446482335263,0.0024603488745615154
22.466,0.002141880872560358,0.002460138193227431
22.468,0.0021444159587010393,0.0024599276386961778
22.47,0.0021470497760564247,0.0024597172108914364
22.472,0.0021497802811539977,0.0024595069097369344
22.474,0.00215260537459487,0.0024592967351564445
22.476,0.0021555229307934844,0.0024590866870737855
22.478,0.002158530828074881,0.002458876765412822
22.48,0.0021616269719378707,0.002458666970097465
22.482,0.002164809305034227,0.0024584573010516704
22.484,0.0021680757995623475,0.0024582477581994405
22.486,0.0021714244310564327,0.002458038341464823
22.488,0.002174853136437591,0.0024578290507719118
22.49,0.0021783597629672154,0.002457619886044846
22.492,0.0021819420176308886,0.00245741084720781
22.494,0.0021855974278006157,0.0024572019341850353
22.496,0.002189323323331354,0.0024569931469007973
22.498,0.002193116847455891,0.002456784485279418
22.5,0.002196974999275906,0.0024565759492452643
22.502,0.0022008947050147078,0.0024563675387227492
22.504,0.0022048729094956256,0.0024561592536363314
22.506,0.0022089066746388978,0.002455951093910514
22.508,0.002212993269130188,0.0024557430594698464
22.51,0.0022171302334925897,0.0024555351502389233
22.512,0.002221315407800614,0.002455327366142385
22.514,0.0022255469148688015,0.002455119707104916
22.516,0.0022298230990556818,0.0024549121730512474
22.518,0.002234142428589403,0.0024547047639061556
22.52,0.002238503376115226,0.0024544974795944613
22.522,0.002242904296668536,0.002454290320041031
22.524,0.002247343323536316,0.0024540832851707764
22.526,0.0022518183001046404,0.0024538763749086547
22.528,0.0022563267600896266,0.0024536695891796676
22.53,0.0022608659604410547,0.0024534629279088626
22.532,0.0022654329621019293,0.002453256391021332
22.534,0.00227002474533597,0.002453049978442213
22.536,0.0022746383400518645,0.0024528436900966887
22.538,0.0022792709486337383,0.002452637525909986
22.54,0.0022839200398054333,0.002452431485807377
22.542,0.0022885833968708303,0.00245222556971418
22.544,0.0022932591114512672,0.002452019777555757
22.546,0.0022979455232171224,0.0024518141092575154
22.548,0.0023026411154328744,0.0024516085647449076
22.55,0.0023073443837778825,0.0024514031439434305
22.552,0.0023120537005557077,0.002451197846778626
22.554,0.002316767197297105,0.002450992673176081
22.556,0.0023214826857969766,0.0024507876230614274
22.558,0.0023261976313685923,0.002450582696360341
22.56,0.0023309091836616206,0.002450377892998543
22.562,0.0023356142612156604,0.002450173212901799
22.564,0.0023403096775272735,0.0024499686559959198
22.566,0.0023449922901283425,0.00244976422220676
22.568,0.002349659150944624,0.00244955991146022
22.57,0.0023543076364344606,0.0024493557236822433
22.572,0.0023589355395386897,0.002449151658798819
22.574,0.002363541111630194,0.002448947716735981
22.576,0.0023681230503794265,0.0024487438974198066
22.578,0.002372680437494697,0.002448540200776419
22.58,0.0023772126373997845,0.002448336626731984
22.582,0.0023817191730200705,0.002448133175212714
22.584,0.002386199597255053,0.0024479298461448644
22.586,0.002390653378167853,0.002447726639454735
22.588,0.002395079812641842,0.0024475235550686708
22.59,0.00239947797790031,0.00244732059291306
22.592,0.002403846723826703,0.0024471177529143363
22.594,0.002408184702582303,0.002446915034998977
22.596,0.002412490426664076,0.0024467124390935035
22.598,0.0024167623431114917,0.002446509965124482
22.6,0.0024209989105030867,0.0024463076130185222
22.602,0.002425198666665326,0.0024461053827022784
22.604,0.002429360278193319,0.002445903274102449
22.606,0.0024334825671597296,0.002445701287145777
22.608,0.002437564514823382,0.0024454994217590485
22.61,0.0024416052458547718,0.0024452976778690945
22.612,0.0024456039989412945,0.0024450960554027895
22.614,0.002449560090371888,0.002444894554287052
22.616,0.002453472876497149,0.002444693174448845
22.618,0.0024573417193223426,0.002444491915815175
22.62,0.0024611659576026885,0.002444290778313093
22.622,0.002464944884324841,0.0024440897618696928
22.624,0.002468677730808015,0.002443888866412113
22.626,0.002472363657925019,0.0024436880918675364
22.628,0.002476001755843082,0.0024434874381631887
22.63,0.0024795910546596546,0.0024432869052263394
22.632,0.002483130548708354,0.0024430864929843024
22.634,0.0024866192366118653,0.002442886201364435
22.636,0.002490056177157293,0.0024426860302941386
22.638,0.002493440557983872,0.002442485979700858
22.64,0.0024967717705316394,0.0024422860495120816
22.642,0.002500049481599821,0.002442086239655341
22.644,0.0025032736901390183,0.002441886550058213
22.646,0.0025064447582640384,0.0024416869806483154
22.648,0.0025095634081916847,0.002441487531353312
22.65,0.0025126306815875083,0.0024412882021009096
22.652,0.0025156478638239596,0.0024410889928188576
22.654,0.002518616381719854,0.002440889903434949
22.656,0.0025215376881632134,0.0024406909338770214
22.658,0.0025244131495476543,0.002440492084072955
22.66,0.0025272439515814627,0.002440293353950673
22.662,0.0025300310357985385,0.0024400947434381434
22.664,0.0025327750736804542,0.0024398962524633757
22.666,0.0025354764788395887,0.002439697880954424
22.668,0.002538135451570881,0.002439499628839386
22.67,0.0025407520455017862,0.002439301496046401
22.672,0.002543326243899289,0.002439103482503653
22.674,0.002545858033687452,0.002438905588139369
22.676,0.0025483474680154587,0.002438707812881819
22.678,0.002550794712412978,0.0024385101566593167
22.68,0.0025532000740189757,0.0024383126194002175
22.682,0.00255556401694432,0.0024381152010329215
22.684,0.002557887168707753,0.0024379179014858707
22.686,0.0025601703225593187,0.0024377207206875513
22.688,0.0025624144386314253,0.0024375236585664917
22.69,0.002564620643975143,0.0024373267150512635
22.692,0.002566790228660435,0.0024371298900704814
22.694,0.0025689246332473736,0.0024369331835528032
22.696,0.0025710254227983577,0.0024367365954269292
22.698,0.0025730942444402035,0.0024365401256216035
22.7,0.0025751327689821266,0.002436343774065612
22.702,0.0025771426214391924,0.002436147540687784
22.704,0.0025791253093883962,0.0024359514254169916
22.706,0.0025810821607558346,0.0024357554281821494
22.708,0.002583014283026964,0.0024355595489122155
22.71,0.0025849225536090895,0.00243536378753619
22.712,0.002586807646398526,0.002435168143983117
22.714,0.0025886700933447685,0.0024349726181820807
22.716,0.0025905103732154692,0.002434777210062211
22.718,0.002592329014247808,0.0024345819195526787
22.72,0.0025941266941530974,0.0024343867465826973
22.722,0.002595904320790027,0.0024341916910815237
22.724,0.002597663079858386,0.002433996752978457
22.726,0.0025994044416231834,0.002433801932202838
22.728,0.0026011301258171975,0.0024336072286840517
22.73,0.002602842031035036,0.002433412642351524
22.732,0.0026045421406744786,0.002433218173134725
22.734,0.0026062324206939046,0.002433023820963165
22.736,0.0026079147246141354,0.0024328295857663986
22.738,0.0026095907184653087,0.002432635467474022
22.74,0.0026112618335645266,0.002432441466015674
22.742,0.0026129292493238827,0.002432247581321036
22.744,0.002614593903060908,0.0024320538133198303
22.746,0.002616256520119514,0.0024318601619418238
22.748,0.0026179176561363588,0.002431666627116824
22.75,0.0026195777440083446,0.002431473208774681
22.752,0.0026212371404572233,0.0024312799068452874
22.754,0.0026228961700679476,0.0024310867212585774
22.756,0.0026245551672158356,0.0024308936519445283
22.758,0.0026262145175135095,0.002430700698833159
22.76,0.002627874699883052,0.00243050786185453
22.762,0.0026295363282556362,0.0024303151409387456
22.764,0.0026312001889277304,0.00243012253601595
22.766,0.0026328672668177924,0.002429930047016331
22.768,0.0026345387523777387,0.0024297376738701176
22.77,0.002636216021557447,0.002429545416507581
22.772,0.0026379005843008905,0.002429353274859035
22.774,0.002639594002211584,0.002429161248854834
22.776,0.0026412977822807297,0.0024289693384253754
22.778,0.002643013259532311,0.0024287775435010987
22.78,0.002644741485617984,0.0024285858640124844
22.782,0.002646483141585645,0.002428394299890055
22.784,0.0026482384906318245,0.002428202851064375
22.786,0.002650007380799262,0.0024280115174660512
22.788,0.0026517892992600897,0.0024278202990257315
22.79,0.0026535834706184923,0.0024276291956741055
22.792,0.002655388983453495,0.002427438207341905
22.794,0.0026572049238703724,0.0024272473339599027
22.796,0.0026590304933884474,0.002427056575458914
22.798,0.0026608650915033085,0.0024268659317697953
22.8,0.0026627083502161458,0.002426675402823445
22.802,0.00266456011735384,0.0024264849885508024
22.804,0.002666420395648178,0.002426294688882849
22.806,0.0026682892531647577,0.0024261045037506077
22.808,0.002670166725921531,0.0024259144330851428
22.81,0.002672052734274333,0.00242572447681756
22.812,0.0026739470307017496,0.002425534634879007
22.814,0.0026758491888645994,0.002425344907200672
22.816,0.002677758633965454,0.002425155293713786
22.818,0.0026796747047045616,0.0024249657943496198
22.82,0.002681596729717184,0.0024247764090394868
22.822,0.002683524097978556,0.002424587137714741
22.824,0.0026854563040625687,0.0024243979803067776
22.826,0.002687392955032506,0.0024242089367470343
22.828,0.0026893337347797938,0.002424020006966989
22.83,0.002691278331728947,0.0024238311908981605
22.832,0.0026932263446507627,0.00242364248847211
22.834,0.002695177186816937,0.0024234538996204392
22.836,0.0026971300095972577,0.002423265424274791
22.838,0.002699083662632151,0.0024230770623668496
22.84,0.0027010366998198023,0.00242288881382834
22.842,0.002702987430367386,0.0024227006785910287
22.844,0.002704934004382569,0.002422512656586723
22.846,0.0027068745151789656,0.0024223247477472712
22.848,0.0027088070972984065,0.002422136952004563
22.85,0.0027107300008969593,0.0024219492692905287
22.852,0.0027126416291449276,0.0024217616995371397
22.854,0.002714540534180894,0.002421574242676408
22.856,0.002716425376799217,0.0024213868986403876
22.858,0.0027182948631533496,0.002421199667361172
22.86,0.0027201476764334757,0.002421012548770897
22.862,0.002721982421676247,0.0024208255428017377
22.864,0.0027237975976199774,0.002420638649385911
22.866,0.0027255916019301514,0.0024204518684556747
22.868,0.002727362767080956,0.0024202651999433267
22.87,0.0027291094159197656,0.002420078643781206
22.872,0.0027308299204947006,0.0024198921999016923
22.874,0.0027325227464407888,0.0024197058682372064
22.876,0.0027341864684424636,0.0024195196487202092
22.878,0.0027358197492804936,0.002419333541283203
22.88,0.0027374212840792617,0.0024191475458587293
22.882,0.0027389897204247882,0.0024189616623793717
22.884,0.0027405235718430134,0.0024187758907777534
22.886,0.0027420211450332656,0.0024185902309865385
22.888,0.002743480499461562,0.002418404682938432
22.89,0.0027448994517349397,0.0024182192465661786
22.892,0.0027462756279199026,0.0024180339218025644
22.894,0.002747606556671367,0.002417848708580415
22.896,0.0027488897869898544,0.002417663606832597
22.898,0.002750123008642632,0.002417478616492018
22.9,0.0027513041520660165,0.0024172937374916242
22.902,0.002752431448197,0.002417108969764404
22.904,0.0027535034363887056,0.002416924313243385
22.906,0.002754518918694968,0.0024167397678616365
22.908,0.002755476869217132,0.002416555333552266
22.91,0.0027563763157293433,0.0024163710102484224
22.912,0.0027572162157299004,0.002416186797883295
22.914,0.0027579953495078806,0.002416002696390113
22.916,0.0027587122488414054,0.002415818705702146
22.918,0.002759365172544364,0.002415634825752704
22.92,0.0027599521309001557,0.002415451056475136
22.922,0.00276047095199,0.0024152673978028324
22.924,0.0027609193758168765,0.0024150838496692227
22.926,0.00276129515821995,0.0024149004120077775
22.928,0.0027615961664014936,0.0024147170847520064
22.93,0.002761820451192298,0.00241453386783546
22.932,0.0027619662870237375,0.002414350761191728
22.934,0.0027620321775806153,0.002414167764754441
22.936,0.002762016831786574,0.0024139848784572684
22.938,0.0027619191198184822,0.0024138021022339206
22.94,0.0027617380213900504,0.002413619436018147
22.942,0.0027614725782956063,0.0024134368797437376
22.944,0.002761121860451877,0.002413254433344522
22.946,0.0027606849501999233,0.0024130720967543693
22.948,0.0027601609445085974,0.002412889869907189
22.95,0.002759548970106481,0.0024127077527369297
22.952,0.0027588482034550696,0.0024125257451775807
22.954,0.00275805788650892,0.00241234384716317
22.956,0.0027571773305710024,0.0024121620586277656
22.958,0.002756205903927393,0.002411980379505476
22.96,0.002755143003584525,0.002411798809730448
22.962,0.002753988016293105,0.0024116173492368695
22.964,0.002752740277999349,0.0024114359979589667
22.966,0.0027513990429351275,0.002411254755831006
22.968,0.0027499634731223137,0.002411073622787293
22.97,0.002748432656014384,0.002410892598762174
22.972,0.002746805652788852,0.0024107116836900333
22.974,0.002745081573405518,0.002410530877505295
22.976,0.0027432596682601612,0.002410350180142424
22.978,0.0027413394214642187,0.002410169591535923
22.98,0.0027393206286244897,0.002409989111620335
22.982,0.0027372034431444787,0.002409808740330242
22.984,0.0027349883795249356,0.0024096284776002654
22.986,0.0027326762691997843,0.0024094483233650663
22.988,0.0027302681728169397,0.002409268277559345
22.99,0.0027277652609339386,0.0024090883401178408
22.992,0.0027251686812202543,0.0024089085109753328
22.994,0.002722479433167097,0.002408728790066639
22.996,0.0027196982703563436,0.0024085491773266163
22.998,0.0027168256456732384,0.002408369672690162
23.0,0.0027138617073573642,0.002408190276092211
23.002,0.0027108063449490473,0.002408010987467738
23.004,0.0027076592757315993,0.002407831806751758
23.006,0.002704420155821741,0.002407652733879323
23.008,0.002701088696795679,0.0024074737687855255
23.01,0.002697664769152282,0.002407294911405497
23.012,0.0026941484777357545,0.0024071161616744077
23.014,0.0026905402005217073,0.002406937519527467
23.016,0.0026868405895197167,0.002406758984899923
23.018,0.002683050539442773,0.002406580557727063
23.02,0.002679171134921685,0.0024064022379442136
23.022,0.0026752035895501554,0.0024062240254867392
23.024,0.0026711491896983285,0.0024060459202900446
23.026,0.0026670092532046124,0.0024058679222895723
23.028,0.0026627851086040446,0.002405690031420804
23.03,0.002658478095572109,0.0024055122476192604
23.032,0.002654089582837582,0.002405334570820501
23.034,0.0026496209967607725,0.002405157000960124
23.036,0.00264507385249762,0.0024049795379737665
23.038,0.002640449780132429,0.002404802181797104
23.04,0.0026357505399492525,0.002404624932365851
23.042,0.002630978023491911,0.0024044477896157605
23.044,0.0026261342395830366,0.0024042707534826244
23.046,0.0026212212865327805,0.002404093823902273
23.048,0.0026162413131313117,0.0024039170008105758
23.05,0.0026111964717332897,0.00240374028414344
23.052,0.002606088867063791,0.0024035636738368115
23.054,0.002600920504637367,0.0024033871698266756
23.056,0.002595693243137127,0.0024032107720490556
23.058,0.002590408755792496,0.0024030344804400134
23.06,0.0025850685065080597,0.0024028582949356487
23.062,0.002579673746793207,0.002402682215472101
23.064,0.0025742255388948834,0.0024025062419855466
23.066,0.0025687248085103907,0.002402330374412202
23.068,0.0025631724269020596,0.0024021546126883207
23.07,0.0025575693174231698,0.0024019789567501955
23.072,0.00255191657611764,0.0024018034065341567
23.074,0.0025462155912582387,0.0024016279619765734
23.076,0.0025404681436670845,0.002401452623013853
23.078,0.0025346764694953315,0.0024012773895824404
23.08,0.002528843270455326,0.0024011022616188204
23.082,0.0025229716632363774,0.0024009272390595146
23.084,0.0025170650691583333,0.0024007523218410832
23.086,0.002511127055486595,0.0024005775099001253
23.088,0.0025051611492794106,0.002400402803173277
23.09,0.002499170651157873,0.002400228201597213
23.092,0.0024931584783891283,0.002400053705108646
23.094,0.0024871270633679368,0.0023998793136443277
23.096,0.0024810783252366907,0.0023997050271410466
23.098,0.002475013720334093,0.0023995308455356298
23.1,0.0024689343635946235,0.0023993567687649424
23.102,0.002462841200540755,0.0023991827967658873
23.104,0.002456735200605302,0.002399008929475406
23.106,0.002450617539011253,0.0023988351668304776
23.108,0.002444489737067395,0.0023986615087681186
23.11,0.0024383537389916906,0.002398487955225384
23.112,0.0024322119155649993,0.0023983145061393664
23.114,0.0024260669985494703,0.0023981411614471967
23.116,0.00241992196210867,0.0023979679210860434
23.118,0.0024137798760048698,0.0023977947849931126
23.12,0.002407643758546523,0.002397621753105648
23.122,0.002401516454727098,0.0023974488253609323
23.124,0.0023954005575922794,0.0023972760016962844
23.126,0.0023892983804708326,0.002397103282049062
23.128,0.0023832119767420216,0.0023969306663566593
23.13,0.0023771431947181483,0.0023967581545565097
23.132,0.002371093749863328,0.0023965857465860834
23.134,0.0023650652958496538,0.0023964134423828886
23.136,0.002359059479642158,0.0023962412418844707
23.138,0.0023530779726495454,0.0023960691450284127
23.14,0.00234712247804642,0.0023958971517523352
23.142,0.002341194721544034,0.002395725261993897
23.144,0.0023352964373728204,0.002395553475690794
23.146,0.002329429362007464,0.002395381792780759
23.148,0.002323595245155082,0.002395210213201563
23.15,0.002317795881639441,0.002395038736891014
23.152,0.0023120331606551942,0.0023948673637869578
23.154,0.00230630912233618,0.0023946960938272775
23.156,0.002300626007405342,0.002394524926949894
23.158,0.0022949862849819674,0.0023943538630927645
23.16,0.0022893926466948217,0.0023941829021938846
23.162,0.0022838479614587727,0.0023940120441912865
23.164,0.0022783551932486178,0.00239384128902304
23.166,0.0022729172921646173,0.0023936706366272527
23.168,0.002267537075251383,0.0023935000869420684
23.17,0.0022622171165342236,0.002393329639905669
23.172,0.0022569596649068433,0.0023931592954562725
23.174,0.0022517666040052686,0.0023929890535321356
23.176,0.002246639460973308,0.002392818914071551
23.178,0.002241579462546314,0.0023926488770128493
23.18,0.0022365876288492413,0.0023924789422943974
23.182,0.0022316648892675103,0.0023923091098546
23.184,0.002226812201785887,0.002392139379631898
23.186,0.0022220306577237035,0.0023919697515647712
23.188,0.002217321557532427,0.0023918002255917344
23.19,0.002212686449359403,0.0023916308016513404
23.192,0.0022081271291187997,0.0023914614796821786
23.194,0.0022036456074334574,0.002391292259622876
23.196,0.0021992440537792405,0.0023911231414120953
23.198,0.0021949247306471274,0.0023909541249885376
23.2,0.0021906899302565146,0.00239078521029094
23.202,0.002186541923596939,0.002390616397258076
23.204,0.0021824829271183213,0.002390447685828758
23.206,0.002178515087305196,0.0023902790759418326
23.208,0.0021746404788032924,0.002390110567536185
23.21,0.002170861108696605,0.0023899421605507367
23.212,0.0021671789185801426,0.002389773854924446
23.214,0.0021635957773813055,0.0023896056505963072
23.216,0.0021601134610998315,0.0023894375475053526
23.218,0.0021567336199947835,0.00238926954559065
23.22,0.002153457738229021,0.0023891016447913052
23.222,0.0021502870945335675,0.0023889338450464592
23.224,0.0021472227342107697,0.0023887661462952906
23.226,0.0021442654622627487,0.0023885985484770143
23.228,0.002141415864601851,0.0023884310515308814
23.23,0.002138674359657813,0.0023882636553961803
23.232,0.002136041277124587,0.002388096360012236
23.234,0.00213351695519706,0.0023879291653184087
23.236,0.002131101843530449,0.0023877620712540967
23.238,0.0021287965971792566,0.0023875950777587336
23.24,0.0021266021473834522,0.0023874281847717903
23.242,0.0021245197382051984,0.002387261392232774
23.244,0.002122550923119943,0.0023870947000812276
23.246,0.00212069752179206,0.0023869281082567312
23.248,0.0021189615432976776,0.0023867616166989005
23.25,0.002117345086920635,0.0023865952253473884
23.252,0.0021158502345298715,0.0023864289341418835
23.254,0.0021144789490447702,0.002386262743022111
23.256,0.0021132329916749948,0.002386096651927832
23.258,0.0021121138669717657,0.0023859306607988445
23.26,0.002111122800026338,0.002385764769574982
23.262,0.002110260745287372,0.0023855989781961153
23.264,0.0021095284222474287,0.0023854332866021497
23.266,0.0021089263702468025,0.0023852676947330284
23.268,0.002108455013124319,0.0023851022025287295
23.27,0.002108114724364785,0.002384936809929268
23.272,0.002107905884470982,0.0023847715168746945
23.274,0.0021078289241258175,0.002384606323305096
23.276,0.0021078843489131783,0.002384441229160595
23.278,0.002108072743638011,0.0023842762343813514
23.28,0.002108394756467179,0.0023841113389075595
23.282,0.002108851065152694,0.0023839465426794505
23.284,0.002109442329498362,0.0023837818456372913
23.286,0.0021101691359469116,0.002383617247721385
23.288,0.0021110319415582023,0.00238345274887207
23.29,0.0021120310254647053,0.002383288349029722
23.292,0.002113166455805338,0.002383124048134751
23.294,0.00211443807886684,0.0023829598461276033
23.296,0.0021158455345763054,0.002382795742948762
23.298,0.0021173882987313587,0.0023826317385387446
23.3,0.0021190657478881224,0.0023824678328381054
23.302,0.002120877238395915,0.002382304025787434
23.304,0.0021228221875707657,0.002382140317327356
23.306,0.0021249001432979797,0.0023819767073985326
23.308,0.002127110829044711,0.002381813195941661
23.31,0.0021294541545060163,0.0023816497828974734
23.312,0.002131930187517796,0.0023814864682067385
23.314,0.0021345390895602073,0.0023813232518102604
23.316,0.0021372810238966507,0.0023811601336488786
23.318,0.002140156050804522,0.002380997113663468
23.32,0.0021431640272982487,0.00238083419179494
23.322,0.002146304528532746,0.00238067136798424
23.324,0.0021495768046390145,0.0023805086421723504
23.326,0.0021529797806839218,0.002380346014300289
23.328,0.0021565120999062046,0.0023801834843091086
23.33,0.0021601722028117653,0.0023800210521398974
23.332,0.0021639584285646734,0.0023798587177337794
23.334,0.002167869121532339,0.0023796964810319137
23.336,0.002171902725446638,0.0023795343419754952
23.338,0.002176057850392505,0.002379372300505754
23.34,0.002180333303086807,0.002379210356563955
23.342,0.002184728077560995,0.0023790485100914
23.344,0.0021892413101046,0.0023788867610294246
23.346,0.0021938722079172615,0.0023787251093194007
23.348,0.002198619964418139,0.0023785635549027346
23.35,0.0022034836750975404,0.0023784020977208687
23.352,0.0022084622662176976,0.0023782407377152797
23.354,0.002213554445090304,0.0023780794748274807
23.356,0.0022187586759304812,0.0023779183089990188
23.358,0.0022240731803980012,0.002377757240171477
23.36,0.0022294959578281117,0.002377596268286474
23.362,0.002235024817536245,0.002377435393285662
23.364,0.0022406574148292994,0.00237727461511073
23.366,0.0022463912834532525,0.002377113933703401
23.368,0.0022522238597770697,0.002376953349005434
23.37,0.002258152497399962,0.002376792860958622
23.372,0.0022641744742762835,0.0023766324695047936
23.374,0.002270286997092764,0.0023764721745858125
23.376,0.0022764872088884055,0.0023763119761435773
23.378,0.002282772205452983,0.002376151874120021
23.38,0.002289139063918242,0.0023759918684571127
23.382,0.002295584883585747,0.0023758319590968554
23.384,0.002302106835138454,0.0023756721459812875
23.386,0.002308702210850579,0.002375512429052482
23.388,0.002315368466117548,0.0023753528082525476
23.39,0.002322103242238434,0.0023751932835236267
23.392,0.0023289043621930157,0.002375033854807897
23.394,0.002335769794993549,0.0023748745220475713
23.396,0.002342697589430157,0.0023747152851848964
23.398,0.0023496857836913525,0.0023745561441621548
23.4,0.0023567323022956727,0.002374397098921663
23.402,0.0023638348549667927,0.0023742381494057723
23.404,0.002370990852792213,0.0023740792955568696
23.406,0.0023781973549750848,0.0023739205373173753
23.408,0.0023854510550269624,0.002373761874629745
23.41,0.0023927483091562654,0.0023736033074364692
23.412,0.002400085203019193,0.002373444835680072
23.414,0.0024074576471414377,0.002373286459303114
23.416,0.002414861487255191,0.002373128178248188
23.418,0.002422292614205506,0.0023729699924579226
23.42,0.0024297470591349017,0.0023728119018749812
23.422,0.0024372210630010265,0.0023726539064420613
23.424,0.002444711114343563,0.002372496006101895
23.426,0.002452213954579474,0.0023723382007972485
23.428,0.002459726554947691,0.0023721804904709228
23.43,0.002467246072722983,0.0023720228750657535
23.432,0.0024747697960078316,0.00237186535452461
23.434,0.0024822950862377923,0.0023717079287903973
23.436,0.002489819325833145,0.002371550597806053
23.438,0.002497339875794477,0.0023713933615145504
23.44,0.0025048540451773856,0.0023712362198588964
23.442,0.0025123590719361003,0.0023710791727821327
23.444,0.002519852113043403,0.002370922220227335
23.446,0.002527330241252623,0.002370765362137614
23.448,0.0025347904462664863,0.0023706085984561134
23.45,0.0025422296390991213,0.0023704519291260114
23.452,0.002549644659631056,0.002370295354090521
23.454,0.0025570322883281585,0.0023701388732928893
23.456,0.0025643892635005645,0.002369982486676397
23.458,0.0025717123051637453,0.00236982619418436
23.46,0.002578998145577737,0.0023696699957601263
23.462,0.002586243565104892,0.00236951389134708
23.464,0.002593445430479424,0.002369357880888639
23.466,0.0026006007313022533,0.0023692019643282536
23.468,0.002607706609896495,0.0023690461416094105
23.47,0.0026147603798102412,0.0023688904126756287
23.472,0.0026217595293024283,0.002368734777470462
23.474,0.0026287017080004636,0.002368579235937498
23.476,0.002635584697317189,0.002368423788020358
23.478,0.0026424063677912375,0.002368268433662697
23.48,0.0026491646288350347,0.0023681131728082055
23.482,0.002655857378018697,0.0023679580054006056
23.484,0.002662482457645353,0.002367802931383655
23.486,0.002669037625791824,0.0023676479507011446
23.488,0.002675520547199481,0.002367493063296899
23.49,0.0026819288066159326,0.0023673382691147766
23.492,0.0026882599438152795,0.00236718356809867
23.494,0.0026945115061046184,0.002367028960192505
23.496,0.0027006811112442273,0.0023668744453402423
23.498,0.002706766511891901,0.002366720023485875
23.5,0.0027127656522809764,0.00236656569457343
23.502,0.0027186767089584334,0.0023664114585469696
23.504,0.0027244981098638976,0.0023662573153505873
23.506,0.0027302285293840686,0.002366103264928412
23.508,0.0027358668606646858,0.0023659493072246056
23.51,0.0027414121697487254,0.0023657954421833632
23.512,0.0027468636384783474,0.0023656416697489147
23.514,0.002752220504197925,0.0023654879898655223
23.516,0.0027574820040539836,0.0023653344024774825
23.518,0.0027626473303020956,0.002365180907529125
23.52,0.0027677156009049872,0.002365027504964813
23.522,0.002772685847327959,0.0023648741947289434
23.524,0.002777557019257736,0.0023647209767659466
23.526,0.002782328004287285,0.002364567851020286
23.528,0.002786997659526416,0.0023644148174364592
23.53,0.0027915648515304155,0.002364261875958996
23.532,0.0027960285006953848,0.002364109026532461
23.534,0.0028003876261505404,0.0023639562691014516
23.536,0.0028046413870818467,0.0023638036036105975
23.538,0.002808789116397257,0.0023636510300045635
23.54,0.002812830342884845,0.0023634985482280466
23.542,0.0028167647987780613,0.002363346158225777
23.544,0.0028205924111330393,0.002363193859942519
23.546,0.0028243132776621317,0.0023630416533230694
23.548,0.002827927630414455,0.002362889538312259
23.55,0.0028314357934371755,0.0023627375148549505
23.552,0.002834838142601769,0.002362585582896041
23.554,0.0028381350764417157,0.0023624337423804598
23.556,0.0028413270056282416,0.0023622819932531706
23.558,0.0028444143655075656,0.002362130335459169
23.56,0.002847397651331911,0.002361978768943485
23.562,0.0028502774703153514,0.00236182729365118
23.564,0.002853054599638656,0.00236167590952735
23.566,0.0028557300362827298,0.0023615246165171228
23.568,0.0028583050241060568,0.00236137341456566
23.57,0.002860781046379414,0.0023612223036181563
23.572,0.002863159777816248,0.002361071283619839
23.574,0.002865442998025121,0.0023609203545159685
23.576,0.0028676324767230353,0.002360769516251838
23.578,0.002869729848193431,0.0023606187687727743
23.58,0.00287173649669404,0.0023604681120241357
23.582,0.002873653474690347,0.0023603175459513148
23.584,0.0028754814715924244,0.0023601670704997365
23.586,0.002877220842708771,0.0023600166856148587
23.588,0.002878871697830488,0.0023598663912421714
23.59,0.0028804340381889566,0.0023597161873271984
23.592,0.0028819079215881083,0.0023595660738154963
23.594,0.0028832936300777264,0.002359416050652653
23.596,0.0028845918136896527,0.0023592661177842915
23.598,0.002885803587666263,0.002359116275156065
23.6,0.002886930568480616,0.0023589665227136615
23.602,0.0028879748442249865,0.0023588168604028008
23.604,0.0028889388856414237,0.002358667288169235
23.606,0.002889825413194923,0.0023585178059587495
23.608,0.0028906372415540764,0.0023583684137171617
23.61,0.002891377124766463,0.0023582191113903223
23.612,0.002892047623261177,0.0023580698989241144
23.614,0.002892651008343477,0.0023579207762644537
23.616,0.002893189212410527,0.002357771743357288
23.618,0.0028936638253047034,0.0023576228001485977
23.62,0.0028940761305177734,0.0023574739465843965
23.622,0.00289442717043118,0.00235732518261073
23.624,0.0028947178278924683,0.0023571765081736758
23.626,0.0028949489120189695,0.002357027923219345
23.628,0.0028951212385111415,0.0023568794276938804
23.63,0.002895235697993234,0.0023567310215434575
23.632,0.0028952933090246264,0.0023565827047142838
23.634,0.0028952952547320705,0.0023564344771525997
23.636,0.002895242903206032,0.002356286338804678
23.638,0.0028951378120225598,0.002356138289616823
23.64,0.0028949817169795266,0.0023559903295353726
23.642,0.002894776505001404,0.002355842458506696
23.644,0.0028945241717145288,0.002355694676477195
23.646,0.0028942267656810934,0.002355546983393304
23.648,0.002893886323563803,0.002355399379201488
23.65,0.0028935048030418907,0.002355251863848247
23.652,0.002893084022330089,0.002355104437280111
23.654,0.0028926256158524235,0.002354957099443643
23.656,0.002892131014401717,0.002354809850285438
23.658,0.002891601454818598,0.002354662689752123
23.66,0.002891038019234547,0.0023545156177903577
23.662,0.0028904416981338906,0.0023543686343468332
23.664,0.002889813466126364,0.0023542217393682733
23.666,0.0028891543556684696,0.0023540749328014336
23.668,0.002888465513058196,0.0023539282145931015
23.67,0.002887748223348343,0.002353781584690097
23.672,0.002887003896181932,0.002353635043039271
23.674,0.002886234012044241,0.0023534885895875077
23.676,0.0028854400366017086,0.0023533422242817226
23.678,0.0028846233179564097,0.002353195947068863
23.68,0.002883784986200663,0.002353049757895909
23.682,0.002882925875494957,0.0023529036567098718
23.684,0.0028820464856397195,0.002352757643457794
23.686,0.0028811469932441833,0.0023526117180867516
23.688,0.0028802273133712074,0.002352465880543851
23.69,0.002879287202751387,0.0023523201307762316
23.692,0.002878326387282313,0.002352174468731064
23.694,0.0028773446912905456,0.00235202889435555
23.696,0.0028763421450626898,0.0023518834075969245
23.698,0.002875319050721616,0.0023517380084024536
23.7,0.0028742759939916138,0.0023515926967194348
23.702,0.002873213799318526,0.002351447472495197
23.704,0.0028721334362417166,0.0023513023356771024
23.706,0.0028710358938011074,0.0023511572862125432
23.708,0.0028699220453702622,0.002351012324048944
23.71,0.0028687925275755932,0.002350867449133761
23.712,0.0028676476537222314,0.0023507226614144817
23.714,0.0028664873751430156,0.002350577960838626
23.716,0.002865311294611073,0.0023504333473537446
23.718,0.002864118726321367,0.00235028882090742
23.72,0.0028629087888801105,0.0023501443814472663
23.722,0.002861680512772749,0.002350000028920929
23.724,0.0028604329427381406,0.0023498557632760857
23.726,0.0028591652183232127,0.0023497115844604444
23.728,0.002857876621779941,0.002349567492421745
23.73,0.0028565665899444944,0.00234942348710776
23.732,0.0028552346941059393,0.002349279568466292
23.734,0.0028538805975656255,0.002349135736445175
23.736,0.002852504003519625,0.0023489919909922747
23.738,0.002851104605679797,0.0023488483320554887
23.74,0.002849682051040161,0.0023487047595827457
23.742,0.0028482359193700963,0.0023485612735220053
23.744,0.002846765718704934,0.0023484178738212586
23.746,0.002845270891654825,0.002348274560428528
23.748,0.0028437508248109694,0.002348131333291867
23.75,0.0028422048534041044,0.0023479881923593616
23.752,0.002840632255547503,0.0023478451375791272
23.754,0.0028390322341957487,0.0023477021688993118
23.756,0.002837403889319649,0.002347559286268094
23.758,0.002835746186589301,0.0023474164896336836
23.76,0.0028340579311028043,0.002347273778944322
23.762,0.0028323377548322,0.0023471311541482806
23.764,0.002830584124429598,0.0023469886151938637
23.766,0.00282879537230145,0.0023468461620294056
23.768,0.0028269697492476044,0.0023467037946032715
23.77,0.0028251054924845745,0.002346561512863858
23.772,0.0028232008994838443,0.0023464193167595936
23.774,0.0028212543964586737,0.0023462772062389364
23.776,0.0028192645908408803,0.0023461351812503763
23.778,0.0028172302995845334,0.002345993241742434
23.78,0.002815150549112673,0.002345851387663661
23.782,0.002813024547412498,0.0023457096189626408
23.784,0.002810851633306395,0.002345567935587986
23.786,0.00280863121146337,0.0023454263374883422
23.788,0.0028063626836637595,0.0023452848246123844
23.79,0.0028040453868979,0.0023451433969088192
23.792,0.0028016785471267056,0.0023450020543263838
23.794,0.0027992612543507656,0.002344860796813846
23.796,0.0027967924606632395,0.0023447196243200053
23.798,0.0027942709989643277,0.002344578536793691
23.8,0.0027916956167323937,0.002344437534183764
23.802,0.002789065017258319,0.0023442966164391155
23.804,0.002786377900358752,0.0023441557835086678
23.806,0.0027836329957652097,0.0023440150353413736
23.808,0.00278082908479077,0.0023438743718862164
23.81,0.002777965008913832,0.0023437337930922106
23.812,0.0027750396668858816,0.0023435932989084012
23.814,0.002772052004213369,0.0023434528892838638
23.816,0.0027690009999239377,0.0023433125641677045
23.818,0.0027658856552495352,0.0023431723235090604
23.82,0.0027627049874219376,0.0023430321672570993
23.822,0.0027594580296438644,0.002342892095361019
23.824,0.0027561438360987544,0.002342752107770048
23.826,0.0027527614892195952,0.0023426122044334463
23.828,0.0027493101058122553,0.002342472385300503
23.83,0.0027457888391912042,0.0023423326503205382
23.832,0.002742196876070122,0.0023421929994429038
23.834,0.0027385334290974395,0.00234205343261698
23.836,0.0027347977280046034,0.0023419139497921795
23.838,0.0027309890137110424,0.002341774550917944
23.84,0.002727106539937089,0.002341635235943746
23.842,0.002723149585752474,0.002341496004819089
23.844,0.0027191174802189758,0.002341356857493506
23.846,0.0027150096373704216,0.0023412177939165614
23.848,0.002710825596901666,0.0023410788140378488
23.85,0.0027065650638206816,0.002340939917806993
23.852,0.0027022279395066797,0.002340801105173649
23.854,0.002697814337372464,0.0023406623760875013
23.856,0.002693324578552975,0.002340523730498266
23.858,0.002688759166301126,0.0023403851683556887
23.86,0.0026841187414072404,0.002340246689609545
23.862,0.0026794040242305505,0.0023401082942096415
23.864,0.0026746157511972394,0.002339969982105814
23.866,0.0026697546144610904,0.00233983175324793
23.868,0.0026648212127331856,0.002339693607585885
23.87,0.0026598160192658283,0.002339555545069607
23.872,0.002654739370073272,0.0023394175656490527
23.874,0.0026495914722687247,0.002339279669274209
23.876,0.002644372429481302,0.0023391418558950934
23.878,0.002639082279165109,0.002339004125461753
23.88,0.002633721035514552,0.0023388664779242655
23.882,0.002628288731729894,0.002338728913232738
23.884,0.0026227854564108265,0.0023385914313373084
23.886,0.0026172113806204413,0.002338454032188144
23.888,0.0026115667743037223,0.002338316715735442
23.89,0.0026058520128883376,0.00233817948192943
23.892,0.0026000675766983325,0.002338042330720366
23.894,0.0025942140469997947,0.0023379052620585367
23.896,0.002588292102888857,0.0023377682758942593
23.898,0.0025823025227564586,0.0023376313721778816
23.9,0.00257624619277447,0.00233749455085978
23.902,0.0025701241229332144,0.0023373578118903618
23.904,0.002563937468934175,0.002337221155220064
23.906,0.0025576875561192,0.0023370845807993523
23.908,0.0025513759000498895,0.002336948088578724
23.91,0.0025450042177458596,0.0023368116785087052
23.912,0.002538574424210728,0.0023366753505398518
23.914,0.0025320886107530497,0.002336539104622749
23.916,0.002525549004500128,0.0023364029407080132
23.918,0.0025189579118987055,0.002336266858746289
23.92,0.002512317652211662,0.0023361308586882516
23.922,0.0025056304893373398,0.0023359949404846056
23.924,0.0024988985711202156,0.0023358591040860853
23.926,0.002492123884409893,0.0023357233494434543
23.928,0.002485308231573619,0.0023355876765075063
23.93,0.002478453230483405,0.0023354520852290647
23.932,0.0024715603359769887,0.002335316575558982
23.934,0.002464630877332427,0.002335181147448141
23.936,0.0024576661041696432,0.002335045800847453
23.938,0.0024506672328493376,0.00233491053570786
23.94,0.0024436354868748295,0.0023347753519803323
23.942,0.0024365721275613687,0.002334640249615871
23.944,0.002429478474526044,0.002334505228565506
23.946,0.0024223559184519223,0.0023343702887802967
23.948,0.0024152059302998256,0.002334235430211332
23.95,0.002408030071231256,0.0023341006528097303
23.952,0.0024008300059829555,0.0023339659565266395
23.954,0.0023936075197824275,0.0023338313413132365
23.956,0.00238636453592864,0.002333696807120728
23.958,0.00237910312880828,0.00233356235390035
23.96,0.0023718255261534122,0.0023334279816033675
23.962,0.0023645340951853767,0.0023332936901810752
23.964,0.0023572313098700975,0.0023331594795847972
23.966,0.002349919700293708,0.0023330253497658867
23.968,0.0023426017892881575,0.002332891300675726
23.97,0.0023352800249035904,0.0023327573322657275
23.972,0.0023279567192819955,0.0023326234444873317
23.974,0.002320634004410281,0.0023324896372920088
23.976,0.002313313813053287,0.0023323559106312583
23.978,0.0023059978892768754,0.002332222264456609
23.98,0.0022986878281161475,0.0023320886987196186
23.982,0.0022913851390494442,0.002331955213371874
23.984,0.0022840913239084507,0.0023318218083649912
23.986,0.0022768079573887465,0.002331688483650616
23.988,0.0022695367578028014,0.002331555239180422
23.99,0.0022622796371585606,0.0023314220749061127
23.992,0.002255038722747334,0.002331288990779421
23.994,0.0022478163466443713,0.0023311559867521085
23.996,0.0022406150042024774,0.002331023062775965
23.998,0.002233437287077855,0.002330890218802811
24.0,0.00222628579996676,0.0023307574547844945
24.002,0.0022191630725829394,0.002330624770672893
24.004,0.002212071479170061,0.0023304921664199134
24.006,0.0022050131769054183,0.002330359641977491
24.008,0.0021979900719966876,0.00233022719729759
24.01,0.0021910038183878084,0.002330094832332204
24.012,0.0021840558492529573,0.0023299625470333553
24.014,0.002177147436506727,0.002329830341353095
24.016,0.00217027976913237,0.0023296982152435025
24.018,0.0021634540379582776,0.002329566168656687
24.02,0.002156671513202976,0.002329434201544786
24.022,0.0021499336020136474,0.002329302313859966
24.024,0.0021432418763416886,0.002329170505554422
24.026,0.0021365980664331164,0.002329038776580378
24.028,0.002130004021198336,0.002328907126890087
24.03,0.0021234616427454594,0.00232877555643583
24.032,0.0021169728073202718,0.002328644065169918
24.034,0.0021105392878280568,0.002328512653044689
24.036,0.0021041626933807067,0.0023283813200125113
24.038,0.0020978444387488703,0.002328250066025781
24.04,0.002091585751556299,0.0023281188910369223
24.042,0.00208538771835852,0.0023279877949983893
24.044,0.002079251363559953,0.002327856777862664
24.046,0.002073177748720539,0.0023277258395822576
24.048,0.0020671680753562363,0.0023275949801097088
24.05,0.0020612237726926282,0.0023274641993975857
24.052,0.002055346553357079,0.002327333497398485
24.054,0.002049538424521241,0.0023272028740650313
24.056,0.002043801648843009,0.0023270723293498784
24.058,0.0020381386576180053,0.002326941863205708
24.06,0.0020325519265249905,0.0023268114755852307
24.062,0.0020270438309187054,0.0023266811664411856
24.064,0.00202161650167449,0.00232655093572634
24.066,0.0020162717033946733,0.002326420783393489
24.068,0.002011010754131035,0.0023262907093954577
24.07,0.0020058344999997436,0.0023261607136850983
24.072,0.0020007433500198717,0.002326030796215292
24.074,0.001995737367437527,0.002325900956938948
24.076,0.0019908164051500553,0.002325771195809004
24.078,0.0019859802660230053,0.002325641512778426
24.08,0.0019812288650307808,0.002325511907800208
24.082,0.0019765623699067518,0.002325382380827373
24.084,0.001971981300416007,0.002325252931812972
24.086,0.001967486572897974,0.002325123560710084
24.088,0.001963079485269181,0.002324994267471816
24.09,0.001958761646793117,0.002324865052051304
24.092,0.001954534865098826,0.0023247359144017115
24.094,0.001950401008842741,0.002324606854476231
24.096,0.001946361867170978,0.0023244778722280824
24.098,0.0019424190264435684,0.002324348967610514
24.1,0.0019385737808325905,0.002324220140576802
24.102,0.0019348270872314678,0.0023240913910802514
24.104,0.001931179567581237,0.002323962719074195
24.106,0.0019276315545009317,0.002323834124511993
24.108,0.0019241831701359096,0.0023237056073470348
24.11,0.001920834424216822,0.0023235771675327367
24.112,0.0019175853158339227,0.002323448805022544
24.114,0.0019144359243185992,0.0023233205197699296
24.116,0.0019113864774703223,0.002323192311728395
24.118,0.0019084373895266523,0.002323064180851468
24.12,0.0019055892660146938,0.0023229361270927064
24.122,0.0019028428772590374,0.002322808150405695
24.124,0.0019001991062946393,0.0023226802507440463
24.126,0.0018976588798556306,0.0023225524280614013
24.128,0.0018952230927596959,0.0023224246823114283
24.13,0.0018928925363094087,0.002322297013447824
24.132,0.00189066784032927,0.0023221694214243128
24.134,0.0018885494363037195,0.002322041906194647
24.136,0.001886537546025427,0.0023219144677126065
24.138,0.0018846321965556667,0.0023217871059319994
24.14,0.0018828332585769558,0.002321659820806661
24.142,0.001881140501872713,0.002321532612290455
24.144,0.0018795536591882196,0.002321405480337273
24.146,0.0018780724885120552,0.0023212784249010336
24.148,0.001876696824104016,0.0023211514459356834
24.15,0.001875426608386856,0.002321024543395197
24.152,0.0018742618998632298,0.002320897717233577
24.154,0.001873202856035495,0.0023207709674048526
24.156,0.0018722496942623053,0.0023206442938630816
24.158,0.0018714026369189348,0.002320517696562349
24.16,0.0018706618495621468,0.0023203911754567674
24.162,0.0018700273816665864,0.0023202647305004776
24.164,0.0018694991187958021,0.0023201383616476474
24.166,0.0018690767529787374,0.0023200120688524725
24.168,0.0018687597750005134,0.0023198858520691763
24.17,0.0018685474888480783,0.002319759711252009
24.172,0.0018684390452753286,0.002319633646355249
24.174,0.0018684334888884686,0.0023195076573332024
24.176,0.001868529811654577,0.002319381744140202
24.178,0.001868727005446308,0.0023192559067306087
24.18,0.0018690241070740104,0.002319130145058811
24.182,0.0018694202309627276,0.0023190044590792242
24.184,0.0018699145868238478,0.0023188788487462915
24.186,0.0018705064819288983,0.0023187533140144835
24.188,0.001871195309532494,0.002318627854838298
24.19,0.0018719805263362368,0.0023185024711722606
24.192,0.001872861622502222,0.0023183771629709236
24.194,0.0018738380876448667,0.0023182519301888672
24.196,0.0018749093756243438,0.002318126772780699
24.198,0.0018760748701028896,0.0023180016907010537
24.2,0.00187733385200774,0.002317876683904593
24.202,0.0018786854695271196,0.0023177517523460065
24.204,0.001880128711197189,0.0023176268959800104
24.206,0.0018816623830142914,0.002317502114761349
24.208,0.0018832850911669734,0.0023173774086447927
24.21,0.0018849952326428082,0.00231725277758514
24.212,0.0018867909962928889,0.002317128221537217
24.214,0.0018886703766428533,0.0023170037404558756
24.216,0.0018906312016709966,0.002316879334295996
24.218,0.0018926711739809647,0.002316755003012485
24.22,0.001894787922549218,0.002316630746560277
24.222,0.0018969790599766626,0.002316506564894333
24.224,0.0018992422384569807,0.0023163824579696415
24.226,0.0019015751969882237,0.0023162584257412177
24.228,0.0019039757930222386,0.0023161344681641048
24.23,0.0019064420138186465,0.002316010585193372
24.232,0.0019089719659781059,0.002315886776784116
24.234,0.0019115638454174238,0.00231576304289146
24.236,0.0019142158936785686,0.002315639383470555
24.238,0.0019169263491606032,0.0023155157984765793
24.24,0.001919693402994823,0.0023153922878647367
24.242,0.001922515168502398,0.002315268851590259
24.244,0.0019253896705125897,0.002315145489608405
24.246,0.0019283148567093334,0.0023150222018744598
24.248,0.0019312886283708748,0.002314898988343736
24.25,0.0019343088833162771,0.002314775848971573
24.252,0.001937373560526676,0.002314652783713337
24.254,0.001940480674531206,0.0023145297925244207
24.256,0.0019436283286571856,0.002314406875360244
24.258,0.0019468146996087776,0.002314284032176254
24.26,0.0019500379910607913,0.002314161262927924
24.262,0.0019532963601365905,0.0023140385675707543
24.264,0.0019565878266373325,0.002313915946060272
24.266,0.0019599101795133036,0.002313793398352031
24.268,0.0019632608973150886,0.002313670924401612
24.27,0.0019666370986205148,0.002313548524164622
24.272,0.001970035534633785,0.002313426197596696
24.274,0.0019734526298198084,0.0023133039446534935
24.276,0.001976884568624022,0.002313181765290703
24.278,0.001980327418446446,0.002313059659464038
24.28,0.0019837772725898673,0.0023129376271292398
24.282,0.0019872303931761227,0.0023128156682420756
24.284,0.0019906833338197635,0.0023126937827583393
24.286,0.001994133025275941,0.0023125719706338517
24.288,0.001997576813710998,0.00231245023182446
24.29,0.002001012449415103,0.0023123285662860382
24.292,0.002004438032044827,0.002312206973974487
24.294,0.002007851925179995,0.0023120854548457324
24.296,0.0020112526567860364,0.0023119640088557283
24.298,0.0020146388224214296,0.0023118426359604546
24.3,0.0020180090048633973,0.002311721336115918
24.302,0.002021361718162376,0.0023116001092781517
24.304,0.0020246953774470952,0.002311478955403214
24.306,0.0020280082897496687,0.0023113578744471917
24.308,0.0020312986571416856,0.0023112368663661966
24.31,0.002034564582430843,0.002311115931116368
24.312,0.0020378040696321016,0.00231099506865387
24.314,0.002041015015676701,0.002310874278934895
24.316,0.002044195195038332,0.0023107535619156603
24.318,0.002047342243585665,0.0023106329175524103
24.32,0.0020504536506420184,0.0023105123458014155
24.322,0.0020535267681248246,0.0023103918466189726
24.324,0.0020565588426973173,0.002310271419961405
24.326,0.002059547071824869,0.002310151065785062
24.328,0.0020624886788036616,0.0023100307840463194
24.33,0.0020653809967671917,0.002309910574701579
24.332,0.0020682215487376502,0.002309790437707269
24.334,0.0020710081107900213,0.0023096703730198435
24.336,0.002073738748388569,0.002309550380595784
24.338,0.002076411821222104,0.002309430460391597
24.34,0.00207902595811495,0.0023093106123638152
24.342,0.0020815800093063235,0.002309190836468998
24.344,0.002084072987226812,0.0023090711326637305
24.346,0.0020865040080278556,0.0023089515009046243
24.348,0.00208887224442731,0.002308831941148317
24.35,0.0020911768965279558,0.0023087124533514723
24.352,0.002093417182282709,0.00230859303747078
24.354,0.0020955923445573304,0.002308473693462955
24.356,0.0020977016684547395,0.0023083544212847405
24.358,0.002099744501412516,0.002308235220892904
24.36,0.002101720269629437,0.002308116092244239
24.362,0.0021036284870586852,0.0023079970352955655
24.364,0.002105468756539708,0.0023078780500037296
24.366,0.002107240765526449,0.002307759136325603
24.368,0.0021089442804193737,0.002307640294218084
24.37,0.0021105791433104863,0.002307521523638096
24.372,0.0021121452731826225,0.0023074028245425884
24.374,0.0021136426709641018,0.0023072841968885373
24.376,0.002115071425325854,0.002307165640632944
24.378,0.00211643171469674,0.0023070471557328364
24.38,0.0021177238013049254,0.002306928742145267
24.382,0.002118948015214189,0.002306810399827315
24.384,0.0021201047297839874,0.002306692128736086
24.386,0.002121194333728563,0.0023065739288287103
24.388,0.00212221720777089,0.0023064558000623443
24.39,0.0021231737147253014,0.0023063377423941703
24.392,0.0021240642101371283,0.0023062197557813966
24.394,0.0021248890764949875,0.0023061018401812575
24.396,0.0021256487783656818,0.002305983995551012
24.398,0.0021263439299662383,0.0023058662218479456
24.4,0.0021269753622447894,0.0023057485190293692
24.402,0.002127544174811352,0.00230563088705262
24.404,0.002128051759745381,0.00230551332587506
24.406,0.002128499789269516,0.0023053958354540775
24.408,0.0021288901665259706,0.002305278415747086
24.41,0.0021292249466017825,0.002305161066711525
24.412,0.002129506241661237,0.0023050437883048594
24.414,0.00212973612792903,0.00230492658048458
24.416,0.002129916572346284,0.0023048094432082025
24.418,0.0021300493929165935,0.0023046923764332688
24.42,0.002130136259926134,0.002304575380117346
24.422,0.0021301787369294063,0.0023044584542180275
24.424,0.0021301783525340865,0.0023043415986929313
24.426,0.0021301366883387904,0.0023042248134997013
24.428,0.002130055466047783,0.002304108098596007
24.43,0.0021299366181397133,0.0023039914539395427
24.432,0.002129782330954185,0.002303874879488029
24.434,0.002129595055425918,0.0023037583751992115
24.436,0.0021293774873382123,0.0023036419410308617
24.438,0.002129132524350663,0.002303525576940776
24.44,0.002128863210091004,0.002303409282886776
24.442,0.0021285726758853672,0.0023032930588267092
24.444,0.002128264088556585,0.0023031769047184487
24.446,0.0021279406090485187,0.0023030608205198925
24.448,0.0021276053626259426,0.002302944806188964
24.45,0.0021272614181926655,0.002302828861683612
24.452,0.0021269117726539096,0.00230271298696181
24.454,0.0021265593364841787,0.0023025971819815583
24.456,0.002126206918456609,0.0023024814467008806
24.458,0.0021258572101346294,0.0023023657810778276
24.46,0.002125512773315024,0.002302250185070474
24.462,0.0021251760353093218,0.0023021346586369206
24.464,0.002124849297208964,0.0023020192017352923
24.466,0.002124534758965582,0.00230190381432374
24.468,0.0021242345625113487,0.00230178849636044
24.47,0.0021239508508466964,0.002301673247803594
24.472,0.0021236858377755518,0.0023015580686114273
24.474,0.002123441880475281,0.002301442958742192
24.476,0.0021232215458529577,0.0023013279181541644
24.478,0.0021230276618791353,0.002301212946805646
24.48,0.0021228633467215404,0.0023010980446549643
24.482,0.0021227320111980048,0.0023009832116604708
24.484,0.002122637333352219,0.002300868447780542
24.486,0.002122583207311416,0.0023007537529735806
24.488,0.002122573671542127,0.002300639127198013
24.49,0.0021226128238228327,0.002300524570412292
24.492,0.0021227047314796616,0.002300410082574894
24.494,0.0021228533456033724,0.0023002956636443213
24.496,0.0021230624271248613,0.002300181313579101
24.498,0.0021233354909206033,0.002300067032337785
24.5,0.002123675771784438,0.0022999528198789504
24.502,0.002124086213442465,0.002299838676161199
24.504,0.002124569479150388,0.0022997246011431573
24.506,0.0021251279801549434,0.0022996105947834774
24.508,0.002125763916733652,0.0022994966570408356
24.51,0.002126479325866988,0.0022993827878739336
24.512,0.002127276129905424,0.0022992689872414975
24.514,0.0021281561817555025,0.0022991552551022785
24.516,0.002129121303832507,0.0022990415914150523
24.518,0.002130173319898747,0.00229892799613862
24.52,0.00213131408047332,0.002298814469231807
24.522,0.0021325454833861796,0.002298701010653464
24.524,0.0021338694910500553,0.0022985876203624658
24.526,0.002135288145182897,0.0022984742983177125
24.528,0.0021368035783167648,0.0022983610444781287
24.53,0.002138418019959958,0.0022982478588026633
24.532,0.002140133794281112,0.002298134741250291
24.534,0.0021419533061205706,0.00229802169178001
24.536,0.002143879013234613,0.0022979087103508437
24.538,0.002145913384846239,0.0022977957969218406
24.54,0.002148058849380373,0.0022976829514520735
24.542,0.0021503177370168582,0.002297570173900639
24.544,0.002152692224630866,0.00229745746422666
24.546,0.0021551842911603602,0.0022973448223892823
24.548,0.0021577956901165083,0.0022972322483476777
24.55,0.002160527942953575,0.0022971197420610413
24.552,0.0021633823529200397,0.002297007303488594
24.554,0.00216636003475204,0.00229689493258958
24.556,0.002169461952205224,0.0022967826293232695
24.558,0.0021726889538695913,0.0022966703936489557
24.56,0.0021760417984968933,0.002296558225525957
24.562,0.002179521164138993,0.002296446124913617
24.564,0.0021831276401030413,0.002296334091771302
24.566,0.0021868617059548094,0.0022962221260584047
24.568,0.002190723706213961,0.002296110227734341
24.57,0.002194713831775911,0.0022959983967585514
24.572,0.0021988321186906918,0.002295886633090501
24.574,0.002203078471618979,0.0022957749366896794
24.576,0.0022074527136768437,0.0022956633075156005
24.578,0.0022119546576869057,0.0022955517455278025
24.58,0.0022165841876186196,0.002295440250685848
24.582,0.002221341334736364,0.002295328822949324
24.584,0.002226226331801989,0.002295217462277841
24.586,0.0022312396310538983,0.0022951061686310357
24.588,0.002236381877280302,0.0022949949419685672
24.59,0.002241653835077844,0.00229488378225012
24.592,0.0022470562778093483,0.002294772689435402
24.594,0.0022525898531662596,0.002294661663484146
24.596,0.0022582549451332697,0.0022945507043561093
24.598,0.0022640515535879433,0.002294439812011072
24.6,0.0022699792104804934,0.002294328986408841
24.602,0.0022760369459816202,0.0022942182275092443
24.604,0.002282223310204301,0.002294107535272136
24.606,0.0022885364475065013,0.0022939969096573945
24.608,0.0022949742124518256,0.002293886350624921
24.61,0.0023015343105322944,0.0022937758581346424
24.612,0.00230821444362749,0.002293665432146508
24.614,0.0023150124402475255,0.002293555072620493
24.616,0.002321926353707288,0.0022934447795165953
24.618,0.0023289545168650736,0.0022933345527948374
24.62,0.002336095548959281,0.002293224392415266
24.622,0.0023433483172634498,0.0022931142983379517
24.624,0.0023507118626403937,0.0022930042705229894
24.626,0.00235818530267389,0.0022928943089304973
24.628,0.0023657677282602632,0.0022927844135206183
24.63,0.002373458109107062,0.002292674584253519
24.632,0.0023812552206926465,0.00229256482108939
24.634,0.0023891576004616286,0.002292455123988446
24.636,0.002397163535256495,0.0022923454929109255
24.638,0.0024052710762711826,0.002292235927817091
24.64,0.0024134780732096603,0.0022921264286672287
24.642,0.0024217822166868576,0.002292016995421649
24.644,0.002430181077696535,0.0022919076280406864
24.646,0.0024386721351809786,0.0022917983264846985
24.648,0.002447252786861396,0.0022916890907140673
24.65,0.002455920343599838,0.0022915799206891987
24.652,0.0024646720125058898,0.002291470816370522
24.654,0.002473504877634782,0.0022913617777184907
24.656,0.0024824158885763375,0.0022912528046935823
24.658,0.002491401866118288,0.0022911438972562973
24.66,0.002500459530678152,0.002291035055367161
24.662,0.002509585554083872,0.0022909262789867213
24.664,0.0025187766296914274,0.002290817568075551
24.666,0.0025280295510319906,0.002290708922594246
24.668,0.002537341286294429,0.0022906003425034256
24.67,0.002546709035651634,0.002290491827763734
24.672,0.0025561302608194227,0.002290383378335837
24.674,0.0025656026807736945,0.0022902749941804265
24.676,0.0025751242332404637,0.0022901666752582167
24.678,0.0025846930071812967,0.0022900584215299457
24.68,0.0025943071558533854,0.002289950232956375
24.682,0.002603964802311468,0.00228984210949829
24.684,0.002613663949145125,0.0022897340511165
24.686,0.0026234024020921035,0.0022896260577718367
24.688,0.00263317771368291,0.0022895181294251567
24.69,0.0026429871492415088,0.0022894102660373397
24.692,0.002652827674345435,0.002289302467569289
24.694,0.00266269596089407,0.002289194733981931
24.696,0.0026725884084523263,0.0022890870652362157
24.698,0.002682501178250255,0.0022889794612931174
24.7,0.002692430238479907,0.002288871922113633
24.702,0.002702371420543102,0.0022887644476587833
24.704,0.002712320485984265,0.0022886570378896124
24.706,0.0027222732026524433,0.002288549692767188
24.708,0.0027322254263056995,0.0022884424122526013
24.71,0.0027421731809932964,0.0022883351963069666
24.712,0.002752112729028545,0.002288228044891422
24.714,0.002762040620161338,0.002288120957967128
24.716,0.0027719537104114833,0.0022880139354952704
24.718,0.0027818491442081947,0.0022879069774370563
24.72,0.002791724298681061,0.002287800083753717
24.722,0.002801576695283398,0.002287693254406508
24.724,0.00281140389013146,0.0022875864893567065
24.726,0.0028212033591392812,0.002287479788565614
24.728,0.0028309723960718005,0.0022873731519945555
24.73,0.0028407080403926,0.0022872665796048785
24.732,0.0028504070472950035,0.0022871600713579537
24.734,0.0028600659053283155,0.0022870536272151763
24.736,0.002869680898868826,0.0022869472471379634
24.738,0.0028792482049194946,0.002286840931087756
24.74,0.002888764007868211,0.0022867346790260185
24.742,0.002898224613013882,0.0022866284909142374
24.744,0.002907626540374767,0.0022865223667139236
24.746,0.002916966584294428,0.002286416306386611
24.748,0.0029262418307755235,0.0022863103098938555
24.75,0.0029354496319747314,0.002286204377197238
24.752,0.0029445875444151642,0.0022860985082583606
24.754,0.002953653242918265,0.00228599270303885
24.756,0.002962644425157643,0.002285886961500355
24.758,0.0029715587218049097,0.002285781283604548
24.76,0.0029803936247708765,0.0022856756693131245
24.762,0.002989146441810555,0.0022855701185878026
24.764,0.0029978142807747794,0.002285464631390324
24.766,0.003006394062075383,0.0022853592076824535
24.768,0.0030148825542851854,0.002285253847425978
24.77,0.003023276425655329,0.002285148550582708
24.772,0.0030315723037333438,0.0022850433171144775
24.774,0.0030397668359023553,0.002284938146983143
24.776,0.003047856745034591,0.0022848330401505834
24.778,0.0030558388760371963,0.002284727996578701
24.78,0.0030637102304722384,0.0022846230162294214
24.782,0.003071467987480514,0.002284518099064693
24.784,0.0030791095099892327,0.002284413245046486
24.786,0.00308663233585413,0.0022843084541367955
24.788,0.0030940341544405175,0.0022842037262976378
24.79,0.0031013127703545156,0.0022840990614910526
24.792,0.0031084660575857047,0.0022839944596791026
24.794,0.003115491908979734,0.002283889920823873
24.796,0.0031223881873195486,0.0022837854448874723
24.798,0.0031291526848896928,0.0022836810318320314
24.8,0.003135783097848638,0.002283576681619704
24.802,0.0031422770198855504,0.0022834723942126668
24.804,0.0031486319566509154,0.002283368169573119
24.806,0.003154845358807763,0.002283264007663283
24.808,0.0031609146679710235,0.0022831599084454034
24.81,0.0031668373670899336,0.002283055871881748
24.812,0.0031726110256683,0.0022829518979346074
24.814,0.0031782333310040422,0.0022828479865662937
24.816,0.003183702099338576,0.002282744137739143
24.818,0.003189015264971235,0.002282640351415514
24.82,0.003194170850182657,0.0022825366275577874
24.822,0.0031991669232003996,0.0022824329661283666
24.824,0.00320400155443746,0.002282329367089678
24.826,0.003208672782107888,0.0022822258304041705
24.828,0.0032131785967770736,0.0022821223560343155
24.83,0.003217516950661788,0.002282018943942607
24.832,0.0032216857922697296,0.002281915594091562
24.834,0.003225683121322668,0.0022818123064437196
24.836,0.0032295070540331243,0.0022817090809616413
24.838,0.0032331558857705664,0.0022816059176079114
24.84,0.0032366281376721186,0.0022815028163451372
24.842,0.0032399225760294872,0.0022813997771359475
24.844,0.0032430381979519705,0.002281296799942994
24.846,0.0032459741830052334,0.0022811938847289515
24.848,0.003248729817062068,0.002281091031456516
24.85,0.0032513044001913683,0.0022809882400884073
24.852,0.0032536971539364355,0.002280885510587367
24.854,0.0032559071440691847,0.0022807828429161586
24.856,0.003257933232664833,0.002280680237037569
24.858,0.003259774068515138,0.002280577692914407
24.86,0.0032614281183751272,0.002280475210509504
24.862,0.003262893734533407,0.0022803727897857135
24.864,0.003264169248005004,0.0022802704307059115
24.866,0.003265253072394647,0.002280168133232996
24.868,0.0032661438019084194,0.0022800658973298883
24.87,0.0032668402883193376,0.0022799637229595307
24.872,0.003267341685588703,0.0022798616100848886
24.874,0.003267647456506355,0.0022797595586689498
24.876,0.003267757342047661,0.0022796575686747237
24.878,0.003267671299984119,0.002279555640065243
24.88,0.0032673894236287257,0.0022794537728035615
24.882,0.003266911853790493,0.002279351966852756
24.884,0.003266238696858084,0.0022792502221759257
24.886,0.003265369959694502,0.002279148538736191
24.888,0.0032643055083385747,0.0022790469164966952
24.89,0.0032630450532210925,0.002278945355420604
24.892,0.003261588159570729,0.002278843855471105
24.894,0.003259934278601308,0.0022787424166114075
24.896,0.003258082793327519,0.002278641038804744
24.898,0.0032560330724968473,0.0022785397220143676
24.9,0.0032537845268792633,0.002278438466203555
24.902,0.0032513366635437304,0.0022783372713356047
24.904,0.003248689135230748,0.0022782361373738366
24.906,0.003245841783048327,0.0022781350642815928
24.908,0.003242794671223981,0.002278034052022238
24.91,0.0032395481125431663,0.002277933100559159
24.912,0.003236102682635904,0.002277832209855764
24.914,0.003232459220832678,0.002277731379875484
24.916,0.003228618815320818,0.0022776306105817706
24.918,0.003224582771107688,0.0022775299019380992
24.92,0.00322035256094078,0.0022774292539079664
24.922,0.0032159297616859627,0.0022773286664548903
24.924,0.0032113159813129057,0.0022772281395424115
24.926,0.003206512784010231,0.002277127673134092
24.928,0.0032015216224462835,0.002277027267193517
24.93,0.0031963437863188385,0.002276926921684292
24.932,0.0031909803748608693,0.002276826636570046
24.934,0.0031854322979831197,0.002276726411814428
24.936,0.0031797003066693576,0.0022766262473811103
24.938,0.003173785048797516,0.0022765261432337873
24.94,0.0031676871425726067,0.002276426099336174
24.942,0.0031614072570140517,0.0022763261156520083
24.944,0.0031549461880119945,0.002276226192145049
24.946,0.003148304919568223,0.002276126328779078
24.948,0.0031414846627656375,0.002276026525517898
24.95,0.003134486869178412,0.002275926782325333
24.952,0.0031273132199856578,0.00227582709916523
24.954,0.003119965596051884,0.0022757274760014574
24.956,0.0031124460368805165,0.002275627912797905
24.958,0.003104756697144532,0.0022755284095184844
24.96,0.0030968998083917404,0.002275428966127129
24.962,0.003088877650897321,0.002275329582587795
24.964,0.003080692537226812,0.0022752302588644577
24.966,0.0030723468057763563,0.0022751309949211166
24.968,0.0030638428202110677,0.0022750317907217917
24.97,0.003055182969885171,0.0022749326462305247
24.972,0.0030463696671389857,0.002274833561411379
24.974,0.0030374053395111774,0.00227473453622844
24.976,0.003028292417693642,0.0022746355706458146
24.978,0.0030190333226225103,0.0022745366646276305
24.98,0.003009630456630656,0.002274437818138038
24.982,0.003000086203559238,0.0022743390311412088
24.984,0.0029904029410524704,0.0022742403036013358
24.986,0.0029805830653308924,0.0022741416354826335
24.988,0.002970629025325445,0.0022740430267493383
24.99,0.0029605433601046323,0.0022739444773657077
24.992,0.0029503287319070986,0.002273845987296021
24.994,0.0029399879473442202,0.002273747556504579
24.996,0.0029295239615177715,0.0022736491849557035
24.998,0.0029189398634458944,0.0022735508726137387
25.0,0.0029082388454328982,0.0022734526194430494
25.002,0.0028974241627936896,0.002273354425408022
25.004,0.002886499092675173,0.0022732562904730653
25.006,0.0028754669009780002,0.0022731582146026078
25.008,0.0028643308244611595,0.002273060197761101
25.01,0.002853094071456405,0.0022729622399130164
25.012,0.0028417598401257044,0.0022728643410228483
25.014,0.002830331348979784,0.0022727665010551113
25.016,0.0028188118714956175,0.0022726687199743417
25.018,0.0028072047658456735,0.0022725709977450973
25.02,0.0027955134921808563,0.002272473334331957
25.022,0.0027837416132225645,0.002272375729699522
25.024,0.0027718927782627843,0.0022722781838124127
25.026,0.002759970694937236,0.002272180696635273
25.028,0.0027479790962338956,0.0022720832681327663
25.03,0.0027359217113407117,0.0022719858982695783
25.032,0.0027238022478351586,0.002271888587010416
25.034,0.0027116243896591636,0.0022717913343200074
25.036,0.0026993918110953577,0.0022716941401631015
25.038,0.002687108202652339,0.002271597004504469
25.04,0.002674777301494181,0.0022714999273089013
25.042,0.0026624029176705697,0.002271402908541211
25.044,0.0026499889483032803,0.0022713059481662325
25.046,0.0026375393748700984,0.002271209046148821
25.048,0.002625058243076151,0.0022711122024538528
25.05,0.00261254962943507,0.0022710154170462247
25.052,0.0026000176024280294,0.002270918689890856
25.054,0.0025874661879961036,0.0022708220209526862
25.056,0.0025748993486165873,0.002270725410196676
25.058,0.0025623209823606467,0.0022706288575878074
25.06,0.0025497349437437916,0.0022705323630910833
25.062,0.0025371450829078292,0.0022704359266715276
25.064,0.0025245552949487294,0.002270339548294186
25.066,0.0025119695681586843,0.0022702432279241235
25.068,0.0024993920193481884,0.002270146965526428
25.07,0.0024868269064724094,0.002270050761066208
25.072,0.002474278613127181,0.002269954614508592
25.074,0.002461751605210776,0.00226985852581873
25.076,0.0024492503659639267,0.002269762494961794
25.078,0.0024367793204479937,0.0022696665219029753
25.08,0.002424342763269338,0.002269570606607487
25.082,0.0024119448034120483,0.0022694747490405636
25.084,0.0023995893373631224,0.0022693789491674593
25.086,0.002387280056812212,0.0022692832069534504
25.088,0.002375020491028796,0.002269187522363834
25.09,0.0023628140777395682,0.0022690918953639267
25.092,0.0023506642511287148,0.0022689963259190675
25.094,0.0023385745324147338,0.0022689008139946155
25.096,0.002326548607877038,0.002268805359555951
25.098,0.0023145903812869183,0.0022687099625684753
25.1,0.002302703992031143,0.0022686146229976096
25.102,0.0022908937960018244,0.002268519340808797
25.104,0.002279164312519954,0.002268424115967501
25.106,0.0022675201460685543,0.0022683289484392057
25.108,0.002255965895477133,0.002268233838189416
25.11,0.002244506064770154,0.002268138785183658
25.112,0.002233144988930374,0.0022680437893874777
25.114,0.0022218867845548193,0.0022679488507664426
25.116,0.0022107353304394897,0.002267853969286141
25.118,0.002199694277471932,0.0022677591449121815
25.12,0.0021887670819319464,0.002267664377610193
25.122,0.0021779570524242853,0.002267569667345826
25.124,0.0021672673989502657,0.002267475014084751
25.126,0.002156701273394785,0.0022673804177926597
25.128,0.002146261793774592,0.002267285878435264
25.13,0.002135952049287662,0.0022671913959782966
25.132,0.002125775088478074,0.002267096970387511
25.134,0.00211573389749224,0.0022670026016286806
25.136,0.0021058313783597735,0.0022669082896676004
25.138,0.002096070337753547,0.0022668140344700854
25.14,0.0020864534945679086,0.0022667198360019716
25.142,0.0020769835103056577,0.0022666256942291147
25.144,0.002067663040617276,0.002266531609117392
25.146,0.002058494800657519,0.002266437580632701
25.148,0.002049481632533883,0.0022663436087409588
25.15,0.002040626561081534,0.0022662496934081045
25.152,0.0020319328250647402,0.0022661558346000967
25.154,0.0020234038745830206,0.0022660620322829147
25.156,0.0020150433312186478,0.0022659682864225586
25.158,0.0020068549140975444,0.0022658745969850484
25.16,0.0019988423411431994,0.002265780963936425
25.162,0.001991009219109147,0.0022656873872427493
25.164,0.0019833589376232505,0.0022655938668701037
25.166,0.001975894581222392,0.0022655004027845897
25.168,0.0019686188696039987,0.00226540699495233
25.17,0.001961534131010265,0.002265313643339467
25.172,0.0019546423080199797,0.002265220347912164
25.174,0.0019479449902641394,0.002265127108636605
25.176,0.0019414434656126883,0.002265033925478994
25.178,0.0019351387806035027,0.002264940798405555
25.18,0.0019290318021333614,0.002264847727382532
25.182,0.0019231232750570142,0.002264754712376191
25.184,0.0019174138734155157,0.0022646617533528166
25.186,0.0019119042455997839,0.0022645688502787144
25.188,0.0019065950551537107,0.0022644760031202103
25.19,0.0019014870188508995,0.0022643832118436503
25.192,0.0018965809423293338,0.0022642904764154006
25.194,0.0018918777515116712,0.002264197796801848
25.196,0.0018873785160561391,0.0022641051729693994
25.198,0.0018830844599228569,0.0022640126048844816
25.2,0.0018789969543112758,0.0022639200925135415
25.202,0.001875117489851447,0.002263827635823047
25.204,0.0018714476277304946,0.0022637352347794856
25.206,0.0018679889327975947,0.002263642889349365
25.208,0.0018647428948516888,0.0022635505994992133
25.21,0.001861710846560879,0.002263458365195578
25.212,0.0018588938873025226,0.002263366186405028
25.214,0.0018562928214981103,0.002263274063094151
25.216,0.001853908117946214,0.002263181995229556
25.218,0.0018517398937032772,0.002263089982777871
25.22,0.001849787922834093,0.0022629980257057453
25.222,0.001848051667432626,0.002262906123979847
25.224,0.0018465303261290056,0.002262814277566865
25.226,0.0018452228940478972,0.0022627224864335085
25.228,0.0018441282278401946,0.002262630750546506
25.23,0.0018432451097801735,0.002262539069872606
25.232,0.0018425723057399236,0.0022624474443785777
25.234,0.001842108612886679,0.00226235587403121
25.236,0.0018418528940479884,0.002262264358797312
25.238,0.0018418040968170878,0.002262172898643712
25.24,0.0018419612566590666,0.0022620814935372597
25.242,0.0018423234845757585,0.002261990143444823
25.244,0.001842889941285069,0.002261898848333291
25.246,0.0018436598012644607,0.002261807608169572
25.248,0.0018446322111956763,0.0022617164229205944
25.25,0.0018458062480716186,0.0022616252925533073
25.252,0.0018471808822506741,0.002261534217034679
25.254,0.0018487549499419443,0.002261443196331697
25.256,0.0018505271380165904,0.00226135223041137
25.258,0.001852495981900888,0.002261261319240726
25.26,0.0018546598750058868,0.002261170462786812
25.262,0.001857017086151679,0.0022610796610166967
25.264,0.0018595657801840425,0.002260988913897467
25.266,0.0018623040367401263,0.0022608982213962302
25.268,0.0018652298629593886,0.0022608075834801133
25.27,0.0018683411976675084,0.002260717000116263
25.272,0.0018716359067852963,0.0022606264712718466
25.274,0.0018751117719148626,0.0022605359969140497
25.276,0.0018787664757211608,0.002260445577010079
25.278,0.0018825975884796031,0.00226035521152716
25.28,0.0018866025598439984,0.002260264900432538
25.282,0.0018907787186074358,0.002260174643693479
25.284,0.0018951232813184183,0.0022600844412772676
25.286,0.001899633368555671,0.0022599942931512086
25.288,0.0019043060259619532,0.0022599041992826265
25.29,0.0019091382461915948,0.0022598141596388652
25.292,0.0019141269879401662,0.002259724174187288
25.294,0.0019192691891551329,0.002259634242895279
25.296,0.0019245617731037073,0.0022595443657302404
25.298,0.001930001647778155,0.0022594545426595954
25.3,0.0019355857006875979,0.002259364773650786
25.302,0.0019413107920364405,0.002259275058671274
25.304,0.0019471737494099635,0.0022591853976885404
25.306,0.001953171366381363,0.0022590957906700867
25.308,0.001959300406132307,0.002259006237583433
25.31,0.001965557609589777,0.0022589167383961196
25.312,0.0019719397061236186,0.002258827293075706
25.314,0.0019784434238616965,0.0022587379015897714
25.316,0.001985065496369827,0.0022586485639059144
25.318,0.001991802662847752,0.002258559279991753
25.32,0.001998651659984597,0.002258470049814925
25.322,0.0020056092049633065,0.0022583808733430875
25.324,0.0020126719705318733,0.002258291750543917
25.326,0.0020198365543288546,0.0022582026813851093
25.328,0.0020270994456035364,0.0022581136658343798
25.33,0.0020344569930372384,0.0022580247038594637
25.332,0.002041905377556722,0.0022579357954281153
25.334,0.00204944059386731,0.0022578469405081084
25.336,0.002057058443948998,0.002257758139067236
25.338,0.0020647545449482088,0.0022576693910733104
25.34,0.002072524352733042,0.0022575806964941635
25.342,0.0020803632008485817,0.002257492055297647
25.344,0.002088266352762921,0.002257403467451631
25.346,0.0020962290632972787,0.0022573149329240057
25.348,0.002104246643272524,0.00225722645168268
25.35,0.0021123145200564186,0.002257138023695583
25.352,0.002120428286254553,0.002257049648930662
25.354,0.002128583729549969,0.002256961327355884
25.356,0.0021367768387556673,0.0022568730589392363
25.358,0.0021450037843201352,0.002256784843648724
25.36,0.002153260875350031,0.0022566966814523723
25.362,0.0021615444990005688,0.002256608572318225
25.364,0.002169851051067107,0.002256520516214346
25.366,0.0021781768681196317,0.002256432513108818
25.368,0.0021865181711535975,0.002256344562969743
25.37,0.002194871028471076,0.002256256665765241
25.372,0.00220323134176309,0.0022561688214634535
25.374,0.002211594854893061,0.002256081030032539
25.376,0.0022199571806283095,0.0022559932914406767
25.378,0.0022283138374492206,0.0022559056056560643
25.38,0.002236660287260014,0.0022558179726469185
25.382,0.0022449919655991865,0.0022557303923814755
25.384,0.0022533042985979374,0.00225564286482799
25.386,0.002261592704826842,0.0022555553899547367
25.388,0.0022698525843890412,0.0022554679677300087
25.39,0.0022780793011797596,0.002255380598122118
25.392,0.0022862681663113936,0.002255293281099397
25.394,0.0022944144308242147,0.002255206016630196
25.396,0.0023025132939370027,0.002255118804682884
25.398,0.002310559929661531,0.0022550316452258504
25.4,0.0023185495303770878,0.0022549445382275025
25.402,0.0023264773618706693,0.002254857483656267
25.404,0.002334338821291698,0.0022547704814805895
25.406,0.0023421294881048327,0.0022546835316689345
25.408,0.002349845158743393,0.002254596634189786
25.41,0.0023574818581358365,0.0022545097890116464
25.412,0.0023650358250831235,0.0022544229961030376
25.414,0.0023725034728262397,0.0022543362554325
25.416,0.0023798813301830397,0.0022542495669685926
25.418,0.002387165971566279,0.0022541629306798944
25.42,0.0023943539454844647,0.0022540763465350023
25.422,0.002401441710596747,0.0022539898145025328
25.424,0.0024084255862541534,0.002253903334551121
25.426,0.0024153017212571086,0.0022538169066494205
25.428,0.00242206608105308,0.0022537305307661045
25.43,0.002428714450582847,0.0022536442068698645
25.432,0.002435242448113765,0.002253557934929411
25.434,0.0024416455450302077,0.0022534717149134734
25.436,0.0024479190876568017,0.0022533855467908
25.438,0.002454058319359412,0.0022532994305301574
25.44,0.002460058403704187,0.0022532133661003315
25.442,0.0024659144515422554,0.002253127353470127
25.444,0.0024716215558099816,0.0022530413926083676
25.446,0.002477174837165673,0.002252955483483895
25.448,0.0024825695013297325,0.00225286962606557
25.45,0.0024878009056215357,0.0022527838203222723
25.452,0.0024928646285322553,0.0022526980662229
25.454,0.002497756533255166,0.0022526123637363706
25.456,0.0025024728148510503,0.0022525267128316196
25.458,0.0025070100217536922,0.002252441113477602
25.46,0.0025113650456865346,0.00225235556564329
25.462,0.0025155350792369956,0.0022522700692976763
25.464,0.002519517546276703,0.002252184624409771
25.466,0.0025233100157912905,0.0022520992309486027
25.468,0.0025269101131862918,0.0022520138888832203
25.47,0.0025303154438179472,0.0022519285981826894
25.472,0.0025335235410277584,0.0022518433588160952
25.474,0.0025365318457495948,0.0022517581707525414
25.476,0.0025393377178962303,0.0022516730339611503
25.478,0.0025419384727608805,0.0022515879484110626
25.48,0.0025443314302161157,0.0022515029140714377
25.482,0.0025465139618900223,0.0022514179309114533
25.484,0.0025484835224374685,0.002251332998900306
25.486,0.0025502376553698004,0.0022512481180072116
25.488,0.002551773970704142,0.0022511632882014024
25.49,0.002553090099380098,0.002251078509452131
25.492,0.002554183636149482,0.0022509937817286685
25.494,0.0025550520868385415,0.0022509091050003037
25.496,0.0025556928364432975,0.002250824479236344
25.498,0.002556103151211385,0.0022507399044061154
25.5,0.002556280221343313,0.0022506553804789624
25.502,0.0025562212426118837,0.002250570907424248
25.504,0.0025559235268718013,0.0022504864852113536
25.506,0.002555384624932236,0.0022504021138096794
25.508,0.0025546024419989015,0.002250317793188643
25.51,0.0025535753265392746,0.0022502335233176816
25.512,0.0025523021178045185,0.00225014930416625
25.514,0.002550782144377924,0.0022500651357038213
25.516,0.0025490151744898327,0.0022499810178998876
25.518,0.0025470013267343164,0.002249896950723959
25.52,0.0025447409557335446,0.002249812934145564
25.522,0.0025422345302307547,0.0022497289681342497
25.524,0.0025394825207578214,0.0022496450526595813
25.526,0.0025364853108256298,0.002249561187691142
25.528,0.0025332431404766886,0.0022494773731985334
25.53,0.002529756085249584,0.002249393609151376
25.532,0.002526024068327219,0.002249309895519308
25.534,0.0025220468997713373,0.0022492262322719864
25.536,0.0025178243347129745,0.0022491426193790858
25.538,0.002513356142105586,0.0022490590568102994
25.54,0.002508642176690373,0.0022489755445353385
25.542,0.0025036824485022975,0.0022488920825239327
25.544,0.0024984771858999194,0.00224880867074583
25.546,0.002493026889277038,0.0022487253091707966
25.548,0.0024873323731575098,0.002248641997768617
25.55,0.0024813947944438324,0.0022485587365090928
25.552,0.002475215664560139,0.0022484755253620453
25.554,0.0024687968435304843,0.0022483923642973133
25.556,0.0024621405149935767,0.0022483092532847534
25.558,0.0024552491428680057,0.002248226192294241
25.56,0.0024481254126630233,0.002248143181295669
25.562,0.002440772162852431,0.002248060220258949
25.564,0.0024331923137363314,0.0022479773091540105
25.566,0.0024253888022803564,0.002247894447950801
25.568,0.002417364531186867,0.0022478116366192857
25.57,0.002409122338838824,0.002247728875129449
25.572,0.0024006649939877223,0.0022476461634512923
25.574,0.002391995215608064,0.002247563501554835
25.576,0.0023831157148320584,0.002247480889410116
25.578,0.0023740292529260115,0.00224739832698719
25.58,0.0023647387073581737,0.0022473158142561323
25.582,0.0023552471373931806,0.002247233351187034
25.584,0.002345557841325928,0.0022471509377500047
25.586,0.0023356743992005284,0.002247068573915173
25.588,0.0023256006972524382,0.0022469862596526846
25.59,0.0023153409329093716,0.0022469039949327032
25.592,0.002304899601572082,0.002246821779725411
25.594,0.002294281468258498,0.0022467396140010074
25.596,0.0022834915283709615,0.0022466574977297103
25.598,0.0022725349623146512,0.0022465754308817554
25.6,0.0022614170885526426,0.0022464934134273965
25.602,0.0022501433190965287,0.0022464114453369047
25.604,0.002238719120593802,0.0022463295265805695
25.606,0.002227149983259675,0.002246247657128698
25.608,0.00221544139904245,0.0022461658369516157
25.61,0.0022035988496789897,0.002246084066019665
25.612,0.0021916278047003856,0.002246002344303207
25.614,0.002179533728948865,0.0022459206717726204
25.616,0.0021673220986957206,0.0022458390483983018
25.618,0.0021549984249398576,0.002245757474150665
25.62,0.002142568281877107,0.0022456759490001427
25.622,0.0021300373378804606,0.002245594472917184
25.624,0.0021174113857099436,0.0022455130458722576
25.626,0.0021046963682301687,0.0022454316678358482
25.628,0.002091898395845172,0.00224535033877846
25.63,0.0020790237523368757,0.002245269058670613
25.632,0.0020660788869170774,0.002245187827482846
25.634,0.0020530703920417738,0.0022451066451857162
25.636,0.0020400049686988223,0.002245025511749797
25.638,0.002026889383120048,0.0022449444271456804
25.64,0.002013730420742336,0.0022448633913439765
25.642,0.002000534844296652,0.002244782404315312
25.644,0.001987309362794618,0.002244701466030332
25.646,0.001974060616772343,0.002244620576459699
25.648,0.0019607951825782667,0.002244539735574094
25.65,0.0019475195951715637,0.0022444589433442143
25.652,0.001934240385454551,0.0022443781997407756
25.654,0.0019209641253067975,0.0022442975047345113
25.656,0.0019076974718513747,0.002244216858296172
25.658,0.0018944472024704213,0.002244136260396526
25.66,0.001881220233761446,0.0022440557110063593
25.662,0.0018680236206840713,0.002243975210096476
25.664,0.001854864535967356,0.0022438947576376963
25.666,0.0018417502336278975,0.0022438143536008598
25.668,0.0018286880033819295,0.002243733997956822
25.67,0.0018156851241979614,0.002243653690676458
25.672,0.0018027488249359232,0.0022435734317306577
25.674,0.0017898862580536393,0.002243493221090331
25.676,0.0017771044892059512,0.0022434130587264036
25.678,0.0017644105019447786,0.0022433329446098194
25.68,0.0017518112134660363,0.00224325287871154
25.682,0.0017393134951508217,0.0022431728610025443
25.684,0.0017269241909527685,0.0022430928914538286
25.686,0.001714650127568732,0.0022430129700364066
25.688,0.0017024981125014034,0.0022429330967213097
25.69,0.001690474919005794,0.002242853271479586
25.692,0.0016785872597954966,0.002242773494282302
25.694,0.001666841753609901,0.002242693765100541
25.696,0.0016552448898592641,0.0022426140839054043
25.698,0.0016438029964321635,0.0022425344506680094
25.7,0.0016325222145664197,0.0022424548653594925
25.702,0.0016214084829052349,0.0022423753279510066
25.704,0.0016104675310668012,0.002242295838413722
25.706,0.00159970488177656,0.0022422163967188266
25.708,0.0015891258601750194,0.0022421370028375253
25.71,0.0015787356093378484,0.0022420576567410404
25.712,0.001568539112038341,0.002241978358400612
25.714,0.0015585412198175148,0.0022418991077874967
25.716,0.0015487466909032664,0.0022418199048729695
25.718,0.001539160237953777,0.0022417407496283215
25.72,0.0015297865847955598,0.0022416616420248615
25.722,0.0015206305284819963,0.002241582582033916
25.724,0.0015116969997083403,0.0022415035696268285
25.726,0.0015029911117568995,0.00224142460477496
25.728,0.0014945181866670443,0.0022413456874496875
25.73,0.001486283748004796,0.002241266817622407
25.732,0.001478293472815541,0.00224118799526453
25.734,0.001470553100883391,0.002241109220347487
25.736,0.001463068306496378,0.0022410304928427243
25.738,0.0014558445452524968,0.002240951812721706
25.74,0.0014488868945243616,0.002240873179955913
25.742,0.0014421999096051966,0.002240794594516844
25.744,0.0014357875172833832,0.0022407160563760143
25.746,0.0014296529643204295,0.0022406375655049564
25.748,0.0014237988305334402,0.00224055912187522
25.75,0.001418227106169324,0.002240480725458372
25.752,0.0014129393228074286,0.0022404023762259964
25.754,0.001407936718132228,0.0022403240741496943
25.756,0.001403220409342858,0.002240245819201084
25.758,0.0013987915488674863,0.0022401676113518
25.76,0.0013946514397095051,0.0022400894505734954
25.762,0.0013908015954881908,0.0022400113368378394
25.764,0.0013872437405355348,0.0022399332701165185
25.766,0.001383979756222371,0.002239855250381236
25.768,0.0013810115888594878,0.0022397772776037122
25.77,0.0013783411402534308,0.002239699351755685
25.772,0.001375970163230963,0.0022396214728089086
25.774,0.0013739001810881592,0.0022395436407351547
25.776,0.0013721324428595614,0.0022394658555062123
25.778,0.0013706679172140297,0.002239388117093886
25.78,0.0013695073187481185,0.002239310425469999
25.782,0.0013686511534867878,0.0022392327806063906
25.784,0.001368099767021557,0.0022391551824749167
25.786,0.0013678533795717103,0.002239077631047451
25.788,0.0013679120970026162,0.002239000126295884
25.79,0.0013682758942232195,0.0022389226681921223
25.792,0.0013689445755433033,0.0022388452567080903
25.794,0.001369917723459192,0.002238767891815729
25.796,0.0013711946512198524,0.002238690573486996
25.798,0.0013727743743947656,0.002238613301693866
25.8,0.001374655612480061,0.0022385360764083312
25.802,0.0013768368242905648,0.0022384588976023996
25.804,0.0013793162722224635,0.0022383817652480965
25.806,0.0013820921025381736,0.002238304679317464
25.808,0.00138516242361252,0.002238227639782561
25.81,0.0013885253629839233,0.0022381506466154634
25.812,0.0013921790875357192,0.002238073699788264
25.814,0.0013961217785860912,0.002237996799273072
25.816,0.0014003515635302,0.002237919945042014
25.818,0.0014048664157854686,0.0022378431370672323
25.82,0.0014096640428399347,0.002237766375320887
25.822,0.0014147417862909412,0.002237689659775155
25.824,0.0014200965568179505,0.0022376129904022285
25.826,0.0014257248210802537,0.002237536367174318
25.828,0.001431622647696108,0.00223745979006365
25.83,0.0014377858077408213,0.0022373832590424684
25.832,0.0014442099140389954,0.002237306774083033
25.834,0.0014508905752736651,0.0022372303351576206
25.836,0.0014578235373539075,0.0022371539422385246
25.838,0.0014650047863587327,0.0022370775952980553
25.84,0.0014724305943599758,0.0022370012943085395
25.842,0.0014800975001154706,0.0022369250392423206
25.844,0.001488002228858867,0.0022368488300717588
25.846,0.0014961415667505982,0.0022367726667692307
25.848,0.0015045122137652145,0.00223669654930713
25.85,0.0015131106423206771,0.0022366204776578667
25.852,0.0015219329872159903,0.002236544451793867
25.854,0.001530974985906484,0.0022364684716875746
25.856,0.001540231978210117,0.002236392537311449
25.858,0.0015496989632158304,0.002236316648637967
25.86,0.0015593707006639089,0.002236240805639621
25.862,0.0015692418363466812,0.002236165008288921
25.864,0.0015793070274836064,0.0022360892565583923
25.866,0.0015895610450607164,0.002236013550420578
25.868,0.0015999988354014711,0.002235937889848037
25.87,0.0016106155315926151,0.002235862274813345
25.872,0.0016214064151471484,0.0022357867052890945
25.874,0.0016323668375959727,0.0022357111812478935
25.876,0.0016434921188784625,0.0022356357026623677
25.878,0.0016547774432379915,0.002235560269505158
25.88,0.0016662177732686021,0.002235484881748923
25.882,0.0016778077989750922,0.002235409539366337
25.884,0.0016895419320305007,0.002235334242330091
25.886,0.0017014143471502227,0.0022352589906128924
25.888,0.0017134190641834464,0.002235183784187465
25.89,0.001725550057625474,0.0022351086230265487
25.892,0.0017378013759367307,0.0022350335071029005
25.894,0.0017501672519579657,0.002234958436389293
25.896,0.0017626421878709875,0.0022348834108585165
25.898,0.0017752210030098734,0.002234808430483376
25.9,0.0017878988393572005,0.002234733495236694
25.902,0.0018006711264898826,0.002234658605091309
25.904,0.0018135335138053277,0.002234583760020076
25.906,0.0018264817820526648,0.002234508959995866
25.908,0.0018395117479534891,0.0022344342049915662
25.91,0.0018526191749920233,0.0022343594949800812
25.912,0.0018657997007572526,0.002234284829934331
25.914,0.0018790487873554258,0.0022342102098272514
25.916,0.0018923616973413131,0.002234135634631796
25.918,0.0019057334941933754,0.0022340611043209333
25.92,0.0019191590641236438,0.002233986618867649
25.922,0.0019326331550892203,0.0022339121782449438
25.924,0.0019461504289726799,0.002233837782425836
25.926,0.0019597055234572805,0.00223376343138336
25.928,0.0019732931205057877,0.002233689125090566
25.93,0.001986908018082301,0.0022336148635205204
25.932,0.0020005452007001347,0.0022335406466463055
25.934,0.002014199902809706,0.0022334664744410207
25.936,0.002027867657586533,0.002233392346877781
25.938,0.002041544323133658,0.0022333182639297177
25.94,0.0020552260791794697,0.002233244225569978
25.942,0.0020689093903793533,0.002233170231771726
25.944,0.002082590937141557,0.002233096282508141
25.946,0.0020962675207381494,0.002233022377752419
25.948,0.0021099359551311836,0.0022329485174777722
25.95,0.002123592962060314,0.0022328747016574285
25.952,0.002137235087287177,0.0022328009302646323
25.954,0.0021508586537727016,0.002232727203272644
25.956,0.002164459762019924,0.00223265352065474
25.958,0.0021780343397065603,0.002232579882384213
25.96,0.002191578233590962,0.002232506288434372
25.962,0.002205087328395485,0.002232432738778541
25.964,0.002218557671777524,0.002232359233390061
25.966,0.002231985582916864,0.002232285772242289
25.968,0.002245367725175276,0.002232212355308597
25.97,0.002258701130235318,0.002232138982562375
25.972,0.0022719831707176384,0.0022320656539770276
25.974,0.002285211488513116,0.0022319923695259753
25.976,0.0022983838947804665,0.002231919129182655
25.978,0.0023114982628907803,0.00223184593292052
25.98,0.0023245524364151247,0.002231772780713039
25.982,0.0023375441703977775,0.002231699672533696
25.984,0.0023504711164980437,0.0022316266083559928
25.986,0.002363330852800596,0.002231553588153446
25.988,0.002376120949319249,0.0022314806118995875
25.99,0.0023888390525554568,0.002231407679567967
25.992,0.0024014829685466807,0.0022313347911321483
25.994,0.0024140507244436566,0.0022312619465657117
25.996,0.002426540593600256,0.002231189145842254
25.998,0.0024389510773221747,0.002231116388935387
26.0,0.002451280846013406,0.002231043675818739
26.002,0.002463528651416602,0.002230971006465954
26.004,0.002475693228076242,0.002230898380850692
26.006,0.002487773204739624,0.002230825798946628
26.008,0.0024997670446658964,0.0022307532607274546
26.01,0.002511673028168342,0.0022306807661668783
26.012,0.0025234892824012554,0.0022306083152386228
26.014,0.00253521385417251,0.0022305359079164266
26.016,0.002546844813306659,0.0022304635441740446
26.018,0.0025583803684339143,0.002230391223985248
26.02,0.0025698189750819394,0.0022303189473238225
26.022,0.0025811594178608314,0.0022302467141635707
26.024,0.002592400853811832,0.0022301745244783103
26.026,0.002603542811430655,0.002230102378241875
26.028,0.0026145851478891267,0.002230030275428115
26.03,0.0026255279739420857,0.002229958216010894
26.032,0.002636371560604653,0.002229886199964094
26.034,0.002647116243171859,0.002229814227261611
26.036,0.002657762336477647,0.002229742297877358
26.038,0.0026683100710782003,0.0022296704117852626
26.04,0.0026787595544201796,0.0022295985689592688
26.042,0.0026891107553779167,0.0022295267693733358
26.044,0.002699363506091007,0.002229455013001439
26.046,0.0027095175127233714,0.002229383299817569
26.048,0.002719572366956545,0.002229311629795732
26.05,0.002729527552472077,0.00222924000290995
26.052,0.0027393824445825993,0.0022291684191342613
26.054,0.0027491363054190595,0.0022290968784427186
26.056,0.002758788280495016,0.002229025380809391
26.058,0.002768337404097447,0.002228953926208363
26.06,0.0027777826203018224,0.002228882514613735
26.062,0.0027871228235584414,0.002228811145999623
26.064,0.0027963569183857184,0.0022287398203401573
26.066,0.0028054838927855726,0.0022286685376094856
26.068,0.0028145028957731045,0.00222859729778177
26.07,0.0028234133069702937,0.0022285261008311882
26.072,0.002832214786237768,0.0022284549467319345
26.074,0.0028409072939340257,0.0022283838354582174
26.076,0.002849491077116768,0.0022283127669842618
26.078,0.0028579666228551446,0.0022282417412843075
26.08,0.0028663345855487695,0.0022281707583326105
26.082,0.0028745956995124824,0.002228099818103441
26.084,0.002882750690157572,0.0022280289205710868
26.086,0.0028908001964832422,0.002227958065709849
26.088,0.002898744714506321,0.0022278872534940456
26.09,0.0029065845664870025,0.0022278164838980094
26.092,0.0029143198955002307,0.002227745756896089
26.094,0.0029219506802867523,0.002227675072462648
26.096,0.0029294767624042156,0.002227604430572066
26.098,0.0029368978770348067,0.0022275338311987377
26.1,0.002944213680348304,0.002227463274317073
26.102,0.002951423769469803,0.002227392759901497
26.104,0.0029585276948635945,0.0022273222879264517
26.106,0.0029655249682067134,0.0022272518583663927
26.108,0.002972415070648768,0.002227181471195792
26.11,0.0029791974662288917,0.0022271111263891365
26.112,0.002985871623199188,0.0022270408239209285
26.114,0.0029924370426890564,0.002226970563765686
26.116,0.002998893290530411,0.0022269003458979418
26.118,0.0030052400252619693,0.0022268301702922447
26.12,0.0030114770142804412,0.002226760036923158
26.122,0.003017604131296308,0.002226689945765261
26.124,0.0030236213315872514,0.0022266198967931475
26.126,0.003029528606331033,0.002226549889981428
26.128,0.0030353259224205,0.002226479925304727
26.13,0.0030410131583280507,0.0022264100027376845
26.132,0.0030465900486714628,0.0022263401222549564
26.134,0.003052056149461033,0.002226270283831213
26.136,0.003057410832547188,0.0022262004874411406
26.138,0.003062653312176318,0.0022261307330594397
26.14,0.0030677826999868122,0.0022260610206608273
26.142,0.0030727980786991248,0.002225991350220035
26.144,0.003077698580577654,0.0022259217217118093
26.146,0.0030824834554745357,0.002225852135110913
26.148,0.0030871521152738483,0.0022257825903921223
26.15,0.003091704146460241,0.0022257130875302303
26.152,0.0030961392892914787,0.0022256436265000444
26.154,0.0031004573891664244,0.002225574207276387
26.156,0.0031046583316530546,0.0022255048298340965
26.158,0.0031087419759363447,0.002225435494148026
26.16,0.0031127081013993777,0.002225366200193043
26.162,0.003116556378651492,0.0022252969479440313
26.164,0.0031202863703243882,0.0022252277373758893
26.166,0.003123897559729774,0.0022251585684635307
26.168,0.0031273893986736505,0.0022250894411818835
26.17,0.003130761360930777,0.002225020355505892
26.172,0.0031340129862407616,0.0022249513114105147
26.174,0.003137143901624927,0.0022248823088707255
26.176,0.0031401538119575734,0.0022248133478615134
26.178,0.003143042458937911,0.0022247444283578824
26.18,0.003145809555290189,0.0022246755503348517
26.182,0.003148454707432632,0.002224606713767455
26.184,0.0031509773435261347,0.0022245379186307413
26.186,0.00315337666386608,0.002224469164899775
26.188,0.003155651626936239,0.0022244004525496354
26.19,0.00315780097784045,0.0022243317815554163
26.192,0.0031598233176563548,0.002224263151892227
26.194,0.003161717204244189,0.0022241945635351913
26.196,0.0031634812688767673,0.0022241260164594483
26.198,0.003165114329997872,0.0022240575106401523
26.2,0.003166615486041406,0.002223989046052472
26.202,0.0031679841733253554,0.0022239206226715917
26.204,0.0031692201816141564,0.0022238522404727096
26.206,0.0031703236275673324,0.0022237838994310396
26.208,0.003171294893348876,0.002223715599521811
26.21,0.003172134542757058,0.0022236473407202667
26.212,0.0031728432294530714,0.002223579123001666
26.214,0.0031734216110078602,0.0022235109463412815
26.216,0.003173870279030735,0.002223442810714402
26.218,0.0031741897106130463,0.0022233747160963304
26.22,0.0031743802410100926,0.002223306662462385
26.222,0.0031744420531421152,0.002223238649787898
26.224,0.0031743751770358076,0.002223170678048218
26.226,0.003174179492136046,0.002223102747218707
26.228,0.003173854727298232,0.0022230348572747425
26.23,0.003173400456531982,0.002222967008191717
26.232,0.0031728160922223285,0.002222899199945037
26.234,0.0031721008805836756,0.0022228314325101247
26.236,0.0031712539057017377,0.0022227637058624163
26.238,0.003170274108282563,0.0022226960199773636
26.24,0.0031691603232199073,0.0022226283748304327
26.242,0.003167911336802402,0.0022225607703971043
26.244,0.0031665259605756285,0.0022224932066528744
26.246,0.0031650031153988736,0.0022224256835732532
26.248,0.0031633419168119966,0.002222358201133766
26.25,0.0031615417518976864,0.002222290759309953
26.252,0.003159602338483703,0.0022222233580773683
26.254,0.0031575237595444726,0.0022221559974115817
26.256,0.003155306468569016,0.002222088677288177
26.258,0.003152951264910081,0.002222021397682753
26.26,0.003150459241215857,0.002221954158570923
26.262,0.0031478317076228048,0.002221886959928315
26.264,0.003145070099300234,0.002221819801730572
26.266,0.0031421758751948928,0.0022217526839533514
26.268,0.00313915041652763,0.0022216856065723255
26.27,0.0031359949338413285,0.0022216185695631808
26.272,0.003132710391202681,0.002221551572901619
26.274,0.0031292974554224646,0.0022214846165633556
26.276,0.0031257564766953784,0.0022214177005241216
26.278,0.0031220875046875695,0.002221350824759662
26.28,0.0031182903407453956,0.0022212839892457367
26.282,0.0031143646227084617,0.0022212171939581197
26.284,0.0031103099342083,0.0022211504388726004
26.286,0.003106125926010024,0.0022210837239649826
26.288,0.0031018124337606947,0.002221017049211084
26.29,0.0030973695752920098,0.002220950414586737
26.292,0.003092797812015229,0.0022208838200677896
26.294,0.0030880979631603177,0.002220817265630103
26.296,0.0030832711683188743,0.0022207507512495535
26.298,0.0030783188020542156,0.0022206842769020322
26.3,0.0030732423528780028,0.002220617842563444
26.302,0.0030680432860613043,0.0022205514482097092
26.304,0.0030627229140170998,0.0022204850938167616
26.306,0.003057282298237405,0.00222041877936055
26.308,0.003051722202549079,0.002220352504817038
26.31,0.0030460431091802486,0.0022202862701622035
26.312,0.003040245298064154,0.0022202200753720382
26.314,0.0030343289778777716,0.0022201539204225493
26.316,0.0030282944467780147,0.002220087805289757
26.318,0.0030221422538086297,0.002220021729949698
26.32,0.0030158733301035145,0.002219955694378421
26.322,0.0030094890629805537,0.0022198896985519915
26.324,0.0030029912953612975,0.0022198237424464876
26.326,0.0029963822461226658,0.0022197578260380025
26.328,0.0029896643616013335,0.0022196919493026436
26.33,0.002982840121740261,0.002219626112216533
26.332,0.002975911833649406,0.002219560314755807
26.334,0.0029688814487056985,0.0022194945568966167
26.336,0.0029617504359183973,0.0022194288386151264
26.338,0.002954519734641996,0.002219363159887516
26.34,0.0029471897956033504,0.0022192975206899784
26.342,0.002939760703324331,0.0022192319209987225
26.344,0.0029322323584594825,0.0022191663607899702
26.346,0.0029246046881748694,0.0022191008400399585
26.348,0.002916877848472832,0.002219035358724938
26.35,0.002909052385054636,0.0022189699168211744
26.352,0.0029011293282284953,0.0022189045143049466
26.354,0.0028931102105654513,0.0022188391511525486
26.356,0.002884997010698195,0.002218773827340289
26.358,0.0028767920398359973,0.0022187085428444896
26.36,0.0028684977966499073,0.002218643297641487
26.362,0.002860116819553464,0.0022185780917076325
26.364,0.002851651562747427,0.0022185129250192905
26.366,0.0028431043147017416,0.0022184477975528407
26.368,0.002834477167036251,0.0022183827092846766
26.37,0.002825772030580159,0.002218317660191206
26.372,0.0028169906862069473,0.0022182526502488504
26.374,0.0028081348526815763,0.0022181876794340463
26.376,0.002799206253025406,0.002218122747723244
26.378,0.0027902066644607012,0.0022180578550929078
26.38,0.002781137943523009,0.0022179930015195164
26.382,0.002772002025515432,0.0022179281869795626
26.384,0.002762800904139826,0.0022178634114495533
26.386,0.0027535366013120054,0.0022177986749060095
26.388,0.002744211138076509,0.0022177339773254666
26.39,0.0027348265153300526,0.0022176693186844736
26.392,0.0027253847087065986,0.0022176046989595944
26.394,0.0027158876769376506,0.0022175401181274063
26.396,0.002706337378811,0.0022174755761645007
26.398,0.002696735791687751,0.0022174110730474837
26.4,0.002687084924908089,0.002217346608752975
26.402,0.0026773868240538993,0.0022172821832576084
26.404,0.0026676435660000428,0.002217217796538032
26.406,0.0026578572486580213,0.0022171534485709078
26.408,0.0026480299819876805,0.0022170891393329117
26.41,0.0026381638873094345,0.0022170248688007338
26.412,0.0026282611099332567,0.0022169606369510783
26.414,0.002618323846113165,0.0022168964437606635
26.416,0.0026083543804314283,0.002216832289206221
26.418,0.002598355125327859,0.002216768173264498
26.42,0.002588328651954048,0.0022167040959122533
26.422,0.0025782777017454256,0.0022166400571262622
26.424,0.0025682051712492917,0.0022165760568833123
26.426,0.00255811406823028,0.0022165120951602056
26.428,0.002548007443643042,0.0022164481719337582
26.43,0.0025378883101210667,0.0022163842871808005
26.432,0.0025277595616359115,0.002216320440878176
26.434,0.0025176239098419605,0.0022162566330027425
26.436,0.0025074838499856747,0.0022161928635313724
26.438,0.002497341663618292,0.002216129132440951
26.44,0.0024871994579387757,0.002216065439708378
26.442,0.0024770592340928686,0.002216001785310567
26.444,0.0024669229708869965,0.0022159381692244454
26.446,0.002456792707496933,0.0022158745914269548
26.448,0.002446670609506981,0.00221581105189505
26.45,0.0024365590068011135,0.0022157475506057005
26.452,0.0024264603984281664,0.0022156840875358886
26.454,0.002416377427010884,0.0022156206626626116
26.456,0.002406312831816468,0.00221555727596288
26.458,0.002396269393747837,0.0022154939274137185
26.46,0.0023862498863412907,0.0022154306169921653
26.462,0.0023762570442600003,0.0022153673446752725
26.464,0.002366293555459178,0.002215304110440106
26.466,0.0023563620765089735,0.0022152409142637453
26.468,0.002346465264135853,0.0022151777561232842
26.47,0.002336605811439557,0.00221511463599583
26.472,0.0023267864755628868,0.0022150515538585038
26.474,0.0023170100852396656,0.0022149885096884405
26.476,0.0023072795212421607,0.002214925503462789
26.478,0.0022975976692323702,0.002214862535158711
26.48,0.0022879673514003785,0.002214799604753383
26.482,0.002278391248970114,0.002214736712223995
26.484,0.0022688718308592863,0.0022146738575477506
26.486,0.00225941130373796,0.002214611040701867
26.488,0.0022500115953920066,0.0022145482616635747
26.49,0.002240674377326861,0.0022144855204101195
26.492,0.0022314011251638515,0.002214422816918759
26.494,0.0022221932081003446,0.0022143601511667656
26.496,0.0022130519930145076,0.0022142975231314254
26.498,0.002203978945851539,0.0022142349327900373
26.5,0.002194975713324052,0.002214172380119915
26.502,0.0021860441716134433,0.002214109865098385
26.504,0.0021771864349414975,0.0022140473877027876
26.506,0.0021684048243637765,0.002213984947910477
26.508,0.002159701804446452,0.002213922545698821
26.51,0.002151079901195171,0.0022138601810452008
26.512,0.0021425416176046003,0.002213797853927011
26.514,0.0021340893629251626,0.0022137355643216607
26.516,0.0021257254082783015,0.002213673312206572
26.518,0.0021174518753031245,0.0022136110975591802
26.52,0.0021092707572823817,0.002213548920356935
26.522,0.0021011839651258754,0.002213486780577299
26.524,0.002093193385110724,0.002213424678197749
26.526,0.002085300932504902,0.002213362613195775
26.528,0.0020775085857225356,0.00221330058554888
26.53,0.00206981838941573,0.0022132385952345814
26.532,0.0020622324211968953,0.0022131766422304098
26.534,0.002054752724293642,0.0022131147265139093
26.536,0.002047381215877158,0.002213052848062638
26.538,0.002040119586597367,0.0022129910068541666
26.54,0.002032969209833286,0.00221292920286608
26.542,0.002025931078690263,0.002212867436075976
26.544,0.0020190057848789673,0.0022128057064614666
26.546,0.0020121935469863987,0.002212744014000177
26.548,0.0020054942875153007,0.0022126823586697455
26.55,0.0019989077499239804,0.002212620740447824
26.552,0.0019924336402290426,0.002212559159312078
26.554,0.0019860717737146525,0.002212497615240187
26.556,0.001979822206565813,0.002212436108209843
26.558,0.001973685334810365,0.0022123746381987517
26.56,0.001967661948195233,0.0022123132051846323
26.562,0.0019617532334577784,0.002212251809145218
26.564,0.001955960728586064,0.0022121904500582543
26.566,0.001950286235863326,0.0022121291279015003
26.568,0.0019447317058434329,0.0022120678426527296
26.57,0.0019392991064667569,0.0022120065942897275
26.572,0.0019339902913692187,0.002211945382790294
26.574,0.0019288068795629656,0.0022118842081322422
26.576,0.0019237501558158133,0.002211823070293398
26.578,0.0019188209979902557,0.0022117619692516017
26.58,0.001914019834890605,0.0022117009049847057
26.582,0.0019093466360632953,0.0022116398774705763
26.584,0.0019048009334153792,0.002211578886687093
26.586,0.0019003818731313919,0.002211517932612149
26.588,0.0018960882947825525,0.0022114570152236505
26.59,0.0018919188324611482,0.0022113961344995166
26.592,0.0018878720302509698,0.0022113352904176804
26.594,0.0018839464617204063,0.0022112744829560884
26.596,0.0018801408410437234,0.002211213712092699
26.598,0.0018764541125843677,0.002211152977805486
26.6,0.0018728855069550668,0.0022110922800724344
26.602,0.0018694345549978364,0.002211031618871544
26.604,0.0018661010565789852,0.0022109709941808262
26.606,0.0018628850078043848,0.0022109104059783074
26.608,0.0018597864970362253,0.0022108498542420265
26.61,0.0018568055855666201,0.002210789338950035
26.612,0.0018539421917546323,0.0022107288600803987
26.614,0.0018511959970949146,0.002210668417611196
26.616,0.0018485663889633828,0.0022106080115205182
26.618,0.0018460524483128137,0.0022105476417864705
26.62,0.001843652982617338,0.0022104873083871705
26.622,0.001841366596478487,0.00221042701130075
26.624,0.0018391917860805208,0.002210366750505353
26.626,0.0018371270403191417,0.0022103065259791365
26.628,0.0018351709314841447,0.002210246337700272
26.63,0.0018333221816625492,0.0022101861856469434
26.632,0.0018315796966662404,0.002210126069797347
26.634,0.0018299425659476984,0.002210065990129693
26.636,0.0018284100331849937,0.0022100059466222044
26.638,0.001826981446741127,0.002209945939253118
26.64,0.0018256562012614248,0.002209885968000683
26.642,0.001824433681115679,0.0022098260328431616
26.644,0.0018233132136744614,0.0022097661337588293
26.646,0.001822294036434598,0.002209706270725975
26.648,0.001821375277874139,0.0022096464437229004
26.65,0.0018205559486411426,0.0022095866527279203
26.652,0.0018198349379667663,0.0022095268977193622
26.654,0.0018192110102963235,0.002209467178675567
26.656,0.001818682798836957,0.002209407495574889
26.658,0.0018182487954364725,0.0022093478483956944
26.66,0.0018179073391378303,0.0022092882371163637
26.662,0.0018176566080938582,0.0022092286617152895
26.664,0.0018174946206493865,0.002209169122170878
26.666,0.001817419250976326,0.002209109618461548
26.668,0.0018174282627049288,0.002209050150565731
26.67,0.0018175193608829913,0.0022089907184618725
26.672,0.001817690258906356,0.0022089313221284306
26.674,0.0018179387535136927,0.0022088719615438756
26.676,0.0018182627982312888,0.0022088126366866913
26.678,0.001818660564369496,0.002208753347535375
26.68,0.0018191304791661332,0.002208694094068436
26.682,0.0018196712330200869,0.002208634876264397
26.684,0.001820281751729126,0.002208575694101794
26.686,0.0018209611347239666,0.0022085165475591744
26.688,0.0018217085657277997,0.0022084574366151005
26.69,0.0018225232071876214,0.0022083983612481463
26.692,0.0018234040933368912,0.002208339321436899
26.694,0.0018243500381209823,0.0022082803171599584
26.696,0.0018253595730026635,0.0022082213483959378
26.698,0.0018264309258292746,0.002208162415123463
26.7,0.0018275620459214021,0.0022081035173211728
26.702,0.0018287506732122746,0.0022080446549677187
26.704,0.001829994441835848,0.002207985828041765
26.706,0.0018312910023659658,0.0022079270365219887
26.708,0.0018326381431696293,0.0022078682803870803
26.71,0.0018340338908968096,0.0022078095596157424
26.712,0.0018354765732583908,0.002207750874186691
26.714,0.001836964833531288,0.0022076922240786543
26.716,0.0018384975946226147,0.002207633609270374
26.718,0.0018400739794934744,0.002207575029740604
26.72,0.0018416932025749338,0.002207516485468111
26.722,0.0018433544519474083,0.0022074579764316754
26.724,0.0018450567834354934,0.002207399502610089
26.726,0.0018467990450634795,0.002207341063982157
26.728,0.0018485798440235277,0.002207282660526698
26.73,0.001850397559685895,0.0022072242922225424
26.732,0.001852250396989917,0.0022071659590485334
26.734,0.0018541364667030965,0.0022071076609835273
26.736,0.0018560538741627763,0.0022070493980063935
26.738,0.001858000797237645,0.002206991170096013
26.74,0.0018599755375223698,0.0022069329772312807
26.742,0.001861976535465299,0.0022068748193911033
26.744,0.0018640023487300757,0.002206816696554401
26.746,0.0018660516016861394,0.0022067586087001056
26.748,0.0018681229205831928,0.0022067005558071627
26.75,0.0018702148721890062,0.00220664253785453
26.752,0.0018723259227262866,0.0022065845548211783
26.754,0.0018744544290347671,0.00220652660668609
26.756,0.001876598666116469,0.0022064686934282615
26.758,0.0018787568863592367,0.002206410815026701
26.76,0.0018809273978079564,0.0022063529714604294
26.762,0.0018831086437064205,0.0022062951627084804
26.764,0.0018852992643970856,0.0022062373887499005
26.766,0.0018874981258823458,0.0022061796495637487
26.768,0.0018897043062781167,0.002206121945129096
26.77,0.00189191704054414,0.002206064275425027
26.772,0.001894135633246702,0.0022060066404306386
26.774,0.001896359356610229,0.002205949040125039
26.776,0.0018985873550384587,0.002205891474487351
26.778,0.0019008185766887318,0.002205833943496709
26.78,0.0019030517475981444,0.0022057764471322596
26.782,0.001905285395294432,0.0022057189853731626
26.784,0.0019075179185528061,0.0022056615581985896
26.786,0.0019097476901383087,0.0022056041655877257
26.788,0.0019119731720878782,0.0022055468075197677
26.79,0.0019141930198971144,0.0022054894839739253
26.792,0.0019164061535967352,0.002205432194929421
26.794,0.001918611779840596,0.002205374940365489
26.796,0.001920809358551641,0.002205317720261377
26.798,0.0019229985184790728,0.0022052605345963443
26.8,0.0019251789360241686,0.002205203383349663
26.802,0.0019273501988948056,0.002205146266500618
26.804,0.001929511679136358,0.002205089184028506
26.806,0.0019316624383272632,0.0022050321359126366
26.808,0.0019338011816584038,0.002204975122132332
26.81,0.0019359262685352111,0.002204918142666927
26.812,0.001938035777123102,0.002204861197495768
26.814,0.001940127610940824,0.0022048042865982142
26.816,0.0019421996289713105,0.002204747409953638
26.818,0.001944249777959812,0.0022046905675414227
26.82,0.0019462762069121877,0.0022046337593409652
26.822,0.0019482773487284454,0.0022045769853316745
26.824,0.0019502519611301569,0.002204520245492972
26.826,0.001952199126892477,0.0022044635398042914
26.828,0.0019541182201911434,0.0022044068682450786
26.83,0.0019560088503102814,0.0022043502307947925
26.832,0.0019578707953600456,0.0022042936274329038
26.834,0.001959703937114354,0.0022042370581388956
26.836,0.0019615082043709974,0.0022041805228922634
26.838,0.0019632835275895347,0.0022041240216725154
26.84,0.0019650298033259007,0.0022040675544591714
26.842,0.001966746864283589,0.0022040111212317643
26.844,0.001968434450265381,0.002203954721969839
26.846,0.0019700921769269606,0.0022038983566529525
26.848,0.0019717195023856602,0.0022038420252606743
26.85,0.001973315695386831,0.0022037857277725863
26.852,0.0019748798117065,0.0022037294641682826
26.854,0.001976410686785809,0.002203673234427369
26.856,0.0019779069517077454,0.0022036170385294654
26.858,0.001979367076579033,0.0022035608764542016
26.86,0.0019807894407790094,0.0022035047481812208
26.862,0.0019821724244017433,0.002203448653690179
26.864,0.0019835145107177697,0.002203392592960743
26.866,0.0019848143866529823,0.0022033365659725936
26.868,0.0019860710277732423,0.0022032805727054228
26.87,0.001987283756197243,0.0022032246131389343
26.872,0.0019884522638242163,0.002203168687252845
26.874,0.001989576598423736,0.002203112795026884
26.876,0.0019906571154574347,0.0022030569364407918
26.878,0.0019916944029897002,0.002203001111474322
26.88,0.0019926891899616386,0.0022029453201072393
26.882,0.001993642249110898,0.0022028895623193217
26.884,0.0019945543050139893,0.0022028338380903592
26.886,0.0019954259555569477,0.002202778147400153
26.888,0.0019962576122625557,0.0022027224902285178
26.89,0.0019970494619983804,0.002202666866555279
26.892,0.0019978014501993366,0.0022026112763602755
26.894,0.001998513284146356,0.0022025557196233576
26.896,0.001999184454055267,0.0022025001963243878
26.898,0.0019998142695170783,0.0022024447064432407
26.9,0.0020004019088372214,0.002202389249959803
26.902,0.0020009464786955753,0.002202333826853974
26.904,0.002001447081064138,0.0022022784371056644
26.906,0.0020019028834464448,0.0022022230806947973
26.908,0.0020023131874253412,0.002202167757601308
26.91,0.0020026774895705707,0.002202112467805144
26.912,0.0020029955283762013,0.0022020572112862644
26.914,0.0020032673114254457,0.0022020019880246407
26.916,0.002003493118607008,0.0022019467980002564
26.918,0.0020036734798758544,0.0022018916411931065
26.92,0.0020038091294428194,0.002201836517583199
26.922,0.0020039009418491398,0.002201781427150553
26.924,0.002003949858465061,0.002201726369875201
26.926,0.0020039568148907992,0.002201671345737186
26.928,0.002003922680030922,0.0022016163547165634
26.93,0.0020038482160404996,0.002201561396793401
26.932,0.002003734065037535,0.002201506471947779
26.934,0.0020035807639389586,0.002201451580159788
26.936,0.002003388783793791,0.0022013967214095324
26.938,0.002003158585497496,0.0022013418956771274
26.94,0.002002890680682965,0.0022012871029427005
26.942,0.0020025856855798753,0.002201232343186391
26.944,0.0020022443570106366,0.0022011776163883513
26.946,0.0020018676032694904,0.002201122922528744
26.948,0.0020014564677575467,0.0022010682615877446
26.95,0.002001012088909902,0.00220101363354554
26.952,0.0020005356449731876,0.0022009590383823305
26.954,0.002000028295482696,0.002200904476078326
26.956,0.0019994911320866263,0.0022008499466137504
26.958,0.0019989251494274877,0.002200795449968838
26.96,0.0019983312424708324,0.002200740986123836
26.962,0.0019977102308640616,0.0022006865550590025
26.964,0.001997062904871331,0.002200632156754609
26.966,0.0019963900825079755,0.0022005777911909374
26.968,0.001995692664818075,0.002200523458348282
26.97,0.0019949716764436328,0.002200469158206949
26.972,0.001994228281725636,0.0022004148907472567
26.974,0.0019934637718967835,0.002200360655949535
26.976,0.001992679525302974,0.0022003064537941255
26.978,0.0019918769486013213,0.0022002522842613816
26.98,0.0019910574111864053,0.002200198147331669
26.982,0.0019902221867386626,0.0022001440429853646
26.984,0.001989372414428503,0.002200089971202858
26.986,0.0019885090882862952,0.0022000359319645493
26.988,0.0019876330774971362,0.0021999819252508514
26.99,0.0019867451741964635,0.002199927951042189
26.992,0.00198584616008096,0.002199874009318998
26.994,0.0019849368798934724,0.002199820100061726
26.996,0.00198401830917703,0.0021997662232508333
26.998,0.001983091605585734,0.002199712378866791
27.0,0.0019821581368873577,0.002199658566890083
27.002,0.0019812194835877543,0.0021996047873012034
27.004,0.0019802774187211254,0.0021995510400806594
27.006,0.0019793338707945578,0.0021994973252089695
27.008,0.0019783908775371094,0.0021994436426666635
27.01,0.0019774505378566494,0.002199389992434284
27.012,0.001976514967602652,0.0021993363744923842
27.014,0.00197558626206171,0.0021992827888215292
27.016,0.001974666465408059,0.002199229235402296
27.018,0.0019737575453349205,0.002199175714215274
27.02,0.0019728613702781174,0.002199122225241063
27.022,0.0019719796871130978,0.0021990687684602752
27.024,0.0019711140986963696,0.0021990153438535345
27.026,0.0019702660426022343,0.002198961951401476
27.028,0.001969436774233385,0.002198908591084747
27.03,0.00196862735858319,0.0021988552628840062
27.032,0.0019678386749304943,0.0021988019667799237
27.034,0.0019670714375750672,0.0021987487027531815
27.036,0.0019663262335889117,0.0021986954707844735
27.038,0.0019656035759041965,0.002198642270854505
27.04,0.0019649039674350735,0.0021985891029439922
27.042,0.001964227969865849,0.002198535967033664
27.044,0.0019635762696306684,0.0021984828631042602
27.046,0.001962949733646647,0.0021984297911365326
27.048,0.0019623494485047493,0.0021983767511112445
27.05,0.0019617767388325916,0.0021983237430091705
27.052,0.0019612331630485774,0.0021982707668110973
27.054,0.0019607204873105613,0.0021982178224978226
27.056,0.001960240640739185,0.0021981649100501557
27.058,0.0019597956566812734,0.002198112029448918
27.06,0.0019593876057220874,0.002198059180674942
27.062,0.001959018526347888,0.0021980063637090717
27.064,0.0019586903587121116,0.0021979535785321626
27.066,0.001958404886062336,0.002197900825125082
27.068,0.001958163687262148,0.002197848103468709
27.07,0.001957968102699011,0.0021977954135439333
27.072,0.00195781921485579,0.0021977427553316565
27.074,0.0019577178440117102,0.002197690128812792
27.076,0.0019576645589167306,0.0021976375339682647
27.078,0.001957659701773973,0.0021975849707790104
27.08,0.0019577034263535318,0.002197532439225977
27.082,0.001957795747441065,0.0021974799392901236
27.084,0.0019579365990349635,0.0021974274709524204
27.086,0.001958125897767393,0.0021973750341938497
27.088,0.0019583636070513778,0.0021973226289954046
27.09,0.0019586497966433115,0.0021972702553380904
27.092,0.001958984691903258,0.0021972179132029234
27.094,0.001959368707266455,0.0021971656025709316
27.096,0.0019598024594693077,0.002197113323423154
27.098,0.0019602867579312914,0.0021970610757406405
27.1,0.0019608225722400805,0.002197008859504454
27.102,0.00196141097961369,0.0021969566746956673
27.104,0.0019620530980759506,0.0021969045212953653
27.106,0.001962750013379547,0.0021968523992846444
27.108,0.0019635027089769767,0.002196800308644612
27.11,0.001964312008244514,0.002196748249356387
27.112,0.0019651785366008225,0.0021966962214011003
27.114,0.0019661027082858115,0.0021966442247598928
27.116,0.0019670847387945633,0.0021965922594139172
27.118,0.0019681246799102344,0.0021965403253443386
27.12,0.0019692224706545753,0.0021964884225323324
27.122,0.001970377994936778,0.002196436550959085
27.124,0.001971591135718022,0.002196384710605796
27.126,0.0019728618163249046,0.002196332901453674
27.128,0.0019741900220127295,0.00219628112348394
27.13,0.001975575798556434,0.002196229376677827
27.132,0.001977019228851468,0.002196177661016578
27.134,0.001978520392456945,0.0021961259764814475
27.136,0.001980079315976469,0.002196074323053702
27.138,0.001981695923618201,0.002196022700714619
27.14,0.001983369996978142,0.002195971109445487
27.142,0.0019851011511718367,0.002195919549227606
27.144,0.0019868888313316433,0.002195868020042287
27.146,0.001988732329839618,0.0021958165218708527
27.148,0.0019906308211957635,0.0021957650546946365
27.15,0.0019925834087642625,0.0021957136184949837
27.152,0.0019945891762192373,0.00219566221325325
27.154,0.0019966472364629988,0.0021956108389508027
27.156,0.0019987567719595228,0.0021955594955690204
27.158,0.002000917062426754,0.0021955081830892934
27.16,0.0020031274981576644,0.0021954569014930223
27.162,0.002005387579392852,0.002195405650761619
27.164,0.002007696903772601,0.0021953544308765073
27.166,0.002010055144775078,0.0021953032418191216
27.168,0.00201246202423123,0.0021952520835709075
27.17,0.002014917281697527,0.0021952009561133218
27.172,0.0020174206429480917,0.0021951498594278327
27.174,0.0020199717893889064,0.0021950987934959195
27.176,0.0020225703299683977,0.0021950477582990723
27.178,0.0020252157771845545,0.002194996753818793
27.18,0.0020279075289491967,0.0021949457800365933
27.182,0.0020306448581531005,0.002194894836933998
27.184,0.0020334269115551487,0.0021948439244925413
27.186,0.002036252718944364,0.0021947930426937695
27.188,0.0020391212123824524,0.0021947421915192392
27.19,0.002042031253877596,0.0021946913709505193
27.192,0.0020449816683575065,0.0021946405809691884
27.194,0.002047971277659756,0.002194589821556837
27.196,0.0020509989307732008,0.002194539092695067
27.198,0.0020540635259590893,0.0021944883943654904
27.2,0.002057164021674603,0.002194437726549731
27.202,0.002060299435221403,0.0021943870892294237
27.204,0.00206346883036704,0.0021943364823862137
27.206,0.0020666712973476417,0.0021942859060017582
27.208,0.002069905930168487,0.0021942353600577246
27.21,0.002073171806602833,0.002194184844535792
27.212,0.0020764679755855284,0.00219413435941765
27.214,0.002079793454904256,0.0021940839046849995
27.216,0.0020831472395567235,0.0021940334803195525
27.218,0.002086528318401239,0.0021939830863030316
27.22,0.00208993569439183,0.002193932722617171
27.222,0.00209336840231418,0.0021938823892437157
27.224,0.002096825517898602,0.0021938320861644212
27.226,0.002100306153584913,0.0021937818133610544
27.228,0.0021038094388480737,0.002193731570815393
27.23,0.0021073344863788692,0.0021936813585092265
27.232,0.002110880348878223,0.002193631176424354
27.234,0.002114445974036377,0.0021935810245425863
27.236,0.002118030166789096,0.002193530902845745
27.238,0.002121631567761908,0.002193480811315663
27.24,0.002125248654838847,0.0021934307499341834
27.242,0.00212887977128945,0.002193380718683161
27.244,0.0021325231794338227,0.002193330717544461
27.246,0.002136177134212223,0.0021932807464999596
27.248,0.002139839967106901,0.0021932308055315443
27.25,0.0021435101683950244,0.0021931808946211127
27.252,0.0021471864552000688,0.0021931310137505745
27.254,0.002150867814412918,0.002193081162901849
27.256,0.0021545535130436688,0.002193031342056867
27.258,0.002158243073367346,0.0021929815511975703
27.26,0.002161936215521664,0.0021929317903059114
27.262,0.002165632775096962,0.002192882059363854
27.264,0.0021693326068992626,0.0021928323583533717
27.266,0.002173035487873667,0.00219278268725645
27.268,0.0021767410318926897,0.0021927330460550848
27.27,0.0021804486268703566,0.0021926834347312826
27.272,0.0021841574009300265,0.002192633853267061
27.274,0.002187866219848205,0.0021925843016444486
27.276,0.002191573713531559,0.0021925347798454845
27.278,0.0021952783256074066,0.0021924852878522187
27.28,0.0021989783778610154,0.0021924358256467124
27.282,0.0022026721404774462,0.002192386393211037
27.284,0.002206357899758751,0.0021923369905272744
27.286,0.0022100340168291176,0.0021922876175775184
27.288,0.0022136989732754377,0.002192238274343873
27.29,0.0022173514021281413,0.002192188960808453
27.292,0.0022209901045899924,0.0021921396769533836
27.294,0.0022246140541898624,0.0021920904227608015
27.296,0.0022282223905318714,0.0021920411982128533
27.298,0.0022318144047001804,0.002191992003291697
27.3,0.0022353895179727827,0.002191942837979501
27.302,0.0022389472551252055,0.0021918937022584444
27.304,0.0022424872135123355,0.0021918445961107177
27.306,0.002246009029388138,0.0021917955195185214
27.308,0.0022495123434614194,0.0021917464724640666
27.31,0.0022529967682534536,0.0021916974549295756
27.312,0.0022564618601264522,0.0021916484668972813
27.314,0.0022599070986539364,0.002191599508349427
27.316,0.0022633318752119233,0.002191550579268267
27.318,0.002266735491386586,0.002191501679636066
27.32,0.0022701171662988123,0.0021914528094350997
27.322,0.0022734760506222087,0.0021914039686476545
27.324,0.0022768112442853585,0.002191355157256027
27.326,0.002280121814836505,0.002191306375242525
27.328,0.002283406814221027,0.0021912576225894664
27.33,0.00228666529304927,0.0021912088992791802
27.332,0.0022898963128927213,0.002191160205294006
27.334,0.002293098958245888,0.0021911115406162934
27.336,0.002296272350110992,0.0021910629052284032
27.338,0.0022994156625040407,0.002191014299112707
27.34,0.0023025281416435553,0.0021909657222515867
27.342,0.002305609125574157,0.0021909171746274346
27.344,0.00230865806011454,0.0021908686562226542
27.346,0.002311674505972191,0.002190820167019659
27.348,0.002314658132161738,0.0021907717070008734
27.35,0.002317608692711773,0.0021907232761487322
27.352,0.002320525986843784,0.0021906748744456813
27.354,0.0023234098067440095,0.002190626501874176
27.356,0.002326259880824339,0.0021905781584166833
27.358,0.002329075822991489,0.0021905298440556805
27.36,0.002331857099089453,0.002190481558773655
27.362,0.002334603019904851,0.0021904333025531053
27.364,0.002337312766017752,0.0021903850753765396
27.366,0.0023399854439853343,0.002190336877226478
27.368,0.002342620166956784,0.0021902887080854495
27.37,0.002345216147155094,0.002190240567935995
27.372,0.0023477727839908676,0.002190192456760665
27.374,0.002350289730818302,0.002190144374542021
27.376,0.002352766925865933,0.0021900963212626344
27.378,0.0023552045783742323,0.002190048296905088
27.38,0.002357603108523744,0.002190000301451975
27.382,0.0023599630479697814,0.002189952334885898
27.384,0.0023622849151644313,0.002189904397189471
27.386,0.002364569084733736,0.002189856488345318
27.388,0.0023668156719938048,0.0021898086083360743
27.39,0.002369024451856313,0.0021897607571443843
27.392,0.0023711948261949645,0.002189712934752904
27.394,0.0023733258461355777,0.002189665141144299
27.396,0.002375416287035836,0.002189617376301246
27.398,0.0023774647656402657,0.002189569640206432
27.4,0.0023794698824159454,0.002189521932842554
27.402,0.00238143036841628,0.00218947425419232
27.404,0.002383345215681019,0.002189426604238448
27.406,0.002385213773079959,0.0021893789829636663
27.408,0.002387035795042812,0.002189331390350714
27.41,0.002388811437804763,0.0021892838263823404
27.412,0.002390541205464533,0.002189236291041305
27.414,0.002392225855143142,0.0021891887843103783
27.416,0.002393866275879962,0.0021891413061723404
27.418,0.0023954633589529733,0.002189093856609982
27.42,0.002397017877778216,0.0021890464356061046
27.422,0.002398530393509911,0.002188999043143519
27.424,0.0024000011983257375,0.0021889516792050483
27.426,0.0024014303027749843,0.0021889043437735237
27.428,0.002402817467266223,0.002188857036831788
27.43,0.0024041622716053975,0.0021888097583626937
27.432,0.0024054642112523,0.0021887625083491045
27.434,0.0024067228053226,0.002188715286773893
27.436,0.002407937699808679,0.002188668093619944
27.438,0.0024091087502711834,0.0021886209288701514
27.44,0.0024102360713109208,0.002188573792507419
27.442,0.0024113200451097135,0.002188526684514662
27.444,0.002412361287574589,0.0021884796048748053
27.446,0.0024133605772507587,0.002188432553570784
27.448,0.0024143187581827535,0.0021883855305855435
27.45,0.0024152366323239934,0.00218833853590204
27.452,0.0024161148591329614,0.002188291569503239
27.454,0.0024169538792016545,0.002188244631372117
27.456,0.002417753875135,0.0021881977214916605
27.458,0.002418514776921715,0.002188150839844866
27.46,0.002419236311625707,0.0021881039864147414
27.462,0.0024199180896059412,0.002188057161184303
27.464,0.0024205597129639037,0.0021880103641365787
27.466,0.002421160887713793,0.002187963595254606
27.468,0.002421721520104589,0.0021879168545214326
27.47,0.002422241779900701,0.002187870141920117
27.472,0.002422722118945653,0.002187823457433727
27.474,0.0024231632411092457,0.0021877768010453414
27.476,0.002423566028429044,0.002187730172738049
27.478,0.002423931436363884,0.002187683572494948
27.48,0.0024242603770987937,0.002187637000299148
27.482,0.0024245536126246423,0.002187590456133768
27.484,0.0024248116782550617,0.002187543939981937
27.486,0.0024250348524024728,0.002187497451826795
27.488,0.002425223180556899,0.0021874509916514915
27.49,0.002425376551801992,0.002187404559439186
27.492,0.002425494816513915,0.0021873581551730484
27.494,0.0024255779258371296,0.002187311778836259
27.496,0.0024256260685938365,0.0021872654304120076
27.498,0.0024256397804413334,0.002187219109883495
27.5,0.002425620003635411,0.002187172817233931
27.502,0.0024255680832336304,0.0021871265524465366
27.504,0.002425485695826774,0.0021870803155045423
27.506,0.0024253747182595192,0.0021870341063911884
27.508,0.0024252370543849763,0.0021869879250897262
27.51,0.0024250744458645043,0.002186941771583416
27.512,0.002424888296933458,0.002186895645855529
27.514,0.0024246795421128866,0.0021868495478893466
27.516,0.002424448580058009,0.002186803477668159
27.518,0.002424195286920596,0.002186757435175268
27.52,0.0024239191102878926,0.0021867114203939844
27.522,0.0024236192319301215,0.0021866654333076293
27.524,0.0024232947763633836,0.0021866194738995345
27.526,0.002422945034510614,0.0021865735421530406
27.528,0.0024225696688630104,0.0021865276380514994
27.53,0.0024221688690542133,0.002186481761578272
27.532,0.0024217434342983643,0.00218643591271673
27.534,0.0024212947704903595,0.0021863900914502543
27.536,0.00242082480304375,0.0021863442977622365
27.538,0.0024203358195312038,0.002186298531636078
27.54,0.002419830266732171,0.0021862527930551906
27.542,0.0024193105330528844,0.0021862070820029946
27.544,0.0024187787484839965,0.0021861613984629218
27.546,0.0024182366302342878,0.0021861157424184134
27.548,0.002417685393779103,0.002186070113852921
27.55,0.0024171257378907017,0.0021860245127499054
27.552,0.0024165579003092748,0.002185978939092838
27.554,0.0024159817701500663,0.0021859333928651997
27.556,0.0024153970356535436,0.002185887874050482
27.558,0.002414803342542153,0.002185842382632185
27.56,0.0024142004392854934,0.00218579691859382
27.562,0.002413588290398309,0.0021857514819189085
27.564,0.002412967146248298,0.0021857060725909805
27.566,0.002412337566116357,0.0021856606905935765
27.568,0.0024117003988106287,0.0021856153359102477
27.57,0.0024110567306982636,0.0021855700085245543
27.572,0.002410407813865861,0.0021855247084200664
27.574,0.002409754987193242,0.0021854794355803645
27.576,0.002409099600966961,0.002185434189989039
27.578,0.0024084429522124016,0.0021853889716296894
27.58,0.002407786234252336,0.002185343780485926
27.582,0.002407130501022451,0.0021852986165413683
27.584,0.0024064766449344186,0.002185253479779646
27.586,0.0024058253866595307,0.0021852083701843984
27.588,0.002405177275761397,0.002185163287739275
27.59,0.0024045327020142853,0.002185118232427935
27.592,0.002403891917824655,0.0021850732042340477
27.594,0.00240325507192275,0.002185028203141291
27.596,0.0024026222532363903,0.002184983229133354
27.598,0.0024019935418270427,0.0021849382821939353
27.6,0.0024013690615201197,0.002184893362306743
27.602,0.002400749027133381,0.0021848484694554954
27.604,0.0024001337786871317,0.00218480360362392
27.606,0.002399523796097637,0.0021847587647957547
27.608,0.0023989196906280346,0.002184713952954747
27.61,0.002398322173368053,0.0021846691680846536
27.612,0.002397732005430742,0.0021846244101692423
27.614,0.0023971499383995624,0.0021845796791922895
27.616,0.0023965766558951473,0.002184534975137582
27.618,0.002396012727309078,0.0021844902979889155
27.62,0.0023954585825916976,0.0021844456477300967
27.622,0.002394914512831142,0.002184401024344941
27.624,0.00239438069604315,0.002184356427817274
27.626,0.0023938572422243973,0.002184311858130931
27.628,0.0023933442474770215,0.002184267315269757
27.63,0.0023928418448431357,0.002184222799217607
27.632,0.002392350239922286,0.002184178309958345
27.634,0.0023918697223491536,0.0021841338474758456
27.636,0.0023914006491950394,0.002184089411753992
27.638,0.00239094340230074,0.0021840450027766785
27.64,0.0023904983272062174,0.002184000620527808
27.642,0.0023900656655175753,0.0021839562649912936
27.644,0.0023896454943491993,0.002183911936151058
27.646,0.0023892376854950177,0.002183867633991033
27.648,0.0023888418933938112,0.002183823358495161
27.65,0.0023884575754780576,0.002183779109647394
27.652,0.002388084042244625,0.0021837348874316925
27.654,0.0023877205286320052,0.0021836906918320277
27.656,0.002387366274199761,0.0021836465228323803
27.658,0.002387020598004877,0.0021836023804167404
27.66,0.002386682955259494,0.0021835582645691083
27.662,0.0023863529665614793,0.002183514175273493
27.664,0.002386030415920114,0.002183470112513914
27.666,0.002385715219807284,0.0021834260762743996
27.668,0.002385407374800441,0.0021833820665389885
27.67,0.002385106894953299,0.002183338083291729
27.672,0.002384813751136867,0.002183294126516678
27.674,0.00238452782308101,0.002183250196197903
27.676,0.002384248871137005,0.0021832062923194807
27.678,0.0023839765297771326,0.0021831624148654976
27.68,0.002383710319729859,0.002183118563820049
27.682,0.002383449671612851,0.0021830747391672414
27.684,0.002383193951902743,0.002183030940891189
27.686,0.0023829424825205364,0.0021829871689760167
27.688,0.0023826945480740712,0.0021829434234058587
27.69,0.0023824493891736152,0.0021828997041648587
27.692,0.0023822061851037444,0.00218285601123717
27.694,0.002381964033223843,0.0021828123446069555
27.696,0.0023817219346650245,0.0021827687042583876
27.698,0.0023814787955083916,0.0021827250901756477
27.7,0.0023812334496002246,0.0021826815023429274
27.702,0.0023809847040763394,0.0021826379407444275
27.704,0.0023807314026710385,0.0021825944053643588
27.706,0.0023804724964119088,0.0021825508961869407
27.708,0.0023802071077547735,0.002182507413196403
27.71,0.0023799345736210302,0.0021824639563769845
27.712,0.002379654455552195,0.0021824205257129337
27.714,0.0023793665109157255,0.002182377121188508
27.716,0.0023790706266891884,0.002182333742787975
27.718,0.002378766725225654,0.002182290390495612
27.72,0.002378454657821961,0.002182247064295704
27.722,0.002378134105375423,0.0021822037641725483
27.724,0.002377804505024092,0.002182160490110449
27.726,0.0023774650173406884,0.002182117242093721
27.728,0.0023771145411808437,0.0021820740201066884
27.73,0.0023767517741710275,0.0021820308241336846
27.732,0.002376375307956927,0.0021819876541590527
27.734,0.0023759837405872837,0.002181944510167145
27.736,0.0023755757852150987,0.0021819013921423234
27.738,0.002375150355323331,0.002181858300068959
27.74,0.002374706611681927,0.002181815233931432
27.742,0.002374243964110959,0.002181772193714133
27.744,0.0023737620301475504,0.002181729179401461
27.746,0.0023732605609569166,0.0021816861909778247
27.748,0.002372739350570659,0.0021816432284276423
27.75,0.00237219814665455,0.0021816002917353417
27.752,0.0023716365792189904,0.0021815573808853595
27.754,0.0023710541185826364,0.002181514495862142
27.756,0.0023704500667988166,0.002181471636650145
27.758,0.0023698235793645963,0.002181428803233833
27.76,0.002369173708049213,0.002181385995597681
27.762,0.0023684994523820663,0.0021813432137261727
27.764,0.0023677998073151044,0.002181300457603801
27.766,0.0023670737975857864,0.002181257727215068
27.768,0.0023663204943956658,0.002181215022544485
27.77,0.0023655390157561016,0.002181172343576574
27.772,0.0023647285167057164,0.0021811296902958647
27.774,0.002363888178327583,0.002181087062686897
27.776,0.002363017204426046,0.0021810444607342195
27.778,0.00236211483194804,0.0021810018844223905
27.78,0.002361180356540098,0.0021809593337359778
27.782,0.0023602131693066628,0.0021809168086595583
27.784,0.0023592127963331204,0.002180874309177718
27.786,0.002358178930105163,0.002180831835275052
27.788,0.002357111442327881,0.0021807893869361652
27.79,0.0023560103708512165,0.0021807469641456716
27.792,0.0023548758787613998,0.0021807045668881943
27.794,0.0023537081899724236,0.0021806621951483657
27.796,0.0023525075113741195,0.0021806198489108274
27.798,0.002351273955395679,0.0021805775281602303
27.8,0.0023500074777916976,0.0021805352328812346
27.802,0.0023487078432680598,0.00218049296305851
27.804,0.0023473746266633477,0.002180450718676735
27.806,0.0023460072508175722,0.002180408499720597
27.808,0.0023446050553796644,0.0021803663061747934
27.81,0.0023431673850552153,0.0021803241380240306
27.812,0.002341693682319805,0.002180281995253024
27.814,0.0023401835690484056,0.0021802398778464987
27.816,0.0023386369038332295,0.0021801977857891877
27.818,0.0023370538063805886,0.0021801557190658347
27.82,0.0023354346462667384,0.0021801136776611915
27.822,0.002333779999288262,0.00218007166156002
27.824,0.0023320905795541297,0.0021800296707470902
27.826,0.0023303671585422855,0.0021799877052071826
27.828,0.0023286104832441986,0.0021799457649250855
27.83,0.0023268212043786956,0.002179903849885597
27.832,0.0023249998229847293,0.002179861960073525
27.834,0.002323146660230286,0.0021798200954736852
27.836,0.002321261851752228,0.0021797782560709035
27.838,0.002319345364868813,0.002179736441850014
27.84,0.002317397034920746,0.0021796946527958606
27.842,0.002315416615847109,0.002179652888893297
27.844,0.002313403839697336,0.0021796111501271843
27.846,0.002311358479804966,0.0021795694364823938
27.848,0.002309280412486181,0.002179527747943806
27.85,0.0023071696721854375,0.00217948608449631
27.852,0.002305026494965923,0.0021794444461248046
27.854,0.0023028513453172417,0.002179402832814197
27.856,0.002300644921737131,0.0021793612445494036
27.858,0.002298408137760168,0.0021793196813153504
27.86,0.0022961420772609755,0.0021792781430969715
27.862,0.002293847925935276,0.0021792366298792115
27.864,0.002291526884554669,0.0021791951416470228
27.866,0.002289180073326428,0.0021791536783853675
27.868,0.00228680843970908,0.002179112240079217
27.87,0.0022844126835505343,0.0021790708267135504
27.872,0.0022819932127937153,0.0021790294382733576
27.874,0.0022795501399320087,0.0021789880747436364
27.876,0.0022770833240537145,0.0021789467361093937
27.878,0.002274592456345478,0.0021789054223556458
27.88,0.0022720771794264307,0.002178864133467418
27.882,0.0022695372242134844,0.0021788228694297443
27.884,0.002266972543547433,0.002178781630227668
27.886,0.0022643834206392544,0.0021787404158462413
27.888,0.002261770533092538,0.0021786992262705254
27.89,0.002259134959678577,0.0021786580614855905
27.892,0.0022564781262831312,0.0021786169214765157
27.894,0.002253801697964113,0.002178575806228389
27.896,0.0022511074339264833,0.002178534715726308
27.898,0.0022483970294848435,0.0021784936499553782
27.9,0.002245671972178747,0.002178452608900715
27.902,0.0022429334373013695,0.0021784115925474424
27.904,0.0022401822413298613,0.0021783706008806935
27.906,0.002237418861232023,0.00217832963388561
27.908,0.0022346435153130667,0.002178288691547343
27.91,0.0022318562895563727,0.0021782477738510517
27.912,0.0022290572846753024,0.002178206880781905
27.914,0.0022262467551664522,0.002178166012325081
27.916,0.0022234252134393255,0.002178125168465766
27.918,0.0022205934793236353,0.0021780843491891557
27.92,0.002217752666507803,0.0021780435544804543
27.922,0.0022149041104519867,0.002178002784324875
27.924,0.0022120492543451806,0.0021779620387076403
27.926,0.0022091895182085068,0.002177921317613981
27.928,0.0022063261794655715,0.002177880621029137
27.93,0.002203460290504493,0.002177839948938358
27.932,0.002200592650526348,0.0021777993013269007
27.934,0.002197723837059493,0.0021777586781800322
27.936,0.002194854289468262,0.002177718079483028
27.938,0.002191984425392288,0.002177677505221173
27.94,0.0021891147637630027,0.0021776369553797594
27.942,0.0021862460264150127,0.00217759642994409
27.944,0.0021833791946844383,0.002177555928899475
27.946,0.002180515506824199,0.0021775154522312348
27.948,0.0021776563945528115,0.0021774749999246977
27.95,0.0021748033699460936,0.002177434571965201
27.952,0.0021719578844754998,0.0021773941683380913
27.954,0.002169121188103553,0.0021773537890287234
27.956,0.0021662942167445074,0.002177313434022461
27.958,0.00216347753106978,0.0021772731033046773
27.96,0.0021606713197459843,0.0021772327968607535
27.962,0.002157875467810958,0.0021771925146760796
27.964,0.002155089678546388,0.002177152256736055
27.966,0.0021523136273403514,0.0021771120230260877
27.968,0.0021495471205213354,0.002177071813531594
27.97,0.0021467902319185768,0.0021770316282379997
27.972,0.002144043394812194,0.0021769914671307387
27.974,0.0021413074358149,0.0021769513301952543
27.976,0.002138583548185926,0.0021769112174169977
27.978,0.0021358732129069195,0.00217687112878143
27.98,0.0021331780844842715,0.00217683106427402
27.982,0.002130499863358494,0.0021767910238802454
27.984,0.002127840177293289,0.0021767510075855934
27.986,0.0021252004903881904,0.0021767110153755593
27.988,0.0021225820514248375,0.0021766710472356475
27.99,0.0021199858846998364,0.0021766311031513707
27.992,0.0021174128181093784,0.0021765911831082506
27.994,0.0021148635366724064,0.002176551287091818
27.996,0.002112338646076032,0.002176511415087611
27.998,0.0021098387306919615,0.0021764715670811777
28.0,0.0021073643936082263,0.002176431743058075
28.002,0.0021049162716718474,0.002176391943003868
28.004,0.0021024950250478134,0.0021763521669041297
28.006,0.002100101306935269,0.0021763124147444433
28.008,0.0020977357235721626,0.0021762726865104
28.01,0.0020953987966428294,0.0021762329821875996
28.012,0.002093090939384543,0.0021761933017616507
28.014,0.0020908124543672986,0.0021761536452181702
28.016,0.0020885635559078396,0.0021761140125427843
28.018,0.0020863444145027433,0.0021760744037211273
28.02,0.0020841552157346826,0.002176034818738842
28.022,0.0020819962228530104,0.002175995257581581
28.024,0.0020798678313033916,0.0021759557202350043
28.026,0.0020777706050248714,0.002175916206684781
28.028,0.002075705287965214,0.0021758767169165884
28.03,0.002073672789173743,0.0021758372509161133
28.032,0.0020716741449514514,0.0021757978086690507
28.034,0.0020697104657828713,0.002175758390161104
28.036,0.002067782878267732,0.0021757189953779846
28.038,0.002065892472533536,0.002175679624305414
28.04,0.002064040263656793,0.0021756402769291215
28.042,0.0020622271719549484,0.002175600953234845
28.044,0.002060454022504699,0.0021755616532083306
28.046,0.0020587215599400716,0.002175522376835334
28.048,0.002057030471462871,0.002175483124101618
28.05,0.00205538140974528,0.0021754438949929556
28.052,0.0020537750082562796,0.0021754046894951274
28.054,0.0020522118842333224,0.002175365507593923
28.056,0.0020506926283409247,0.0021753263492751396
28.058,0.0020492177840315596,0.002175287214524584
28.06,0.0020477878227403742,0.002175248103328071
28.062,0.0020464031225065136,0.0021752090156714247
28.064,0.002045063957035988,0.0021751699515404764
28.066,0.002043770499731265,0.0021751309109210673
28.068,0.0020425228434233322,0.002175091893799046
28.07,0.0020413210324061334,0.0021750529001602708
28.072,0.002040165099946778,0.002175013929990607
28.074,0.002039055102629309,0.00217497498327593
28.076,0.002037991143197333,0.0021749360600021223
28.078,0.00203697337598876,0.002174897160155076
28.08,0.0020360019930702,0.002174858283720691
28.082,0.002035077193846652,0.002174819430684876
28.084,0.0020341991451270037,0.002174780601033548
28.086,0.0020333679413444463,0.0021747417947526326
28.088,0.002032583575172833,0.0021747030118280638
28.09,0.0020318459269609715,0.0021746642522457844
28.092,0.002031154777588034,0.002174625515991745
28.094,0.002030509844349872,0.002174586803051905
28.096,0.002029910834408559,0.002174548113412233
28.098,0.002029357506285422,0.002174509447058704
28.1,0.0020288497277249685,0.002174470803977304
28.102,0.002028387518454253,0.002174432184154026
28.104,0.002027971068852318,0.002174393587574871
28.106,0.0020276007297907288,0.0021743550142258494
28.108,0.00202727697402857,0.0021743164640929797
28.11,0.0020270003345234885,0.002174277937162289
28.112,0.002026771328909747,0.002174239433419812
28.114,0.0020265903815172184,0.002174200952851593
28.116,0.002026457754364054,0.002174162495443684
28.118,0.002026373496662528,0.0021741240611821452
28.12,0.0020263374189952305,0.0021740856500530458
28.122,0.0020263490941411417,0.002174047262042463
28.124,0.0020264078823301578,0.002174008897136482
28.126,0.002026512975183115,0.0021739705553211978
28.128,0.0020266634502728188,0.002173932236582712
28.13,0.002026858327389645,0.0021738939409071357
28.132,0.0020270966182234272,0.0021738556682805877
28.134,0.0020273773630590545,0.002173817418689196
28.136,0.0020276996508374577,0.0021737791921190956
28.138,0.0020280626220702926,0.0021737409885564316
28.14,0.002028465457109998,0.002173702807987356
28.142,0.002028907354706042,0.0021736646503980293
28.144,0.0020293875072581713,0.0021736265157746215
28.146,0.002029905079487135,0.0021735884041033096
28.148,0.002030459196325871,0.0021735503153702796
28.15,0.0020310489438205657,0.0021735122495617253
28.152,0.0020316733840301283,0.0021734742066638496
28.154,0.0020323315817862794,0.002173436186662863
28.156,0.002033022638281912,0.0021733981895449847
28.158,0.0020337457243591044,0.0021733602152964417
28.16,0.00203450010554916,0.00217332226390347
28.162,0.0020352851516538192,0.002173284335352313
28.164,0.002036100325957052,0.0021732464296292235
28.166,0.0020369451527058316,0.0021732085467204617
28.168,0.0020378191656971537,0.0021731706866122964
28.17,0.002038721844852426,0.002173132849291004
28.172,0.0020396525506990136,0.002173095034742871
28.174,0.002040610467986021,0.0021730572429541897
28.176,0.002041594568814939,0.0021730194739112627
28.178,0.002042603602664388,0.0021729817276003992
28.18,0.0020436361159966374,0.002172944004007918
28.182,0.002044690498616703,0.002172906303120146
28.184,0.002045765048722318,0.002172868624923417
28.186,0.0020468580447576662,0.0021728309694040745
28.188,0.002047967810657124,0.0021727933365484693
28.19,0.002049092762277603,0.002172755726342961
28.192,0.002050231426638788,0.0021727181387739174
28.194,0.002051382431306408,0.002172680573827714
28.196,0.002052544467703886,0.0021726430314907346
28.198,0.002053716237942505,0.002172605511749372
28.2,0.0020548963986223613,0.0021725680145900255
28.202,0.002056083516051836,0.0021725305399991047
28.204,0.0020572760451319236,0.002172493087963026
28.206,0.00205847233911387,0.002172455658468214
28.208,0.002059670690566133,0.0021724182515011027
28.21,0.002060869396617922,0.0021723808670481323
28.212,0.002062066835466748,0.0021723435050957527
28.214,0.002063261537626444,0.0021723061656304214
28.216,0.002064452235324836,0.002172268848638604
28.218,0.0020656378770009475,0.0021722315541067745
28.22,0.0020668176003925676,0.0021721942820214146
28.222,0.0020679906659838584,0.0021721570323690147
28.224,0.0020691563609268257,0.002172119805136073
28.226,0.0020703138902234447,0.002172082600309096
28.228,0.002071462275522142,0.0021720454178745983
28.23,0.002072600281511095,0.0021720082578191025
28.232,0.0020737263855366496,0.0021719711201291392
28.234,0.0020748387985036667,0.002171934004791247
28.236,0.0020759355357504584,0.0021718969117919735
28.238,0.002077014527236644,0.002171859841117873
28.24,0.0020780737488573318,0.0021718227927555096
28.242,0.0020791113524694384,0.0021717857666914537
28.244,0.002080125772113359,0.002171748762912285
28.246,0.0020811157879604644,0.0021717117814045906
28.248,0.002082080536939196,0.0021716748221549662
28.25,0.0020830194683771138,0.002171637885150015
28.252,0.0020839322525810513,0.0021716009703763492
28.254,0.0020848186582957335,0.002171564077820588
28.256,0.0020856784200063466,0.0021715272074693593
28.258,0.0020865111172525884,0.0021714903593092988
28.26,0.0020873160854094626,0.00217145353332705
28.262,0.002088092371392988,0.002171416729509265
28.264,0.0020888387396710436,0.0021713799478426036
28.266,0.002089553725327095,0.002171343188313734
28.268,0.002090235723285865,0.0021713064509093316
28.27,0.002090883097453684,0.0021712697356160806
28.272,0.002091494291263244,0.002171233042420673
28.274,0.0020920679221578804,0.002171196371309809
28.276,0.0020926028465276005,0.002171159722270196
28.278,0.0020930981876515833,0.0021711230952885506
28.28,0.002093553326134785,0.002171086490351596
28.282,0.0020939678588931666,0.002171049907446065
28.284,0.00209434153781504,0.002171013346558697
28.286,0.0020946742019932966,0.00217097680767624
28.288,0.0020949657175052643,0.00217094029078545
28.29,0.002095215936205535,0.002170903795873091
28.292,0.002095424680427186,0.0021708673229259346
28.294,0.0020955917547322307,0.0021708308719307606
28.296,0.002095716979977814,0.0021707944428743567
28.298,0.0020958002400511826,0.002170758035743519
28.3,0.002095841528591574,0.0021707216505250505
28.302,0.0020958409824595684,0.0021706852872057634
28.304,0.002095798890805865,0.002170648945772477
28.306,0.0020957156730343177,0.002170612626212019
28.308,0.0020955918250109176,0.0021705763285112243
28.31,0.0020954278394786125,0.0021705400526569364
28.312,0.0020952241125797447,0.0021705037986360066
28.314,0.0020949808525052875,0.002170467566435294
28.316,0.0020946980077012414,0.002170431356041666
28.318,0.0020943752303357707,0.002170395167441997
28.32,0.0020940118859972836,0.0021703590006231705
28.322,0.0020936071135415194,0.002170322855572077
28.324,0.0020931599307873563,0.0021702867322756147
28.326,0.002092669373789877,0.002170250630720691
28.328,0.0020921346511182373,0.0021702145508942193
28.33,0.002091555291102643,0.0021701784927831225
28.332,0.002090931260072611,0.0021701424563743306
28.334,0.002090263033259242,0.002170106441654782
28.336,0.0020895516067089112,0.002170070448611422
28.338,0.0020887984471546837,0.0021700344772312046
28.34,0.002088005385885589,0.0021699985275010917
28.342,0.00208717447074626,0.0021699625994080524
28.344,0.0020863077962000594,0.002169926692939064
28.346,0.002085407334036239,0.002169890808081112
28.348,0.002084474786499045,0.0021698549448211884
28.35,0.002083511479656482,0.0021698191031462952
28.352,0.002082518308502404,0.0021697832830434405
28.354,0.002081495737723257,0.0021697474844996406
28.356,0.002080443854497281,0.00216971170750192
28.358,0.0020793624632564323,0.00216967595203731
28.36,0.0020782512078690433,0.002169640218092851
28.362,0.002077109704637704,0.002169604505655591
28.364,0.0020759376698668247,0.0021695688147125853
28.366,0.00207473502818486,0.0021695331452508968
28.368,0.0020735019916850984,0.002169497497257597
28.37,0.002072239104529557,0.0021694618707197642
28.372,0.002070947252211697,0.0021694262656244854
28.374,0.0020696276385870323,0.0021693906819588546
28.376,0.0020682817366567633,0.0021693551197099746
28.378,0.002066911220753311,0.0021693195788649545
28.38,0.002065517888272561,0.0021692840594109124
28.382,0.0020641035786359034,0.0021692485613349737
28.384,0.002062670096053599,0.0021692130846242713
28.386,0.0020612191412362024,0.002169177629265946
28.388,0.002059752255754256,0.002169142195247147
28.39,0.0020582707814835017,0.0021691067825550304
28.392,0.0020567758365793057,0.00216907139117676
28.394,0.0020552683086743277,0.0021690360210995085
28.396,0.002053748865368401,0.0021690006723104546
28.398,0.0020522179814222944,0.002168965344796786
28.4,0.0020506759812287923,0.002168930038545697
28.402,0.0020491230940395174,0.002168894753544391
28.404,0.0020475595181077863,0.0021688594897800785
28.406,0.002045985488525122,0.002168824247239977
28.408,0.0020444013423505545,0.0021687890259113126
28.41,0.0020428075739832244,0.0021687538257813186
28.412,0.0020412048739159565,0.002168718646837236
28.414,0.0020395941452353134,0.002168683489066314
28.416,0.0020379764945252445,0.0021686483524558093
28.418,0.0020363531969890894,0.002168613236992986
28.42,0.0020347256392108377,0.002168578142665115
28.422,0.0020330952464512448,0.0021685430694594766
28.424,0.00203146340407442,0.002168508017363358
28.426,0.002029831384053436,0.002168472986364054
28.428,0.0020282002871337486,0.002168437976448867
28.43,0.002026571009063147,0.002168402987605107
28.432,0.002024944235593058,0.0021683680198200917
28.434,0.0020233204662997236,0.0021683330730811463
28.436,0.002021700062467439,0.0021682981473756043
28.438,0.0020200833101961012,0.002168263242690806
28.44,0.002018470487312957,0.0021682283590140996
28.442,0.0020168619221008423,0.002168193496332841
28.444,0.0020152580334434084,0.0021681586546343935
28.446,0.0020136593454667747,0.0021681238339061287
28.448,0.0020120664744961102,0.0021680890341354247
28.45,0.0020104800912700946,0.002168054255309668
28.452,0.0020089008659154133,0.0021680194974162525
28.454,0.0020073294063385322,0.0021679847604425795
28.456,0.002005766201872415,0.0021679500443760585
28.458,0.002004211583030406,0.0021679153492041056
28.46,0.0020026657052809316,0.002167880674914145
28.462,0.0020011285604342325,0.0021678460214936087
28.464,0.001999600014333476,0.002167811388929936
28.466,0.001998079864954225,0.0021677767772105734
28.468,0.0019965679115397576,0.0021677421863229756
28.47,0.0019950640236056066,0.0021677076162546047
28.472,0.0019935681987865504,0.00216767306699293
28.474,0.00199208060047193,0.0021676385385254286
28.476,0.001990601569568569,0.0021676040308395853
28.478,0.0019891316089070093,0.0021675695439228922
28.48,0.0019876713430336196,0.0021675350777628486
28.482,0.001986221459705027,0.0021675006323469623
28.484,0.0019847826417789646,0.0021674662076627475
28.486,0.001983355499065892,0.0021674318036977265
28.488,0.0019819405090394813,0.002167397420439429
28.49,0.0019805379733328866,0.0021673630578753927
28.492,0.0019791479941129756,0.002167328715993162
28.494,0.0019777704712818614,0.002167294394780289
28.496,0.0019764051185687166,0.0021672600942243335
28.498,0.001975051494409572,0.002167225814312863
28.5,0.001973709042356113,0.0021671915550334517
28.502,0.001972377135664278,0.0021671573163736823
28.504,0.0019710551215263,0.002167123098321144
28.506,0.001969742361783203,0.0021670889008634344
28.508,0.0019684382684595648,0.0021670547239881575
28.51,0.0019671423336792408,0.002167020567682926
28.512,0.0019658541541545177,0.0021669864319353587
28.514,0.001964573450380988,0.002166952316733083
28.516,0.0019633000800312835,0.0021669182220637336
28.518,0.001962034044124098,0.0021668841479149516
28.52,0.0019607754837685206,0.0021668500942743866
28.522,0.00195952466506108,0.0021668160611296957
28.524,0.00195828195033792,0.0021667820484685425
28.526,0.0019570477555317504,0.0021667480562785986
28.528,0.001955822495664904,0.002166714084547543
28.53,0.0019546065230949014,0.0021666801332630627
28.532,0.0019534000654327414,0.002166646202412851
28.534,0.0019522031714704548,0.0021666122919846093
28.536,0.0019510156735088777,0.002166578401966046
28.538,0.001949837172954268,0.0021665445323448772
28.54,0.0019486670530749126,0.0021665106831088264
28.542,0.0019475045188280284,0.0021664768542456244
28.544,0.001946348659386949,0.0021664430457430093
28.546,0.001945198525225725,0.0021664092575887266
28.548,0.001944053209092211,0.0021663754897705296
28.55,0.0019429119194270248,0.002166341742276178
28.552,0.0019417740359300541,0.00216630801509344
28.554,0.0019406391398248853,0.0021662743082100904
28.556,0.0019395070153871202,0.0021662406216139117
28.558,0.0019383776237414494,0.002166206955292694
28.56,0.0019372510540088942,0.0021661733092342337
28.562,0.0019361274599312085,0.0021661396834263356
28.564,0.0019350069916897383,0.002166106077856812
28.566,0.0019338897326495817,0.002166072492513481
28.568,0.0019327756493668418,0.00216603892738417
28.57,0.001931664560786031,0.002166005382456712
28.572,0.0019305561296189167,0.0021659718577189484
28.574,0.0019294498759207966,0.002165938353158728
28.576,0.0019283452102475123,0.002165904868763906
28.578,0.001927241481724736,0.002165871404522346
28.58,0.001926138034984934,0.0021658379604219177
28.582,0.0019250342692208912,0.002165804536450499
28.584,0.0019239296925202144,0.002165771132595975
28.586,0.001922823965139724,0.0021657377488462377
28.588,0.0019217169264380664,0.002165704385189187
28.59,0.0019206086018073627,0.0021656710416127294
28.592,0.0019194991880974364,0.002165637718104779
28.594,0.001918389018595313,0.0021656044146532573
28.596,0.0019172785113683102,0.002165571131246093
28.598,0.001916168107340666,0.002165537867871222
28.6,0.001915058206406893,0.002165504624516587
28.602,0.0019139491107555487,0.0021654714011701388
28.604,0.0019128409840668318,0.002165438197819835
28.606,0.0019117338332627501,0.002165405014453641
28.608,0.0019106275162202437,0.002165371851059528
28.61,0.001909521774788635,0.002165338707625476
28.612,0.001908416288278199,0.002165305584139472
28.614,0.0019073107390877447,0.002165272480589509
28.616,0.0019062048800106111,0.0021652393969635885
28.618,0.001905098592450632,0.002165206333249719
28.62,0.0019039919263872259,0.002165173289435915
28.622,0.0019028851161537181,0.002165140265510201
28.624,0.0019017785703059837,0.0021651072614606057
28.626,0.0019006728382306654,0.0021650742772751663
28.628,0.0018995685598319914,0.0021650413129419275
28.63,0.0018984664069705182,0.002165008368448941
28.632,0.0018973670259509895,0.002164975443784265
28.634,0.0018962709892906594,0.0021649425389359657
28.636,0.0018951787626201111,0.0021649096538921163
28.638,0.0018940906894927547,0.0021648767886407972
28.64,0.0018930069938052564,0.0021648439431700955
28.642,0.0018919277970651327,0.002164811117468106
28.644,0.0018908531462643484,0.0021647783115229307
28.646,0.0018897830477150929,0.0021647455253226786
28.648,0.0018887175026876617,0.0021647127588554655
28.65,0.0018876565416828656,0.0021646800121094146
28.652,0.0018866002552454697,0.0021646472850726565
28.654,0.0018855488200336201,0.0021646145777333287
28.656,0.0018845025192390102,0.002164581890079576
28.658,0.001883461756456036,0.0021645492220995505
28.66,0.0018824270619535693,0.002164516573781411
28.662,0.001881399090317517,0.002164483945113323
28.664,0.0018803786088687408,0.0021644513360834605
28.666,0.0018793664772250235,0.0021644187466800034
28.668,0.0018783636197608777,0.0021643861768911392
28.67,0.0018773709942133611,0.0021643536267050628
28.672,0.0018763895608532972,0.0021643210961099753
28.674,0.0018754202570644258,0.002164288585094086
28.676,0.0018744639815717803,0.00216425609364561
28.678,0.001873521590909645,0.0021642236217527715
28.68,0.0018725939082872406,0.0021641911694037994
28.682,0.001871681742311115,0.0021641587365869314
28.684,0.001870785910696507,0.0021641263232904115
28.686,0.0018699072627485517,0.002164093929502491
28.688,0.0018690466944151177,0.0021640615552114286
28.69,0.0018682051511834095,0.002164029200405489
28.692,0.0018673836167295873,0.0021639968650729456
28.694,0.001866583088450827,0.002163964549202077
28.696,0.0018658045440687798,0.0021639322527811705
28.698,0.0018650489056683762,0.002163899975798519
28.7,0.001864317008312563,0.002163867718242424
28.702,0.0018636095795696132,0.002163835480101193
28.704,0.0018629272341098024,0.0021638032613631405
28.706,0.0018622704845003392,0.0021637710620165886
28.708,0.0018616397661762117,0.002163738882049866
28.71,0.001861035472020659,0.0021637067214513085
28.712,0.0018604579906126286,0.002163674580209259
28.714,0.0018599077422419268,0.002163642458312068
28.716,0.0018593852081507769,0.0021636103557480914
28.718,0.001858890950707521,0.0021635782725056936
28.72,0.0018584256247280535,0.0021635462085732456
28.722,0.0018579899822692492,0.0021635141639391254
28.724,0.0018575848743900534,0.0021634821385917175
28.726,0.0018572112533320163,0.002163450132519414
28.728,0.0018568701773501073,0.002163418145710614
28.73,0.0018565628183643361,0.002163386178153723
28.732,0.001856290470253696,0.002163354229837154
28.734,0.001856054553606785,0.0021633223007493266
28.736,0.001855856611645677,0.002163290390878668
28.738,0.0018556982922291467,0.002163258500213612
28.74,0.001855581312426619,0.0021632266287425986
28.742,0.0018555074049462514,0.002163194776454076
28.744,0.001855478249246721,0.0021631629433364994
28.746,0.0018554953938202958,0.0021631311293783297
28.748,0.001855560179186193,0.002163099334568035
28.75,0.001855673672904588,0.002163067558894092
28.752,0.0018558366279073275,0.002163035802344982
28.754,0.001856049473405871,0.0021630040649091944
28.756,0.0018563123436819008,0.002162972346575226
28.758,0.0018566251446527626,0.0021629406473315797
28.76,0.0018569876520159337,0.002162908967166766
28.762,0.0018573996290227775,0.002162877306069301
28.764,0.0018578609475878656,0.0021628456640277096
28.766,0.0018583716944625636,0.002162814041030522
28.768,0.0018589322452176754,0.0021627824370662766
28.77,0.0018595432929277825,0.0021627508521235173
28.772,0.0018602058252780182,0.002162719286190796
28.774,0.0018609210523020724,0.002162687739256671
28.776,0.0018616902956523813,0.002162656211309708
28.778,0.0018625148575641395,0.0021626247023384783
28.78,0.001863395892003713,0.002162593212331562
28.782,0.0018643343008562835,0.0021625617412775445
28.784,0.0018653306740956603,0.0021625302891650185
28.786,0.0018663852852300728,0.002162498855982584
28.788,0.0018674981432635687,0.002162467441718847
28.79,0.0018686690918488479,0.002162436046362422
28.792,0.0018698979373191192,0.0021624046699019283
28.794,0.0018711845817084441,0.002162373312325993
28.796,0.0018725291358863115,0.002162341973623251
28.798,0.001873931991796178,0.002162310653782342
28.8,0.0018753938407455538,0.0021622793527919138
28.802,0.0018769156351294445,0.0021622480706406213
28.804,0.0018784985017379617,0.0021622168073171257
28.806,0.0018801436236993508,0.002162185562810095
28.808,0.0018818521133564723,0.002162154337108204
28.81,0.0018836248989862235,0.0021621231302001347
28.812,0.0018854626442735287,0.002162091942074575
28.814,0.0018873657118553349,0.002162060772720221
28.816,0.001889334172803215,0.0021620296221257747
28.818,0.0018913678546967447,0.002161998490279945
28.82,0.0018934664138957867,0.002161967377171448
28.822,0.0018956294141286361,0.0021619362827890055
28.824,0.0018978563941089899,0.0021619052071213474
28.826,0.0019001469111890078,0.00216187415015721
28.828,0.0019025005548668936,0.0021618431118853353
28.83,0.0019049169316279865,0.002161812092294474
28.832,0.0019073956293528757,0.002161781091373382
28.834,0.0019099361739296776,0.002161750109110823
28.836,0.001912537991927458,0.0021617191454955664
28.838,0.001915200391148618,0.0021616882005163892
28.84,0.0019179225662314151,0.002161657274162075
28.842,0.0019207036303996057,0.002161626366421414
28.844,0.0019235426683695133,0.0021615954772832026
28.846,0.0019264388006462192,0.0021615646067362454
28.848,0.0019293912469185847,0.0021615337547693527
28.85,0.001932399376397239,0.0021615029213713417
28.852,0.0019354627355427777,0.002161472106531036
28.854,0.0019385810480160937,0.0021614413102372665
28.856,0.0019417541868484082,0.0021614105324788704
28.858,0.0019449821236998627,0.002161379773244692
28.86,0.0019482648637229407,0.0021613490325235823
28.862,0.0019516023763666737,0.0021613183103043987
28.864,0.001954994532257357,0.002161287606576005
28.866,0.0019584410542890403,0.002161256921327273
28.868,0.0019619414878004524,0.0021612262545470796
28.87,0.0019654951909423395,0.0021611956062243093
28.872,0.001969101342820088,0.0021611649763478534
28.874,0.001972758964383397,0.002161134364906609
28.876,0.0019764669457453645,0.0021611037718894813
28.878,0.0019802240737722574,0.002161073197285381
28.88,0.00198402905521818,0.0021610426410832257
28.882,0.001987880532965249,0.00216101210327194
28.884,0.001991777095498366,0.002160981583840455
28.886,0.0019957172819889697,0.0021609510827777082
28.888,0.001999699586773046,0.0021609206000726446
28.89,0.002003722467265701,0.0021608901357142146
28.892,0.0020077843584048187,0.0021608596896913763
28.894,0.0020118836947772816,0.002160829261993094
28.896,0.002016018939109477,0.0021607988526083383
28.898,0.0020201886133885444,0.0021607684615260873
28.9,0.0020243913271289554,0.0021607380887353252
28.902,0.00202862579668766,0.0021607077342250427
28.904,0.002032890850301934,0.0021606773979842373
28.906,0.0020371854156133666,0.0021606470800019134
28.908,0.0020415084894787323,0.0021606167802670816
28.91,0.002045859093251865,0.0021605864987687593
28.912,0.0020502362197379323,0.0021605562354959705
28.914,0.0020546387800094434,0.0021605259904377457
28.916,0.0020590655587694106,0.002160495763583122
28.918,0.00206351518579638,0.002160465554921144
28.92,0.0020679861284034207,0.002160435364440861
28.922,0.0020724767062951913,0.0021604051921313306
28.924,0.002076985126418479,0.002160375037981616
28.926,0.002081509532123016,0.0021603449019807876
28.928,0.0020860480588057017,0.002160314784117922
28.93,0.002090598887572252,0.002160284684382103
28.932,0.00209516028935299,0.0021602546027624197
28.934,0.0020997306540648233,0.0021602245392479693
28.936,0.0021043085022888954,0.002160194493827854
28.938,0.002108892479892179,0.002160164466491184
28.94,0.00211348133846726,0.002160134457227075
28.942,0.0021180739059863275,0.00216010446602465
28.944,0.0021226690525138273,0.0021600744928730376
28.946,0.0021272656553230794,0.0021600445377613743
28.948,0.0021318625666577823,0.002160014600678802
28.95,0.0021364585861104657,0.0021599846816144695
28.952,0.0021410524385693922,0.002159954780557532
28.954,0.00214564275817196,0.0021599248974971522
28.956,0.002150228078738521,0.0021598950324224976
28.958,0.0021548068315606914,0.0021598651853227437
28.96,0.002159377351841352,0.0021598353561870717
28.962,0.0021639378951383206,0.0021598055450046693
28.964,0.0021684866645493702,0.0021597757517647313
28.966,0.0021730218479882523,0.0021597459764564585
28.968,0.0021775416629001808,0.002159716219069059
28.97,0.002182044403560923,0.0021596864795917457
28.972,0.002186528484271329,0.0021596567580137397
28.974,0.0021909924709014646,0.0021596270543242676
28.976,0.0021954350938131664,0.0021595973685125634
28.978,0.002199855237371534,0.0021595677005678666
28.98,0.0022042519048469157,0.0021595380504794235
28.982,0.002208624161936147,0.002159508418236487
28.984,0.0022129710665464266,0.0021594788038283167
28.986,0.002217291595927595,0.002159449207244178
28.988,0.0022215845838560668,0.0021594196284733433
28.99,0.0022258486798279855,0.0021593900675050915
28.992,0.0022300823390359846,0.0021593605243287075
28.994,0.0022342838467321086,0.002159330998933483
28.996,0.002238451374327395,0.0021593014913087157
28.998,0.002242583058453214,0.0021592720014437104
29.0,0.0022466770894642024,0.0021592425293277782
29.002,0.00225073179353586,0.0021592130749502362
29.004,0.0022547456931873663,0.0021591836383004085
29.006,0.0022587175347289633,0.002159154219367625
29.008,0.0022626462771629576,0.0021591248181412224
29.01,0.0022665310443208873,0.002159095434610544
29.012,0.0022703710490768344,0.002159066068764939
29.014,0.0022741655039297246,0.002159036720593763
29.016,0.002277913534988213,0.002159007390086379
29.018,0.002281614115854233,0.0021589780772321553
29.02,0.002285266034174778,0.002158948782020467
29.022,0.0022888678974531747,0.0021589195044406954
29.024,0.002292418177302343,0.002158890244482229
29.026,0.0022959152841427115,0.002158861002134461
29.028,0.002299357658786172,0.0021588317773867933
29.03,0.002302743864441885,0.002158802570228632
29.032,0.002306072662914966,0.002158773380649391
29.034,0.0023093430619897893,0.0021587442086384895
29.036,0.0023125543264606615,0.002158715054185354
29.038,0.0023157059518471947,0.002158685917279417
29.04,0.0023187976062089707,0.0021586567979101174
29.042,0.0023218290504685817,0.0021586276960669005
29.044,0.0023248000504313077,0.0021585986117392177
29.046,0.0023277102939182493,0.002158569544916527
29.048,0.0023305593243037586,0.002158540495588293
29.05,0.0023333464979109083,0.0021585114637439856
29.052,0.002336070968090679,0.0021584824493730823
29.054,0.0023387316943688104,0.002158453452465066
29.056,0.002341327471612705,0.0021584244730094267
29.058,0.0023438569722595464,0.00215839551099566
29.06,0.0023463187943748532,0.002158366566413268
29.062,0.0023487115094256144,0.00215833763925176
29.064,0.0023510337056312034,0.00215830872950065
29.066,0.0023532840249562586,0.0021582798371494595
29.068,0.002355461193640645,0.0021582509621877167
29.07,0.0023575640472171693,0.0021582221046049545
29.072,0.0023595915511105403,0.0021581932643907134
29.074,0.00236154281728119,0.00215816444153454
29.076,0.0023634171163282127,0.0021581356360259865
29.078,0.0023652138834532425,0.0021581068478546124
29.08,0.002366932716139395,0.0021580780770099825
29.082,0.002368573361596372,0.0021580493234816685
29.084,0.0023701356930245724,0.0021580205872592483
29.086,0.0023716196753791733,0.002157991868332306
29.088,0.002373025323200066,0.002157963166690432
29.09,0.0023743526547517226,0.002157934482323223
29.092,0.0023756016477446402,0.0021579058152202814
29.094,0.0023767722019841795,0.002157877165371217
29.096,0.0023778641133264116,0.002157848532765645
29.098,0.0023788770614749178,0.0021578199173931866
29.1,0.002379810611800622,0.0021577913192434703
29.102,0.0023806642290143884,0.00215776273830613
29.104,0.0023814372986840572,0.002157734174570806
29.106,0.0023821291516723533,0.002157705628027145
29.108,0.002382739086779326,0.0021576770986647996
29.11,0.0023832663881466,0.0021576485864734296
29.112,0.0023837103360165625,0.0021576200914426996
29.114,0.0023840702117550842,0.0021575916135622816
29.116,0.002384345300088402,0.002157563152821853
29.118,0.002384534892776546,0.0021575347092110983
29.12,0.0023846382981220246,0.002157506282719707
29.122,0.002384654859710921,0.0021574778733373756
29.124,0.002384583985786981,0.0021574494810538067
29.126,0.0023844251880745567,0.002157421105858709
29.128,0.0023841781262341523,0.0021573927477417975
29.13,0.002383842652015896,0.0021573644066927933
29.132,0.002383418846033897,0.002157336082701424
29.134,0.0023829070401899205,0.002157307775757423
29.136,0.002382307820159917,0.0021572794858505297
29.138,0.002381622004816234,0.0021572512129704904
29.14,0.002380850602593395,0.002157222957107057
29.142,0.002379994748111387,0.002157194718249988
29.144,0.002379055625321551,0.0021571664963890473
29.146,0.002378034385585996,0.0021571382915140055
29.148,0.0023769320701253296,0.0021571101036146393
29.15,0.002375749546029922,0.0021570819326807316
29.152,0.002374487463565225,0.0021570537787020715
29.154,0.0023731462400110735,0.002157025641668454
29.156,0.002371726072083326,0.0021569975215696806
29.158,0.002370226975498567,0.0021569694183955586
29.16,0.0023686488468959,0.0021569413321359016
29.162,0.002366991540545685,0.002156913262780529
29.164,0.002365254950413287,0.002156885210319267
29.166,0.0023634390874636107,0.0021568571747419473
29.168,0.0023615441427073335,0.002156829156038408
29.17,0.002359570528359,0.0021568011541984937
29.172,0.0023575188923874234,0.002156773169212054
29.174,0.0023553901053259287,0.002156745201068945
29.176,0.0023531852219966327,0.0021567172497590306
29.178,0.002350905424265737,0.002156689315272178
29.18,0.0023485519535872234,0.0021566613975982627
29.182,0.0023461260435221057,0.0021566334967271653
29.184,0.0023436288624164533,0.0021566056126487727
29.186,0.002341061474973464,0.0021565777453529775
29.188,0.002338424828763587,0.0021565498948296793
29.19,0.0023357197681634096,0.002156522061068783
29.192,0.002332947074305761,0.0021564942440601997
29.194,0.002330107525909112,0.002156466443793847
29.196,0.0023272019728484087,0.002156438660259648
29.198,0.002324231412439448,0.0021564108934475318
29.2,0.002321197057882612,0.0021563831433474346
29.202,0.002318100389210132,0.0021563554099492976
29.204,0.002314943179276854,0.0021563276932430684
29.206,0.002311727490531132,0.0021562999932187004
29.208,0.0023084556420737176,0.0021562723098661534
29.21,0.0023051301503546153,0.0021562446431753935
29.212,0.0023017536502530434,0.002156216993136392
29.214,0.0022983288057678583,0.0021561893597391267
29.216,0.002294858220767118,0.0021561617429735817
29.218,0.0022913443600336043,0.002156134142829747
29.22,0.002287789489234711,0.002156106559297618
29.222,0.002284195639695776,0.0021560789923671967
29.224,0.002280564600408465,0.0021560514420284915
29.226,0.002276897936123836,0.002156023908271516
29.228,0.002273197027250933,0.0021559963910862904
29.23,0.002269463125106357,0.00215596889046284
29.232,0.00226569741515088,0.0021559414063911974
29.234,0.002261901081259754,0.0021559139388614003
29.236,0.002258075365584546,0.0021558864878634927
29.238,0.0022542216207256044,0.0021558590533875244
29.24,0.0022503413531669405,0.002155831635423552
29.242,0.0022464362586537695,0.0021558042339616364
29.244,0.0022425082509897657,0.0021557768489918463
29.246,0.002238559485423968,0.002155749480504255
29.248,0.002234592376522502,0.002155722128488943
29.25,0.0022306096085991283,0.0021556947929359956
29.252,0.0022266141350190563,0.0021556674738355047
29.254,0.0022226091616412164,0.002155640171177568
29.256,0.002218598109841807,0.0021556128849522897
29.258,0.0022145845562165415,0.002155585615149779
29.26,0.0022105721490806403,0.0021555583617601515
29.262,0.002206564505813312,0.0021555311247735288
29.264,0.0022025650991909437,0.0021555039041800386
29.266,0.002198577144269016,0.0021554766999698142
29.268,0.0021946034993183022,0.002155449512132995
29.27,0.0021906465942497506,0.0021554223406597267
29.272,0.002186708397695119,0.00215539518554016
29.274,0.002182790429680547,0.002155368046764453
29.276,0.0021788938212466595,0.0021553409243227676
29.278,0.0021750194162985675,0.0021553138182052738
29.28,0.002171167905370558,0.002155286728402146
29.282,0.0021673399767374625,0.0021552596549035655
29.284,0.00216353646802833,0.0021552325976997187
29.286,0.0021597585014946014,0.0021552055567807984
29.288,0.002156007588275465,0.002155178532137003
29.29,0.002152285690984808,0.0021551515237585375
29.292,0.002148595239073473,0.002155124531635612
29.294,0.0021449390969439665,0.0021550975557584422
29.296,0.002141320489972177,0.0021550705961172513
29.298,0.0021377428978064457,0.0021550436527022665
29.3,0.0021342099271464995,0.0021550167255037223
29.302,0.0021307251774589355,0.002154989814511858
29.304,0.0021272921127862866,0.00215496291971692
29.306,0.0021239139511586872,0.0021549360411091596
29.308,0.0021205935804545625,0.002154909178678834
29.31,0.0021173335062775606,0.002154882332416206
29.312,0.0021141358339311672,0.0021548555023115454
29.314,0.0021110022832497638,0.0021548286883551274
29.316,0.002107934232184957,0.002154801890537232
29.318,0.002104932782855601,0.002154775108848147
29.32,0.0021019988423602665,0.002154748343278164
29.322,0.0020991332100389537,0.0021547215938175815
29.324,0.0020963366630033947,0.0021546948604567046
29.326,0.0020936100325230447,0.0021546681431858423
29.328,0.002090954265124844,0.002154641441995311
29.33,0.0020883704638994505,0.0021546147568754326
29.332,0.002085859907376757,0.0021545880878165342
29.334,0.0020834240453247907,0.00215456143480895
29.336,0.0020810644728301102,0.0021545347978430183
29.338,0.0020787828859236274,0.0021545081769090845
29.34,0.0020765810236931348,0.002154481571997499
29.342,0.0020744606031193524,0.002154454983098619
29.344,0.0020724232536217,0.0021544284102028065
29.346,0.0020704704583456948,0.00215440185330043
29.348,0.002068603508463536,0.0021543753123818635
29.35,0.002066823475179489,0.0021543487874374867
29.352,0.002065131201849548,0.002154322278457685
29.354,0.0020635273158992333,0.0021542957854328504
29.356,0.002062012257434933,0.0021542693083533796
29.358,0.0020605863190464543,0.002154242847209676
29.36,0.002059249689731311,0.0021542164019921475
29.362,0.002058002495470608,0.0021541899726912096
29.364,0.002056844829894365,0.002154163559297282
29.366,0.002055776770588724,0.0021541371618007906
29.368,0.0020547983795621456,0.0021541107801921677
29.37,0.0020539096896482123,0.002154084414461851
29.372,0.002053110681528802,0.002154058064600283
29.374,0.002052401257999115,0.002154031730597913
29.376,0.0020517812226320906,0.0021540054124451966
29.378,0.002051250268981783,0.0021539791101325935
29.38,0.002050807984076033,0.0021539528236505703
29.382,0.0020504538666788396,0.002153926552989599
29.384,0.002050187357353562,0.002153900298140158
29.386,0.0020500078744885753,0.0021538740590927295
29.388,0.002049914848804541,0.002153847835837804
29.39,0.0020499077488279486,0.0021538216283658756
29.392,0.0020499860914129538,0.0021537954366674457
29.394,0.0020501494342754964,0.00215376926073302
29.396,0.0020503973510306223,0.002153743100553111
29.398,0.002050729392609518,0.0021537169561182366
29.4,0.0020511450414315876,0.0021536908274189205
29.402,0.0020516436657907725,0.0021536647144456914
29.404,0.002052224481395654,0.0021536386171890844
29.406,0.002052886525077817,0.0021536125356396403
29.408,0.0020536286428766573,0.0021535864697879055
29.41,0.002054449491738749,0.0021535604196244317
29.412,0.002055347551661098,0.0021535343851397768
29.414,0.0020563211438071414,0.002153508366324504
29.416,0.0020573684501632686,0.0021534823631691826
29.418,0.0020584875315437226,0.0021534563756643874
29.42,0.0020596763427297884,0.0021534304038006986
29.422,0.002060932745589814,0.0021534044475687024
29.424,0.0020622545225066325,0.0021533785069589905
29.426,0.002063639392855529,0.00215335258196216
29.428,0.0020650850344671526,0.0021533266725688146
29.43,0.002066589110185167,0.0021533007787695626
29.432,0.0020681492973222016,0.0021532749005550183
29.434,0.0020697633157406256,0.002153249037915802
29.436,0.0020714289491333762,0.0021532231908425394
29.438,0.002073144054329934,0.0021531973593258615
29.44,0.0020749065552155715,0.0021531715433564056
29.442,0.002076714420820068,0.002153145742924814
29.444,0.002078565630634423,0.002153119958021735
29.446,0.002080458133379152,0.0021530941886378227
29.448,0.0020823898074206998,0.0021530684347637365
29.45,0.0020843584312030773,0.0021530426963901413
29.452,0.00208636167023746,0.002153016973507708
29.454,0.0020883970836735066,0.0021529912661071124
29.456,0.002090462149002978,0.0021529655741790374
29.458,0.002092554299044313,0.00215293989771417
29.46,0.0020946709620873936,0.002152914236703203
29.462,0.0020968095947922227,0.002152888591136836
29.464,0.0020989676985491415,0.0021528629610057725
29.466,0.002101142813392005,0.002152837346300723
29.468,0.0021033324885434733,0.0021528117470124026
29.47,0.002105534234195604,0.002152786163131533
29.472,0.002107745463959745,0.0021527605946488402
29.474,0.00210996344043974,0.0021527350415550574
29.476,0.0021121852368430243,0.0021527095038409217
29.478,0.0021144077252433836,0.002152683981497177
29.48,0.0021166275974442133,0.0021526584745145717
29.482,0.0021188414182788853,0.0021526329828838613
29.484,0.0021210457048697613,0.0021526075065958056
29.486,0.002123237020148936,0.00215258204564117
29.488,0.0021254120659012746,0.0021525566000107263
29.49,0.0021275677603503048,0.002152531169695251
29.492,0.002129701287912736,0.002152505754685526
29.494,0.0021318101136572907,0.00215248035497234
29.496,0.002133891961208234,0.0021524549705464863
29.498,0.002135944759085587,0.0021524296013987637
29.5,0.0021379665655416906,0.002152404247519977
29.502,0.0021399554848906144,0.0021523789089009358
29.504,0.0021419095886577337,0.002152353585532456
29.506,0.0021438268526808185,0.002152328277405359
29.508,0.0021457051171758627,0.002152302984510471
29.51,0.0021475420717169927,0.0021522777068386243
29.512,0.0021493352621988356,0.0021522524443806567
29.514,0.0021510821131811393,0.0021522271971274117
29.516,0.002152779957267828,0.0021522019650697375
29.518,0.0021544260635900175,0.002152176748198489
29.52,0.0021560176597842265,0.002152151546504525
29.522,0.0021575519453936594,0.0021521263599787116
29.524,0.0021590260984225354,0.002152101188611919
29.526,0.002160437279856497,0.002152076032395024
29.528,0.002161782642533903,0.0021520508913189075
29.53,0.0021630593503996483,0.0021520257653744575
29.532,0.0021642646119476544,0.0021520006545525665
29.534,0.0021653957280745604,0.0021519755588441324
29.536,0.00216645015047187,0.0021519504782400592
29.538,0.00216742554306893,0.002151925412731256
29.54,0.0021683198368064893,0.0021519003623086375
29.542,0.002169131267773053,0.0021518753269631234
29.544,0.0021698583906387243,0.0021518503066856394
29.546,0.002170500063051583,0.0021518253014671165
29.548,0.00217105540148439,0.002151800311298491
29.55,0.0021715237139442773,0.002151775336170705
29.552,0.002171904418960687,0.0021517503760747057
29.554,0.0021721969625199066,0.002151725431001446
29.556,0.002172400744664998,0.0021517005009418846
29.558,0.0021725150653545164,0.002151675585886985
29.56,0.0021725390953597963,0.0021516506858277155
29.562,0.0021724718733168785,0.0021516258007550516
29.564,0.00217231232553021,0.002151600930659973
29.566,0.0021720593016747716,0.0021515760755334654
29.568,0.0021717116178139886,0.0021515512353665195
29.57,0.0021712680983808907,0.0021515264101501313
29.572,0.0021707276107489674,0.0021515015998753028
29.574,0.0021700890891474074,0.0021514768045330407
29.576,0.0021693515481216404,0.002151452024114358
29.578,0.002168514088641552,0.0021514272586102725
29.58,0.002167575901627813,0.0021514025080118077
29.582,0.002166536273746488,0.0021513777723099923
29.584,0.00216539459886573,0.0021513530514958605
29.586,0.002164150396014588,0.0021513283455604514
29.588,0.0021628033317430254,0.0021513036544948106
29.59,0.002161353242257269,0.002151278978289988
29.592,0.002159800149299504,0.002151254316937039
29.594,0.002158144263885122,0.0021512296704270253
29.596,0.0021563859737582336,0.002151205038751013
29.598,0.0021545258134416613,0.0021511804219000743
29.6,0.002152564419387882,0.0021511558198652864
29.602,0.0021505024761689947,0.0021511312326377317
29.604,0.002148340662081545,0.0021511066602084984
29.606,0.0021460796033956485,0.0021510821025686796
29.608,0.0021437198454961827,0.002151057559709374
29.61,0.0021412618464895896,0.0021510330316216854
29.612,0.0021387059949957436,0.0021510085182967235
29.614,0.002136052649575271,0.0021509840197256034
29.616,0.002133302193417331,0.0021509595358994446
29.618,0.0021304550952927106,0.002150935066809373
29.62,0.0021275119668723187,0.0021509106124465186
29.622,0.0021244736074724404,0.0021508861728020186
29.624,0.0021213410298823745,0.002150861747867014
29.626,0.0021181154646000636,0.0021508373376326515
29.628,0.002114798343785482,0.0021508129420900832
29.63,0.002111391269743554,0.002150788561230467
29.632,0.002107895975097879,0.002150764195044965
29.634,0.00210431428260751,0.0021507398435247453
29.636,0.002100648071741348,0.002150715506660982
29.638,0.0020968992569211633,0.002150691184444853
29.64,0.0020930697793062965,0.0021506668768675433
29.642,0.0020891616107917518,0.0021506425839202415
29.644,0.002085176766195245,0.0021506183055941424
29.646,0.0020811173179459885,0.0021505940418804458
29.648,0.0020769854072453897,0.002150569792770357
29.65,0.0020727832466503025,0.0021505455582550865
29.652,0.0020685131110678464,0.0021505213383258503
29.654,0.002064177316787078,0.0021504971329738692
29.656,0.0020597781908535183,0.00215047294219037
29.658,0.0020553180352916338,0.002150448765966584
29.66,0.0020507990919926243,0.0021504246042937485
29.662,0.002046223514299938,0.0021504004571631053
29.664,0.0020415933504454365,0.002150376324565902
29.666,0.0020369105422128222,0.0021503522064933917
29.668,0.0020321769398729504,0.002150328102936832
29.67,0.0020273943319553,0.0021503040138874867
29.672,0.0020225644861940257,0.0021502799393366234
29.674,0.002017689196347381,0.0021502558792755168
29.676,0.002012770328755037,0.0021502318336954454
29.678,0.0020078098625543363,0.0021502078025876937
29.68,0.0020028099183826953,0.0021501837859435515
29.682,0.0019977727719938934,0.002150159783754313
29.684,0.001992700851277459,0.002150135796011279
29.686,0.001987596717409073,0.0021501118227057543
29.688,0.001982463032975631,0.0021500878638290493
29.69,0.001977302521631251,0.00215006391937248
29.692,0.001972117924913211,0.002150039989327367
29.694,0.0019669119621215036,0.0021500160736850366
29.696,0.0019616872985832308,0.0021499921724368203
29.698,0.0019564465262409073,0.002149968285574055
29.7,0.0019511921584994642,0.0021499444130880815
29.702,0.0019459266389257929,0.0021499205549702478
29.704,0.0019406523610761741,0.002149896711211906
29.706,0.0019353716948129363,0.002149872881804413
29.708,0.001930087013306608,0.002149849066739132
29.71,0.001924800714743317,0.002149825266007431
29.712,0.0019195152336535684,0.0021498014796006827
29.714,0.0019142330386473347,0.0021497777075102655
29.716,0.0019089566158989278,0.0021497539497275626
29.718,0.0019036884405463643,0.0021497302062439628
29.72,0.0018984309407557769,0.0021497064770508597
29.722,0.0018931864610632493,0.002149682762139652
29.724,0.0018879572323650966,0.0021496590615017446
29.726,0.0018827453553808843,0.0021496353751285463
29.728,0.0018775528025856915,0.002149611703011472
29.73,0.0018723814407519193,0.002149588045141941
29.732,0.001867233072799462,0.0021495644015113785
29.734,0.0018621094941867304,0.002149540772111214
29.736,0.0018570125561670383,0.002149517156932883
29.738,0.0018519442263888431,0.0021494935559678257
29.74,0.001846906636879841,0.0021494699692074875
29.742,0.0018419021105463118,0.002149446396643319
29.744,0.0018369331598299182,0.002149422838266776
29.746,0.0018320024547613621,0.0021493992940693194
29.748,0.001827112761839099,0.0021493757640424155
29.75,0.0018222668593547435,0.002149352248177535
29.752,0.0018174674383940525,0.0021493287464661543
29.754,0.0018127170012486962,0.002149305258899755
29.756,0.001808017770009352,0.0021492817854698236
29.758,0.0018033716174960077,0.0021492583261678517
29.76,0.0017987800304462016,0.002149234880985336
29.762,0.0017942441112682515,0.002149211449913779
29.764,0.0017897646200899747,0.0021491880329446867
29.766,0.001785342053849084,0.0021491646300695723
29.768,0.001780976754400011,0.0021491412412799524
29.77,0.0017766690336777815,0.00214911786656735
29.772,0.0017724193014052438,0.002149094505923292
29.774,0.0017682281800528287,0.0021490711593393106
29.776,0.0017640965929407565,0.0021490478268069444
29.778,0.001760025814445782,0.0021490245083177354
29.78,0.001756017475905625,0.0021490012038632316
29.782,0.0017520735264362148,0.0021489779134349863
29.784,0.0017481961537434776,0.0021489546370245575
29.786,0.0017443876753007205,0.0021489313746235078
29.788,0.0017406504141873407,0.0021489081262234056
29.79,0.0017369865758266553,0.002148884891815824
29.792,0.0017333981414726475,0.002148861671392342
29.794,0.001729886791583505,0.002148838464944542
29.796,0.0017264538675585733,0.0021488152724640133
29.798,0.0017231003744111076,0.0021487920939423488
29.8,0.001719827020736733,0.0021487689293711474
29.802,0.001716634286828069,0.002148745778742013
29.804,0.0017135225078964303,0.0021487226420465536
29.806,0.0017104919577462512,0.002148699519276383
29.808,0.0017075429191731589,0.002148676410423121
29.81,0.0017046757306406952,0.0021486533154783903
29.812,0.0017018908038262319,0.0021486302344338203
29.814,0.0016991886124832407,0.0021486071672810448
29.816,0.001696569658660109,0.0021485841140117027
29.818,0.0016940344266084047,0.002148561074617438
29.82,0.0016915833369120646,0.0021485380490898994
29.822,0.0016892167130773215,0.0021485150374207416
29.824,0.001686934770117061,0.002148492039601623
29.826,0.0016847376300765337,0.002148469055624208
29.828,0.0016826253638677429,0.0021484460854801655
29.83,0.001680598053274615,0.00214842312916117
29.832,0.0016786558626015423,0.0021484001866589
29.834,0.001676799106982219,0.0021483772579650403
29.836,0.0016750283042859348,0.0021483543430712796
29.838,0.001673344199849821,0.002148331441969312
29.84,0.0016717477574889157,0.0021483085546508372
29.842,0.001670240115614863,0.0021482856811075586
29.844,0.0016688225128746166,0.0021482628213311855
29.846,0.0016674961925469802,0.002148239975313432
29.848,0.0016662622982289645,0.0021482171430460177
29.85,0.0016651217746251365,0.0021481943245206664
29.852,0.0016640752864065282,0.002148171519729107
29.854,0.001663123165373864,0.0021481487286630734
29.856,0.0016622653920692555,0.002148125951314305
29.858,0.0016615016132341695,0.0021481031876745453
29.86,0.0016608311918489295,0.0021480804377355437
29.862,0.0016602532825707773,0.002148057701489054
29.864,0.0016597669226939647,0.002148034978926835
29.866,0.0016593711275367973,0.002148012270040651
29.868,0.001659064979429057,0.00214798957482227
29.87,0.0016588477010299584,0.002147966893263466
29.872,0.0016587187062061712,0.0021479442253560183
29.874,0.0016586776247179886,0.0021479215710917096
29.876,0.0016587243000703458,0.0021478989304623292
29.878,0.0016588587627135703,0.0021478763034596705
29.88,0.0016590811830513074,0.0021478536900755322
29.882,0.0016593918102720772,0.0021478310903017173
29.884,0.0016597909038234687,0.0021478085041300343
29.886,0.0016602786644451118,0.0021477859315522964
29.888,0.00166085517118594,0.002147763372560322
29.89,0.0016615203298993816,0.002147740827145934
29.892,0.0016622738374852803,0.002147718295300961
29.894,0.00166311516475231,0.002147695777017235
29.896,0.001664043559300795,0.002147673272286595
29.898,0.001665058068330138,0.002147650781100883
29.9,0.0016661575797966548,0.0021476283034519467
29.902,0.0016673408789234347,0.0021476058393316393
29.904,0.0016686067157478804,0.002147583388731818
29.906,0.0016699538782672027,0.0021475609516443447
29.908,0.00167138126491922,0.0021475385280610875
29.91,0.001672887949742231,0.0021475161179739183
29.912,0.0016744732337158207,0.0021474937213747146
29.914,0.0016761366765763522,0.002147471338255358
29.916,0.0016778781048464382,0.0021474489686077354
29.918,0.0016796975938469971,0.0021474266124237385
29.92,0.001681595423913953,0.002147404269695264
29.922,0.0016835720136781573,0.0021473819404142134
29.924,0.001685627835791522,0.0021473596245724933
29.926,0.001687763322587162,0.002147337322162015
29.928,0.001689978770566846,0.0021473150331746942
29.93,0.0016922742531055796,0.0021472927576024524
29.932,0.0016946495502408506,0.002147270495437215
29.934,0.001697104102879667,0.002147248246670913
29.936,0.0016996369963365194,0.002147226011295482
29.938,0.0017022469750446099,0.002147203789302862
29.94,0.0017049324868852994,0.002147181580684999
29.942,0.001707691752238822,0.0021471593854338424
29.944,0.0017105228499767005,0.0021471372035413478
29.946,0.0017134238105793965,0.002147115034999475
29.948,0.0017163927056849048,0.002147092879800188
29.95,0.0017194277238555765,0.002147070737935457
29.952,0.001722527224221867,0.002147048609397256
29.954,0.001725689762758575,0.002147026494177564
29.956,0.0017289140898986853,0.0021470043922683655
29.958,0.0017321991224395722,0.0021469823036616487
29.96,0.0017355438965778534,0.002146960228349408
29.962,0.0017389475117444108,0.0021469381663236408
29.964,0.0017424090761338734,0.002146916117576351
29.966,0.0017459276641106063,0.002146894082099547
29.968,0.0017495022930372201,0.0021468720598852415
29.97,0.0017531319229052871,0.002146850050925452
29.972,0.0017568154771840185,0.0021468280552122006
29.974,0.0017605518785009085,0.002146806072737515
29.976,0.001764340089134102,0.0021467841034934275
29.978,0.001768179144667509,0.0021467621474719747
29.98,0.0017720681700079725,0.0021467402046651987
29.982,0.0017760063702630304,0.0021467182750651453
29.984,0.0017799929941638406,0.0021466963586638664
29.986,0.0017840272737806382,0.002146674455453418
29.988,0.0017881083499478485,0.0021466525654258604
29.99,0.0017922351968369923,0.0021466306885732597
29.992,0.0017964065605222455,0.002146608824887686
29.994,0.0018006209247359867,0.0021465869743612143
29.996,0.0018048765125190484,0.0021465651369859252
29.998,0.0018091713259723128,0.002146543312753903
30.0,0.0018135032191200873,0.002146521501657237
