#esp: single-particle energies (eigen energies)
#occ: occupation numbers, io: orbital index
# 1:io, 2:esp[eV], 3:occ
k=     1,  spin=     1
     1  -0.4686291755463400E+001   0.2000000000000000E+001
     2  -0.6911634024462215E+001   0.2000000000000000E+001
     3  -0.5210187265585143E+001   0.2000000000000000E+001
     4  -0.5866303029838314E+001   0.2000000000000000E+001
     5  -0.5700460107433808E+001   0.2000000000000000E+001
     6  -0.5007454674570048E+001   0.2000000000000000E+001
     7  -0.5220450231908196E+001   0.2000000000000000E+001
     8  -0.5039668909225192E+001   0.2000000000000000E+001
     9  -0.5232473317420967E+001   0.2000000000000000E+001
    10  -0.5718614364424184E+001   0.2000000000000000E+001
    11  -0.6647145718259294E+001   0.2000000000000000E+001
    12  -0.6398735320227565E+001   0.2000000000000000E+001
    13  -0.6506562102570744E+001   0.2000000000000000E+001
    14  -0.4514437547734067E+001   0.2000000000000000E+001
    15  -0.6356644850066139E+001   0.2000000000000000E+001
    16  -0.6209583916125203E+001   0.2000000000000000E+001
    17  -0.4913745071918760E+001   0.2000000000000000E+001
    18  -0.6740323498160150E+001   0.2000000000000000E+001
    19  -0.6322265459364745E+001   0.2000000000000000E+001
    20  -0.6135925360981596E+001   0.2000000000000000E+001
    21  -0.6664199887461485E+001   0.2000000000000000E+001
    22  -0.5780027108595759E+001   0.2000000000000000E+001
    23  -0.6865721281849932E+001   0.2000000000000000E+001
    24  -0.6263023325247311E+001   0.2000000000000000E+001
    25  -0.6994018983172385E+001   0.2000000000000000E+001
    26  -0.6353545533362100E+001   0.2000000000000000E+001
    27  -0.5857826606866660E+001   0.2000000000000000E+001
    28  -0.5101033140700550E+001   0.2000000000000000E+001
    29  -0.4667177183701259E+001   0.2000000000000000E+001
    30  -0.6568368269133848E+001   0.2000000000000000E+001
    31  -0.4615790859411915E+001   0.2000000000000000E+001
    32  -0.5513367761732878E+001   0.2000000000000000E+001
    33  -0.4871873152947995E+001   0.2000000000000000E+001
    34  -0.5458961936758260E+001   0.2000000000000000E+001
    35  -0.5192745232442308E+001   0.2000000000000000E+001
    36  -0.4223691127662097E+001   0.2000000000000000E+001
    37  -0.3883164877087155E+001   0.2000000000000000E+001
    38  -0.4124055114570246E+001   0.2000000000000000E+001
    39  -0.4061363166076705E+001   0.2000000000000000E+001
    40  -0.3333032865434726E+001   0.2000000000000000E+001
    41  -0.3475503914872510E+001   0.2000000000000000E+001
    42  -0.3930262004577838E+001   0.2000000000000000E+001
    43  -0.3900495763770071E+001   0.2000000000000000E+001
    44  -0.4051077745115984E+001   0.2000000000000000E+001
    45  -0.3794132618651057E+001   0.2000000000000000E+001
    46  -0.3360540756086258E+001   0.2000000000000000E+001
    47  -0.4474830124637389E+001   0.2000000000000000E+001
    48  -0.3900114105035327E+001   0.2000000000000000E+001
    49  -0.4699583146157058E+001   0.2000000000000000E+001
    50  -0.3868948247661800E+001   0.2000000000000000E+001
    51  -0.3967640814431296E+001   0.2000000000000000E+001
    52  -0.2896211740847511E+001   0.2000000000000000E+001
    53  -0.3582579557183147E+001   0.2000000000000000E+001
    54  -0.4263343230126559E+001   0.2000000000000000E+001
    55  -0.3302645058400275E+001   0.2000000000000000E+001
    56  -0.2779368898518772E+001   0.2000000000000000E+001
    57  -0.2823501102279052E+001   0.2000000000000000E+001
    58  -0.3728300097700431E+001   0.2000000000000000E+001
    59  -0.3627652574627315E+001   0.2000000000000000E+001
    60  -0.3006289760818501E+001   0.2000000000000000E+001
    61  -0.1327324559017974E+001   0.2000000000000000E+001
    62  -0.2287011914242785E+001   0.2000000000000000E+001
    63  -0.2019730242146045E+001   0.2000000000000000E+001
    64   0.3309528979432528E+001   0.2000000000000000E+001
    65   0.2430932597955147E+001   0.2000000000000000E+001
    66   0.2631802483011923E+001   0.2000000000000000E+001
    67   0.2182492522823647E+001   0.2000000000000000E+001
    68   0.2394438800845287E+001   0.2000000000000000E+001
    69   0.2523989137951783E+001   0.2000000000000000E+001
    70   0.1667589541058554E+001   0.2000000000000000E+001
    71   0.2407031788855573E+001   0.2000000000000000E+001
    72   0.2503540301287146E+001   0.2000000000000000E+001
    73   0.1604776800089060E+001   0.2000000000000000E+001
    74   0.1517197264451855E+001   0.2000000000000000E+001
    75   0.2649919903621518E+001   0.2000000000000000E+001
    76   0.2782490062058823E+001   0.2000000000000000E+001
    77   0.2771616001104338E+001   0.2000000000000000E+001
    78   0.3108115323259787E+001   0.2000000000000000E+001
    79   0.2956455584099107E+001   0.2000000000000000E+001
    80   0.3035433791397090E+001   0.2000000000000000E+001
    81   0.2816360474295696E+001   0.2000000000000000E+001
    82   0.2339459248909223E+001   0.2000000000000000E+001
    83   0.2659023500521129E+001   0.2000000000000000E+001
    84   0.3016426404888760E+001   0.2000000000000000E+001
    85   0.2548204239744768E+001   0.2000000000000000E+001
    86   0.2604681745946563E+001   0.2000000000000000E+001
    87   0.3407607990529343E+001   0.2000000000000000E+001
    88   0.2711387298888245E+001   0.2000000000000000E+001
    89   0.2849516258090020E+001   0.2000000000000000E+001
    90   0.2591424811365364E+001   0.2000000000000000E+001
    91   0.2445244526141768E+001   0.2000000000000000E+001
    92   0.2334239341848170E+001   0.2000000000000000E+001
    93   0.2595487287358011E+001   0.2000000000000000E+001
    94   0.2569488081330581E+001   0.2000000000000000E+001
    95   0.2372962193521727E+001   0.2000000000000000E+001
    96   0.2896050836789850E+001   0.2000000000000000E+001
    97   0.3204817951423597E+001   0.2000000000000000E+001
    98   0.2956192226222095E+001   0.2000000000000000E+001
    99   0.3163683357435016E+001   0.2000000000000000E+001
   100   0.4041327164071953E+001   0.2000000000000000E+001
   101   0.3614529520358103E+001   0.2000000000000000E+001
   102   0.3079877573601231E+001   0.2000000000000000E+001
   103   0.3401585683733550E+001   0.2000000000000000E+001
   104   0.2589117798389943E+001   0.2000000000000000E+001
   105   0.2955318854853760E+001   0.2000000000000000E+001
   106   0.3212900195195056E+001   0.2000000000000000E+001
   107   0.4365375287000735E+001   0.2000000000000000E+001
   108   0.3580141521063867E+001   0.2000000000000000E+001
   109   0.3561299872920901E+001   0.2000000000000000E+001
   110   0.3009164894198735E+001   0.2000000000000000E+001
   111   0.3410093726006413E+001   0.2000000000000000E+001
   112   0.3511664958163838E+001   0.2000000000000000E+001
   113   0.3168318505966990E+001   0.2000000000000000E+001
   114   0.3105119963670836E+001   0.2000000000000000E+001
   115   0.3163447165330735E+001   0.2000000000000000E+001
   116   0.3871895104935601E+001   0.2000000000000000E+001
   117   0.3812680055217951E+001   0.2000000000000000E+001
   118   0.4145066182044125E+001   0.2000000000000000E+001
   119   0.3886563594782267E+001   0.2000000000000000E+001
   120   0.3491338681409749E+001   0.2000000000000000E+001
   121   0.4009391236240605E+001   0.2000000000000000E+001
   122   0.3335536597963835E+001   0.2000000000000000E+001
   123   0.3588524669251731E+001   0.2000000000000000E+001
   124   0.4024676438593235E+001   0.2000000000000000E+001
   125   0.3423934151956241E+001   0.2000000000000000E+001
   126   0.4012327294014589E+001   0.2000000000000000E+001
   127   0.3735877551298711E+001   0.2000000000000000E+001
   128   0.4224146756682297E+001   0.2000000000000000E+001
   129   0.4408549428212947E+001   0.0000000000000000E+000
   130   0.3955053547397451E+001   0.0000000000000000E+000
   131   0.3882165071425560E+001   0.0000000000000000E+000
   132   0.4579337086190750E+001   0.0000000000000000E+000
   133   0.4638292095061711E+001   0.0000000000000000E+000
   134   0.3853362771811093E+001   0.0000000000000000E+000
   135   0.4085023412270445E+001   0.0000000000000000E+000
   136   0.3865958632806845E+001   0.0000000000000000E+000
   137   0.4064003819646883E+001   0.0000000000000000E+000
   138   0.4007363262685522E+001   0.0000000000000000E+000
   139   0.4731509361384670E+001   0.0000000000000000E+000
   140   0.4128058505950419E+001   0.0000000000000000E+000
   141   0.4528472810868640E+001   0.0000000000000000E+000
   142   0.4328863711199425E+001   0.0000000000000000E+000
   143   0.4209255116582494E+001   0.0000000000000000E+000
   144   0.4681522559228849E+001   0.0000000000000000E+000
   145   0.4844255905709066E+001   0.0000000000000000E+000
   146   0.4890078532345310E+001   0.0000000000000000E+000
   147   0.4247098436046842E+001   0.0000000000000000E+000
   148   0.5043004778788395E+001   0.0000000000000000E+000
   149   0.4515956438380623E+001   0.0000000000000000E+000
   150   0.4411406420536102E+001   0.0000000000000000E+000
   151   0.4963260784229377E+001   0.0000000000000000E+000
   152   0.4689718700113671E+001   0.0000000000000000E+000
   153   0.4813116151771547E+001   0.0000000000000000E+000
   154   0.4241829860990052E+001   0.0000000000000000E+000
   155   0.4495148435264078E+001   0.0000000000000000E+000
   156   0.4672080780398835E+001   0.0000000000000000E+000
   157   0.4784307445985712E+001   0.0000000000000000E+000
   158   0.4119240903839691E+001   0.0000000000000000E+000
   159   0.4157545768696923E+001   0.0000000000000000E+000
   160   0.4524891851811297E+001   0.0000000000000000E+000
   161   0.4922291966006300E+001   0.0000000000000000E+000
   162   0.4492506676190107E+001   0.0000000000000000E+000
   163   0.4104682529485325E+001   0.0000000000000000E+000
   164   0.4485747178424837E+001   0.0000000000000000E+000
   165   0.4929247856707009E+001   0.0000000000000000E+000
   166   0.4648350728840214E+001   0.0000000000000000E+000
   167   0.4455012799956353E+001   0.0000000000000000E+000
   168   0.4900649733462158E+001   0.0000000000000000E+000
   169   0.4477463385007197E+001   0.0000000000000000E+000
   170   0.4924747434683581E+001   0.0000000000000000E+000
   171   0.4572462718634779E+001   0.0000000000000000E+000
   172   0.4497819727719057E+001   0.0000000000000000E+000
   173   0.4679949460503693E+001   0.0000000000000000E+000
   174   0.3923831700080624E+001   0.0000000000000000E+000
   175   0.4616411926059831E+001   0.0000000000000000E+000
   176   0.4556605372922726E+001   0.0000000000000000E+000
   177   0.4735207956276025E+001   0.0000000000000000E+000
   178   0.5326533891178306E+001   0.0000000000000000E+000
   179   0.5120596132776877E+001   0.0000000000000000E+000
   180   0.4609703801265971E+001   0.0000000000000000E+000
   181   0.5711936692335547E+001   0.0000000000000000E+000
   182   0.5006357812406630E+001   0.0000000000000000E+000
   183   0.5397601405040070E+001   0.0000000000000000E+000
   184   0.5858165810560431E+001   0.0000000000000000E+000
   185   0.5511064634952612E+001   0.0000000000000000E+000
   186   0.5720016973145148E+001   0.0000000000000000E+000
   187   0.6110288010595872E+001   0.0000000000000000E+000
   188   0.6337838811198560E+001   0.0000000000000000E+000
   189   0.6943420800734427E+001   0.0000000000000000E+000
   190   0.7657289061150843E+001   0.0000000000000000E+000
   191   0.8243373301916636E+001   0.0000000000000000E+000
   192   0.7967098178151981E+001   0.0000000000000000E+000
   193   0.7896398091718109E+001   0.0000000000000000E+000
   194   0.8537824287373775E+001   0.0000000000000000E+000
   195   0.8161278864623789E+001   0.0000000000000000E+000
   196   0.8067286783608184E+001   0.0000000000000000E+000
   197   0.8586326676960137E+001   0.0000000000000000E+000
   198   0.8222076520581423E+001   0.0000000000000000E+000
   199   0.8489933962833666E+001   0.0000000000000000E+000
   200   0.8207364036930686E+001   0.0000000000000000E+000
   201   0.8756560071192384E+001   0.0000000000000000E+000
   202   0.8179226313867369E+001   0.0000000000000000E+000
   203   0.8333424485050465E+001   0.0000000000000000E+000
   204   0.8213219892748670E+001   0.0000000000000000E+000
   205   0.8750589810780200E+001   0.0000000000000000E+000
   206   0.8803317603410155E+001   0.0000000000000000E+000
   207   0.8604418874317101E+001   0.0000000000000000E+000
   208   0.8560403972532256E+001   0.0000000000000000E+000
   209   0.8769499906181643E+001   0.0000000000000000E+000
   210   0.8163317615903335E+001   0.0000000000000000E+000
   211   0.8510978211135129E+001   0.0000000000000000E+000
   212   0.8292995235279928E+001   0.0000000000000000E+000
   213   0.8667738178854968E+001   0.0000000000000000E+000
   214   0.8422746403015504E+001   0.0000000000000000E+000
   215   0.8089936250482518E+001   0.0000000000000000E+000
   216   0.8546457283196672E+001   0.0000000000000000E+000
   217   0.8481630199613887E+001   0.0000000000000000E+000
   218   0.8454345930339645E+001   0.0000000000000000E+000
   219   0.8471096714775008E+001   0.0000000000000000E+000
   220   0.8188148770651896E+001   0.0000000000000000E+000
   221   0.8384792779786507E+001   0.0000000000000000E+000
   222   0.8685771954105570E+001   0.0000000000000000E+000
   223   0.8219703571043421E+001   0.0000000000000000E+000
   224   0.8647712053057450E+001   0.0000000000000000E+000
   225   0.8172738103533289E+001   0.0000000000000000E+000
   226   0.8721969294307867E+001   0.0000000000000000E+000
   227   0.7865680333914195E+001   0.0000000000000000E+000
   228   0.8223009110233203E+001   0.0000000000000000E+000
   229   0.8794250642682163E+001   0.0000000000000000E+000
   230   0.8611031733978278E+001   0.0000000000000000E+000
   231   0.8766996445157842E+001   0.0000000000000000E+000
   232   0.8214362692692463E+001   0.0000000000000000E+000
   233   0.8583953913558018E+001   0.0000000000000000E+000
   234   0.8367695084799065E+001   0.0000000000000000E+000
   235   0.8542350827079666E+001   0.0000000000000000E+000
   236   0.8563778771248137E+001   0.0000000000000000E+000
   237   0.8336800857821679E+001   0.0000000000000000E+000
   238   0.8503666050367443E+001   0.0000000000000000E+000
   239   0.8873749660538822E+001   0.0000000000000000E+000
   240   0.9083894773552595E+001   0.0000000000000000E+000
   241   0.8990189680727010E+001   0.0000000000000000E+000
   242   0.9161020294109802E+001   0.0000000000000000E+000
   243   0.9021158744110174E+001   0.0000000000000000E+000
   244   0.9089399667130435E+001   0.0000000000000000E+000
   245   0.9191542701164265E+001   0.0000000000000000E+000
   246   0.9501183730207973E+001   0.0000000000000000E+000
   247   0.9127502505582608E+001   0.0000000000000000E+000
   248   0.9358918727174748E+001   0.0000000000000000E+000
   249   0.9216672309844538E+001   0.0000000000000000E+000
   250   0.9103077938652998E+001   0.0000000000000000E+000
   251   0.9545131033697333E+001   0.0000000000000000E+000
   252   0.9604870317618429E+001   0.0000000000000000E+000
   253   0.9365333766972315E+001   0.0000000000000000E+000
   254   0.9459581627213430E+001   0.0000000000000000E+000
   255   0.9548186888425494E+001   0.0000000000000000E+000
   256   0.1037556560018539E+002   0.0000000000000000E+000
k=     2,  spin=     1
     1  -0.4754957886684229E+001   0.2000000000000000E+001
     2  -0.6836548282786008E+001   0.2000000000000000E+001
     3  -0.5200878959314822E+001   0.2000000000000000E+001
     4  -0.5816170273124795E+001   0.2000000000000000E+001
     5  -0.5410815076979693E+001   0.2000000000000000E+001
     6  -0.5269604448275882E+001   0.2000000000000000E+001
     7  -0.5186364735730417E+001   0.2000000000000000E+001
     8  -0.5202613471255193E+001   0.2000000000000000E+001
     9  -0.4695988195754473E+001   0.2000000000000000E+001
    10  -0.6095026498200284E+001   0.2000000000000000E+001
    11  -0.5898716240068106E+001   0.2000000000000000E+001
    12  -0.6028096376908674E+001   0.2000000000000000E+001
    13  -0.6514314241341094E+001   0.2000000000000000E+001
    14  -0.4954775845691057E+001   0.2000000000000000E+001
    15  -0.5540947932988073E+001   0.2000000000000000E+001
    16  -0.6399225265043972E+001   0.2000000000000000E+001
    17  -0.6280651972217480E+001   0.2000000000000000E+001
    18  -0.5756064518005103E+001   0.2000000000000000E+001
    19  -0.6370505629626796E+001   0.2000000000000000E+001
    20  -0.6657132574824413E+001   0.2000000000000000E+001
    21  -0.6320821910515074E+001   0.2000000000000000E+001
    22  -0.5193998235885735E+001   0.2000000000000000E+001
    23  -0.6799350983531190E+001   0.2000000000000000E+001
    24  -0.5907133142533092E+001   0.2000000000000000E+001
    25  -0.6181886575639369E+001   0.2000000000000000E+001
    26  -0.6860250464240066E+001   0.2000000000000000E+001
    27  -0.6560646921780195E+001   0.2000000000000000E+001
    28  -0.4215747434841721E+001   0.2000000000000000E+001
    29  -0.5029567083546919E+001   0.2000000000000000E+001
    30  -0.6843564442172460E+001   0.2000000000000000E+001
    31  -0.4502169922082373E+001   0.2000000000000000E+001
    32  -0.5430048354528004E+001   0.2000000000000000E+001
    33  -0.4896582373899450E+001   0.2000000000000000E+001
    34  -0.4270250352519602E+001   0.2000000000000000E+001
    35  -0.4528376201968127E+001   0.2000000000000000E+001
    36  -0.5371492615823199E+001   0.2000000000000000E+001
    37  -0.4188893572144393E+001   0.2000000000000000E+001
    38  -0.3785932037274230E+001   0.2000000000000000E+001
    39  -0.4217092875572794E+001   0.2000000000000000E+001
    40  -0.3403083576259013E+001   0.2000000000000000E+001
    41  -0.3831343606625708E+001   0.2000000000000000E+001
    42  -0.3781522970334502E+001   0.2000000000000000E+001
    43  -0.3916013524839718E+001   0.2000000000000000E+001
    44  -0.4378914712813970E+001   0.2000000000000000E+001
    45  -0.3319996706371553E+001   0.2000000000000000E+001
    46  -0.3274932095813143E+001   0.2000000000000000E+001
    47  -0.4681958780305725E+001   0.2000000000000000E+001
    48  -0.4232347013315906E+001   0.2000000000000000E+001
    49  -0.3831320513811667E+001   0.2000000000000000E+001
    50  -0.4122434805770617E+001   0.2000000000000000E+001
    51  -0.3992784810582422E+001   0.2000000000000000E+001
    52  -0.3537267778155771E+001   0.2000000000000000E+001
    53  -0.3842027066914668E+001   0.2000000000000000E+001
    54  -0.3575260047739955E+001   0.2000000000000000E+001
    55  -0.3464888527177274E+001   0.2000000000000000E+001
    56  -0.2149471846125128E+001   0.2000000000000000E+001
    57  -0.3179063382473689E+001   0.2000000000000000E+001
    58  -0.3650010998500353E+001   0.2000000000000000E+001
    59  -0.2726345985324261E+001   0.2000000000000000E+001
    60  -0.3268341892957050E+001   0.2000000000000000E+001
    61  -0.1453737881705737E+001   0.2000000000000000E+001
    62  -0.1971247947213256E+001   0.2000000000000000E+001
    63  -0.4327295416194879E+000   0.2000000000000000E+001
    64   0.2172329854035886E+001   0.2000000000000000E+001
    65   0.2371252573520096E+001   0.2000000000000000E+001
    66   0.2770345305611326E+001   0.2000000000000000E+001
    67   0.1799858015242227E+001   0.2000000000000000E+001
    68   0.2712609990253675E+001   0.2000000000000000E+001
    69   0.2384860933768643E+001   0.2000000000000000E+001
    70   0.2509291757140972E+001   0.2000000000000000E+001
    71   0.2244055798252798E+001   0.2000000000000000E+001
    72   0.2684285033125928E+001   0.2000000000000000E+001
    73   0.2693277326054096E+001   0.2000000000000000E+001
    74   0.2029700094043068E+001   0.2000000000000000E+001
    75   0.2083840398076726E+001   0.2000000000000000E+001
    76   0.5737648916394490E+000   0.2000000000000000E+001
    77   0.2886040268658962E+001   0.2000000000000000E+001
    78   0.2667108120639707E+001   0.2000000000000000E+001
    79   0.2726272470586688E+001   0.2000000000000000E+001
    80   0.2998027333852305E+001   0.2000000000000000E+001
    81   0.2788277034462693E+001   0.2000000000000000E+001
    82   0.2668200540973363E+001   0.2000000000000000E+001
    83   0.2885147441395910E+001   0.2000000000000000E+001
    84   0.3199256779208956E+001   0.2000000000000000E+001
    85   0.2613139924530048E+001   0.2000000000000000E+001
    86   0.2537389860307193E+001   0.2000000000000000E+001
    87   0.3070472290129792E+001   0.2000000000000000E+001
    88   0.2610522785864537E+001   0.2000000000000000E+001
    89   0.2659136522168316E+001   0.2000000000000000E+001
    90   0.2945553640278196E+001   0.2000000000000000E+001
    91   0.3206618274214637E+001   0.2000000000000000E+001
    92   0.2961363001939101E+001   0.2000000000000000E+001
    93   0.2478068573873888E+001   0.2000000000000000E+001
    94   0.2456134209136825E+001   0.2000000000000000E+001
    95   0.2541273244866884E+001   0.2000000000000000E+001
    96   0.1969133037974438E+001   0.2000000000000000E+001
    97   0.2764239203812082E+001   0.2000000000000000E+001
    98   0.2629120171315347E+001   0.2000000000000000E+001
    99   0.3375333507392709E+001   0.2000000000000000E+001
   100   0.3209445173518279E+001   0.2000000000000000E+001
   101   0.3599688155236091E+001   0.2000000000000000E+001
   102   0.3943790301639038E+001   0.2000000000000000E+001
   103   0.2417407838591698E+001   0.2000000000000000E+001
   104   0.2903360350254793E+001   0.2000000000000000E+001
   105   0.2860694650679494E+001   0.2000000000000000E+001
   106   0.3641620160466495E+001   0.2000000000000000E+001
   107   0.4178298426772803E+001   0.2000000000000000E+001
   108   0.3791933010440228E+001   0.2000000000000000E+001
   109   0.3479986479783064E+001   0.2000000000000000E+001
   110   0.2847776600432876E+001   0.2000000000000000E+001
   111   0.3144292730443782E+001   0.2000000000000000E+001
   112   0.3491295151666586E+001   0.2000000000000000E+001
   113   0.3255296635769342E+001   0.2000000000000000E+001
   114   0.3576069035924194E+001   0.2000000000000000E+001
   115   0.4202940310136539E+001   0.2000000000000000E+001
   116   0.3210397141358930E+001   0.2000000000000000E+001
   117   0.3373767971105972E+001   0.2000000000000000E+001
   118   0.3567954322560806E+001   0.2000000000000000E+001
   119   0.3272479365217403E+001   0.2000000000000000E+001
   120   0.3688244574550890E+001   0.2000000000000000E+001
   121   0.3326953074152130E+001   0.2000000000000000E+001
   122   0.3755545899132291E+001   0.2000000000000000E+001
   123   0.3713013399646324E+001   0.2000000000000000E+001
   124   0.3596978028861162E+001   0.2000000000000000E+001
   125   0.3456392895929733E+001   0.2000000000000000E+001
   126   0.3683769338777398E+001   0.2000000000000000E+001
   127   0.3683554976094097E+001   0.2000000000000000E+001
   128   0.4230582573469619E+001   0.2000000000000000E+001
   129   0.4007089685980644E+001   0.0000000000000000E+000
   130   0.4165965770817436E+001   0.0000000000000000E+000
   131   0.4289767902652628E+001   0.0000000000000000E+000
   132   0.4331066670559307E+001   0.0000000000000000E+000
   133   0.4185322524304489E+001   0.0000000000000000E+000
   134   0.4508635910042373E+001   0.0000000000000000E+000
   135   0.4555178846049289E+001   0.0000000000000000E+000
   136   0.4102046709801809E+001   0.0000000000000000E+000
   137   0.4553407192683461E+001   0.0000000000000000E+000
   138   0.4414988170606541E+001   0.0000000000000000E+000
   139   0.4433703750226632E+001   0.0000000000000000E+000
   140   0.4305482124481292E+001   0.0000000000000000E+000
   141   0.4531911796931866E+001   0.0000000000000000E+000
   142   0.4580931860342705E+001   0.0000000000000000E+000
   143   0.4365626272435250E+001   0.0000000000000000E+000
   144   0.4307631799408200E+001   0.0000000000000000E+000
   145   0.4010164546426674E+001   0.0000000000000000E+000
   146   0.4431997034744798E+001   0.0000000000000000E+000
   147   0.4576512646773880E+001   0.0000000000000000E+000
   148   0.5108427264794061E+001   0.0000000000000000E+000
   149   0.4037650537721130E+001   0.0000000000000000E+000
   150   0.4328905247400676E+001   0.0000000000000000E+000
   151   0.4799030720421206E+001   0.0000000000000000E+000
   152   0.4417106172491877E+001   0.0000000000000000E+000
   153   0.4220628002220424E+001   0.0000000000000000E+000
   154   0.4749152911316981E+001   0.0000000000000000E+000
   155   0.4665588959181943E+001   0.0000000000000000E+000
   156   0.4424544987594831E+001   0.0000000000000000E+000
   157   0.4325002195409466E+001   0.0000000000000000E+000
   158   0.4598054694641760E+001   0.0000000000000000E+000
   159   0.4524961770220500E+001   0.0000000000000000E+000
   160   0.4193445756464567E+001   0.0000000000000000E+000
   161   0.4692083701766546E+001   0.0000000000000000E+000
   162   0.4532849797006498E+001   0.0000000000000000E+000
   163   0.4516491985315159E+001   0.0000000000000000E+000
   164   0.4142896015370142E+001   0.0000000000000000E+000
   165   0.4914134678073396E+001   0.0000000000000000E+000
   166   0.4611699410601801E+001   0.0000000000000000E+000
   167   0.5051334208128591E+001   0.0000000000000000E+000
   168   0.4750454290885679E+001   0.0000000000000000E+000
   169   0.5036927969881938E+001   0.0000000000000000E+000
   170   0.4770282222304335E+001   0.0000000000000000E+000
   171   0.5294796222542699E+001   0.0000000000000000E+000
   172   0.4929985596039961E+001   0.0000000000000000E+000
   173   0.4655182048653500E+001   0.0000000000000000E+000
   174   0.5356828224327438E+001   0.0000000000000000E+000
   175   0.5348389641524182E+001   0.0000000000000000E+000
   176   0.4915964494040728E+001   0.0000000000000000E+000
   177   0.5037492130069049E+001   0.0000000000000000E+000
   178   0.4941856964305455E+001   0.0000000000000000E+000
   179   0.4815775922018428E+001   0.0000000000000000E+000
   180   0.5711046683373124E+001   0.0000000000000000E+000
   181   0.5435590706244662E+001   0.0000000000000000E+000
   182   0.5324648262865987E+001   0.0000000000000000E+000
   183   0.5148295044043397E+001   0.0000000000000000E+000
   184   0.6114382302754002E+001   0.0000000000000000E+000
   185   0.6638720712366580E+001   0.0000000000000000E+000
   186   0.6473947644466135E+001   0.0000000000000000E+000
   187   0.6677209520544388E+001   0.0000000000000000E+000
   188   0.6574558331824444E+001   0.0000000000000000E+000
   189   0.7491000736991812E+001   0.0000000000000000E+000
   190   0.7874156866984520E+001   0.0000000000000000E+000
   191   0.7662074407478099E+001   0.0000000000000000E+000
   192   0.7913012888555660E+001   0.0000000000000000E+000
   193   0.7967098051029152E+001   0.0000000000000000E+000
   194   0.7993545464163069E+001   0.0000000000000000E+000
   195   0.8493008278931233E+001   0.0000000000000000E+000
   196   0.9044972159776782E+001   0.0000000000000000E+000
   197   0.8557532784468826E+001   0.0000000000000000E+000
   198   0.8724306968031735E+001   0.0000000000000000E+000
   199   0.8486416368267925E+001   0.0000000000000000E+000
   200   0.8628792287436601E+001   0.0000000000000000E+000
   201   0.8711317756218182E+001   0.0000000000000000E+000
   202   0.8849167665487869E+001   0.0000000000000000E+000
   203   0.8801729777948070E+001   0.0000000000000000E+000
   204   0.8309020678031716E+001   0.0000000000000000E+000
   205   0.8873224254536188E+001   0.0000000000000000E+000
   206   0.8869047310867055E+001   0.0000000000000000E+000
   207   0.8833283401497878E+001   0.0000000000000000E+000
   208   0.8877829608277864E+001   0.0000000000000000E+000
   209   0.8857971744661111E+001   0.0000000000000000E+000
   210   0.8674442319747751E+001   0.0000000000000000E+000
   211   0.8870137988686453E+001   0.0000000000000000E+000
   212   0.8977184101348815E+001   0.0000000000000000E+000
   213   0.8739257254195449E+001   0.0000000000000000E+000
   214   0.8561939924684014E+001   0.0000000000000000E+000
   215   0.8827011849265231E+001   0.0000000000000000E+000
   216   0.8411310786793884E+001   0.0000000000000000E+000
   217   0.8666881981833420E+001   0.0000000000000000E+000
   218   0.8775784728233768E+001   0.0000000000000000E+000
   219   0.8698939399891204E+001   0.0000000000000000E+000
   220   0.8958074902221240E+001   0.0000000000000000E+000
   221   0.8975703393803419E+001   0.0000000000000000E+000
   222   0.9111540093520777E+001   0.0000000000000000E+000
   223   0.8750675242681705E+001   0.0000000000000000E+000
   224   0.8822301924139044E+001   0.0000000000000000E+000
   225   0.8522863900606652E+001   0.0000000000000000E+000
   226   0.8692170786692504E+001   0.0000000000000000E+000
   227   0.9361288744728059E+001   0.0000000000000000E+000
   228   0.8953566251417790E+001   0.0000000000000000E+000
   229   0.8781183922089697E+001   0.0000000000000000E+000
   230   0.8962730718592276E+001   0.0000000000000000E+000
   231   0.8703961264434659E+001   0.0000000000000000E+000
   232   0.9339456411055957E+001   0.0000000000000000E+000
   233   0.8934540554112427E+001   0.0000000000000000E+000
   234   0.9121966404860554E+001   0.0000000000000000E+000
   235   0.9210364024492335E+001   0.0000000000000000E+000
   236   0.9152347727695139E+001   0.0000000000000000E+000
   237   0.9065586353173948E+001   0.0000000000000000E+000
   238   0.9140429066067464E+001   0.0000000000000000E+000
   239   0.9262453424453579E+001   0.0000000000000000E+000
   240   0.9615240073695320E+001   0.0000000000000000E+000
   241   0.9384659253230632E+001   0.0000000000000000E+000
   242   0.9322680449575449E+001   0.0000000000000000E+000
   243   0.9549144434076522E+001   0.0000000000000000E+000
   244   0.9233751251200152E+001   0.0000000000000000E+000
   245   0.9769120068795518E+001   0.0000000000000000E+000
   246   0.9839739354118525E+001   0.0000000000000000E+000
   247   0.9781195213338759E+001   0.0000000000000000E+000
   248   0.9582625244920107E+001   0.0000000000000000E+000
   249   0.9566751791013052E+001   0.0000000000000000E+000
   250   0.9990181806838393E+001   0.0000000000000000E+000
   251   0.9932089944947409E+001   0.0000000000000000E+000
   252   0.1022881493820733E+002   0.0000000000000000E+000
   253   0.1037974243303664E+002   0.0000000000000000E+000
   254   0.1053671510521930E+002   0.0000000000000000E+000
   255   0.1046011574521494E+002   0.0000000000000000E+000
   256   0.1039372287743348E+002   0.0000000000000000E+000
k=     3,  spin=     1
     1  -0.4705490678875914E+001   0.2000000000000000E+001
     2  -0.6845623870663433E+001   0.2000000000000000E+001
     3  -0.5429116145410140E+001   0.2000000000000000E+001
     4  -0.5492997659867322E+001   0.2000000000000000E+001
     5  -0.5972430368636803E+001   0.2000000000000000E+001
     6  -0.4802396673189079E+001   0.2000000000000000E+001
     7  -0.5098670062255066E+001   0.2000000000000000E+001
     8  -0.5188742384844241E+001   0.2000000000000000E+001
     9  -0.5412741452473916E+001   0.2000000000000000E+001
    10  -0.6298186806002430E+001   0.2000000000000000E+001
    11  -0.6277207357136080E+001   0.2000000000000000E+001
    12  -0.5012902009137436E+001   0.2000000000000000E+001
    13  -0.5488609783694179E+001   0.2000000000000000E+001
    14  -0.6564052431476903E+001   0.2000000000000000E+001
    15  -0.6238115621046915E+001   0.2000000000000000E+001
    16  -0.6602225775352108E+001   0.2000000000000000E+001
    17  -0.4805390160713960E+001   0.2000000000000000E+001
    18  -0.5536639374857550E+001   0.2000000000000000E+001
    19  -0.7143964986161611E+001   0.2000000000000000E+001
    20  -0.6331474296670061E+001   0.2000000000000000E+001
    21  -0.6779097253103852E+001   0.2000000000000000E+001
    22  -0.6083894380019066E+001   0.2000000000000000E+001
    23  -0.5841316555074110E+001   0.2000000000000000E+001
    24  -0.5226534160483419E+001   0.2000000000000000E+001
    25  -0.6149664590044360E+001   0.2000000000000000E+001
    26  -0.5540675440647827E+001   0.2000000000000000E+001
    27  -0.6611880768588623E+001   0.2000000000000000E+001
    28  -0.5542400308532150E+001   0.2000000000000000E+001
    29  -0.5077696493987101E+001   0.2000000000000000E+001
    30  -0.6476720023833868E+001   0.2000000000000000E+001
    31  -0.5206145002946404E+001   0.2000000000000000E+001
    32  -0.6392418897287102E+001   0.2000000000000000E+001
    33  -0.4020141365935122E+001   0.2000000000000000E+001
    34  -0.4305991764718738E+001   0.2000000000000000E+001
    35  -0.4778393814368285E+001   0.2000000000000000E+001
    36  -0.3842483790457158E+001   0.2000000000000000E+001
    37  -0.3831339024724097E+001   0.2000000000000000E+001
    38  -0.4668484781101985E+001   0.2000000000000000E+001
    39  -0.4508288627758950E+001   0.2000000000000000E+001
    40  -0.4126891162534704E+001   0.2000000000000000E+001
    41  -0.4289689011978885E+001   0.2000000000000000E+001
    42  -0.3455800619204304E+001   0.2000000000000000E+001
    43  -0.4444301939129068E+001   0.2000000000000000E+001
    44  -0.3850831272107830E+001   0.2000000000000000E+001
    45  -0.3455924379009878E+001   0.2000000000000000E+001
    46  -0.3934250047474410E+001   0.2000000000000000E+001
    47  -0.3949132667294614E+001   0.2000000000000000E+001
    48  -0.4339075838450551E+001   0.2000000000000000E+001
    49  -0.3673548451427223E+001   0.2000000000000000E+001
    50  -0.3856479964474835E+001   0.2000000000000000E+001
    51  -0.3595871769163066E+001   0.2000000000000000E+001
    52  -0.3852173725210282E+001   0.2000000000000000E+001
    53  -0.3639072575591352E+001   0.2000000000000000E+001
    54  -0.3637346002980954E+001   0.2000000000000000E+001
    55  -0.4080435502097123E+001   0.2000000000000000E+001
    56  -0.2636755421013208E+001   0.2000000000000000E+001
    57  -0.3570056931425540E+001   0.2000000000000000E+001
    58  -0.2819085013799150E+001   0.2000000000000000E+001
    59  -0.3449281480205268E+001   0.2000000000000000E+001
    60  -0.3057929542961448E+001   0.2000000000000000E+001
    61  -0.1512158933483447E+001   0.2000000000000000E+001
    62  -0.1836868213780710E+001   0.2000000000000000E+001
    63  -0.2308366344048446E+001   0.2000000000000000E+001
    64   0.2954869820440647E+001   0.2000000000000000E+001
    65   0.2609130351320740E+001   0.2000000000000000E+001
    66   0.2346399031049139E+001   0.2000000000000000E+001
    67   0.2275518549348565E+001   0.2000000000000000E+001
    68   0.2520192719922577E+001   0.2000000000000000E+001
    69   0.2027406861132417E+001   0.2000000000000000E+001
    70   0.2271734249583232E+001   0.2000000000000000E+001
    71   0.2462823336888418E+001   0.2000000000000000E+001
    72   0.2305869545697730E+001   0.2000000000000000E+001
    73   0.2122931040995151E+001   0.2000000000000000E+001
    74   0.1063494192239477E+001   0.2000000000000000E+001
    75   0.2970267539193489E+001   0.2000000000000000E+001
    76   0.2550598072400291E+001   0.2000000000000000E+001
    77   0.2390024469451216E+001   0.2000000000000000E+001
    78   0.3143607574327536E+001   0.2000000000000000E+001
    79   0.2800823144536700E+001   0.2000000000000000E+001
    80   0.2370814153770802E+001   0.2000000000000000E+001
    81   0.2897772927367040E+001   0.2000000000000000E+001
    82   0.3660840556848355E+001   0.2000000000000000E+001
    83   0.3218345243626042E+001   0.2000000000000000E+001
    84   0.2577588291425634E+001   0.2000000000000000E+001
    85   0.2288657821191601E+001   0.2000000000000000E+001
    86   0.2823985413242005E+001   0.2000000000000000E+001
    87   0.3053283286051447E+001   0.2000000000000000E+001
    88   0.2133437551084214E+001   0.2000000000000000E+001
    89   0.3254786533476354E+001   0.2000000000000000E+001
    90   0.2859090419631324E+001   0.2000000000000000E+001
    91   0.2501147426543145E+001   0.2000000000000000E+001
    92   0.2826337878245644E+001   0.2000000000000000E+001
    93   0.3222602498359515E+001   0.2000000000000000E+001
    94   0.2928798527203736E+001   0.2000000000000000E+001
    95   0.2956268674490095E+001   0.2000000000000000E+001
    96   0.2890521119986964E+001   0.2000000000000000E+001
    97   0.3044570095198376E+001   0.2000000000000000E+001
    98   0.3375827500868223E+001   0.2000000000000000E+001
    99   0.2688576743834363E+001   0.2000000000000000E+001
   100   0.3436324804150479E+001   0.2000000000000000E+001
   101   0.2336934563173407E+001   0.2000000000000000E+001
   102   0.3724957097666854E+001   0.2000000000000000E+001
   103   0.3338785410156817E+001   0.2000000000000000E+001
   104   0.3742305891111707E+001   0.2000000000000000E+001
   105   0.3193241777440695E+001   0.2000000000000000E+001
   106   0.3452074058861702E+001   0.2000000000000000E+001
   107   0.3832065342034597E+001   0.2000000000000000E+001
   108   0.3334462288696440E+001   0.2000000000000000E+001
   109   0.3027498047489571E+001   0.2000000000000000E+001
   110   0.4074814292789327E+001   0.2000000000000000E+001
   111   0.3659331464461370E+001   0.2000000000000000E+001
   112   0.3950923871336797E+001   0.2000000000000000E+001
   113   0.3767445875695785E+001   0.2000000000000000E+001
   114   0.3922320177061189E+001   0.2000000000000000E+001
   115   0.3234551033926695E+001   0.2000000000000000E+001
   116   0.3389022800374622E+001   0.2000000000000000E+001
   117   0.3753396224215626E+001   0.2000000000000000E+001
   118   0.3555186450792211E+001   0.2000000000000000E+001
   119   0.3779784879805891E+001   0.2000000000000000E+001
   120   0.4211793153988592E+001   0.2000000000000000E+001
   121   0.4677950020474851E+001   0.2000000000000000E+001
   122   0.3940320898345581E+001   0.2000000000000000E+001
   123   0.4112847189774883E+001   0.2000000000000000E+001
   124   0.4340915270480286E+001   0.2000000000000000E+001
   125   0.3595836380165425E+001   0.2000000000000000E+001
   126   0.3575545468567077E+001   0.2000000000000000E+001
   127   0.3951966891719525E+001   0.2000000000000000E+001
   128   0.4476448693028171E+001   0.2000000000000000E+001
   129   0.4251623371990653E+001   0.0000000000000000E+000
   130   0.4782327562128463E+001   0.0000000000000000E+000
   131   0.4228222468648499E+001   0.0000000000000000E+000
   132   0.4168526171934118E+001   0.0000000000000000E+000
   133   0.4630900359457766E+001   0.0000000000000000E+000
   134   0.4753443963322916E+001   0.0000000000000000E+000
   135   0.4682655400794302E+001   0.0000000000000000E+000
   136   0.4560216865345276E+001   0.0000000000000000E+000
   137   0.4786204692209297E+001   0.0000000000000000E+000
   138   0.4609969388547795E+001   0.0000000000000000E+000
   139   0.5182323131869373E+001   0.0000000000000000E+000
   140   0.3938722410408205E+001   0.0000000000000000E+000
   141   0.4282530999136329E+001   0.0000000000000000E+000
   142   0.4568258381499510E+001   0.0000000000000000E+000
   143   0.4165775794599452E+001   0.0000000000000000E+000
   144   0.4106016726109090E+001   0.0000000000000000E+000
   145   0.4712618276443364E+001   0.0000000000000000E+000
   146   0.4632546432686913E+001   0.0000000000000000E+000
   147   0.4813181122038956E+001   0.0000000000000000E+000
   148   0.4773050480925863E+001   0.0000000000000000E+000
   149   0.4224360543003280E+001   0.0000000000000000E+000
   150   0.4739811885376809E+001   0.0000000000000000E+000
   151   0.4712532166399902E+001   0.0000000000000000E+000
   152   0.4527766906588188E+001   0.0000000000000000E+000
   153   0.4762463628224298E+001   0.0000000000000000E+000
   154   0.4596607255378498E+001   0.0000000000000000E+000
   155   0.4943797159791665E+001   0.0000000000000000E+000
   156   0.4591886024860958E+001   0.0000000000000000E+000
   157   0.4286512251649206E+001   0.0000000000000000E+000
   158   0.5429315320242434E+001   0.0000000000000000E+000
   159   0.4763240349467317E+001   0.0000000000000000E+000
   160   0.5052872772025484E+001   0.0000000000000000E+000
   161   0.4780660013848125E+001   0.0000000000000000E+000
   162   0.4259042085508623E+001   0.0000000000000000E+000
   163   0.5029060400948635E+001   0.0000000000000000E+000
   164   0.5128483021791419E+001   0.0000000000000000E+000
   165   0.4885961253359409E+001   0.0000000000000000E+000
   166   0.5604211454145257E+001   0.0000000000000000E+000
   167   0.4760273891889776E+001   0.0000000000000000E+000
   168   0.4778234396598872E+001   0.0000000000000000E+000
   169   0.5191122455995436E+001   0.0000000000000000E+000
   170   0.4581904053216950E+001   0.0000000000000000E+000
   171   0.5107305693363786E+001   0.0000000000000000E+000
   172   0.4802222952519606E+001   0.0000000000000000E+000
   173   0.5507364678839386E+001   0.0000000000000000E+000
   174   0.5052103733736956E+001   0.0000000000000000E+000
   175   0.4651555538068788E+001   0.0000000000000000E+000
   176   0.5492366918030729E+001   0.0000000000000000E+000
   177   0.5761721430594326E+001   0.0000000000000000E+000
   178   0.5409374946176384E+001   0.0000000000000000E+000
   179   0.6622046836882110E+001   0.0000000000000000E+000
   180   0.6076936583076897E+001   0.0000000000000000E+000
   181   0.6395045919107078E+001   0.0000000000000000E+000
   182   0.6682156338851071E+001   0.0000000000000000E+000
   183   0.7348133557098199E+001   0.0000000000000000E+000
   184   0.6821310824781015E+001   0.0000000000000000E+000
   185   0.7494081501158038E+001   0.0000000000000000E+000
   186   0.7979664844605893E+001   0.0000000000000000E+000
   187   0.7541168978247113E+001   0.0000000000000000E+000
   188   0.7806658046609642E+001   0.0000000000000000E+000
   189   0.7916573360920328E+001   0.0000000000000000E+000
   190   0.8807223901127074E+001   0.0000000000000000E+000
   191   0.8566202317359409E+001   0.0000000000000000E+000
   192   0.8408295542567053E+001   0.0000000000000000E+000
   193   0.9554087158172722E+001   0.0000000000000000E+000
   194   0.8293962836492298E+001   0.0000000000000000E+000
   195   0.8564052177476135E+001   0.0000000000000000E+000
   196   0.8725749427477890E+001   0.0000000000000000E+000
   197   0.8365098097728417E+001   0.0000000000000000E+000
   198   0.8456483421486865E+001   0.0000000000000000E+000
   199   0.8288073004351993E+001   0.0000000000000000E+000
   200   0.8646082273894867E+001   0.0000000000000000E+000
   201   0.8791019835705542E+001   0.0000000000000000E+000
   202   0.8581635763545064E+001   0.0000000000000000E+000
   203   0.8404001111821998E+001   0.0000000000000000E+000
   204   0.8903796514262499E+001   0.0000000000000000E+000
   205   0.8706504665584669E+001   0.0000000000000000E+000
   206   0.8880975470956439E+001   0.0000000000000000E+000
   207   0.8584066565871483E+001   0.0000000000000000E+000
   208   0.8735634061866262E+001   0.0000000000000000E+000
   209   0.8681838410448636E+001   0.0000000000000000E+000
   210   0.9051615815639321E+001   0.0000000000000000E+000
   211   0.8768724759639403E+001   0.0000000000000000E+000
   212   0.9267747895195512E+001   0.0000000000000000E+000
   213   0.8857204282372070E+001   0.0000000000000000E+000
   214   0.9264810321289948E+001   0.0000000000000000E+000
   215   0.8953811025034774E+001   0.0000000000000000E+000
   216   0.8119054754177748E+001   0.0000000000000000E+000
   217   0.8499750453747311E+001   0.0000000000000000E+000
   218   0.8648472891979804E+001   0.0000000000000000E+000
   219   0.8838028439402040E+001   0.0000000000000000E+000
   220   0.8901506428497326E+001   0.0000000000000000E+000
   221   0.8623761509371306E+001   0.0000000000000000E+000
   222   0.8561088628388116E+001   0.0000000000000000E+000
   223   0.8600877245661714E+001   0.0000000000000000E+000
   224   0.8728787745091257E+001   0.0000000000000000E+000
   225   0.8517974281119319E+001   0.0000000000000000E+000
   226   0.8451264029511101E+001   0.0000000000000000E+000
   227   0.8516744251490573E+001   0.0000000000000000E+000
   228   0.8600042768612848E+001   0.0000000000000000E+000
   229   0.8926031322640947E+001   0.0000000000000000E+000
   230   0.9017090018931675E+001   0.0000000000000000E+000
   231   0.8802433453426259E+001   0.0000000000000000E+000
   232   0.8755530300140538E+001   0.0000000000000000E+000
   233   0.8925471821704560E+001   0.0000000000000000E+000
   234   0.8666890139120746E+001   0.0000000000000000E+000
   235   0.8908819746810506E+001   0.0000000000000000E+000
   236   0.9003446513601245E+001   0.0000000000000000E+000
   237   0.8886384384744845E+001   0.0000000000000000E+000
   238   0.8694875683815654E+001   0.0000000000000000E+000
   239   0.8945955167019845E+001   0.0000000000000000E+000
   240   0.8945564490542122E+001   0.0000000000000000E+000
   241   0.9076509944955497E+001   0.0000000000000000E+000
   242   0.8928034169234094E+001   0.0000000000000000E+000
   243   0.9334569848067909E+001   0.0000000000000000E+000
   244   0.8928194566715510E+001   0.0000000000000000E+000
   245   0.8946120289931290E+001   0.0000000000000000E+000
   246   0.9207076910813358E+001   0.0000000000000000E+000
   247   0.8811185429310715E+001   0.0000000000000000E+000
   248   0.9099870390898470E+001   0.0000000000000000E+000
   249   0.9651950324550656E+001   0.0000000000000000E+000
   250   0.9125908446602077E+001   0.0000000000000000E+000
   251   0.9491684579207197E+001   0.0000000000000000E+000
   252   0.1042747441224552E+002   0.0000000000000000E+000
   253   0.1083180505617312E+002   0.0000000000000000E+000
   254   0.1079164941912313E+002   0.0000000000000000E+000
   255   0.1248640697192236E+002   0.0000000000000000E+000
   256   0.2043631336541090E+002   0.0000000000000000E+000
k=     4,  spin=     1
     1  -0.4680730758923310E+001   0.2000000000000000E+001
     2  -0.6907835203642532E+001   0.2000000000000000E+001
     3  -0.5415351645605379E+001   0.2000000000000000E+001
     4  -0.5467583522842916E+001   0.2000000000000000E+001
     5  -0.5896402316023121E+001   0.2000000000000000E+001
     6  -0.5144781278843414E+001   0.2000000000000000E+001
     7  -0.5245819728237711E+001   0.2000000000000000E+001
     8  -0.5090216871161092E+001   0.2000000000000000E+001
     9  -0.5595604606766995E+001   0.2000000000000000E+001
    10  -0.5825898764347072E+001   0.2000000000000000E+001
    11  -0.6404753706623804E+001   0.2000000000000000E+001
    12  -0.5170180211437361E+001   0.2000000000000000E+001
    13  -0.5747888665969771E+001   0.2000000000000000E+001
    14  -0.5596824636899905E+001   0.2000000000000000E+001
    15  -0.6728022119964590E+001   0.2000000000000000E+001
    16  -0.6150628834407002E+001   0.2000000000000000E+001
    17  -0.6114994164240296E+001   0.2000000000000000E+001
    18  -0.6437557524257369E+001   0.2000000000000000E+001
    19  -0.6394949289415647E+001   0.2000000000000000E+001
    20  -0.6476847969679093E+001   0.2000000000000000E+001
    21  -0.6835970007309627E+001   0.2000000000000000E+001
    22  -0.5640522797981740E+001   0.2000000000000000E+001
    23  -0.6272555798750313E+001   0.2000000000000000E+001
    24  -0.5845890798489550E+001   0.2000000000000000E+001
    25  -0.5473630902700465E+001   0.2000000000000000E+001
    26  -0.6056754324755093E+001   0.2000000000000000E+001
    27  -0.5095478205701537E+001   0.2000000000000000E+001
    28  -0.6246757458304719E+001   0.2000000000000000E+001
    29  -0.6752491968409942E+001   0.2000000000000000E+001
    30  -0.6184752657603171E+001   0.2000000000000000E+001
    31  -0.4893206516494795E+001   0.2000000000000000E+001
    32  -0.5316371517638451E+001   0.2000000000000000E+001
    33  -0.4415187467398086E+001   0.2000000000000000E+001
    34  -0.5272227704768861E+001   0.2000000000000000E+001
    35  -0.4345950421646342E+001   0.2000000000000000E+001
    36  -0.4202928892376117E+001   0.2000000000000000E+001
    37  -0.3832647469913861E+001   0.2000000000000000E+001
    38  -0.4204729657936356E+001   0.2000000000000000E+001
    39  -0.4042785619622317E+001   0.2000000000000000E+001
    40  -0.3744162253396813E+001   0.2000000000000000E+001
    41  -0.4044672655002324E+001   0.2000000000000000E+001
    42  -0.3406921882072409E+001   0.2000000000000000E+001
    43  -0.4042904634738364E+001   0.2000000000000000E+001
    44  -0.4226149626200014E+001   0.2000000000000000E+001
    45  -0.3473104193604768E+001   0.2000000000000000E+001
    46  -0.3238363873397411E+001   0.2000000000000000E+001
    47  -0.3995611886692700E+001   0.2000000000000000E+001
    48  -0.4452905257403824E+001   0.2000000000000000E+001
    49  -0.3380429166144467E+001   0.2000000000000000E+001
    50  -0.4158225930228219E+001   0.2000000000000000E+001
    51  -0.3759314680189651E+001   0.2000000000000000E+001
    52  -0.4162075418153123E+001   0.2000000000000000E+001
    53  -0.3746256923643171E+001   0.2000000000000000E+001
    54  -0.4231950456896672E+001   0.2000000000000000E+001
    55  -0.2563966030653526E+001   0.2000000000000000E+001
    56  -0.2498269233393614E+001   0.2000000000000000E+001
    57  -0.3264428447272139E+001   0.2000000000000000E+001
    58  -0.2976337183266599E+001   0.2000000000000000E+001
    59  -0.3335859248593245E+001   0.2000000000000000E+001
    60  -0.2786395077425137E+001   0.2000000000000000E+001
    61  -0.1490273747722369E+001   0.2000000000000000E+001
    62  -0.2297607022429950E+001   0.2000000000000000E+001
    63  -0.1049927249010159E+000   0.2000000000000000E+001
    64   0.2671310443247508E+001   0.2000000000000000E+001
    65   0.2735205655008058E+001   0.2000000000000000E+001
    66   0.2630571384796145E+001   0.2000000000000000E+001
    67   0.2419685535925290E+001   0.2000000000000000E+001
    68   0.2260943539143512E+001   0.2000000000000000E+001
    69   0.2325183012369246E+001   0.2000000000000000E+001
    70   0.2149184146679181E+001   0.2000000000000000E+001
    71   0.2665001697536648E+001   0.2000000000000000E+001
    72   0.1924183028947489E+001   0.2000000000000000E+001
    73   0.2247848757179674E+001   0.2000000000000000E+001
    74   0.1175616695178858E+001   0.2000000000000000E+001
    75   0.2251800900299791E+001   0.2000000000000000E+001
    76   0.2584657691408824E+001   0.2000000000000000E+001
    77   0.2965159143206801E+001   0.2000000000000000E+001
    78   0.2815398688706332E+001   0.2000000000000000E+001
    79   0.2713597551625222E+001   0.2000000000000000E+001
    80   0.3062657696727797E+001   0.2000000000000000E+001
    81   0.3095917641702507E+001   0.2000000000000000E+001
    82   0.2675959424329477E+001   0.2000000000000000E+001
    83   0.3137227051883174E+001   0.2000000000000000E+001
    84   0.2349010388612093E+001   0.2000000000000000E+001
    85   0.2869176865441589E+001   0.2000000000000000E+001
    86   0.3666051380062480E+001   0.2000000000000000E+001
    87   0.3086453615099502E+001   0.2000000000000000E+001
    88   0.2921321207550516E+001   0.2000000000000000E+001
    89   0.2446140822886200E+001   0.2000000000000000E+001
    90   0.2517191409381074E+001   0.2000000000000000E+001
    91   0.2673282636446682E+001   0.2000000000000000E+001
    92   0.3481671794311993E+001   0.2000000000000000E+001
    93   0.2596539089327370E+001   0.2000000000000000E+001
    94   0.2373622096928889E+001   0.2000000000000000E+001
    95   0.3048901634881048E+001   0.2000000000000000E+001
    96   0.2675639330683651E+001   0.2000000000000000E+001
    97   0.3194640143487905E+001   0.2000000000000000E+001
    98   0.2661782969125110E+001   0.2000000000000000E+001
    99   0.2846938757535186E+001   0.2000000000000000E+001
   100   0.2820522598404930E+001   0.2000000000000000E+001
   101   0.3138784809470388E+001   0.2000000000000000E+001
   102   0.2835001148660465E+001   0.2000000000000000E+001
   103   0.3716468861612679E+001   0.2000000000000000E+001
   104   0.3482362715434808E+001   0.2000000000000000E+001
   105   0.3183200721770028E+001   0.2000000000000000E+001
   106   0.2899350898250655E+001   0.2000000000000000E+001
   107   0.3664949505008357E+001   0.2000000000000000E+001
   108   0.3945141032721915E+001   0.2000000000000000E+001
   109   0.3574359237873035E+001   0.2000000000000000E+001
   110   0.3787491444235667E+001   0.2000000000000000E+001
   111   0.3431149215519302E+001   0.2000000000000000E+001
   112   0.3390244276877552E+001   0.2000000000000000E+001
   113   0.3337507330699933E+001   0.2000000000000000E+001
   114   0.3514128841685901E+001   0.2000000000000000E+001
   115   0.3694348650865731E+001   0.2000000000000000E+001
   116   0.3762956764748568E+001   0.2000000000000000E+001
   117   0.3716118110891191E+001   0.2000000000000000E+001
   118   0.3790948039679146E+001   0.2000000000000000E+001
   119   0.3534013173145857E+001   0.2000000000000000E+001
   120   0.4189410095052161E+001   0.2000000000000000E+001
   121   0.3597661932414751E+001   0.2000000000000000E+001
   122   0.3660193950836168E+001   0.2000000000000000E+001
   123   0.4047522374384537E+001   0.2000000000000000E+001
   124   0.4127023490874900E+001   0.2000000000000000E+001
   125   0.3326129641053874E+001   0.2000000000000000E+001
   126   0.4579089581394403E+001   0.2000000000000000E+001
   127   0.3970994811606589E+001   0.2000000000000000E+001
   128   0.4072164588652579E+001   0.2000000000000000E+001
   129   0.4184512430817330E+001   0.0000000000000000E+000
   130   0.4485773181019496E+001   0.0000000000000000E+000
   131   0.3647370880828236E+001   0.0000000000000000E+000
   132   0.4385903737319861E+001   0.0000000000000000E+000
   133   0.4409590858767763E+001   0.0000000000000000E+000
   134   0.4078354899156824E+001   0.0000000000000000E+000
   135   0.4023389815924364E+001   0.0000000000000000E+000
   136   0.4430169917006562E+001   0.0000000000000000E+000
   137   0.4122451201581604E+001   0.0000000000000000E+000
   138   0.3993571085336583E+001   0.0000000000000000E+000
   139   0.4919439794896196E+001   0.0000000000000000E+000
   140   0.3942770002934275E+001   0.0000000000000000E+000
   141   0.4362145516441676E+001   0.0000000000000000E+000
   142   0.3790014909705320E+001   0.0000000000000000E+000
   143   0.4781482568045916E+001   0.0000000000000000E+000
   144   0.4688497788904976E+001   0.0000000000000000E+000
   145   0.4367433168303615E+001   0.0000000000000000E+000
   146   0.4562195118752761E+001   0.0000000000000000E+000
   147   0.5027209470127020E+001   0.0000000000000000E+000
   148   0.4099258761343968E+001   0.0000000000000000E+000
   149   0.4082548079219831E+001   0.0000000000000000E+000
   150   0.4319667618950412E+001   0.0000000000000000E+000
   151   0.4286009704962979E+001   0.0000000000000000E+000
   152   0.4855265407163801E+001   0.0000000000000000E+000
   153   0.4303094032630869E+001   0.0000000000000000E+000
   154   0.4544763990475816E+001   0.0000000000000000E+000
   155   0.4252127248910565E+001   0.0000000000000000E+000
   156   0.4147033710929769E+001   0.0000000000000000E+000
   157   0.4933948925139143E+001   0.0000000000000000E+000
   158   0.4608378091735021E+001   0.0000000000000000E+000
   159   0.4487792692970987E+001   0.0000000000000000E+000
   160   0.4739978032431662E+001   0.0000000000000000E+000
   161   0.4918633985151016E+001   0.0000000000000000E+000
   162   0.4191109470004445E+001   0.0000000000000000E+000
   163   0.4441679763550817E+001   0.0000000000000000E+000
   164   0.4180940837951228E+001   0.0000000000000000E+000
   165   0.4557829481319698E+001   0.0000000000000000E+000
   166   0.4214018824974753E+001   0.0000000000000000E+000
   167   0.4916838739231455E+001   0.0000000000000000E+000
   168   0.5292105682500511E+001   0.0000000000000000E+000
   169   0.4696020386122497E+001   0.0000000000000000E+000
   170   0.4884235318965144E+001   0.0000000000000000E+000
   171   0.4542894939944825E+001   0.0000000000000000E+000
   172   0.5375306487179832E+001   0.0000000000000000E+000
   173   0.4716862804392566E+001   0.0000000000000000E+000
   174   0.4747422271395566E+001   0.0000000000000000E+000
   175   0.5119841629033469E+001   0.0000000000000000E+000
   176   0.4593042212774281E+001   0.0000000000000000E+000
   177   0.4770810959894751E+001   0.0000000000000000E+000
   178   0.4488646074084221E+001   0.0000000000000000E+000
   179   0.5225050684678832E+001   0.0000000000000000E+000
   180   0.4653579184114117E+001   0.0000000000000000E+000
   181   0.4894472999973424E+001   0.0000000000000000E+000
   182   0.5239682747685091E+001   0.0000000000000000E+000
   183   0.4915447987696253E+001   0.0000000000000000E+000
   184   0.5323260335622895E+001   0.0000000000000000E+000
   185   0.5350061813795016E+001   0.0000000000000000E+000
   186   0.5908671804805231E+001   0.0000000000000000E+000
   187   0.6222231617594321E+001   0.0000000000000000E+000
   188   0.6370390191222015E+001   0.0000000000000000E+000
   189   0.6802012791345287E+001   0.0000000000000000E+000
   190   0.6804263190466506E+001   0.0000000000000000E+000
   191   0.7367363329391718E+001   0.0000000000000000E+000
   192   0.7826271358624394E+001   0.0000000000000000E+000
   193   0.7305338995925693E+001   0.0000000000000000E+000
   194   0.8071967482538598E+001   0.0000000000000000E+000
   195   0.8268128097102560E+001   0.0000000000000000E+000
   196   0.8430832842179139E+001   0.0000000000000000E+000
   197   0.8352292627417549E+001   0.0000000000000000E+000
   198   0.8868976945361057E+001   0.0000000000000000E+000
   199   0.8595354928630409E+001   0.0000000000000000E+000
   200   0.9116990458396263E+001   0.0000000000000000E+000
   201   0.8898144367862638E+001   0.0000000000000000E+000
   202   0.8707876552336138E+001   0.0000000000000000E+000
   203   0.8843565610932972E+001   0.0000000000000000E+000
   204   0.8692932996772688E+001   0.0000000000000000E+000
   205   0.8916203777543345E+001   0.0000000000000000E+000
   206   0.9100040772465606E+001   0.0000000000000000E+000
   207   0.8847230491519532E+001   0.0000000000000000E+000
   208   0.9030710729958690E+001   0.0000000000000000E+000
   209   0.8938590652480615E+001   0.0000000000000000E+000
   210   0.8871347651182075E+001   0.0000000000000000E+000
   211   0.8998394770328133E+001   0.0000000000000000E+000
   212   0.8997203557310982E+001   0.0000000000000000E+000
   213   0.8991078797385798E+001   0.0000000000000000E+000
   214   0.8915604085943169E+001   0.0000000000000000E+000
   215   0.8917789936376723E+001   0.0000000000000000E+000
   216   0.8861045001306664E+001   0.0000000000000000E+000
   217   0.9329036379217534E+001   0.0000000000000000E+000
   218   0.9083065396766443E+001   0.0000000000000000E+000
   219   0.9095010463779175E+001   0.0000000000000000E+000
   220   0.9099125269310415E+001   0.0000000000000000E+000
   221   0.8812458148364961E+001   0.0000000000000000E+000
   222   0.9075900856249763E+001   0.0000000000000000E+000
   223   0.8917057925806825E+001   0.0000000000000000E+000
   224   0.8919890200995093E+001   0.0000000000000000E+000
   225   0.8887277012951815E+001   0.0000000000000000E+000
   226   0.9075411498966815E+001   0.0000000000000000E+000
   227   0.8918905551745810E+001   0.0000000000000000E+000
   228   0.8819912249086007E+001   0.0000000000000000E+000
   229   0.9130460688458765E+001   0.0000000000000000E+000
   230   0.8592031166885866E+001   0.0000000000000000E+000
   231   0.8744374070512555E+001   0.0000000000000000E+000
   232   0.8971694892770579E+001   0.0000000000000000E+000
   233   0.8924119930818854E+001   0.0000000000000000E+000
   234   0.8606742384366273E+001   0.0000000000000000E+000
   235   0.9215997738080974E+001   0.0000000000000000E+000
   236   0.9198471806931160E+001   0.0000000000000000E+000
   237   0.8882389171393914E+001   0.0000000000000000E+000
   238   0.8927144970183646E+001   0.0000000000000000E+000
   239   0.8790136914674056E+001   0.0000000000000000E+000
   240   0.9342397362775305E+001   0.0000000000000000E+000
   241   0.9468417251956733E+001   0.0000000000000000E+000
   242   0.9186044941377768E+001   0.0000000000000000E+000
   243   0.9063553746382924E+001   0.0000000000000000E+000
   244   0.9579744148999444E+001   0.0000000000000000E+000
   245   0.9744462721884730E+001   0.0000000000000000E+000
   246   0.9351594344778531E+001   0.0000000000000000E+000
   247   0.9025580248050915E+001   0.0000000000000000E+000
   248   0.9774012521935161E+001   0.0000000000000000E+000
   249   0.9469768733724464E+001   0.0000000000000000E+000
   250   0.9611960698789156E+001   0.0000000000000000E+000
   251   0.9780277319779643E+001   0.0000000000000000E+000
   252   0.1037023397860150E+002   0.0000000000000000E+000
   253   0.1008419189188433E+002   0.0000000000000000E+000
   254   0.1058568854480554E+002   0.0000000000000000E+000
   255   0.1069928460184717E+002   0.0000000000000000E+000
   256   0.1055763095249347E+002   0.0000000000000000E+000
k=     5,  spin=     1
     1  -0.4693117087252700E+001   0.2000000000000000E+001
     2  -0.6866357437185505E+001   0.2000000000000000E+001
     3  -0.5413783927389863E+001   0.2000000000000000E+001
     4  -0.5454734233746151E+001   0.2000000000000000E+001
     5  -0.5896065706699287E+001   0.2000000000000000E+001
     6  -0.5160588380920117E+001   0.2000000000000000E+001
     7  -0.5248072476492204E+001   0.2000000000000000E+001
     8  -0.5130768996263534E+001   0.2000000000000000E+001
     9  -0.5534940901196784E+001   0.2000000000000000E+001
    10  -0.5772330176885264E+001   0.2000000000000000E+001
    11  -0.6081808654612478E+001   0.2000000000000000E+001
    12  -0.5205090942205447E+001   0.2000000000000000E+001
    13  -0.5882792694868739E+001   0.2000000000000000E+001
    14  -0.5946409556413371E+001   0.2000000000000000E+001
    15  -0.6852650932210587E+001   0.2000000000000000E+001
    16  -0.5741908973682969E+001   0.2000000000000000E+001
    17  -0.6289778543066209E+001   0.2000000000000000E+001
    18  -0.6248030217398062E+001   0.2000000000000000E+001
    19  -0.6245346671685725E+001   0.2000000000000000E+001
    20  -0.6371504852568490E+001   0.2000000000000000E+001
    21  -0.6844564061581096E+001   0.2000000000000000E+001
    22  -0.5203781897673341E+001   0.2000000000000000E+001
    23  -0.6767863722397830E+001   0.2000000000000000E+001
    24  -0.6017439090279576E+001   0.2000000000000000E+001
    25  -0.5145060949008308E+001   0.2000000000000000E+001
    26  -0.5774818628625331E+001   0.2000000000000000E+001
    27  -0.5677681653153967E+001   0.2000000000000000E+001
    28  -0.6051494495464238E+001   0.2000000000000000E+001
    29  -0.6087558804576255E+001   0.2000000000000000E+001
    30  -0.6718813415960067E+001   0.2000000000000000E+001
    31  -0.4519396272897934E+001   0.2000000000000000E+001
    32  -0.5300710251186303E+001   0.2000000000000000E+001
    33  -0.4628542012670163E+001   0.2000000000000000E+001
    34  -0.4952526870971912E+001   0.2000000000000000E+001
    35  -0.4205879163593386E+001   0.2000000000000000E+001
    36  -0.5317164520186719E+001   0.2000000000000000E+001
    37  -0.3469125376885454E+001   0.2000000000000000E+001
    38  -0.4567250884347081E+001   0.2000000000000000E+001
    39  -0.4023964874108238E+001   0.2000000000000000E+001
    40  -0.3776843150641648E+001   0.2000000000000000E+001
    41  -0.3921539719480525E+001   0.2000000000000000E+001
    42  -0.3455146042531701E+001   0.2000000000000000E+001
    43  -0.4180754658990022E+001   0.2000000000000000E+001
    44  -0.4174900887500178E+001   0.2000000000000000E+001
    45  -0.3623145266586469E+001   0.2000000000000000E+001
    46  -0.3192530885504184E+001   0.2000000000000000E+001
    47  -0.3868392103032966E+001   0.2000000000000000E+001
    48  -0.4624210075445797E+001   0.2000000000000000E+001
    49  -0.3395315468475678E+001   0.2000000000000000E+001
    50  -0.4244645844418214E+001   0.2000000000000000E+001
    51  -0.3973678404752993E+001   0.2000000000000000E+001
    52  -0.4175420463061296E+001   0.2000000000000000E+001
    53  -0.3874266424607906E+001   0.2000000000000000E+001
    54  -0.4046461403962184E+001   0.2000000000000000E+001
    55  -0.2552651910786282E+001   0.2000000000000000E+001
    56  -0.2744829615073806E+001   0.2000000000000000E+001
    57  -0.3541690254985486E+001   0.2000000000000000E+001
    58  -0.3052777724730333E+001   0.2000000000000000E+001
    59  -0.3840861079188642E+001   0.2000000000000000E+001
    60  -0.2845113630778451E+001   0.2000000000000000E+001
    61  -0.1324036693878060E+001   0.2000000000000000E+001
    62  -0.2221049180511293E+001   0.2000000000000000E+001
    63  -0.2025762103549513E+001   0.2000000000000000E+001
    64   0.3542684404495442E+001   0.2000000000000000E+001
    65   0.2874286109063866E+001   0.2000000000000000E+001
    66   0.3000010267485335E+001   0.2000000000000000E+001
    67   0.2513059437137142E+001   0.2000000000000000E+001
    68   0.2376639486587970E+001   0.2000000000000000E+001
    69   0.2299913096084168E+001   0.2000000000000000E+001
    70   0.2228345310851241E+001   0.2000000000000000E+001
    71   0.1500903029635334E+001   0.2000000000000000E+001
    72   0.1794024813661480E+001   0.2000000000000000E+001
    73   0.2773057001112123E+001   0.2000000000000000E+001
    74   0.1526319835764351E+001   0.2000000000000000E+001
    75   0.3244477127102328E+001   0.2000000000000000E+001
    76   0.2579939762748498E+001   0.2000000000000000E+001
    77   0.3184409164384194E+001   0.2000000000000000E+001
    78   0.3138169986242958E+001   0.2000000000000000E+001
    79   0.2989435063958956E+001   0.2000000000000000E+001
    80   0.2811692293563867E+001   0.2000000000000000E+001
    81   0.3357511626269199E+001   0.2000000000000000E+001
    82   0.3467025920468595E+001   0.2000000000000000E+001
    83   0.3090768186484044E+001   0.2000000000000000E+001
    84   0.2803938268805977E+001   0.2000000000000000E+001
    85   0.2017199419882048E+001   0.2000000000000000E+001
    86   0.3015920432505248E+001   0.2000000000000000E+001
    87   0.3036027093504548E+001   0.2000000000000000E+001
    88   0.2836837836194584E+001   0.2000000000000000E+001
    89   0.2220936842320786E+001   0.2000000000000000E+001
    90   0.2622245150842058E+001   0.2000000000000000E+001
    91   0.3450718119852673E+001   0.2000000000000000E+001
    92   0.3139328764405743E+001   0.2000000000000000E+001
    93   0.2986039509037843E+001   0.2000000000000000E+001
    94   0.2679506824716629E+001   0.2000000000000000E+001
    95   0.2550865721266729E+001   0.2000000000000000E+001
    96   0.2991279026462240E+001   0.2000000000000000E+001
    97   0.2766228722515825E+001   0.2000000000000000E+001
    98   0.2781541300561202E+001   0.2000000000000000E+001
    99   0.2924396923988289E+001   0.2000000000000000E+001
   100   0.3469410013553477E+001   0.2000000000000000E+001
   101   0.3119959725635691E+001   0.2000000000000000E+001
   102   0.3459566036625396E+001   0.2000000000000000E+001
   103   0.2974459289846449E+001   0.2000000000000000E+001
   104   0.2915322505952112E+001   0.2000000000000000E+001
   105   0.3527088467377048E+001   0.2000000000000000E+001
   106   0.3599887927325989E+001   0.2000000000000000E+001
   107   0.3509976546856391E+001   0.2000000000000000E+001
   108   0.3764342116081308E+001   0.2000000000000000E+001
   109   0.4041646268088613E+001   0.2000000000000000E+001
   110   0.3520386774005790E+001   0.2000000000000000E+001
   111   0.3567396497371036E+001   0.2000000000000000E+001
   112   0.3438981924415399E+001   0.2000000000000000E+001
   113   0.3761581394927550E+001   0.2000000000000000E+001
   114   0.3678962019498608E+001   0.2000000000000000E+001
   115   0.3931567662949312E+001   0.2000000000000000E+001
   116   0.3581204528413081E+001   0.2000000000000000E+001
   117   0.3644149090044076E+001   0.2000000000000000E+001
   118   0.3900595072174336E+001   0.2000000000000000E+001
   119   0.3677846939293243E+001   0.2000000000000000E+001
   120   0.3222118442150750E+001   0.2000000000000000E+001
   121   0.3935208833569429E+001   0.2000000000000000E+001
   122   0.3868929940218143E+001   0.2000000000000000E+001
   123   0.4095104105222824E+001   0.2000000000000000E+001
   124   0.4149793904833447E+001   0.2000000000000000E+001
   125   0.3866376314293505E+001   0.2000000000000000E+001
   126   0.3807978041435385E+001   0.2000000000000000E+001
   127   0.4344286336302111E+001   0.2000000000000000E+001
   128   0.3440480084049572E+001   0.2000000000000000E+001
   129   0.4584475459054111E+001   0.0000000000000000E+000
   130   0.5054237367108097E+001   0.0000000000000000E+000
   131   0.4013770428538788E+001   0.0000000000000000E+000
   132   0.4186861474431398E+001   0.0000000000000000E+000
   133   0.4131550423317218E+001   0.0000000000000000E+000
   134   0.4130025800711358E+001   0.0000000000000000E+000
   135   0.4071476329496208E+001   0.0000000000000000E+000
   136   0.3776074610230646E+001   0.0000000000000000E+000
   137   0.4403068060850907E+001   0.0000000000000000E+000
   138   0.5005762900357571E+001   0.0000000000000000E+000
   139   0.4502854647197571E+001   0.0000000000000000E+000
   140   0.4212423654568297E+001   0.0000000000000000E+000
   141   0.4544531372191163E+001   0.0000000000000000E+000
   142   0.4188084384523229E+001   0.0000000000000000E+000
   143   0.3997115372150347E+001   0.0000000000000000E+000
   144   0.5190013083379818E+001   0.0000000000000000E+000
   145   0.4299033308532749E+001   0.0000000000000000E+000
   146   0.4292768621554027E+001   0.0000000000000000E+000
   147   0.4135257643948250E+001   0.0000000000000000E+000
   148   0.4297803358251917E+001   0.0000000000000000E+000
   149   0.4389817319330774E+001   0.0000000000000000E+000
   150   0.4542000591458888E+001   0.0000000000000000E+000
   151   0.4049888046197091E+001   0.0000000000000000E+000
   152   0.4430232826074080E+001   0.0000000000000000E+000
   153   0.4377852449246574E+001   0.0000000000000000E+000
   154   0.4748322914527527E+001   0.0000000000000000E+000
   155   0.4382347905465108E+001   0.0000000000000000E+000
   156   0.4086779184890506E+001   0.0000000000000000E+000
   157   0.3950282203852862E+001   0.0000000000000000E+000
   158   0.4628005483300407E+001   0.0000000000000000E+000
   159   0.4970979411427642E+001   0.0000000000000000E+000
   160   0.4731954405149395E+001   0.0000000000000000E+000
   161   0.4560032779050027E+001   0.0000000000000000E+000
   162   0.4245893655938277E+001   0.0000000000000000E+000
   163   0.4523262380122547E+001   0.0000000000000000E+000
   164   0.4170520879965653E+001   0.0000000000000000E+000
   165   0.4777954113989782E+001   0.0000000000000000E+000
   166   0.5075328553295122E+001   0.0000000000000000E+000
   167   0.4411405965690893E+001   0.0000000000000000E+000
   168   0.4658342429208016E+001   0.0000000000000000E+000
   169   0.4778542550192905E+001   0.0000000000000000E+000
   170   0.5101901008791855E+001   0.0000000000000000E+000
   171   0.5133162465455529E+001   0.0000000000000000E+000
   172   0.4668566480896710E+001   0.0000000000000000E+000
   173   0.3976302785919643E+001   0.0000000000000000E+000
   174   0.4843200817882875E+001   0.0000000000000000E+000
   175   0.5049824873045250E+001   0.0000000000000000E+000
   176   0.4495895537735680E+001   0.0000000000000000E+000
   177   0.5272193635802979E+001   0.0000000000000000E+000
   178   0.4952239103989088E+001   0.0000000000000000E+000
   179   0.4419789092512995E+001   0.0000000000000000E+000
   180   0.5071631219086130E+001   0.0000000000000000E+000
   181   0.5352105414845387E+001   0.0000000000000000E+000
   182   0.5320379959687254E+001   0.0000000000000000E+000
   183   0.5262192697250552E+001   0.0000000000000000E+000
   184   0.6113211161382810E+001   0.0000000000000000E+000
   185   0.6642674833741802E+001   0.0000000000000000E+000
   186   0.5190490947514252E+001   0.0000000000000000E+000
   187   0.5569428675914732E+001   0.0000000000000000E+000
   188   0.6575104818655050E+001   0.0000000000000000E+000
   189   0.6682310589467475E+001   0.0000000000000000E+000
   190   0.7128964384427516E+001   0.0000000000000000E+000
   191   0.7617739989766095E+001   0.0000000000000000E+000
   192   0.7580786900105806E+001   0.0000000000000000E+000
   193   0.7802265650517400E+001   0.0000000000000000E+000
   194   0.8050273964388678E+001   0.0000000000000000E+000
   195   0.8098400408160192E+001   0.0000000000000000E+000
   196   0.8991724874314889E+001   0.0000000000000000E+000
   197   0.8365161754252281E+001   0.0000000000000000E+000
   198   0.8288178390295984E+001   0.0000000000000000E+000
   199   0.8556327638274279E+001   0.0000000000000000E+000
   200   0.8720985481379266E+001   0.0000000000000000E+000
   201   0.8582219976379363E+001   0.0000000000000000E+000
   202   0.8747590096843883E+001   0.0000000000000000E+000
   203   0.9043173206585964E+001   0.0000000000000000E+000
   204   0.8456637598024912E+001   0.0000000000000000E+000
   205   0.8644393377223167E+001   0.0000000000000000E+000
   206   0.8216710837030275E+001   0.0000000000000000E+000
   207   0.8368235635939984E+001   0.0000000000000000E+000
   208   0.9107629245003546E+001   0.0000000000000000E+000
   209   0.8860782344980041E+001   0.0000000000000000E+000
   210   0.8540768510143502E+001   0.0000000000000000E+000
   211   0.8701417127736574E+001   0.0000000000000000E+000
   212   0.8381701823925887E+001   0.0000000000000000E+000
   213   0.8763644262180817E+001   0.0000000000000000E+000
   214   0.8728694533749854E+001   0.0000000000000000E+000
   215   0.8691733687651865E+001   0.0000000000000000E+000
   216   0.8807089254333539E+001   0.0000000000000000E+000
   217   0.8826852859775995E+001   0.0000000000000000E+000
   218   0.8257839620179212E+001   0.0000000000000000E+000
   219   0.8758750141300576E+001   0.0000000000000000E+000
   220   0.8533505636815129E+001   0.0000000000000000E+000
   221   0.8717716954566594E+001   0.0000000000000000E+000
   222   0.8675788362490826E+001   0.0000000000000000E+000
   223   0.8493700083534108E+001   0.0000000000000000E+000
   224   0.8407809137911039E+001   0.0000000000000000E+000
   225   0.8419379950023796E+001   0.0000000000000000E+000
   226   0.8882096387493954E+001   0.0000000000000000E+000
   227   0.8418312110729179E+001   0.0000000000000000E+000
   228   0.8417248342996324E+001   0.0000000000000000E+000
   229   0.8971915794271368E+001   0.0000000000000000E+000
   230   0.8821769539144379E+001   0.0000000000000000E+000
   231   0.8522721924241987E+001   0.0000000000000000E+000
   232   0.8709731189418669E+001   0.0000000000000000E+000
   233   0.8247815644898550E+001   0.0000000000000000E+000
   234   0.9134806855019860E+001   0.0000000000000000E+000
   235   0.8583435243894517E+001   0.0000000000000000E+000
   236   0.8755712210872002E+001   0.0000000000000000E+000
   237   0.9028567468745281E+001   0.0000000000000000E+000
   238   0.9079349555475275E+001   0.0000000000000000E+000
   239   0.9056095245326492E+001   0.0000000000000000E+000
   240   0.9272034551630867E+001   0.0000000000000000E+000
   241   0.9064784168606533E+001   0.0000000000000000E+000
   242   0.9051550620591820E+001   0.0000000000000000E+000
   243   0.9153493794938969E+001   0.0000000000000000E+000
   244   0.8992033168729762E+001   0.0000000000000000E+000
   245   0.9110817634804796E+001   0.0000000000000000E+000
   246   0.9119533466710973E+001   0.0000000000000000E+000
   247   0.9378125001017358E+001   0.0000000000000000E+000
   248   0.9206121531921351E+001   0.0000000000000000E+000
   249   0.9452317369716033E+001   0.0000000000000000E+000
   250   0.9104818616370252E+001   0.0000000000000000E+000
   251   0.9405262967742102E+001   0.0000000000000000E+000
   252   0.9876948216813011E+001   0.0000000000000000E+000
   253   0.9807679868063527E+001   0.0000000000000000E+000
   254   0.9441896816929901E+001   0.0000000000000000E+000
   255   0.1012535150365742E+002   0.0000000000000000E+000
   256   0.1036528716629327E+002   0.0000000000000000E+000
k=     6,  spin=     1
     1  -0.4752265727552112E+001   0.2000000000000000E+001
     2  -0.6823328964535801E+001   0.2000000000000000E+001
     3  -0.5596370982595433E+001   0.2000000000000000E+001
     4  -0.5328390425421700E+001   0.2000000000000000E+001
     5  -0.5832058721304743E+001   0.2000000000000000E+001
     6  -0.5195503680304271E+001   0.2000000000000000E+001
     7  -0.5038481652210071E+001   0.2000000000000000E+001
     8  -0.5225738257446953E+001   0.2000000000000000E+001
     9  -0.5482589713711259E+001   0.2000000000000000E+001
    10  -0.5960749995473998E+001   0.2000000000000000E+001
    11  -0.6059935802181023E+001   0.2000000000000000E+001
    12  -0.4876646861044899E+001   0.2000000000000000E+001
    13  -0.5607106560301087E+001   0.2000000000000000E+001
    14  -0.6750525500840222E+001   0.2000000000000000E+001
    15  -0.6334620327017903E+001   0.2000000000000000E+001
    16  -0.5609492992058035E+001   0.2000000000000000E+001
    17  -0.5242023991637228E+001   0.2000000000000000E+001
    18  -0.5997898901995418E+001   0.2000000000000000E+001
    19  -0.7013218331840748E+001   0.2000000000000000E+001
    20  -0.6237374042696660E+001   0.2000000000000000E+001
    21  -0.6766340465981316E+001   0.2000000000000000E+001
    22  -0.5905414820229205E+001   0.2000000000000000E+001
    23  -0.6291183163611213E+001   0.2000000000000000E+001
    24  -0.5620619785084160E+001   0.2000000000000000E+001
    25  -0.6129523367100501E+001   0.2000000000000000E+001
    26  -0.5740497070527801E+001   0.2000000000000000E+001
    27  -0.5555108952474032E+001   0.2000000000000000E+001
    28  -0.5852608903255066E+001   0.2000000000000000E+001
    29  -0.4760119834178282E+001   0.2000000000000000E+001
    30  -0.6736286748495156E+001   0.2000000000000000E+001
    31  -0.4889220512159119E+001   0.2000000000000000E+001
    32  -0.6388018449422980E+001   0.2000000000000000E+001
    33  -0.3968600458177517E+001   0.2000000000000000E+001
    34  -0.4530186030473425E+001   0.2000000000000000E+001
    35  -0.4477280064985678E+001   0.2000000000000000E+001
    36  -0.3953060344726331E+001   0.2000000000000000E+001
    37  -0.3714465887739909E+001   0.2000000000000000E+001
    38  -0.4766924670642843E+001   0.2000000000000000E+001
    39  -0.4617326461697234E+001   0.2000000000000000E+001
    40  -0.4115279343039627E+001   0.2000000000000000E+001
    41  -0.4134249283101401E+001   0.2000000000000000E+001
    42  -0.3771010064434961E+001   0.2000000000000000E+001
    43  -0.4323724548740271E+001   0.2000000000000000E+001
    44  -0.3800983011964100E+001   0.2000000000000000E+001
    45  -0.3520590427241090E+001   0.2000000000000000E+001
    46  -0.4036525024333515E+001   0.2000000000000000E+001
    47  -0.3514006168843080E+001   0.2000000000000000E+001
    48  -0.4522316718845620E+001   0.2000000000000000E+001
    49  -0.3803939747008893E+001   0.2000000000000000E+001
    50  -0.3497915631432567E+001   0.2000000000000000E+001
    51  -0.3729767610737668E+001   0.2000000000000000E+001
    52  -0.4032132150234088E+001   0.2000000000000000E+001
    53  -0.4312218804149386E+001   0.2000000000000000E+001
    54  -0.2984914539192697E+001   0.2000000000000000E+001
    55  -0.4121231112984526E+001   0.2000000000000000E+001
    56  -0.2646816711474981E+001   0.2000000000000000E+001
    57  -0.3240877331972069E+001   0.2000000000000000E+001
    58  -0.2616051083749992E+001   0.2000000000000000E+001
    59  -0.3869903872698973E+001   0.2000000000000000E+001
    60  -0.2948345127223550E+001   0.2000000000000000E+001
    61  -0.1588358899700030E+001   0.2000000000000000E+001
    62  -0.1822967875402308E+001   0.2000000000000000E+001
    63  -0.2412222788380979E+001   0.2000000000000000E+001
    64   0.3110674009604965E+001   0.2000000000000000E+001
    65   0.2562918833022387E+001   0.2000000000000000E+001
    66   0.2219433145805699E+001   0.2000000000000000E+001
    67   0.2394783578249362E+001   0.2000000000000000E+001
    68   0.2417203917738532E+001   0.2000000000000000E+001
    69   0.1908736084871718E+001   0.2000000000000000E+001
    70   0.2340577871384971E+001   0.2000000000000000E+001
    71   0.2205329164625501E+001   0.2000000000000000E+001
    72   0.2354205673042452E+001   0.2000000000000000E+001
    73   0.1866069852830762E+001   0.2000000000000000E+001
    74   0.1342431109892172E+001   0.2000000000000000E+001
    75   0.2757555570591134E+001   0.2000000000000000E+001
    76   0.2850269421967822E+001   0.2000000000000000E+001
    77   0.2448368490181417E+001   0.2000000000000000E+001
    78   0.2947633295669892E+001   0.2000000000000000E+001
    79   0.2601998929317678E+001   0.2000000000000000E+001
    80   0.2399730147874469E+001   0.2000000000000000E+001
    81   0.2744679371200155E+001   0.2000000000000000E+001
    82   0.3210428692609046E+001   0.2000000000000000E+001
    83   0.2865695187008328E+001   0.2000000000000000E+001
    84   0.3249702641344735E+001   0.2000000000000000E+001
    85   0.1948297587824217E+001   0.2000000000000000E+001
    86   0.2967288539120351E+001   0.2000000000000000E+001
    87   0.3125113736618244E+001   0.2000000000000000E+001
    88   0.2182523211179205E+001   0.2000000000000000E+001
    89   0.2917989693647439E+001   0.2000000000000000E+001
    90   0.2803386650665422E+001   0.2000000000000000E+001
    91   0.2362750671717588E+001   0.2000000000000000E+001
    92   0.2687440220768450E+001   0.2000000000000000E+001
    93   0.3598932772143002E+001   0.2000000000000000E+001
    94   0.2928819880357531E+001   0.2000000000000000E+001
    95   0.3071205207431020E+001   0.2000000000000000E+001
    96   0.2928986980230828E+001   0.2000000000000000E+001
    97   0.2388629108630675E+001   0.2000000000000000E+001
    98   0.3028343978748358E+001   0.2000000000000000E+001
    99   0.2673944320453433E+001   0.2000000000000000E+001
   100   0.2952044100426628E+001   0.2000000000000000E+001
   101   0.2286741289906840E+001   0.2000000000000000E+001
   102   0.3875417095552960E+001   0.2000000000000000E+001
   103   0.3714767687267247E+001   0.2000000000000000E+001
   104   0.3887910220100527E+001   0.2000000000000000E+001
   105   0.2687800201646517E+001   0.2000000000000000E+001
   106   0.2947008957536746E+001   0.2000000000000000E+001
   107   0.3080786974206279E+001   0.2000000000000000E+001
   108   0.3363842230398987E+001   0.2000000000000000E+001
   109   0.3408350663066888E+001   0.2000000000000000E+001
   110   0.2853021278303049E+001   0.2000000000000000E+001
   111   0.3295599356985853E+001   0.2000000000000000E+001
   112   0.3950666498329055E+001   0.2000000000000000E+001
   113   0.3665825068175723E+001   0.2000000000000000E+001
   114   0.2984174912634770E+001   0.2000000000000000E+001
   115   0.3489425178135137E+001   0.2000000000000000E+001
   116   0.4117441547479343E+001   0.2000000000000000E+001
   117   0.3390656584675261E+001   0.2000000000000000E+001
   118   0.3230848262269270E+001   0.2000000000000000E+001
   119   0.3537243254549499E+001   0.2000000000000000E+001
   120   0.3358813884743063E+001   0.2000000000000000E+001
   121   0.3830774883380969E+001   0.2000000000000000E+001
   122   0.4113141015182563E+001   0.2000000000000000E+001
   123   0.3734652331546721E+001   0.2000000000000000E+001
   124   0.3762191952127697E+001   0.2000000000000000E+001
   125   0.3957207620054163E+001   0.2000000000000000E+001
   126   0.3213000337833152E+001   0.2000000000000000E+001
   127   0.4001340508643456E+001   0.2000000000000000E+001
   128   0.4363727585399121E+001   0.2000000000000000E+001
   129   0.4365715790689712E+001   0.0000000000000000E+000
   130   0.4250340437245851E+001   0.0000000000000000E+000
   131   0.3811500614663664E+001   0.0000000000000000E+000
   132   0.4390464545694279E+001   0.0000000000000000E+000
   133   0.3970793267027028E+001   0.0000000000000000E+000
   134   0.4416792962550757E+001   0.0000000000000000E+000
   135   0.4411399116438671E+001   0.0000000000000000E+000
   136   0.4301901051516309E+001   0.0000000000000000E+000
   137   0.3621294165645186E+001   0.0000000000000000E+000
   138   0.4788779787553378E+001   0.0000000000000000E+000
   139   0.4500582663656825E+001   0.0000000000000000E+000
   140   0.4432096560038812E+001   0.0000000000000000E+000
   141   0.4217134983637987E+001   0.0000000000000000E+000
   142   0.4513126713366661E+001   0.0000000000000000E+000
   143   0.3937347289799665E+001   0.0000000000000000E+000
   144   0.4387533556623007E+001   0.0000000000000000E+000
   145   0.4016298452896567E+001   0.0000000000000000E+000
   146   0.4730403767145171E+001   0.0000000000000000E+000
   147   0.4130098400729275E+001   0.0000000000000000E+000
   148   0.4242036604224079E+001   0.0000000000000000E+000
   149   0.4247787054059754E+001   0.0000000000000000E+000
   150   0.4105662901036530E+001   0.0000000000000000E+000
   151   0.4329365048229386E+001   0.0000000000000000E+000
   152   0.4501561689870801E+001   0.0000000000000000E+000
   153   0.4705998971780188E+001   0.0000000000000000E+000
   154   0.4738486721022986E+001   0.0000000000000000E+000
   155   0.5065013328325008E+001   0.0000000000000000E+000
   156   0.4158533956017521E+001   0.0000000000000000E+000
   157   0.4032811571960978E+001   0.0000000000000000E+000
   158   0.4488068794459001E+001   0.0000000000000000E+000
   159   0.4553321388529810E+001   0.0000000000000000E+000
   160   0.4543912497222093E+001   0.0000000000000000E+000
   161   0.4620671479987361E+001   0.0000000000000000E+000
   162   0.4468483897208347E+001   0.0000000000000000E+000
   163   0.4510881428350097E+001   0.0000000000000000E+000
   164   0.4458194748990069E+001   0.0000000000000000E+000
   165   0.4559760158728336E+001   0.0000000000000000E+000
   166   0.4324193324581686E+001   0.0000000000000000E+000
   167   0.4291424636608191E+001   0.0000000000000000E+000
   168   0.4264667137576032E+001   0.0000000000000000E+000
   169   0.4453928717620677E+001   0.0000000000000000E+000
   170   0.5285989716213442E+001   0.0000000000000000E+000
   171   0.5066625061716494E+001   0.0000000000000000E+000
   172   0.4428442893176769E+001   0.0000000000000000E+000
   173   0.4378959248708779E+001   0.0000000000000000E+000
   174   0.4607597060744826E+001   0.0000000000000000E+000
   175   0.4540077043325485E+001   0.0000000000000000E+000
   176   0.4740422078099560E+001   0.0000000000000000E+000
   177   0.4621254610896630E+001   0.0000000000000000E+000
   178   0.4320204114400841E+001   0.0000000000000000E+000
   179   0.5037721517631794E+001   0.0000000000000000E+000
   180   0.5086766621699500E+001   0.0000000000000000E+000
   181   0.4779795916674463E+001   0.0000000000000000E+000
   182   0.4765163473005590E+001   0.0000000000000000E+000
   183   0.5045010054366204E+001   0.0000000000000000E+000
   184   0.4861115135308762E+001   0.0000000000000000E+000
   185   0.5262249005704473E+001   0.0000000000000000E+000
   186   0.5038909058514110E+001   0.0000000000000000E+000
   187   0.5567794331371350E+001   0.0000000000000000E+000
   188   0.5957660908001428E+001   0.0000000000000000E+000
   189   0.6583939858838492E+001   0.0000000000000000E+000
   190   0.6643262484031651E+001   0.0000000000000000E+000
   191   0.7554297903148585E+001   0.0000000000000000E+000
   192   0.7229340635058941E+001   0.0000000000000000E+000
   193   0.8806612277477711E+001   0.0000000000000000E+000
   194   0.7473489365053319E+001   0.0000000000000000E+000
   195   0.7626967073545171E+001   0.0000000000000000E+000
   196   0.7919852417153220E+001   0.0000000000000000E+000
   197   0.8538326370048692E+001   0.0000000000000000E+000
   198   0.8415944212601824E+001   0.0000000000000000E+000
   199   0.8406385355848052E+001   0.0000000000000000E+000
   200   0.8812935225480475E+001   0.0000000000000000E+000
   201   0.8346811372056198E+001   0.0000000000000000E+000
   202   0.8442877297550336E+001   0.0000000000000000E+000
   203   0.8603683652179800E+001   0.0000000000000000E+000
   204   0.8589816303732629E+001   0.0000000000000000E+000
   205   0.8728751509393909E+001   0.0000000000000000E+000
   206   0.8631128378600444E+001   0.0000000000000000E+000
   207   0.8660691072087216E+001   0.0000000000000000E+000
   208   0.8647972365415312E+001   0.0000000000000000E+000
   209   0.8505809886354090E+001   0.0000000000000000E+000
   210   0.8503100164188197E+001   0.0000000000000000E+000
   211   0.8633562086394946E+001   0.0000000000000000E+000
   212   0.8961927499676879E+001   0.0000000000000000E+000
   213   0.8781745726332092E+001   0.0000000000000000E+000
   214   0.9174126527920080E+001   0.0000000000000000E+000
   215   0.8665785650681965E+001   0.0000000000000000E+000
   216   0.8623759802117338E+001   0.0000000000000000E+000
   217   0.8843286495091387E+001   0.0000000000000000E+000
   218   0.8879774262380721E+001   0.0000000000000000E+000
   219   0.8830454060207593E+001   0.0000000000000000E+000
   220   0.8969958779554803E+001   0.0000000000000000E+000
   221   0.8806120836628375E+001   0.0000000000000000E+000
   222   0.9012353016945594E+001   0.0000000000000000E+000
   223   0.8822560337000947E+001   0.0000000000000000E+000
   224   0.8735716183027117E+001   0.0000000000000000E+000
   225   0.8784060431427083E+001   0.0000000000000000E+000
   226   0.8889366930979538E+001   0.0000000000000000E+000
   227   0.8451026122473461E+001   0.0000000000000000E+000
   228   0.8572840106378752E+001   0.0000000000000000E+000
   229   0.8369441582688212E+001   0.0000000000000000E+000
   230   0.8627580557216634E+001   0.0000000000000000E+000
   231   0.9264213359382254E+001   0.0000000000000000E+000
   232   0.8987519572142244E+001   0.0000000000000000E+000
   233   0.8801423456590433E+001   0.0000000000000000E+000
   234   0.8530456327131915E+001   0.0000000000000000E+000
   235   0.8744412160791832E+001   0.0000000000000000E+000
   236   0.8629727172960740E+001   0.0000000000000000E+000
   237   0.8639612292576500E+001   0.0000000000000000E+000
   238   0.9068452359949951E+001   0.0000000000000000E+000
   239   0.8877371677060902E+001   0.0000000000000000E+000
   240   0.8746919056742815E+001   0.0000000000000000E+000
   241   0.8749324783384857E+001   0.0000000000000000E+000
   242   0.9334103170446024E+001   0.0000000000000000E+000
   243   0.8698264314094139E+001   0.0000000000000000E+000
   244   0.8813483506405529E+001   0.0000000000000000E+000
   245   0.9246462298812711E+001   0.0000000000000000E+000
   246   0.8867509808966684E+001   0.0000000000000000E+000
   247   0.9203883896368604E+001   0.0000000000000000E+000
   248   0.9051186447253544E+001   0.0000000000000000E+000
   249   0.9460563237383358E+001   0.0000000000000000E+000
   250   0.8947100774777612E+001   0.0000000000000000E+000
   251   0.9423548689840214E+001   0.0000000000000000E+000
   252   0.9072789765666503E+001   0.0000000000000000E+000
   253   0.9296627992432454E+001   0.0000000000000000E+000
   254   0.9260009526688387E+001   0.0000000000000000E+000
   255   0.9615138064009434E+001   0.0000000000000000E+000
   256   0.9346121609303385E+001   0.0000000000000000E+000
k=     7,  spin=     1
     1  -0.4717739053606270E+001   0.2000000000000000E+001
     2  -0.6891122488629538E+001   0.2000000000000000E+001
     3  -0.5210713839258375E+001   0.2000000000000000E+001
     4  -0.5770405576762749E+001   0.2000000000000000E+001
     5  -0.5520656457772290E+001   0.2000000000000000E+001
     6  -0.5424056803687258E+001   0.2000000000000000E+001
     7  -0.5211220564829363E+001   0.2000000000000000E+001
     8  -0.5049236201429980E+001   0.2000000000000000E+001
     9  -0.5660761836466454E+001   0.2000000000000000E+001
    10  -0.5550483840979954E+001   0.2000000000000000E+001
    11  -0.5971569797476752E+001   0.2000000000000000E+001
    12  -0.5956205439402877E+001   0.2000000000000000E+001
    13  -0.6687899294094505E+001   0.2000000000000000E+001
    14  -0.5063452954259527E+001   0.2000000000000000E+001
    15  -0.5869760949321482E+001   0.2000000000000000E+001
    16  -0.5917894683698072E+001   0.2000000000000000E+001
    17  -0.6675353007106178E+001   0.2000000000000000E+001
    18  -0.5495558595366884E+001   0.2000000000000000E+001
    19  -0.6409849303850262E+001   0.2000000000000000E+001
    20  -0.6475713943067237E+001   0.2000000000000000E+001
    21  -0.6648923664674645E+001   0.2000000000000000E+001
    22  -0.5473835201826187E+001   0.2000000000000000E+001
    23  -0.6681151189053738E+001   0.2000000000000000E+001
    24  -0.5915871707102316E+001   0.2000000000000000E+001
    25  -0.6583013073201584E+001   0.2000000000000000E+001
    26  -0.6681771406818272E+001   0.2000000000000000E+001
    27  -0.6094333354743405E+001   0.2000000000000000E+001
    28  -0.5322552702475855E+001   0.2000000000000000E+001
    29  -0.5093258739690171E+001   0.2000000000000000E+001
    30  -0.6223997500186380E+001   0.2000000000000000E+001
    31  -0.4054464532112783E+001   0.2000000000000000E+001
    32  -0.6045273800776775E+001   0.2000000000000000E+001
    33  -0.5196915233203759E+001   0.2000000000000000E+001
    34  -0.4443704875982365E+001   0.2000000000000000E+001
    35  -0.4703765844515632E+001   0.2000000000000000E+001
    36  -0.4603698168742497E+001   0.2000000000000000E+001
    37  -0.4448203094900160E+001   0.2000000000000000E+001
    38  -0.3819422156027933E+001   0.2000000000000000E+001
    39  -0.4203715650468720E+001   0.2000000000000000E+001
    40  -0.3509949265782728E+001   0.2000000000000000E+001
    41  -0.3704294078061496E+001   0.2000000000000000E+001
    42  -0.3530566485130330E+001   0.2000000000000000E+001
    43  -0.4228187594650514E+001   0.2000000000000000E+001
    44  -0.3944337164649650E+001   0.2000000000000000E+001
    45  -0.3782967223413169E+001   0.2000000000000000E+001
    46  -0.3187409164148935E+001   0.2000000000000000E+001
    47  -0.4122106669198245E+001   0.2000000000000000E+001
    48  -0.4948160759611065E+001   0.2000000000000000E+001
    49  -0.3772350285672937E+001   0.2000000000000000E+001
    50  -0.4419686443272305E+001   0.2000000000000000E+001
    51  -0.3998715459850810E+001   0.2000000000000000E+001
    52  -0.3329776761903917E+001   0.2000000000000000E+001
    53  -0.4011899986046120E+001   0.2000000000000000E+001
    54  -0.3440347100596052E+001   0.2000000000000000E+001
    55  -0.3299258705764879E+001   0.2000000000000000E+001
    56  -0.2669111252218539E+001   0.2000000000000000E+001
    57  -0.3079223006273415E+001   0.2000000000000000E+001
    58  -0.3779106878110415E+001   0.2000000000000000E+001
    59  -0.3037163331286988E+001   0.2000000000000000E+001
    60  -0.3369007109380804E+001   0.2000000000000000E+001
    61  -0.1447008455574457E+001   0.2000000000000000E+001
    62  -0.2069318124368445E+001   0.2000000000000000E+001
    63  -0.2148613675517595E+001   0.2000000000000000E+001
    64   0.3473733751607446E+001   0.2000000000000000E+001
    65   0.2795912902985534E+001   0.2000000000000000E+001
    66   0.2481721188586353E+001   0.2000000000000000E+001
    67   0.2075812549253070E+001   0.2000000000000000E+001
    68   0.2694077056500447E+001   0.2000000000000000E+001
    69   0.2191083751903136E+001   0.2000000000000000E+001
    70   0.1854523314988392E+001   0.2000000000000000E+001
    71   0.2078595141928946E+001   0.2000000000000000E+001
    72   0.2308574174315503E+001   0.2000000000000000E+001
    73   0.1654988264188303E+001   0.2000000000000000E+001
    74   0.2688433294652814E+001   0.2000000000000000E+001
    75   0.2440110008662911E+001   0.2000000000000000E+001
    76   0.2239016995204993E+001   0.2000000000000000E+001
    77   0.3269783914313567E+001   0.2000000000000000E+001
    78   0.2736897925991564E+001   0.2000000000000000E+001
    79   0.2913325029226211E+001   0.2000000000000000E+001
    80   0.3065986327011082E+001   0.2000000000000000E+001
    81   0.2223070297042725E+001   0.2000000000000000E+001
    82   0.2815349971949541E+001   0.2000000000000000E+001
    83   0.2885357170892521E+001   0.2000000000000000E+001
    84   0.3241370530104640E+001   0.2000000000000000E+001
    85   0.2932674708725823E+001   0.2000000000000000E+001
    86   0.2613057747864146E+001   0.2000000000000000E+001
    87   0.2466867951182031E+001   0.2000000000000000E+001
    88   0.2697223637756864E+001   0.2000000000000000E+001
    89   0.2883659117745392E+001   0.2000000000000000E+001
    90   0.3013899863442720E+001   0.2000000000000000E+001
    91   0.2905448754631092E+001   0.2000000000000000E+001
    92   0.2774582408465823E+001   0.2000000000000000E+001
    93   0.2741890717625592E+001   0.2000000000000000E+001
    94   0.2779238522567566E+001   0.2000000000000000E+001
    95   0.2672088033399815E+001   0.2000000000000000E+001
    96   0.2356117022371077E+001   0.2000000000000000E+001
    97   0.2401428369110589E+001   0.2000000000000000E+001
    98   0.3027321151422924E+001   0.2000000000000000E+001
    99   0.3174929083136306E+001   0.2000000000000000E+001
   100   0.3340032341654569E+001   0.2000000000000000E+001
   101   0.2914177624276596E+001   0.2000000000000000E+001
   102   0.3279170276679378E+001   0.2000000000000000E+001
   103   0.3504292202675144E+001   0.2000000000000000E+001
   104   0.3129924926376597E+001   0.2000000000000000E+001
   105   0.3163134004598774E+001   0.2000000000000000E+001
   106   0.3789448430452786E+001   0.2000000000000000E+001
   107   0.3465750042382832E+001   0.2000000000000000E+001
   108   0.3390620996733457E+001   0.2000000000000000E+001
   109   0.4035125675667812E+001   0.2000000000000000E+001
   110   0.3987577779390427E+001   0.2000000000000000E+001
   111   0.3906160187127516E+001   0.2000000000000000E+001
   112   0.2958607202292011E+001   0.2000000000000000E+001
   113   0.3347996715910228E+001   0.2000000000000000E+001
   114   0.3553189197045850E+001   0.2000000000000000E+001
   115   0.3675037217388415E+001   0.2000000000000000E+001
   116   0.3263456498449291E+001   0.2000000000000000E+001
   117   0.4084799216176886E+001   0.2000000000000000E+001
   118   0.3903982160021304E+001   0.2000000000000000E+001
   119   0.3681864571564591E+001   0.2000000000000000E+001
   120   0.3296419813922431E+001   0.2000000000000000E+001
   121   0.3233781128570333E+001   0.2000000000000000E+001
   122   0.3453236685036092E+001   0.2000000000000000E+001
   123   0.4188095837546583E+001   0.2000000000000000E+001
   124   0.4037225655054959E+001   0.2000000000000000E+001
   125   0.3508530649789400E+001   0.2000000000000000E+001
   126   0.3867311635813508E+001   0.2000000000000000E+001
   127   0.3828500652049097E+001   0.2000000000000000E+001
   128   0.4053049869566999E+001   0.2000000000000000E+001
   129   0.4303862991541879E+001   0.0000000000000000E+000
   130   0.4643241388995158E+001   0.0000000000000000E+000
   131   0.4245326517488290E+001   0.0000000000000000E+000
   132   0.4424774887802140E+001   0.0000000000000000E+000
   133   0.4178256017690313E+001   0.0000000000000000E+000
   134   0.3822530729331516E+001   0.0000000000000000E+000
   135   0.4267922484354951E+001   0.0000000000000000E+000
   136   0.4198330601794300E+001   0.0000000000000000E+000
   137   0.4205248429331444E+001   0.0000000000000000E+000
   138   0.4390776827650139E+001   0.0000000000000000E+000
   139   0.4077830226028856E+001   0.0000000000000000E+000
   140   0.4729187454552148E+001   0.0000000000000000E+000
   141   0.4701398240008619E+001   0.0000000000000000E+000
   142   0.4831376308602421E+001   0.0000000000000000E+000
   143   0.4521766294391074E+001   0.0000000000000000E+000
   144   0.4483401324980904E+001   0.0000000000000000E+000
   145   0.4685738190180436E+001   0.0000000000000000E+000
   146   0.4301564587277666E+001   0.0000000000000000E+000
   147   0.4681154386461746E+001   0.0000000000000000E+000
   148   0.4916910179725074E+001   0.0000000000000000E+000
   149   0.4758740958826340E+001   0.0000000000000000E+000
   150   0.4571283347022304E+001   0.0000000000000000E+000
   151   0.4324796129861982E+001   0.0000000000000000E+000
   152   0.3822798613607378E+001   0.0000000000000000E+000
   153   0.4102720809185876E+001   0.0000000000000000E+000
   154   0.4704144720118039E+001   0.0000000000000000E+000
   155   0.4537215839487391E+001   0.0000000000000000E+000
   156   0.3639951842781157E+001   0.0000000000000000E+000
   157   0.4654054790695698E+001   0.0000000000000000E+000
   158   0.4299273793437149E+001   0.0000000000000000E+000
   159   0.4142702675818389E+001   0.0000000000000000E+000
   160   0.4149849639613258E+001   0.0000000000000000E+000
   161   0.4368732326859819E+001   0.0000000000000000E+000
   162   0.4893509021748782E+001   0.0000000000000000E+000
   163   0.4666477532629551E+001   0.0000000000000000E+000
   164   0.4476943384731221E+001   0.0000000000000000E+000
   165   0.5251171482403088E+001   0.0000000000000000E+000
   166   0.4285022732070441E+001   0.0000000000000000E+000
   167   0.4868393466454922E+001   0.0000000000000000E+000
   168   0.4419937403933012E+001   0.0000000000000000E+000
   169   0.4236245139717577E+001   0.0000000000000000E+000
   170   0.4533318888920120E+001   0.0000000000000000E+000
   171   0.4574815903936573E+001   0.0000000000000000E+000
   172   0.4701928845732037E+001   0.0000000000000000E+000
   173   0.4604870627995832E+001   0.0000000000000000E+000
   174   0.5146550318934670E+001   0.0000000000000000E+000
   175   0.4809688681819853E+001   0.0000000000000000E+000
   176   0.4381878318994260E+001   0.0000000000000000E+000
   177   0.4715734918357316E+001   0.0000000000000000E+000
   178   0.5010686810370710E+001   0.0000000000000000E+000
   179   0.4784085060764372E+001   0.0000000000000000E+000
   180   0.4655616362043532E+001   0.0000000000000000E+000
   181   0.5141327476999424E+001   0.0000000000000000E+000
   182   0.4847809015151694E+001   0.0000000000000000E+000
   183   0.5143419026685860E+001   0.0000000000000000E+000
   184   0.5141063940357981E+001   0.0000000000000000E+000
   185   0.5495034173894739E+001   0.0000000000000000E+000
   186   0.5122294250193010E+001   0.0000000000000000E+000
   187   0.5188943376857234E+001   0.0000000000000000E+000
   188   0.6051340166917270E+001   0.0000000000000000E+000
   189   0.5861292479348965E+001   0.0000000000000000E+000
   190   0.6851464087725119E+001   0.0000000000000000E+000
   191   0.7537198373072140E+001   0.0000000000000000E+000
   192   0.7989638521703927E+001   0.0000000000000000E+000
   193   0.8256704577123008E+001   0.0000000000000000E+000
   194   0.8661583534931385E+001   0.0000000000000000E+000
   195   0.8773132118113939E+001   0.0000000000000000E+000
   196   0.7883927973901029E+001   0.0000000000000000E+000
   197   0.8640662328143224E+001   0.0000000000000000E+000
   198   0.8211283691564489E+001   0.0000000000000000E+000
   199   0.8598056574192176E+001   0.0000000000000000E+000
   200   0.9086217666611912E+001   0.0000000000000000E+000
   201   0.7927135502915019E+001   0.0000000000000000E+000
   202   0.8622132375054813E+001   0.0000000000000000E+000
   203   0.8956057328645960E+001   0.0000000000000000E+000
   204   0.8600808130446156E+001   0.0000000000000000E+000
   205   0.8398697298544649E+001   0.0000000000000000E+000
   206   0.8266817400825831E+001   0.0000000000000000E+000
   207   0.8578935219160288E+001   0.0000000000000000E+000
   208   0.8277174925302752E+001   0.0000000000000000E+000
   209   0.8708623494974677E+001   0.0000000000000000E+000
   210   0.8751883538582231E+001   0.0000000000000000E+000
   211   0.8741531359246048E+001   0.0000000000000000E+000
   212   0.8704116050059980E+001   0.0000000000000000E+000
   213   0.8650953656767614E+001   0.0000000000000000E+000
   214   0.8607526927651293E+001   0.0000000000000000E+000
   215   0.8617151396178693E+001   0.0000000000000000E+000
   216   0.8554243318721456E+001   0.0000000000000000E+000
   217   0.8772958294411220E+001   0.0000000000000000E+000
   218   0.8594535178668554E+001   0.0000000000000000E+000
   219   0.8851968544001277E+001   0.0000000000000000E+000
   220   0.8750860067396204E+001   0.0000000000000000E+000
   221   0.8484727423139235E+001   0.0000000000000000E+000
   222   0.8610443932964339E+001   0.0000000000000000E+000
   223   0.8827346752557860E+001   0.0000000000000000E+000
   224   0.8445707086844449E+001   0.0000000000000000E+000
   225   0.8557852394712702E+001   0.0000000000000000E+000
   226   0.8979527220779081E+001   0.0000000000000000E+000
   227   0.8956090674704773E+001   0.0000000000000000E+000
   228   0.8332663571615843E+001   0.0000000000000000E+000
   229   0.8664588946203516E+001   0.0000000000000000E+000
   230   0.8678099624557026E+001   0.0000000000000000E+000
   231   0.8446770131385328E+001   0.0000000000000000E+000
   232   0.8155334983324121E+001   0.0000000000000000E+000
   233   0.8365227227317652E+001   0.0000000000000000E+000
   234   0.8732858259254966E+001   0.0000000000000000E+000
   235   0.8482781648128851E+001   0.0000000000000000E+000
   236   0.8074429511362807E+001   0.0000000000000000E+000
   237   0.8503303654884402E+001   0.0000000000000000E+000
   238   0.8654492607694477E+001   0.0000000000000000E+000
   239   0.8861399285046490E+001   0.0000000000000000E+000
   240   0.8825752586026647E+001   0.0000000000000000E+000
   241   0.9136644379993264E+001   0.0000000000000000E+000
   242   0.8833880506933562E+001   0.0000000000000000E+000
   243   0.8897739508489986E+001   0.0000000000000000E+000
   244   0.8906680479302075E+001   0.0000000000000000E+000
   245   0.9131151817151471E+001   0.0000000000000000E+000
   246   0.9300887518556486E+001   0.0000000000000000E+000
   247   0.9236373264657493E+001   0.0000000000000000E+000
   248   0.9160636790186304E+001   0.0000000000000000E+000
   249   0.9057040053683256E+001   0.0000000000000000E+000
   250   0.9361076873177918E+001   0.0000000000000000E+000
   251   0.9325372995897583E+001   0.0000000000000000E+000
   252   0.9206098066654276E+001   0.0000000000000000E+000
   253   0.8940363273212702E+001   0.0000000000000000E+000
   254   0.9866787183698204E+001   0.0000000000000000E+000
   255   0.9650319838663087E+001   0.0000000000000000E+000
   256   0.9801405091494967E+001   0.0000000000000000E+000
k=     8,  spin=     1
     1  -0.4620820998202407E+001   0.2000000000000000E+001
     2  -0.6960781587179831E+001   0.2000000000000000E+001
     3  -0.5158373592875265E+001   0.2000000000000000E+001
     4  -0.5885150568672265E+001   0.2000000000000000E+001
     5  -0.5791402602576807E+001   0.2000000000000000E+001
     6  -0.5032257487375909E+001   0.2000000000000000E+001
     7  -0.5139561026854978E+001   0.2000000000000000E+001
     8  -0.5029503322753564E+001   0.2000000000000000E+001
     9  -0.5214300371253043E+001   0.2000000000000000E+001
    10  -0.5523960457228895E+001   0.2000000000000000E+001
    11  -0.6597800061136090E+001   0.2000000000000000E+001
    12  -0.6324990559401518E+001   0.2000000000000000E+001
    13  -0.6620104478731239E+001   0.2000000000000000E+001
    14  -0.4676409414823238E+001   0.2000000000000000E+001
    15  -0.6477084789979171E+001   0.2000000000000000E+001
    16  -0.5636665354569333E+001   0.2000000000000000E+001
    17  -0.5165066041415850E+001   0.2000000000000000E+001
    18  -0.6530778823306142E+001   0.2000000000000000E+001
    19  -0.6315425597077385E+001   0.2000000000000000E+001
    20  -0.6134380092104326E+001   0.2000000000000000E+001
    21  -0.6579432353839221E+001   0.2000000000000000E+001
    22  -0.5713309522697545E+001   0.2000000000000000E+001
    23  -0.6855477837745282E+001   0.2000000000000000E+001
    24  -0.6074740199972047E+001   0.2000000000000000E+001
    25  -0.6654458273952657E+001   0.2000000000000000E+001
    26  -0.6304462593282602E+001   0.2000000000000000E+001
    27  -0.6021251897672006E+001   0.2000000000000000E+001
    28  -0.4715765405079529E+001   0.2000000000000000E+001
    29  -0.5056226916984261E+001   0.2000000000000000E+001
    30  -0.6352121912801423E+001   0.2000000000000000E+001
    31  -0.4697943563786030E+001   0.2000000000000000E+001
    32  -0.5308793487096505E+001   0.2000000000000000E+001
    33  -0.5326778714089254E+001   0.2000000000000000E+001
    34  -0.4906464431760432E+001   0.2000000000000000E+001
    35  -0.5297159235379104E+001   0.2000000000000000E+001
    36  -0.3982817985358662E+001   0.2000000000000000E+001
    37  -0.3966285347996213E+001   0.2000000000000000E+001
    38  -0.4064787288315900E+001   0.2000000000000000E+001
    39  -0.4369779474805610E+001   0.2000000000000000E+001
    40  -0.3372266946081680E+001   0.2000000000000000E+001
    41  -0.3417327015171397E+001   0.2000000000000000E+001
    42  -0.3960927761826819E+001   0.2000000000000000E+001
    43  -0.4327235568872879E+001   0.2000000000000000E+001
    44  -0.3668268809147267E+001   0.2000000000000000E+001
    45  -0.4162172548605560E+001   0.2000000000000000E+001
    46  -0.3266860775439664E+001   0.2000000000000000E+001
    47  -0.3953383477497867E+001   0.2000000000000000E+001
    48  -0.4226197575277795E+001   0.2000000000000000E+001
    49  -0.4878821995595515E+001   0.2000000000000000E+001
    50  -0.3905750338038825E+001   0.2000000000000000E+001
    51  -0.4098679040260176E+001   0.2000000000000000E+001
    52  -0.2995235658830581E+001   0.2000000000000000E+001
    53  -0.3438864125711673E+001   0.2000000000000000E+001
    54  -0.4572451143418261E+001   0.2000000000000000E+001
    55  -0.3235181020860355E+001   0.2000000000000000E+001
    56  -0.2777301357987166E+001   0.2000000000000000E+001
    57  -0.2998254606369337E+001   0.2000000000000000E+001
    58  -0.3565305930627205E+001   0.2000000000000000E+001
    59  -0.3568168761800075E+001   0.2000000000000000E+001
    60  -0.3153970461736049E+001   0.2000000000000000E+001
    61  -0.1246809661127343E+001   0.2000000000000000E+001
    62  -0.2296893301556111E+001   0.2000000000000000E+001
    63  -0.1991183286654441E+001   0.2000000000000000E+001
    64   0.3234556907654542E+001   0.2000000000000000E+001
    65   0.2992979956859203E+001   0.2000000000000000E+001
    66   0.3019665016794151E+001   0.2000000000000000E+001
    67   0.2299349229843613E+001   0.2000000000000000E+001
    68   0.2558389729624900E+001   0.2000000000000000E+001
    69   0.2448343223608869E+001   0.2000000000000000E+001
    70   0.2501688153575037E+001   0.2000000000000000E+001
    71   0.2207928992902405E+001   0.2000000000000000E+001
    72   0.2621923040224866E+001   0.2000000000000000E+001
    73   0.9567977442240023E+000   0.2000000000000000E+001
    74   0.2099347808124127E+001   0.2000000000000000E+001
    75   0.2780605713919170E+001   0.2000000000000000E+001
    76   0.2489369433747068E+001   0.2000000000000000E+001
    77   0.2898626060907328E+001   0.2000000000000000E+001
    78   0.3395660064907395E+001   0.2000000000000000E+001
    79   0.2869845860180066E+001   0.2000000000000000E+001
    80   0.2916975981507908E+001   0.2000000000000000E+001
    81   0.2928731014732011E+001   0.2000000000000000E+001
    82   0.2117568152044744E+001   0.2000000000000000E+001
    83   0.2623340197603694E+001   0.2000000000000000E+001
    84   0.2649641238857499E+001   0.2000000000000000E+001
    85   0.2743906791097964E+001   0.2000000000000000E+001
    86   0.3186298833561047E+001   0.2000000000000000E+001
    87   0.2737657809070663E+001   0.2000000000000000E+001
    88   0.2828952744377469E+001   0.2000000000000000E+001
    89   0.2569870640131398E+001   0.2000000000000000E+001
    90   0.2727624080443973E+001   0.2000000000000000E+001
    91   0.3095455109933759E+001   0.2000000000000000E+001
    92   0.2408037231394187E+001   0.2000000000000000E+001
    93   0.2555242829178069E+001   0.2000000000000000E+001
    94   0.2984466348847082E+001   0.2000000000000000E+001
    95   0.2489340652360762E+001   0.2000000000000000E+001
    96   0.2909323371221553E+001   0.2000000000000000E+001
    97   0.2932965196692263E+001   0.2000000000000000E+001
    98   0.2755293911145259E+001   0.2000000000000000E+001
    99   0.3198282739947077E+001   0.2000000000000000E+001
   100   0.4403158457729289E+001   0.2000000000000000E+001
   101   0.3123102649430961E+001   0.2000000000000000E+001
   102   0.3858238961313568E+001   0.2000000000000000E+001
   103   0.2570805223787813E+001   0.2000000000000000E+001
   104   0.3667844299976914E+001   0.2000000000000000E+001
   105   0.2922516693448074E+001   0.2000000000000000E+001
   106   0.3705302189428452E+001   0.2000000000000000E+001
   107   0.4097897354103242E+001   0.2000000000000000E+001
   108   0.3138596815174626E+001   0.2000000000000000E+001
   109   0.3557199741374296E+001   0.2000000000000000E+001
   110   0.3453630145178660E+001   0.2000000000000000E+001
   111   0.3720094786732676E+001   0.2000000000000000E+001
   112   0.3176934625923447E+001   0.2000000000000000E+001
   113   0.3349963136221418E+001   0.2000000000000000E+001
   114   0.3559299763731692E+001   0.2000000000000000E+001
   115   0.4105940335588377E+001   0.2000000000000000E+001
   116   0.3045482943729971E+001   0.2000000000000000E+001
   117   0.3805142363674757E+001   0.2000000000000000E+001
   118   0.3313567773149698E+001   0.2000000000000000E+001
   119   0.3973907084579859E+001   0.2000000000000000E+001
   120   0.3952026777211348E+001   0.2000000000000000E+001
   121   0.3359250575796978E+001   0.2000000000000000E+001
   122   0.3758918653357258E+001   0.2000000000000000E+001
   123   0.3911587541184983E+001   0.2000000000000000E+001
   124   0.4131031983665009E+001   0.2000000000000000E+001
   125   0.3870443352221400E+001   0.2000000000000000E+001
   126   0.4283134681808436E+001   0.2000000000000000E+001
   127   0.3882402705156272E+001   0.2000000000000000E+001
   128   0.4371257982514518E+001   0.2000000000000000E+001
   129   0.3789368534667468E+001   0.0000000000000000E+000
   130   0.4724592249832192E+001   0.0000000000000000E+000
   131   0.4599318969818836E+001   0.0000000000000000E+000
   132   0.4200621032594545E+001   0.0000000000000000E+000
   133   0.3463293200596203E+001   0.0000000000000000E+000
   134   0.3938996261434764E+001   0.0000000000000000E+000
   135   0.3834795989392696E+001   0.0000000000000000E+000
   136   0.4507504103826223E+001   0.0000000000000000E+000
   137   0.4200242635033298E+001   0.0000000000000000E+000
   138   0.4459657117649964E+001   0.0000000000000000E+000
   139   0.4343961366229018E+001   0.0000000000000000E+000
   140   0.4067797773817842E+001   0.0000000000000000E+000
   141   0.4630470656894499E+001   0.0000000000000000E+000
   142   0.4790494787894986E+001   0.0000000000000000E+000
   143   0.4462632924687661E+001   0.0000000000000000E+000
   144   0.4665026000617774E+001   0.0000000000000000E+000
   145   0.4757218820982184E+001   0.0000000000000000E+000
   146   0.4520856018194134E+001   0.0000000000000000E+000
   147   0.4856863173592505E+001   0.0000000000000000E+000
   148   0.4564950618907122E+001   0.0000000000000000E+000
   149   0.4211162981734891E+001   0.0000000000000000E+000
   150   0.4400944459340609E+001   0.0000000000000000E+000
   151   0.4976976465313953E+001   0.0000000000000000E+000
   152   0.4928056689368376E+001   0.0000000000000000E+000
   153   0.4494391807117863E+001   0.0000000000000000E+000
   154   0.4044645659365964E+001   0.0000000000000000E+000
   155   0.4767466700863745E+001   0.0000000000000000E+000
   156   0.4174960736402226E+001   0.0000000000000000E+000
   157   0.4352198783643789E+001   0.0000000000000000E+000
   158   0.4538634946573967E+001   0.0000000000000000E+000
   159   0.4537173224283193E+001   0.0000000000000000E+000
   160   0.4723592953836890E+001   0.0000000000000000E+000
   161   0.4701866004769085E+001   0.0000000000000000E+000
   162   0.4232781292597113E+001   0.0000000000000000E+000
   163   0.4599207140290148E+001   0.0000000000000000E+000
   164   0.4508192988163885E+001   0.0000000000000000E+000
   165   0.4647358199569643E+001   0.0000000000000000E+000
   166   0.4644005990280045E+001   0.0000000000000000E+000
   167   0.4978462310764158E+001   0.0000000000000000E+000
   168   0.4479313663405843E+001   0.0000000000000000E+000
   169   0.4601361341619681E+001   0.0000000000000000E+000
   170   0.4275242452095037E+001   0.0000000000000000E+000
   171   0.4652734770389602E+001   0.0000000000000000E+000
   172   0.5053117335883563E+001   0.0000000000000000E+000
   173   0.3770218286192991E+001   0.0000000000000000E+000
   174   0.5044572406700406E+001   0.0000000000000000E+000
   175   0.4257961946199938E+001   0.0000000000000000E+000
   176   0.4923601838001826E+001   0.0000000000000000E+000
   177   0.4863554993799801E+001   0.0000000000000000E+000
   178   0.4959318224927266E+001   0.0000000000000000E+000
   179   0.5615962159785321E+001   0.0000000000000000E+000
   180   0.4418602348145157E+001   0.0000000000000000E+000
   181   0.5187770586927997E+001   0.0000000000000000E+000
   182   0.5016195762203106E+001   0.0000000000000000E+000
   183   0.5097337437129675E+001   0.0000000000000000E+000
   184   0.4857941131506771E+001   0.0000000000000000E+000
   185   0.5556034114010282E+001   0.0000000000000000E+000
   186   0.5374222954677366E+001   0.0000000000000000E+000
   187   0.5453533261019081E+001   0.0000000000000000E+000
   188   0.6250532965063079E+001   0.0000000000000000E+000
   189   0.6240763793646440E+001   0.0000000000000000E+000
   190   0.7286121287850452E+001   0.0000000000000000E+000
   191   0.7630373602711662E+001   0.0000000000000000E+000
   192   0.8114081995531894E+001   0.0000000000000000E+000
   193   0.8003672700909357E+001   0.0000000000000000E+000
   194   0.8483628253301960E+001   0.0000000000000000E+000
   195   0.8427239928149456E+001   0.0000000000000000E+000
   196   0.8370160257223002E+001   0.0000000000000000E+000
   197   0.8640404140570176E+001   0.0000000000000000E+000
   198   0.8634688787591640E+001   0.0000000000000000E+000
   199   0.8895470290292204E+001   0.0000000000000000E+000
   200   0.7860176724872174E+001   0.0000000000000000E+000
   201   0.9122590178732871E+001   0.0000000000000000E+000
   202   0.8436619313310182E+001   0.0000000000000000E+000
   203   0.9034154010275179E+001   0.0000000000000000E+000
   204   0.8247583219630629E+001   0.0000000000000000E+000
   205   0.8497873749681659E+001   0.0000000000000000E+000
   206   0.8644649349056497E+001   0.0000000000000000E+000
   207   0.8699613902700516E+001   0.0000000000000000E+000
   208   0.8188334975520220E+001   0.0000000000000000E+000
   209   0.8747440701443422E+001   0.0000000000000000E+000
   210   0.8652381377458084E+001   0.0000000000000000E+000
   211   0.8882650161231531E+001   0.0000000000000000E+000
   212   0.8791073637047115E+001   0.0000000000000000E+000
   213   0.8805928456479601E+001   0.0000000000000000E+000
   214   0.8630178666926996E+001   0.0000000000000000E+000
   215   0.8576056530893863E+001   0.0000000000000000E+000
   216   0.8639384744504884E+001   0.0000000000000000E+000
   217   0.8797029517903036E+001   0.0000000000000000E+000
   218   0.8521021842579522E+001   0.0000000000000000E+000
   219   0.8236293632126344E+001   0.0000000000000000E+000
   220   0.8473198962903908E+001   0.0000000000000000E+000
   221   0.8788878882361994E+001   0.0000000000000000E+000
   222   0.8793643694779291E+001   0.0000000000000000E+000
   223   0.8444233517374773E+001   0.0000000000000000E+000
   224   0.8510772007715980E+001   0.0000000000000000E+000
   225   0.8365026821869424E+001   0.0000000000000000E+000
   226   0.8806294535990215E+001   0.0000000000000000E+000
   227   0.8631904393126931E+001   0.0000000000000000E+000
   228   0.8105013298033752E+001   0.0000000000000000E+000
   229   0.8013193767799287E+001   0.0000000000000000E+000
   230   0.8304902840642319E+001   0.0000000000000000E+000
   231   0.8010520374613955E+001   0.0000000000000000E+000
   232   0.8821816995049289E+001   0.0000000000000000E+000
   233   0.8364852608437699E+001   0.0000000000000000E+000
   234   0.8072059917611003E+001   0.0000000000000000E+000
   235   0.8798819618465433E+001   0.0000000000000000E+000
   236   0.8392923571915459E+001   0.0000000000000000E+000
   237   0.8431201925952445E+001   0.0000000000000000E+000
   238   0.8570128422669077E+001   0.0000000000000000E+000
   239   0.9143359161351583E+001   0.0000000000000000E+000
   240   0.8534524276011139E+001   0.0000000000000000E+000
   241   0.8777772553189619E+001   0.0000000000000000E+000
   242   0.8684985752706568E+001   0.0000000000000000E+000
   243   0.8950112787901542E+001   0.0000000000000000E+000
   244   0.8635085702622408E+001   0.0000000000000000E+000
   245   0.8982714939402351E+001   0.0000000000000000E+000
   246   0.8699087219463165E+001   0.0000000000000000E+000
   247   0.9070415370437489E+001   0.0000000000000000E+000
   248   0.9080329118214136E+001   0.0000000000000000E+000
   249   0.9054611732319785E+001   0.0000000000000000E+000
   250   0.8989220026004924E+001   0.0000000000000000E+000
   251   0.8921498250813920E+001   0.0000000000000000E+000
   252   0.9257739425325219E+001   0.0000000000000000E+000
   253   0.9027390649969760E+001   0.0000000000000000E+000
   254   0.8996482789527906E+001   0.0000000000000000E+000
   255   0.9347812367130590E+001   0.0000000000000000E+000
   256   0.1002213678598084E+002   0.0000000000000000E+000
