##############################################################################
# SALMON: Scalable Ab-initio Light-Matter simulator for Optics and Nanoscience
#
#                             Version 2.2.1
##############################################################################
  Libxc: [enabled] 6.2.2
   theory= tddft_pulse
 
 Total time step      =       15000
 Time step[fs]        =  2.000000000000000E-003
 Energy range         =        3000
 Energy resolution[eV]=  1.000000000000000E-002
Laser frequency     = 0.17 1.50[eV]
Pulse width of laser=     12.00000000      5.80000000[fs]
Laser intensity     =  0.17000000E+10  0.60000000E+12[W/cm^2]
delay time          =      0.00000000[fs]
   use of real value orbitals =  F
 ======
 MPI distribution:
   nproc_k     :         125
   nproc_ob    :           4
   nproc_rgrid :           3           2           3
 OpenMP parallelization:
   number of threads :           1
 hpsi stencil:
   enables hand-coding vectorization : F
   enables openmp parallelization    : F
 current:
   k,orbital parallelized of openmp  : T
 force:
   k,orbital parallelized of openmp  : T
 ===================pseudopotential data===================
 ik ,atom_symbol=           1 Si
 ps_format =KY              
 ps_file =./Si_rps.dat
 Zps(ik), Mlps(ik) =           4           2
 Rps(ik), NRps(ik) =   2.26767135054939              122
 Lref(ik) =           2
 nproj(ik,l) =           1           1           1
 anorm(ik,l) =  0.6193218      0.3646551      0.0000000E+00
 inorm(ik,l) =           1           1           0
 Mass(ik) =   28.0000000000000     
 flag_nlcc_element(ik) = F
 ==========================================================
 flag_nlcc =  F
 
 ============init_ps==============
 end init_ps
 Maximal rho_NLCC= 0.000000000000000E+000
 Maximal tau_NLCC= 0.000000000000000E+000
 == Ewald ==
 cutoff length in real-space in ewald =  4.00 [A]
 (buffer length in bookkeeping =  2.00 [A])
 cutoff length in G-space in ewald =  0.1870828864+102 [1/A]
 number of ion-ion pair(/atom) used for allocation of bookkeeping=    66
 ===========
   Static dipole moment(xyz) =   -0.7046890831E+04   -0.7048668587E+04   -0.7042895435E+04
 
 
  time-step  time[fs]                               Current(xyz)[a.u.]      electrons Total energy[eV] 
#----------------------------------------------------------------------
      10    0.02000000 -0.69554169E-09  0.29943130E-12 -0.11360782E-13   864.00000000   -23331.04763799
      20    0.04000000 -0.32141763E-08  0.60566986E-13 -0.18808370E-12   864.00000000   -23331.04763799
      30    0.06000000 -0.81739245E-08 -0.65763897E-12 -0.16747090E-11   864.00000000   -23331.04763799
      40    0.08000000 -0.16129545E-07 -0.33925777E-11 -0.44039416E-11   864.00000000   -23331.04763799
      50    0.10000000 -0.27542882E-07 -0.82330344E-11 -0.87734764E-11   864.00000000   -23331.04763798
      60    0.12000000 -0.42778403E-07 -0.15645490E-10 -0.15738136E-10   864.00000000   -23331.04763796
      70    0.14000000 -0.62117262E-07 -0.27117423E-10 -0.26098101E-10   864.00000000   -23331.04763793
      80    0.16000000 -0.85761114E-07 -0.43948552E-10 -0.39442038E-10   864.00000000   -23331.04763786
      90    0.18000000 -0.11384192E-06 -0.66384318E-10 -0.55125529E-10   864.00000000   -23331.04763775
     100    0.20000000 -0.14643522E-06 -0.94561921E-10 -0.72549054E-10   864.00000000   -23331.04763758
     110    0.22000000 -0.18355910E-06 -0.12804935E-09 -0.90702521E-10   864.00000000   -23331.04763731
     120    0.24000000 -0.22517230E-06 -0.16612315E-09 -0.10722450E-09   863.99999999   -23331.04763692
     130    0.26000000 -0.27117867E-06 -0.20782241E-09 -0.12006191E-09   863.99999999   -23331.04763637
     140    0.28000000 -0.32142992E-06 -0.25170835E-09 -0.12642541E-09   863.99999999   -23331.04763562
     150    0.30000000 -0.37572881E-06 -0.29502279E-09 -0.12274786E-09   863.99999999   -23331.04763460
     160    0.32000000 -0.43383471E-06 -0.33534963E-09 -0.10506743E-09   863.99999999   -23331.04763327
     170    0.34000000 -0.49547023E-06 -0.37020797E-09 -0.69574659E-10   863.99999999   -23331.04763155
     180    0.36000000 -0.56032771E-06 -0.39644646E-09 -0.12411384E-10   863.99999999   -23331.04762938
     190    0.38000000 -0.62807267E-06 -0.41126961E-09  0.70776845E-10   863.99999999   -23331.04762666
     200    0.40000000 -0.69835171E-06 -0.41201095E-09  0.18428521E-09   863.99999999   -23331.04762331
     210    0.42000000 -0.77080293E-06 -0.39521694E-09  0.33221544E-09   863.99999999   -23331.04761924
     220    0.44000000 -0.84505775E-06 -0.35857706E-09  0.51869651E-09   863.99999999   -23331.04761434
     230    0.46000000 -0.92074539E-06 -0.29941385E-09  0.74727437E-09   863.99999999   -23331.04760851
     240    0.48000000 -0.99749765E-06 -0.21499725E-09  0.10217591E-08   863.99999999   -23331.04760164
     250    0.50000000 -0.10749530E-05 -0.10276263E-09  0.13452065E-08   863.99999999   -23331.04759361
     260    0.52000000 -0.11527599E-05  0.39581623E-10  0.17206227E-08   863.99999999   -23331.04758431
     270    0.54000000 -0.12305788E-05  0.21421689E-09  0.21506795E-08   863.99999999   -23331.04757361
     280    0.56000000 -0.13080808E-05  0.42297768E-09  0.26377681E-08   863.99999999   -23331.04756139
     290    0.58000000 -0.13849499E-05  0.66776652E-09  0.31841038E-08   863.99999999   -23331.04754753
     300    0.60000000 -0.14608851E-05  0.94938548E-09  0.37907667E-08   863.99999999   -23331.04753190
     310    0.62000000 -0.15356040E-05  0.12681511E-08  0.44582551E-08   863.99999999   -23331.04751437
     320    0.64000000 -0.16088450E-05  0.16246877E-08  0.51866817E-08   863.99999999   -23331.04749483
     330    0.66000000 -0.16803690E-05  0.20185493E-08  0.59756054E-08   863.99999999   -23331.04747315
     340    0.68000000 -0.17499617E-05  0.24492251E-08  0.68238431E-08   863.99999999   -23331.04744922
     350    0.70000000 -0.18174350E-05  0.29158778E-08  0.77293628E-08   863.99999998   -23331.04742292
     360    0.72000000 -0.18826279E-05  0.34173919E-08  0.86895796E-08   863.99999998   -23331.04739414
     370    0.74000000 -0.19454070E-05  0.39523513E-08  0.97014166E-08   863.99999998   -23331.04736277
     380    0.76000000 -0.20056669E-05  0.45187462E-08  0.10761105E-07   863.99999998   -23331.04732872
     390    0.78000000 -0.20633269E-05  0.51145175E-08  0.11864581E-07   863.99999998   -23331.04729187
     400    0.80000000 -0.21183300E-05  0.57371568E-08  0.13006757E-07   863.99999998   -23331.04725216
     410    0.82000000 -0.21706418E-05  0.63845933E-08  0.14182101E-07   863.99999998   -23331.04720947
     420    0.84000000 -0.22202501E-05  0.70540164E-08  0.15385229E-07   863.99999998   -23331.04716374
     430    0.86000000 -0.22671647E-05  0.77416523E-08  0.16609979E-07   863.99999998   -23331.04711490
     440    0.88000000 -0.23114142E-05  0.84444414E-08  0.17849582E-07   863.99999998   -23331.04706285
     450    0.90000000 -0.23530470E-05  0.91593149E-08  0.19097422E-07   863.99999998   -23331.04700756
     460    0.92000000 -0.23921295E-05  0.98825692E-08  0.20346829E-07   863.99999998   -23331.04694894
     470    0.94000000 -0.24287440E-05  0.10610737E-07  0.21590826E-07   863.99999998   -23331.04688694
     480    0.96000000 -0.24629880E-05  0.11340279E-07  0.22822214E-07   863.99999998   -23331.04682152
     490    0.98000000 -0.24949727E-05  0.12066914E-07  0.24034074E-07   863.99999998   -23331.04675263
     500    1.00000000 -0.25248201E-05  0.12786565E-07  0.25219450E-07   863.99999998   -23331.04668021
     510    1.02000000 -0.25526606E-05  0.13495722E-07  0.26371486E-07   863.99999998   -23331.04660422
     520    1.04000000 -0.25786308E-05  0.14190035E-07  0.27483529E-07   863.99999998   -23331.04652463
     530    1.06000000 -0.26028725E-05  0.14865498E-07  0.28549638E-07   863.99999998   -23331.04644138
     540    1.08000000 -0.26255290E-05  0.15518357E-07  0.29563988E-07   863.99999998   -23331.04635445
     550    1.10000000 -0.26467439E-05  0.16144829E-07  0.30520743E-07   863.99999998   -23331.04626380
     560    1.12000000 -0.26666593E-05  0.16741494E-07  0.31414897E-07   863.99999998   -23331.04616938
     570    1.14000000 -0.26854142E-05  0.17304866E-07  0.32242491E-07   863.99999998   -23331.04607115
     580    1.16000000 -0.27031441E-05  0.17831468E-07  0.32999950E-07   863.99999997   -23331.04596908
     590    1.18000000 -0.27199799E-05  0.18318612E-07  0.33683843E-07   863.99999997   -23331.04586313
     600    1.20000000 -0.27360468E-05  0.18763697E-07  0.34291427E-07   863.99999997   -23331.04575325
     610    1.22000000 -0.27514633E-05  0.19163989E-07  0.34821161E-07   863.99999997   -23331.04563940
     620    1.24000000 -0.27663400E-05  0.19517151E-07  0.35271408E-07   863.99999997   -23331.04552152
     630    1.26000000 -0.27807786E-05  0.19821540E-07  0.35641182E-07   863.99999997   -23331.04539958
     640    1.28000000 -0.27948720E-05  0.20075873E-07  0.35930435E-07   863.99999997   -23331.04527352
     650    1.30000000 -0.28087040E-05  0.20278638E-07  0.36140174E-07   863.99999997   -23331.04514329
     660    1.32000000 -0.28223487E-05  0.20428934E-07  0.36271462E-07   863.99999997   -23331.04500884
     670    1.34000000 -0.28358712E-05  0.20526727E-07  0.36325828E-07   863.99999997   -23331.04487010
     680    1.36000000 -0.28493261E-05  0.20572404E-07  0.36305785E-07   863.99999997   -23331.04472702
     690    1.38000000 -0.28627583E-05  0.20566298E-07  0.36213955E-07   863.99999997   -23331.04457954
     700    1.40000000 -0.28762038E-05  0.20509416E-07  0.36053560E-07   863.99999997   -23331.04442759
     710    1.42000000 -0.28896884E-05  0.20403226E-07  0.35828735E-07   863.99999997   -23331.04427111
     720    1.44000000 -0.29032290E-05  0.20249457E-07  0.35543790E-07   863.99999997   -23331.04411005
     730    1.46000000 -0.29168328E-05  0.20050124E-07  0.35203162E-07   863.99999997   -23331.04394433
     740    1.48000000 -0.29304983E-05  0.19807487E-07  0.34812076E-07   863.99999997   -23331.04377389
     750    1.50000000 -0.29442162E-05  0.19524455E-07  0.34375517E-07   863.99999997   -23331.04359867
     760    1.52000000 -0.29579690E-05  0.19204191E-07  0.33898819E-07   863.99999997   -23331.04341862
     770    1.54000000 -0.29717326E-05  0.18849634E-07  0.33387797E-07   863.99999997   -23331.04323366
     780    1.56000000 -0.29854775E-05  0.18464527E-07  0.32848252E-07   863.99999997   -23331.04304375
     790    1.58000000 -0.29991680E-05  0.18052475E-07  0.32285830E-07   863.99999997   -23331.04284882
     800    1.60000000 -0.30127621E-05  0.17617216E-07  0.31705716E-07   863.99999997   -23331.04264884
     810    1.62000000 -0.30262130E-05  0.17162721E-07  0.31113775E-07   863.99999996   -23331.04244374
     820    1.64000000 -0.30394706E-05  0.16693335E-07  0.30515624E-07   863.99999996   -23331.04223351
     830    1.66000000 -0.30524807E-05  0.16213267E-07  0.29916332E-07   863.99999996   -23331.04201808
     840    1.68000000 -0.30651860E-05  0.15726342E-07  0.29320899E-07   863.99999996   -23331.04179745
     850    1.70000000 -0.30775264E-05  0.15236537E-07  0.28734414E-07   863.99999996   -23331.04157158
     860    1.72000000 -0.30894403E-05  0.14747986E-07  0.28161648E-07   863.99999996   -23331.04134046
     870    1.74000000 -0.31008645E-05  0.14264371E-07  0.27607019E-07   863.99999996   -23331.04110408
     880    1.76000000 -0.31117349E-05  0.13789124E-07  0.27074454E-07   863.99999996   -23331.04086244
     890    1.78000000 -0.31219875E-05  0.13325966E-07  0.26567282E-07   863.99999996   -23331.04061555
     900    1.80000000 -0.31315591E-05  0.12878022E-07  0.26089228E-07   863.99999996   -23331.04036342
     910    1.82000000 -0.31403881E-05  0.12448013E-07  0.25643108E-07   863.99999996   -23331.04010609
     920    1.84000000 -0.31484151E-05  0.12038300E-07  0.25231092E-07   863.99999996   -23331.03984358
     930    1.86000000 -0.31555838E-05  0.11651489E-07  0.24854979E-07   863.99999996   -23331.03957594
     940    1.88000000 -0.31618402E-05  0.11289442E-07  0.24516887E-07   863.99999996   -23331.03930323
     950    1.90000000 -0.31671338E-05  0.10954034E-07  0.24218057E-07   863.99999996   -23331.03902551
     960    1.92000000 -0.31714175E-05  0.10646935E-07  0.23958732E-07   863.99999996   -23331.03874285
     970    1.94000000 -0.31746484E-05  0.10368997E-07  0.23739474E-07   863.99999996   -23331.03845534
     980    1.96000000 -0.31767878E-05  0.10121312E-07  0.23560561E-07   863.99999996   -23331.03816307
     990    1.98000000 -0.31778017E-05  0.99048843E-08  0.23421578E-07   863.99999996   -23331.03786614
    1000    2.00000000 -0.31776607E-05  0.97200037E-08  0.23321585E-07   863.99999996   -23331.03756467
    1010    2.02000000 -0.31763404E-05  0.95667918E-08  0.23258948E-07   863.99999996   -23331.03725877
    1020    2.04000000 -0.31738219E-05  0.94448663E-08  0.23232084E-07   863.99999996   -23331.03694858
    1030    2.06000000 -0.31700911E-05  0.93541439E-08  0.23239526E-07   863.99999996   -23331.03663423
    1040    2.08000000 -0.31651394E-05  0.92942741E-08  0.23279078E-07   863.99999995   -23331.03631586
    1050    2.10000000 -0.31589628E-05  0.92639219E-08  0.23348013E-07   863.99999995   -23331.03599363
    1060    2.12000000 -0.31515617E-05  0.92623764E-08  0.23443773E-07   863.99999995   -23331.03566770
    1070    2.14000000 -0.31429418E-05  0.92883713E-08  0.23563617E-07   863.99999995   -23331.03533822
    1080    2.16000000 -0.31331135E-05  0.93407191E-08  0.23703908E-07   863.99999995   -23331.03500536
    1090    2.18000000 -0.31220907E-05  0.94180914E-08  0.23861374E-07   863.99999995   -23331.03466931
    1100    2.20000000 -0.31098908E-05  0.95190570E-08  0.24032604E-07   863.99999995   -23331.03433024
    1110    2.22000000 -0.30965347E-05  0.96423698E-08  0.24214227E-07   863.99999995   -23331.03398833
    1120    2.24000000 -0.30820462E-05  0.97861415E-08  0.24402378E-07   863.99999995   -23331.03364377
    1130    2.26000000 -0.30664514E-05  0.99488062E-08  0.24592735E-07   863.99999995   -23331.03329675
    1140    2.28000000 -0.30497788E-05  0.10128710E-07  0.24781921E-07   863.99999995   -23331.03294745
    1150    2.30000000 -0.30320586E-05  0.10324168E-07  0.24966576E-07   863.99999995   -23331.03259608
    1160    2.32000000 -0.30133230E-05  0.10533610E-07  0.25143307E-07   863.99999995   -23331.03224282
    1170    2.34000000 -0.29936043E-05  0.10755566E-07  0.25308633E-07   863.99999995   -23331.03188786
    1180    2.36000000 -0.29729350E-05  0.10988622E-07  0.25458955E-07   863.99999995   -23331.03153142
    1190    2.38000000 -0.29513490E-05  0.11231086E-07  0.25591528E-07   863.99999995   -23331.03117367
    1200    2.40000000 -0.29288800E-05  0.11481134E-07  0.25703743E-07   863.99999995   -23331.03081482
    1210    2.42000000 -0.29055604E-05  0.11738004E-07  0.25792519E-07   863.99999995   -23331.03045506
    1220    2.44000000 -0.28814214E-05  0.12000327E-07  0.25855291E-07   863.99999995   -23331.03009460
    1230    2.46000000 -0.28564933E-05  0.12266277E-07  0.25890280E-07   863.99999995   -23331.02973361
    1240    2.48000000 -0.28308047E-05  0.12535075E-07  0.25895192E-07   863.99999995   -23331.02937231
    1250    2.50000000 -0.28043816E-05  0.12805590E-07  0.25868113E-07   863.99999995   -23331.02901087
    1260    2.52000000 -0.27772482E-05  0.13076244E-07  0.25807804E-07   863.99999995   -23331.02864951
    1270    2.54000000 -0.27494258E-05  0.13346051E-07  0.25713364E-07   863.99999994   -23331.02828840
    1280    2.56000000 -0.27209336E-05  0.13614534E-07  0.25584073E-07   863.99999994   -23331.02792775
    1290    2.58000000 -0.26917873E-05  0.13880604E-07  0.25419172E-07   863.99999994   -23331.02756775
    1300    2.60000000 -0.26620001E-05  0.14142877E-07  0.25218243E-07   863.99999994   -23331.02720858
    1310    2.62000000 -0.26315818E-05  0.14400778E-07  0.24981522E-07   863.99999994   -23331.02685045
    1320    2.64000000 -0.26005403E-05  0.14653536E-07  0.24709325E-07   863.99999994   -23331.02649355
    1330    2.66000000 -0.25688808E-05  0.14900425E-07  0.24402488E-07   863.99999994   -23331.02613807
    1340    2.68000000 -0.25366056E-05  0.15140345E-07  0.24061602E-07   863.99999994   -23331.02578420
    1350    2.70000000 -0.25037150E-05  0.15372241E-07  0.23687585E-07   863.99999994   -23331.02543216
    1360    2.72000000 -0.24702067E-05  0.15595549E-07  0.23281666E-07   863.99999994   -23331.02508213
    1370    2.74000000 -0.24360766E-05  0.15809410E-07  0.22845224E-07   863.99999994   -23331.02473431
    1380    2.76000000 -0.24013183E-05  0.16013043E-07  0.22379910E-07   863.99999994   -23331.02438891
    1390    2.78000000 -0.23659236E-05  0.16205305E-07  0.21887634E-07   863.99999994   -23331.02404614
    1400    2.80000000 -0.23298828E-05  0.16385278E-07  0.21370018E-07   863.99999994   -23331.02370619
    1410    2.82000000 -0.22931852E-05  0.16552184E-07  0.20828915E-07   863.99999994   -23331.02336928
    1420    2.84000000 -0.22558190E-05  0.16705092E-07  0.20266440E-07   863.99999994   -23331.02303561
    1430    2.86000000 -0.22177715E-05  0.16843378E-07  0.19684556E-07   863.99999994   -23331.02270541
    1440    2.88000000 -0.21790295E-05  0.16966200E-07  0.19085574E-07   863.99999994   -23331.02237888
    1450    2.90000000 -0.21395801E-05  0.17072788E-07  0.18471650E-07   863.99999994   -23331.02205625
    1460    2.92000000 -0.20994106E-05  0.17162454E-07  0.17845056E-07   863.99999994   -23331.02173773
    1470    2.94000000 -0.20585079E-05  0.17234289E-07  0.17207681E-07   863.99999994   -23331.02142355
    1480    2.96000000 -0.20168603E-05  0.17287409E-07  0.16561593E-07   863.99999994   -23331.02111394
    1490    2.98000000 -0.19744569E-05  0.17321026E-07  0.15908634E-07   863.99999994   -23331.02080911
    1500    3.00000000 -0.19312881E-05  0.17334476E-07  0.15250391E-07   863.99999993   -23331.02050930
    1510    3.02000000 -0.18873455E-05  0.17326880E-07  0.14588666E-07   863.99999993   -23331.02021473
    1520    3.04000000 -0.18426222E-05  0.17297313E-07  0.13925176E-07   863.99999993   -23331.01992564
    1530    3.06000000 -0.17971139E-05  0.17245058E-07  0.13261482E-07   863.99999993   -23331.01964225
    1540    3.08000000 -0.17508181E-05  0.17169819E-07  0.12598154E-07   863.99999993   -23331.01936480
    1550    3.10000000 -0.17037345E-05  0.17071033E-07  0.11936560E-07   863.99999993   -23331.01909351
    1560    3.12000000 -0.16558656E-05  0.16948153E-07  0.11285916E-07   863.99999993   -23331.01882862
    1570    3.14000000 -0.16072161E-05  0.16800726E-07  0.10726740E-07   863.99999993   -23331.01857034
    1580    3.16000000 -0.15577931E-05  0.16628709E-07  0.10384871E-07   863.99999993   -23331.01831890
    1590    3.18000000 -0.15076060E-05  0.16431781E-07  0.10287356E-07   863.99999993   -23331.01807453
    1600    3.20000000 -0.14566673E-05  0.16209715E-07  0.10219476E-07   863.99999993   -23331.01783744
    1610    3.22000000 -0.14049923E-05  0.15962298E-07  0.95947367E-08   863.99999993   -23331.01760785
    1620    3.24000000 -0.13525986E-05  0.15689793E-07  0.73420489E-08   863.99999993   -23331.01738596
    1630    3.26000000 -0.12995068E-05  0.15392430E-07  0.18169084E-08   863.99999993   -23331.01717198
    1640    3.28000000 -0.12457407E-05  0.15070214E-07 -0.92632127E-08   863.99999993   -23331.01696610
    1650    3.30000000 -0.11913268E-05  0.14722644E-07 -0.28859191E-07   863.99999993   -23331.01676852
    1660    3.32000000 -0.11362951E-05  0.14349131E-07 -0.60621110E-07   863.99999993   -23331.01657937
    1670    3.34000000 -0.10806779E-05  0.13948832E-07 -0.10887523E-06   863.99999993   -23331.01639880
    1680    3.36000000 -0.10245104E-05  0.13520015E-07 -0.17858752E-06   863.99999993   -23331.01622685
    1690    3.38000000 -0.96782971E-06  0.13060781E-07 -0.27530372E-06   863.99999993   -23331.01606345
    1700    3.40000000 -0.91067389E-06  0.12568505E-07 -0.40506527E-06   863.99999993   -23331.01590837
    1710    3.42000000 -0.85308200E-06  0.12041087E-07 -0.57430295E-06   863.99999993   -23331.01576108
    1720    3.44000000 -0.79509245E-06  0.11477066E-07 -0.78971032E-06   863.99999993   -23331.01562066
    1730    3.46000000 -0.73674248E-06  0.10875491E-07 -0.10580978E-05   863.99999992   -23331.01548561
    1740    3.48000000 -0.67806756E-06  0.10236805E-07 -0.13862311E-05   863.99999992   -23331.01535366
    1750    3.50000000 -0.61909976E-06  0.95631872E-08 -0.17806546E-05   863.99999992   -23331.01522152
    1760    3.52000000 -0.55986735E-06  0.88603957E-08 -0.22475050E-05   863.99999992   -23331.01508460
    1770    3.54000000 -0.50039333E-06  0.81370407E-08 -0.27923180E-05   863.99999992   -23331.01493668
    1780    3.56000000 -0.44069475E-06  0.74046771E-08 -0.34198329E-05   863.99999992   -23331.01476962
    1790    3.58000000 -0.38078243E-06  0.66795784E-08 -0.41337956E-05   863.99999992   -23331.01457297
    1800    3.60000000 -0.32065955E-06  0.59825768E-08 -0.49367667E-05   863.99999992   -23331.01433368
    1810    3.62000000 -0.26032107E-06  0.53396170E-08 -0.58299381E-05   863.99999992   -23331.01403582
    1820    3.64000000 -0.19975384E-06  0.47810327E-08 -0.68129608E-05   863.99999992   -23331.01366032
    1830    3.66000000 -0.13893573E-06  0.43424301E-08 -0.78837873E-05   863.99999992   -23331.01318494
    1840    3.68000000 -0.77835865E-07  0.40651211E-08 -0.90385311E-05   863.99999992   -23331.01258417
    1850    3.70000000 -0.16414882E-07  0.39952031E-08 -0.10271349E-04   863.99999992   -23331.01182951
    1860    3.72000000  0.45374417E-07  0.41832581E-08 -0.11574342E-04   863.99999992   -23331.01088977
    1870    3.74000000  0.10758668E-06  0.46839702E-08 -0.12937490E-04   863.99999992   -23331.00973165
    1880    3.76000000  0.17028311E-06  0.55554582E-08 -0.14348599E-04   863.99999992   -23331.00832060
    1890    3.78000000  0.23353027E-06  0.68591769E-08 -0.15793295E-04   863.99999992   -23331.00662184
    1900    3.80000000  0.29739808E-06  0.86581709E-08 -0.17255031E-04   863.99999992   -23331.00460167
    1910    3.82000000  0.36195924E-06  0.11015965E-07 -0.18715144E-04   863.99999992   -23331.00222897
    1920    3.84000000  0.42728637E-06  0.13995374E-07 -0.20152925E-04   863.99999992   -23330.99947697
    1930    3.86000000  0.49344975E-06  0.17657547E-07 -0.21545740E-04   863.99999992   -23330.99632506
    1940    3.88000000  0.56051521E-06  0.22060771E-07 -0.22869176E-04   863.99999992   -23330.99276078
    1950    3.90000000  0.62854163E-06  0.27257572E-07 -0.24097216E-04   863.99999992   -23330.98878173
    1960    3.92000000  0.69757832E-06  0.33293450E-07 -0.25202454E-04   863.99999991   -23330.98439747
    1970    3.94000000  0.76766206E-06  0.40206301E-07 -0.26156337E-04   863.99999991   -23330.97963115
    1980    3.96000000  0.83881448E-06  0.48023983E-07 -0.26929432E-04   863.99999991   -23330.97452084
    1990    3.98000000  0.91103937E-06  0.56762298E-07 -0.27491726E-04   863.99999991   -23330.96912043
    2000    4.00000000  0.98432034E-06  0.66423749E-07 -0.27812939E-04   863.99999991   -23330.96349985
    2010    4.02000000  0.10586188E-05  0.76996674E-07 -0.27862869E-04   863.99999991   -23330.95774474
    2020    4.04000000  0.11338716E-05  0.88453326E-07 -0.27611747E-04   863.99999991   -23330.95195511
    2030    4.06000000  0.12099886E-05  0.10074891E-06 -0.27030607E-04   863.99999991   -23330.94624313
    2040    4.08000000  0.12868515E-05  0.11382058E-06 -0.26091668E-04   863.99999991   -23330.94072993
    2050    4.10000000  0.13643137E-05  0.12758648E-06 -0.24768718E-04   863.99999991   -23330.93554119
    2060    4.12000000  0.14421971E-05  0.14194558E-06 -0.23037510E-04   863.99999991   -23330.93080172
    2070    4.14000000  0.15202924E-05  0.15677675E-06 -0.20876143E-04   863.99999991   -23330.92662889
    2080    4.16000000  0.15983598E-05  0.17193815E-06 -0.18265442E-04   863.99999991   -23330.92312494
    2090    4.18000000  0.16761292E-05  0.18726845E-06 -0.15189333E-04   863.99999991   -23330.92036846
    2100    4.20000000  0.17533005E-05  0.20258636E-06 -0.11635192E-04   863.99999991   -23330.91840498
    2110    4.22000000  0.18295445E-05  0.21769115E-06 -0.75941837E-05   863.99999991   -23330.91723699
    2120    4.24000000  0.19045065E-05  0.23236318E-06 -0.30615687E-05   863.99999991   -23330.91681363
    2130    4.26000000  0.19778090E-05  0.24636610E-06  0.19630137E-05   863.99999991   -23330.91702032
    2140    4.28000000  0.20490529E-05  0.25944766E-06  0.74752946E-05   863.99999991   -23330.91766870
    2150    4.30000000  0.21178210E-05  0.27134027E-06  0.13466161E-04   863.99999991   -23330.91848724
    2160    4.32000000  0.21836831E-05  0.28176447E-06  0.19921480E-04   863.99999991   -23330.91911292
    2170    4.34000000  0.22461986E-05  0.29043076E-06  0.26821964E-04   863.99999991   -23330.91908440
    2180    4.36000000  0.23049204E-05  0.29704065E-06  0.34143079E-04   863.99999991   -23330.91783716
    2190    4.38000000  0.23593985E-05  0.30128942E-06  0.41855002E-04   863.99999990   -23330.91470082
    2200    4.40000000  0.24091855E-05  0.30286989E-06  0.49922625E-04   863.99999990   -23330.90889934
    2210    4.42000000  0.24538394E-05  0.30147485E-06  0.58305609E-04   863.99999990   -23330.89955412
    2220    4.44000000  0.24929280E-05  0.29679912E-06  0.66958487E-04   863.99999990   -23330.88569052
    2230    4.46000000  0.25260328E-05  0.28854319E-06  0.75830824E-04   863.99999990   -23330.86624786
    2240    4.48000000  0.25527527E-05  0.27641613E-06  0.84867422E-04   863.99999990   -23330.84009318
    2250    4.50000000  0.25727072E-05  0.26013949E-06  0.94008583E-04   863.99999990   -23330.80603861
    2260    4.52000000  0.25855405E-05  0.23944996E-06  0.10319042E-03   863.99999990   -23330.76286245
    2270    4.54000000  0.25909240E-05  0.21410268E-06  0.11234523E-03   863.99999990   -23330.70933367
    2280    4.56000000  0.25885592E-05  0.18387497E-06  0.12140188E-03   863.99999990   -23330.64423954
    2290    4.58000000  0.25781805E-05  0.14856980E-06  0.13028632E-03   863.99999990   -23330.56641591
    2300    4.60000000  0.25595577E-05  0.10801870E-06  0.13892202E-03   863.99999990   -23330.47477973
    2310    4.62000000  0.25324983E-05  0.62085650E-07  0.14723060E-03   863.99999990   -23330.36836289
    2320    4.64000000  0.24968505E-05  0.10670302E-07  0.15513235E-03   863.99999990   -23330.24634682
    2330    4.66000000  0.24525055E-05 -0.46288743E-07  0.16254695E-03   863.99999990   -23330.10809684
    2340    4.68000000  0.23994000E-05 -0.10881036E-06  0.16939402E-03   863.99999990   -23329.95319537
    2350    4.70000000  0.23375200E-05 -0.17686806E-06  0.17559394E-03   863.99999990   -23329.78147292
    2360    4.72000000  0.22669036E-05 -0.25038670E-06  0.18106846E-03   863.99999990   -23329.59303589
    2370    4.74000000  0.21876450E-05 -0.32923989E-06  0.18574151E-03   863.99999990   -23329.38829009
    2380    4.76000000  0.20998990E-05 -0.41324690E-06  0.18953989E-03   863.99999989   -23329.16795905
    2390    4.78000000  0.20038862E-05 -0.50216997E-06  0.19239406E-03   863.99999989   -23328.93309597
    2400    4.80000000  0.18998987E-05 -0.59571267E-06  0.19423885E-03   863.99999989   -23328.68508879
    2410    4.82000000  0.17883060E-05 -0.69351733E-06  0.19501422E-03   863.99999989   -23328.42565727
    2420    4.84000000  0.16695609E-05 -0.79516304E-06  0.19466592E-03   863.99999989   -23328.15684182
    2430    4.86000000  0.15442083E-05 -0.90016491E-06  0.19314616E-03   863.99999989   -23327.88098362
    2440    4.88000000  0.14128919E-05 -0.10079733E-05  0.19041428E-03   863.99999989   -23327.60069571
    2450    4.90000000  0.12763617E-05 -0.11179734E-05  0.18643725E-03   863.99999989   -23327.31882545
    2460    4.92000000  0.11354811E-05 -0.12294857E-05  0.18119020E-03   863.99999989   -23327.03840834
    2470    4.94000000  0.99123436E-06 -0.13417679E-05  0.17465685E-03   863.99999989   -23326.76261407
    2480    4.96000000  0.84473319E-06 -0.14540166E-05  0.16682981E-03   863.99999989   -23326.49468541
    2490    4.98000000  0.69722091E-06 -0.15653706E-05  0.15771088E-03   863.99999989   -23326.23787118
    2500    5.00000000  0.55007686E-06 -0.16749148E-05  0.14731115E-03   863.99999989   -23325.99535456
    2510    5.02000000  0.40481810E-06 -0.17816857E-05  0.13565109E-03   863.99999988   -23325.77017822
    2520    5.04000000  0.26309789E-06 -0.18846784E-05  0.12276045E-03   863.99999988   -23325.56516797
    2530    5.06000000  0.12670273E-06 -0.19828529E-05  0.10867816E-03   863.99999988   -23325.38285669
    2540    5.08000000 -0.24545566E-08 -0.20751430E-05  0.93452026E-04   863.99999988   -23325.22541047
    2550    5.10000000 -0.12234438E-06 -0.21604671E-05  0.77138417E-04   863.99999988   -23325.09455866
    2560    5.12000000 -0.23083467E-06 -0.22377379E-05  0.59801824E-04   863.99999988   -23324.99152993
    2570    5.14000000 -0.32570901E-06 -0.23058745E-05  0.41514369E-04   863.99999988   -23324.91699585
    2580    5.16000000 -0.40468738E-06 -0.23638143E-05  0.22355238E-04   863.99999988   -23324.87102376
    2590    5.18000000 -0.46545181E-06 -0.24105264E-05  0.24100898E-05   863.99999988   -23324.85304025
    2600    5.20000000 -0.50567567E-06 -0.24450245E-05 -0.18229580E-04   863.99999988   -23324.86180658
    2610    5.22000000 -0.52305625E-06 -0.24663800E-05 -0.39467074E-04   863.99999988   -23324.89540691
    2620    5.24000000 -0.51534945E-06 -0.24737348E-05 -0.61201131E-04   863.99999988   -23324.95125004
    2630    5.26000000 -0.48040689E-06 -0.24663132E-05 -0.83326539E-04   863.99999988   -23325.02608508
    2640    5.28000000 -0.41621626E-06 -0.24434333E-05 -0.10573472E-03   863.99999987   -23325.11603122
    2650    5.30000000 -0.32094083E-06 -0.24045176E-05 -0.12831427E-03   863.99999987   -23325.21662129
    2660    5.32000000 -0.19295949E-06 -0.23491012E-05 -0.15095144E-03   863.99999987   -23325.32285880
    2670    5.34000000 -0.30906420E-07 -0.22768387E-05 -0.17353058E-03   863.99999987   -23325.42928780
    2680    5.36000000  0.16629217E-06 -0.21875094E-05 -0.19593454E-03   863.99999987   -23325.53007451
    2690    5.38000000  0.39938246E-06 -0.20810205E-05 -0.21804496E-03   863.99999987   -23325.61909973
    2700    5.40000000  0.66875129E-06 -0.19574086E-05 -0.23974261E-03   863.99999987   -23325.69006066
    2710    5.42000000  0.97439954E-06 -0.18168384E-05 -0.26090765E-03   863.99999987   -23325.73658063
    2720    5.44000000  0.13159193E-05 -0.16596008E-05 -0.28141988E-03   863.99999987   -23325.75232516
    2730    5.46000000  0.16924768E-05 -0.14861081E-05 -0.30115903E-03   863.99999987   -23325.73112248
    2740    5.48000000  0.21028007E-05 -0.12968889E-05 -0.32000509E-03   863.99999987   -23325.66708666
    2750    5.50000000  0.25451771E-05 -0.10925805E-05 -0.33783862E-03   863.99999987   -23325.55474119
    2760    5.52000000  0.30174516E-05 -0.87392259E-06 -0.35454126E-03   863.99999987   -23325.38914091
    2770    5.54000000  0.35170353E-05 -0.64174993E-06 -0.36999621E-03   863.99999987   -23325.16598992
    2780    5.56000000  0.40409175E-05 -0.39698431E-06 -0.38408892E-03   863.99999987   -23324.88175302
    2790    5.58000000  0.45856865E-05 -0.14062733E-06 -0.39670786E-03   863.99999987   -23324.53375820
    2800    5.60000000  0.51475547E-05  0.12624512E-06 -0.40774544E-03   863.99999987   -23324.12028764
    2810    5.62000000  0.57223886E-05  0.40248730E-06 -0.41709911E-03   863.99999987   -23323.64065461
    2820    5.64000000  0.63057452E-05  0.68688750E-06 -0.42467251E-03   863.99999986   -23323.09526373
    2830    5.66000000  0.68929125E-05  0.97816957E-06 -0.43037681E-03   863.99999986   -23322.48565223
    2840    5.68000000  0.74789552E-05  0.12749929E-05 -0.43413220E-03   863.99999986   -23321.81451009
    2850    5.70000000  0.80587644E-05  0.15759512E-05 -0.43586933E-03   863.99999986   -23321.08567699
    2860    5.72000000  0.86271111E-05  0.18795700E-05 -0.43553095E-03   863.99999986   -23320.30411485
    2870    5.74000000  0.91787040E-05  0.21843020E-05 -0.43307345E-03   863.99999986   -23319.47585479
    2880    5.76000000  0.97082513E-05  0.24885222E-05 -0.42846842E-03   863.99999986   -23318.60791831
    2890    5.78000000  0.10210524E-04  0.27905238E-05 -0.42170412E-03   863.99999986   -23317.70821298
    2900    5.80000000  0.10680425E-04  0.30885144E-05 -0.41278679E-03   863.99999986   -23316.78540378
    2910    5.82000000  0.11113059E-04  0.33806118E-05 -0.40174179E-03   863.99999985   -23315.84876211
    2920    5.84000000  0.11503802E-04  0.36648437E-05 -0.38861448E-03   863.99999985   -23314.90799511
    2930    5.86000000  0.11848380E-04  0.39391488E-05 -0.37347076E-03   863.99999985   -23313.97305911
    2940    5.88000000  0.12142941E-04  0.42013835E-05 -0.35639731E-03   863.99999985   -23313.05396136
    2950    5.90000000  0.12384128E-04  0.44493296E-05 -0.33750144E-03   863.99999985   -23312.16055524
    2960    5.92000000  0.12569152E-04  0.46807100E-05 -0.31691040E-03   863.99999985   -23311.30233435
    2970    5.94000000  0.12695859E-04  0.48932087E-05 -0.29477037E-03   863.99999984   -23310.48823150
    2980    5.96000000  0.12762796E-04  0.50844964E-05 -0.27124491E-03   863.99999984   -23309.72642846
    2990    5.98000000  0.12769263E-04  0.52522609E-05 -0.24651296E-03   863.99999984   -23309.02418241
    3000    6.00000000  0.12715362E-04  0.53942447E-05 -0.22076638E-03   863.99999984   -23308.38767466
    3010    6.02000000  0.12602029E-04  0.55082881E-05 -0.19420717E-03   863.99999984   -23307.82188644
    3020    6.04000000  0.12431052E-04  0.55923740E-05 -0.16704422E-03   863.99999984   -23307.33050586
    3030    6.06000000  0.12205077E-04  0.56446773E-05 -0.13948991E-03   863.99999983   -23306.91586899
    3040    6.08000000  0.11927588E-04  0.56636160E-05 -0.11175646E-03   863.99999983   -23306.57893683
    3050    6.10000000  0.11602871E-04  0.56479019E-05 -0.84052182E-04   863.99999983   -23306.31930845
    3060    6.12000000  0.11235953E-04  0.55965901E-05 -0.56577843E-04   863.99999983   -23306.13526947
    3070    6.14000000  0.10832525E-04  0.55091226E-05 -0.29523079E-04   863.99999983   -23306.02387327
    3080    6.16000000  0.10398831E-04  0.53853686E-05 -0.30631352E-05   863.99999983   -23305.98105147
    3090    6.18000000  0.99415473E-05  0.52256549E-05  0.22644038E-04   863.99999982   -23306.00174883
    3100    6.20000000  0.94676393E-05  0.50307861E-05  0.47460194E-04   863.99999982   -23306.08007685
    3110    6.22000000  0.89842001E-05  0.48020556E-05  0.71268624E-04   863.99999982   -23306.20948011
    3120    6.24000000  0.84982824E-05  0.45412420E-05  0.93975333E-04   863.99999982   -23306.38290866
    3130    6.26000000  0.80167229E-05  0.42505938E-05  0.11550952E-03   863.99999982   -23306.59299021
    3140    6.28000000  0.75459666E-05  0.39328003E-05  0.13582330E-03   863.99999982   -23306.83219614
    3150    6.30000000  0.70918980E-05  0.35909501E-05  0.15489075E-03   863.99999982   -23307.09299612
    3160    6.32000000  0.66596847E-05  0.32284779E-05  0.17270620E-03   863.99999982   -23307.36799709
    3170    6.34000000  0.62536415E-05  0.28491008E-05  0.18928194E-03   863.99999981   -23307.65006346
    3180    6.36000000  0.58771175E-05  0.24567464E-05  0.20464535E-03   863.99999981   -23307.93241678
    3190    6.38000000  0.55324139E-05  0.20554757E-05  0.21883559E-03   863.99999981   -23308.20871440
    3200    6.40000000  0.52207361E-05  0.16494011E-05  0.23190006E-03   863.99999981   -23308.47310759
    3210    6.42000000  0.49421796E-05  0.12426025E-05  0.24389060E-03   863.99999981   -23308.72028126
    3220    6.44000000  0.46957546E-05  0.83904584E-06  0.25485976E-03   863.99999981   -23308.94547752
    3230    6.46000000  0.44794456E-05  0.44250470E-06  0.26485720E-03   863.99999981   -23309.14450661
    3240    6.48000000  0.42903049E-05  0.56486084E-07  0.27392638E-03   863.99999981   -23309.31374857
    3250    6.50000000  0.41245757E-05 -0.31583393E-06  0.28210164E-03   863.99999981   -23309.45014913
    3260    6.52000000  0.39778411E-05 -0.67166754E-06  0.28940590E-03   863.99999981   -23309.55121312
    3270    6.54000000  0.38451911E-05 -0.10086605E-05  0.29584891E-03   863.99999981   -23309.61499798
    3280    6.56000000  0.37214051E-05 -0.13249255E-05  0.30142622E-03   863.99999981   -23309.64010930
    3290    6.58000000  0.36011391E-05 -0.16190631E-05  0.30611884E-03   863.99999980   -23309.62569952
    3300    6.60000000  0.34791140E-05 -0.18901684E-05  0.30989365E-03   863.99999980   -23309.57146983
    3310    6.62000000  0.33502975E-05 -0.21378241E-05  0.31270450E-03   863.99999980   -23309.47767465
    3320    6.64000000  0.32100782E-05 -0.23620805E-05  0.31449390E-03   863.99999980   -23309.34512720
    3330    6.66000000  0.30544195E-05 -0.25634225E-05  0.31519528E-03   863.99999980   -23309.17520404
    3340    6.68000000  0.28799974E-05 -0.27427228E-05  0.31473576E-03   863.99999980   -23308.96984607
    3350    6.70000000  0.26843164E-05 -0.29011867E-05  0.31303917E-03   863.99999980   -23308.73155347
    3360    6.72000000  0.24658002E-05 -0.30402859E-05  0.31002937E-03   863.99999980   -23308.46337176
    3370    6.74000000  0.22238582E-05 -0.31616868E-05  0.30563366E-03   863.99999980   -23308.16886691
    3380    6.76000000  0.19589266E-05 -0.32671735E-05  0.29978613E-03   863.99999980   -23307.85208765
    3390    6.78000000  0.16724852E-05 -0.33585688E-05  0.29243091E-03   863.99999980   -23307.51751374
    3400    6.80000000  0.13670489E-05 -0.34376575E-05  0.28352518E-03   863.99999980   -23307.16999012
    3410    6.82000000  0.10461352E-05 -0.35061112E-05  0.27304185E-03   863.99999980   -23306.81464708
    3420    6.84000000  0.71421222E-06 -0.35654204E-05  0.26097178E-03   863.99999979   -23306.45680817
    3430    6.86000000  0.37662345E-06 -0.36168345E-05  0.24732560E-03   863.99999979   -23306.10188763
    3440    6.88000000  0.39493043E-07 -0.36613142E-05  0.23213501E-03   863.99999979   -23305.75528028
    3450    6.90000000 -0.29038434E-06 -0.36994930E-05  0.21545343E-03   863.99999979   -23305.42224723
    3460    6.92000000 -0.60567195E-06 -0.37316542E-05  0.19735627E-03   863.99999979   -23305.10780102
    3470    6.94000000 -0.89863194E-06 -0.37577223E-05  0.17794054E-03   863.99999979   -23304.81659409
    3480    6.96000000 -0.11612798E-05 -0.37772681E-05  0.15732396E-03   863.99999979   -23304.55281447
    3490    6.98000000 -0.13855474E-05 -0.37895269E-05  0.13564363E-03   863.99999979   -23304.32009234
    3500    7.00000000 -0.15634540E-05 -0.37934301E-05  0.11305422E-03   863.99999979   -23304.12142068
    3510    7.02000000 -0.16872792E-05 -0.37876491E-05  0.89725801E-04   863.99999979   -23303.95909288
    3520    7.04000000 -0.17497391E-05 -0.37706487E-05  0.65841366E-04   863.99999978   -23303.83465926
    3530    7.06000000 -0.17441565E-05 -0.37407486E-05  0.41594073E-04   863.99999978   -23303.74890399
    3540    7.08000000 -0.16646241E-05 -0.36961891E-05  0.17184337E-04   863.99999978   -23303.70184293
    3550    7.10000000 -0.15061548E-05 -0.36352014E-05 -0.71831959E-05   863.99999978   -23303.69274227
    3560    7.12000000 -0.12648172E-05 -0.35560782E-05 -0.31302717E-04   863.99999978   -23303.72015687
    3570    7.14000000 -0.93784967E-06 -0.34572410E-05 -0.54970289E-04   863.99999978   -23303.78198686
    3580    7.16000000 -0.52375110E-06 -0.33373026E-05 -0.77986789E-04   863.99999978   -23303.87555006
    3590    7.18000000 -0.22346055E-07 -0.31951249E-05 -0.10016071E-03   863.99999978   -23303.99766766
    3600    7.20000000  0.56517796E-06 -0.30298656E-05 -0.12131075E-03   863.99999978   -23304.14475985
    3610    7.22000000  0.12362616E-05 -0.28410139E-05 -0.14126816E-03   863.99999978   -23304.31294825
    3620    7.24000000  0.19869908E-05 -0.26284157E-05 -0.15987884E-03   863.99999977   -23304.49816167
    3630    7.26000000  0.28121419E-05 -0.23922862E-05 -0.17700509E-03   863.99999977   -23304.69624174
    3640    7.28000000  0.37052474E-05 -0.21332095E-05 -0.19252701E-03   863.99999977   -23304.90304533
    3650    7.30000000  0.46586853E-05 -0.18521281E-05 -0.20634367E-03   863.99999977   -23305.11454082
    3660    7.32000000  0.56637842E-05 -0.15503210E-05 -0.21837382E-03   863.99999977   -23305.32689566
    3670    7.34000000  0.67109435E-05 -0.12293746E-05 -0.22855631E-03   863.99999977   -23305.53655305
    3680    7.36000000  0.77897645E-05 -0.89114749E-06 -0.23685021E-03   863.99999977   -23305.74029638
    3690    7.38000000  0.88891916E-05 -0.53773266E-06 -0.24323456E-03   863.99999977   -23305.93530002
    3700    7.40000000  0.99976597E-05 -0.17141794E-06 -0.24770791E-03   863.99999977   -23306.11916616
    3710    7.42000000  0.11103247E-04  0.20535118E-06 -0.25028752E-03   863.99999977   -23306.28994750
    3720    7.44000000  0.12193831E-04  0.59000453E-06 -0.25100839E-03   863.99999977   -23306.44615620
    3730    7.46000000  0.13257249E-04  0.97987521E-06 -0.24992205E-03   863.99999977   -23306.58675993
    3740    7.48000000  0.14281463E-04  0.13722230E-05 -0.24709518E-03   863.99999976   -23306.71116610
    3750    7.50000000  0.15254719E-04  0.17642514E-05 -0.24260814E-03   863.99999976   -23306.81919582
    3760    7.52000000  0.16165714E-04  0.21531181E-05 -0.23655332E-03   863.99999976   -23306.91104914
    3770    7.54000000  0.17003759E-04  0.25359442E-05 -0.22903347E-03   863.99999976   -23306.98726332
    3780    7.56000000  0.17758936E-04  0.29098211E-05 -0.22015998E-03   863.99999976   -23307.04866614
    3790    7.58000000  0.18422253E-04  0.32718175E-05 -0.21005115E-03   863.99999976   -23307.09632581
    3800    7.60000000  0.18985786E-04  0.36189886E-05 -0.19883047E-03   863.99999976   -23307.13149948
    3810    7.62000000  0.19442813E-04  0.39483919E-05 -0.18662499E-03   863.99999976   -23307.15558186
    3820    7.64000000  0.19787927E-04  0.42571076E-05 -0.17356376E-03   863.99999976   -23307.17005542
    3830    7.66000000  0.20017133E-04  0.45422639E-05 -0.15977631E-03   863.99999976   -23307.17644346
    3840    7.68000000  0.20127921E-04  0.48010730E-05 -0.14539139E-03   863.99999976   -23307.17626713
    3850    7.70000000  0.20119318E-04  0.50308691E-05 -0.13053573E-03   863.99999976   -23307.17100711
    3860    7.72000000  0.19991908E-04  0.52291528E-05 -0.11533302E-03   863.99999976   -23307.16207061
    3870    7.74000000  0.19747829E-04  0.53936365E-05 -0.99903010E-04   863.99999976   -23307.15076402
    3880    7.76000000  0.19390741E-04  0.55222910E-05 -0.84360816E-04   863.99999975   -23307.13827130
    3890    7.78000000  0.18925767E-04  0.56133883E-05 -0.68816303E-04   863.99999975   -23307.12563812
    3900    7.80000000  0.18359407E-04  0.56655391E-05 -0.53373670E-04   863.99999975   -23307.11376143
    3910    7.82000000  0.17699431E-04  0.56777236E-05 -0.38131121E-04   863.99999975   -23307.10338428
    3920    7.84000000  0.16954749E-04  0.56493154E-05 -0.23180658E-04   863.99999975   -23307.09509524
    3930    7.86000000  0.16135262E-04  0.55800928E-05 -0.86079486E-05   863.99999975   -23307.08933203
    3940    7.88000000  0.15251699E-04  0.54702431E-05  0.55077297E-05   863.99999975   -23307.08638871
    3950    7.90000000  0.14315442E-04  0.53203555E-05  0.19093500E-04   863.99999975   -23307.08642583
    3960    7.92000000  0.13338346E-04  0.51314088E-05  0.32082863E-04   863.99999975   -23307.08948293
    3970    7.94000000  0.12332554E-04  0.49047475E-05  0.44415647E-04   863.99999975   -23307.09549282
    3980    7.96000000  0.11310312E-04  0.46420549E-05  0.56037957E-04   863.99999975   -23307.10429704
    3990    7.98000000  0.10283787E-04  0.43453232E-05  0.66902113E-04   863.99999975   -23307.11566187
    4000    8.00000000  0.92648941E-05  0.40168202E-05  0.76966591E-04   863.99999975   -23307.12929454
    4010    8.02000000  0.82651376E-05  0.36590531E-05  0.86195969E-04   863.99999975   -23307.14485918
    4020    8.04000000  0.72954548E-05  0.32747365E-05  0.94560876E-04   863.99999975   -23307.16199189
    4030    8.06000000  0.63660842E-05  0.28667601E-05  0.10203793E-03   863.99999974   -23307.18031501
    4040    8.08000000  0.54864441E-05  0.24381594E-05  0.10860970E-03   863.99999974   -23307.19944987
    4050    8.10000000  0.46650296E-05  0.19920871E-05  0.11426460E-03   863.99999974   -23307.21902816
    4060    8.12000000  0.39093282E-05  0.15317901E-05  0.11899687E-03   863.99999974   -23307.23870161
    4070    8.14000000  0.32257534E-05  0.10605888E-05  0.12280643E-03   863.99999974   -23307.25814991
    4080    8.16000000  0.26195955E-05  0.58185614E-06  0.12569878E-03   863.99999974   -23307.27708684
    4090    8.18000000  0.20949927E-05  0.99000898E-07  0.12768487E-03   863.99999974   -23307.29526471
    4100    8.20000000  0.16549192E-05 -0.38454798E-06  0.12878095E-03   863.99999974   -23307.31247701
    4110    8.22000000  0.13011931E-05 -0.86535788E-06  0.12900839E-03   863.99999974   -23307.32855962
    4120    8.24000000  0.10344992E-05 -0.13400093E-05  0.12839346E-03   863.99999974   -23307.34339044
    4130    8.26000000  0.85443013E-06 -0.18051149E-05  0.12696716E-03   863.99999974   -23307.35688789
    4140    8.28000000  0.75954153E-06 -0.22573386E-05  0.12476496E-03   863.99999974   -23307.36900829
    4150    8.30000000  0.74742000E-06 -0.26934185E-05  0.12182652E-03   863.99999974   -23307.37974241
    4160    8.32000000  0.81476296E-06 -0.31101948E-05  0.11819549E-03   863.99999974   -23307.38911132
    4170    8.34000000  0.95746545E-06 -0.35046373E-05  0.11391916E-03   863.99999974   -23307.39716192
    4180    8.36000000  0.11707149E-05 -0.38738773E-05  0.10904816E-03   863.99999973   -23307.40396208
    4190    8.38000000  0.14490919E-05 -0.42152404E-05  0.10363609E-03   863.99999973   -23307.40959588
    4200    8.40000000  0.17866703E-05 -0.45262828E-05  0.97739213E-04   863.99999973   -23307.41415890
    4210    8.42000000  0.21771204E-05 -0.48048232E-05  0.91415964E-04   863.99999973   -23307.41775376
    4220    8.44000000  0.26138125E-05 -0.50489752E-05  0.84726576E-04   863.99999973   -23307.42048609
    4230    8.46000000  0.30899173E-05 -0.52571751E-05  0.77732593E-04   863.99999973   -23307.42246099
    4240    8.48000000  0.35985078E-05 -0.54282059E-05  0.70496392E-04   863.99999973   -23307.42378000
    4250    8.50000000  0.41326550E-05 -0.55612131E-05  0.63080668E-04   863.99999973   -23307.42453870
    4260    8.52000000  0.46855218E-05 -0.56557139E-05  0.55547922E-04   863.99999973   -23307.42482486
    4270    8.54000000  0.52504522E-05 -0.57115970E-05  0.47959928E-04   863.99999973   -23307.42471728
    4280    8.56000000  0.58210539E-05 -0.57291152E-05  0.40377205E-04   863.99999973   -23307.42428504
    4290    8.58000000  0.63912743E-05 -0.57088690E-05  0.32858505E-04   863.99999973   -23307.42358735
    4300    8.60000000  0.69554679E-05 -0.56517833E-05  0.25460303E-04   863.99999973   -23307.42267382
    4310    8.62000000  0.75084551E-05 -0.55590770E-05  0.18236324E-04   863.99999973   -23307.42158506
    4320    8.64000000  0.80455681E-05 -0.54322287E-05  0.11237095E-04   863.99999973   -23307.42035351
    4330    8.66000000  0.85626863E-05 -0.52729409E-05  0.45095461E-05   863.99999972   -23307.41900454
    4340    8.68000000  0.90562594E-05 -0.50831008E-05 -0.19033516E-05   863.99999972   -23307.41755759
    4350    8.70000000  0.95233172E-05 -0.48647452E-05 -0.79628860E-05   863.99999972   -23307.41602732
    4360    8.72000000  0.99614683E-05 -0.46200265E-05 -0.13634852E-04   863.99999972   -23307.41442478
    4370    8.74000000  0.10368888E-04 -0.43511817E-05 -0.18889742E-04   863.99999972   -23307.41275840
    4380    8.76000000  0.10744295E-04 -0.40605072E-05 -0.23702870E-04   863.99999972   -23307.41103493
    4390    8.78000000  0.11086922E-04 -0.37503375E-05 -0.28054451E-04   863.99999972   -23307.40926012
    4400    8.80000000  0.11396480E-04 -0.34230291E-05 -0.31929618E-04   863.99999972   -23307.40743927
    4410    8.82000000  0.11673117E-04 -0.30809463E-05 -0.35318387E-04   863.99999972   -23307.40557762
    4420    8.84000000  0.11917382E-04 -0.27264528E-05 -0.38215587E-04   863.99999972   -23307.40368050
    4430    8.86000000  0.12130182E-04 -0.23619037E-05 -0.40620742E-04   863.99999972   -23307.40175337
    4440    8.88000000  0.12312748E-04 -0.19896405E-05 -0.42537920E-04   863.99999972   -23307.39980177
    4450    8.90000000  0.12466605E-04 -0.16119857E-05 -0.43975549E-04   863.99999972   -23307.39783107
    4460    8.92000000  0.12593542E-04 -0.12312389E-05 -0.44946187E-04   863.99999972   -23307.39584632
    4470    8.94000000  0.12695590E-04 -0.84967282E-06 -0.45466158E-04   863.99999971   -23307.39385211
    4480    8.96000000  0.12775001E-04 -0.46952795E-06 -0.45555086E-04   863.99999971   -23307.39185266
    4490    8.98000000  0.12834233E-04 -0.93007633E-07 -0.45235502E-04   863.99999971   -23307.38985174
    4500    9.00000000  0.12875924E-04  0.27772691E-06 -0.44532441E-04   863.99999971   -23307.38785270
    4510    9.02000000  0.12902877E-04  0.64056301E-06 -0.43473059E-04   863.99999971   -23307.38585842
    4520    9.04000000  0.12918025E-04  0.99344426E-06 -0.42086235E-04   863.99999971   -23307.38387130
    4530    9.06000000  0.12924399E-04  0.13343775E-05 -0.40402198E-04   863.99999971   -23307.38189325
    4540    9.08000000  0.12925086E-04  0.16614420E-05 -0.38452151E-04   863.99999971   -23307.37992568
    4550    9.10000000  0.12923175E-04  0.19727988E-05 -0.36267898E-04   863.99999971   -23307.37796952
    4560    9.12000000  0.12921699E-04  0.22667005E-05 -0.33881493E-04   863.99999971   -23307.37602521
    4570    9.14000000  0.12923573E-04  0.25415018E-05 -0.31324887E-04   863.99999971   -23307.37409273
    4580    9.16000000  0.12931523E-04  0.27956708E-05 -0.28629601E-04   863.99999971   -23307.37217167
    4590    9.18000000  0.12948024E-04  0.30277995E-05 -0.25826420E-04   863.99999971   -23307.37026121
    4600    9.20000000  0.12975232E-04  0.32366160E-05 -0.22945108E-04   863.99999971   -23307.36836022
    4610    9.22000000  0.13014933E-04  0.34209937E-05 -0.20014154E-04   863.99999971   -23307.36646730
    4620    9.24000000  0.13068489E-04  0.35799602E-05 -0.17060558E-04   863.99999970   -23307.36458083
    4630    9.26000000  0.13136804E-04  0.37127056E-05 -0.14109643E-04   863.99999970   -23307.36269910
    4640    9.28000000  0.13220303E-04  0.38185896E-05 -0.11184914E-04   863.99999970   -23307.36082031
    4650    9.30000000  0.13318915E-04  0.38971435E-05 -0.83079467E-05   863.99999970   -23307.35894269
    4660    9.32000000  0.13432078E-04  0.39480729E-05 -0.54983236E-05   863.99999970   -23307.35706455
    4670    9.34000000  0.13558746E-04  0.39712580E-05 -0.27735939E-05   863.99999970   -23307.35518437
    4680    9.36000000  0.13697413E-04  0.39667513E-05 -0.14927302E-06   863.99999970   -23307.35330084
    4690    9.38000000  0.13846141E-04  0.39347742E-05  0.23611347E-05   863.99999970   -23307.35141293
    4700    9.40000000  0.14002595E-04  0.38757128E-05  0.47460888E-05   863.99999970   -23307.34951994
    4710    9.42000000  0.14164086E-04  0.37901147E-05  0.69959459E-05   863.99999970   -23307.34762154
    4720    9.44000000  0.14327610E-04  0.36786863E-05  0.91028797E-05   863.99999970   -23307.34571780
    4730    9.46000000  0.14489901E-04  0.35422898E-05  0.11060790E-04   863.99999970   -23307.34380921
    4740    9.48000000  0.14647478E-04  0.33819422E-05  0.12865204E-04   863.99999970   -23307.34189674
    4750    9.50000000  0.14796695E-04  0.31988164E-05  0.14513167E-04   863.99999970   -23307.33998177
    4760    9.52000000  0.14933799E-04  0.29942411E-05  0.16003141E-04   863.99999970   -23307.33806618
    4770    9.54000000  0.15054982E-04  0.27697025E-05  0.17334888E-04   863.99999969   -23307.33615226
    4780    9.56000000  0.15156436E-04  0.25268424E-05  0.18509365E-04   863.99999969   -23307.33424275
    4790    9.58000000  0.15234413E-04  0.22674568E-05  0.19528616E-04   863.99999969   -23307.33234080
    4800    9.60000000  0.15285282E-04  0.19934895E-05  0.20395667E-04   863.99999969   -23307.33044993
    4810    9.62000000  0.15305586E-04  0.17070219E-05  0.21114429E-04   863.99999969   -23307.32857399
    4820    9.64000000  0.15292103E-04  0.14102586E-05  0.21689603E-04   863.99999969   -23307.32671714
    4830    9.66000000  0.15241905E-04  0.11055080E-05  0.22126596E-04   863.99999969   -23307.32488376
    4840    9.68000000  0.15152414E-04  0.79515764E-06  0.22431435E-04   863.99999969   -23307.32307844
    4850    9.70000000  0.15021462E-04  0.48164385E-06  0.22610697E-04   863.99999969   -23307.32130589
    4860    9.72000000  0.14847345E-04  0.16741877E-06  0.22671430E-04   863.99999969   -23307.31957085
    4870    9.74000000  0.14628878E-04 -0.14508570E-06  0.22621090E-04   863.99999969   -23307.31787810
    4880    9.76000000  0.14365444E-04 -0.45349611E-06  0.22467465E-04   863.99999969   -23307.31623229
    4890    9.78000000  0.14057040E-04 -0.75553581E-06  0.22218613E-04   863.99999969   -23307.31463795
    4900    9.80000000  0.13704317E-04 -0.10490613E-05  0.21882782E-04   863.99999969   -23307.31309938
    4910    9.82000000  0.13308613E-04 -0.13320945E-05  0.21468341E-04   863.99999969   -23307.31162055
    4920    9.84000000  0.12871977E-04 -0.16028521E-05  0.20983706E-04   863.99999968   -23307.31020509
    4930    9.86000000  0.12397182E-04 -0.18597680E-05  0.20437257E-04   863.99999968   -23307.30885617
    4940    9.88000000  0.11887727E-04 -0.21015072E-05  0.19837265E-04   863.99999968   -23307.30757647
    4950    9.90000000  0.11347820E-04 -0.23269723E-05  0.19191815E-04   863.99999968   -23307.30636809
    4960    9.92000000  0.10782353E-04 -0.25353021E-05  0.18508736E-04   863.99999968   -23307.30523253
    4970    9.94000000  0.10196850E-04 -0.27258619E-05  0.17795532E-04   863.99999968   -23307.30417063
    4980    9.96000000  0.95974005E-05 -0.28982252E-05  0.17059328E-04   863.99999968   -23307.30318254
    4990    9.98000000  0.89905791E-05 -0.30521498E-05  0.16306819E-04   863.99999968   -23307.30226771
    5000   10.00000000  0.83833354E-05 -0.31875498E-05  0.15544229E-04   863.99999968   -23307.30142487
    5010   10.02000000  0.77828763E-05 -0.33044619E-05  0.14777289E-04   863.99999968   -23307.30065205
    5020   10.04000000  0.71965308E-05 -0.34030114E-05  0.14011208E-04   863.99999968   -23307.29994662
    5030   10.06000000  0.66316041E-05 -0.34833793E-05  0.13250671E-04   863.99999968   -23307.29930527
    5040   10.08000000  0.60952263E-05 -0.35457712E-05  0.12499837E-04   863.99999968   -23307.29872414
    5050   10.10000000  0.55942006E-05 -0.35903899E-05  0.11762344E-04   863.99999968   -23307.29819881
    5060   10.12000000  0.51348555E-05 -0.36174134E-05  0.11041320E-04   863.99999968   -23307.29772442
    5070   10.14000000  0.47229065E-05 -0.36269819E-05  0.10339405E-04   863.99999967   -23307.29729576
    5080   10.16000000  0.43633332E-05 -0.36191902E-05  0.96587681E-05   863.99999967   -23307.29690733
    5090   10.18000000  0.40602747E-05 -0.35940891E-05  0.90011281E-05   863.99999967   -23307.29655346
    5100   10.20000000  0.38169473E-05 -0.35516949E-05  0.83677821E-05   863.99999967   -23307.29622841
    5110   10.22000000  0.36355885E-05 -0.34920060E-05  0.77596262E-05   863.99999967   -23307.29592645
    5120   10.24000000  0.35174255E-05 -0.34150255E-05  0.71771809E-05   863.99999967   -23307.29564199
    5130   10.26000000  0.34626735E-05 -0.33207888E-05  0.66206142E-05   863.99999967   -23307.29536963
    5140   10.28000000  0.34705621E-05 -0.32093923E-05  0.60897657E-05   863.99999967   -23307.29510426
    5150   10.30000000  0.35393857E-05 -0.30810230E-05  0.55841675E-05   863.99999967   -23307.29484114
    5160   10.32000000  0.36665827E-05 -0.29359872E-05  0.51030664E-05   863.99999967   -23307.29457593
    5170   10.34000000  0.38488351E-05 -0.27747366E-05  0.46454452E-05   863.99999967   -23307.29430477
    5180   10.36000000  0.40821888E-05 -0.25978870E-05  0.42100439E-05   863.99999967   -23307.29402428
    5190   10.38000000  0.43621865E-05 -0.24062324E-05  0.37953811E-05   863.99999967   -23307.29373162
    5200   10.40000000  0.46840128E-05 -0.22007527E-05  0.33997786E-05   863.99999967   -23307.29342443
    5210   10.42000000  0.50426403E-05 -0.19826162E-05  0.30213876E-05   863.99999967   -23307.29310090
    5220   10.44000000  0.54329721E-05 -0.17531735E-05  0.26582175E-05   863.99999966   -23307.29275968
    5230   10.46000000  0.58499746E-05 -0.15139473E-05  0.23081709E-05   863.99999966   -23307.29239989
    5240   10.48000000  0.62887920E-05 -0.12666180E-05  0.19690840E-05   863.99999966   -23307.29202108
    5250   10.50000000  0.67448392E-05 -0.10130049E-05  0.16387722E-05   863.99999966   -23307.29162319
    5260   10.52000000  0.72138656E-05 -0.75504429E-06  0.13150810E-05   863.99999966   -23307.29120648
    5270   10.54000000  0.76919897E-05 -0.49476639E-06  0.99594211E-06   863.99999966   -23307.29077149
    5280   10.56000000  0.81757031E-05 -0.23426960E-06  0.67943294E-06   863.99999966   -23307.29031904
    5290   10.58000000  0.86618447E-05  0.24305205E-07  0.36383815E-06   863.99999966   -23307.28985013
    5300   10.60000000  0.91475504E-05  0.27880209E-06  0.47710550E-07   863.99999966   -23307.28936592
    5310   10.62000000  0.96301828E-05  0.52707761E-06 -0.27007046E-06   863.99999966   -23307.28886772
    5320   10.64000000  0.10107249E-04  0.76702894E-06 -0.59024556E-06   863.99999966   -23307.28835694
    5330   10.66000000  0.10576313E-04  0.99662310E-06 -0.91313078E-06   863.99999966   -23307.28783510
    5340   10.68000000  0.11034918E-04  0.12139247E-05 -0.12385826E-05   863.99999966   -23307.28730378
    5350   10.70000000  0.11480511E-04  0.14171250E-05 -0.15659731E-05   863.99999966   -23307.28676462
    5360   10.72000000  0.11910395E-04  0.16045705E-05 -0.18941786E-05   863.99999965   -23307.28621934
    5370   10.74000000  0.12321703E-04  0.17747885E-05 -0.22215807E-05   863.99999965   -23307.28566969
    5380   10.76000000  0.12711391E-04  0.19265122E-05 -0.25460810E-05   863.99999965   -23307.28511750
    5390   10.78000000  0.13076269E-04  0.20587037E-05 -0.28651289E-05   863.99999965   -23307.28456460
    5400   10.80000000  0.13413053E-04  0.21705725E-05 -0.31757601E-05   863.99999965   -23307.28401288
    5410   10.82000000  0.13718429E-04  0.22615894E-05 -0.34746482E-05   863.99999965   -23307.28346423
    5420   10.84000000  0.13989154E-04  0.23314966E-05 -0.37581661E-05   863.99999965   -23307.28292057
    5430   10.86000000  0.14222147E-04  0.23803119E-05 -0.40224552E-05   863.99999965   -23307.28238378
    5440   10.88000000  0.14414595E-04  0.24083264E-05 -0.42635021E-05   863.99999965   -23307.28185572
    5450   10.90000000  0.14564057E-04  0.24160970E-05 -0.44772216E-05   863.99999965   -23307.28133819
    5460   10.92000000  0.14668557E-04  0.24044322E-05 -0.46595420E-05   863.99999965   -23307.28083290
    5470   10.94000000  0.14726661E-04  0.23743730E-05 -0.48064938E-05   863.99999965   -23307.28034147
    5480   10.96000000  0.14737544E-04  0.23271673E-05 -0.49142967E-05   863.99999965   -23307.27986538
    5490   10.98000000  0.14701034E-04  0.22642402E-05 -0.49794456E-05   863.99999965   -23307.27940598
    5500   11.00000000  0.14617629E-04  0.21871602E-05 -0.49987931E-05   863.99999965   -23307.27896444
    5510   11.02000000  0.14488506E-04  0.20976025E-05 -0.49696263E-05   863.99999964   -23307.27854175
    5520   11.04000000  0.14315495E-04  0.19973103E-05 -0.48897366E-05   863.99999964   -23307.27813872
    5530   11.06000000  0.14101043E-04  0.18880531E-05 -0.47574819E-05   863.99999964   -23307.27775596
    5540   11.08000000  0.13848153E-04  0.17715882E-05 -0.45718406E-05   863.99999964   -23307.27739386
    5550   11.10000000  0.13560316E-04  0.16496220E-05 -0.43324532E-05   863.99999964   -23307.27705264
    5560   11.12000000  0.13241421E-04  0.15237740E-05 -0.40396548E-05   863.99999964   -23307.27673231
    5570   11.14000000  0.12895663E-04  0.13955446E-05 -0.36944955E-05   863.99999964   -23307.27643272
    5580   11.16000000  0.12527437E-04  0.12662872E-05 -0.32987473E-05   863.99999964   -23307.27615355
    5590   11.18000000  0.12141234E-04  0.11371871E-05 -0.28548985E-05   863.99999964   -23307.27589430
    5600   11.20000000  0.11741530E-04  0.10092452E-05 -0.23661349E-05   863.99999964   -23307.27565437
    5610   11.22000000  0.11332685E-04  0.88326794E-06 -0.18363049E-05   863.99999964   -23307.27543306
    5620   11.24000000  0.10918842E-04  0.75986352E-06 -0.12698693E-05   863.99999964   -23307.27522954
    5630   11.26000000  0.10503840E-04  0.63944586E-06 -0.67183916E-06   863.99999964   -23307.27504294
    5640   11.28000000  0.10091142E-04  0.52224241E-06 -0.47695370E-07   863.99999964   -23307.27487233
    5650   11.30000000  0.96837743E-05  0.40830633E-06  0.59670399E-06   863.99999964   -23307.27471676
    5660   11.32000000  0.92842946E-05  0.29753583E-06  0.12552266E-05   863.99999963   -23307.27457527
    5670   11.34000000  0.88947726E-05  0.18969688E-06  0.19215793E-05   863.99999963   -23307.27444689
    5680   11.36000000  0.85168019E-05  0.84448171E-07  0.25894270E-05   863.99999963   -23307.27433067
    5690   11.38000000  0.81515310E-05 -0.18630398E-07  0.32525139E-05   863.99999963   -23307.27422571
    5700   11.40000000  0.77997169E-05 -0.12000676E-06  0.39047807E-05   863.99999963   -23307.27413112
    5710   11.42000000  0.74617976E-05 -0.22016377E-06  0.45404751E-05   863.99999963   -23307.27404607
    5720   11.44000000  0.71379810E-05 -0.31956726E-06  0.51542509E-05   863.99999963   -23307.27396976
    5730   11.46000000  0.68283427E-05 -0.41863330E-06  0.57412509E-05   863.99999963   -23307.27390145
    5740   11.48000000  0.65329292E-05 -0.51769667E-06  0.62971708E-05   863.99999963   -23307.27384044
    5750   11.50000000  0.62518580E-05 -0.61698236E-06  0.68183025E-05   863.99999963   -23307.27378607
    5760   11.52000000  0.59854112E-05 -0.71658049E-06  0.73015528E-05   863.99999963   -23307.27373775
    5770   11.54000000  0.57341151E-05 -0.81642631E-06  0.77444420E-05   863.99999963   -23307.27369490
    5780   11.56000000  0.54987996E-05 -0.91628608E-06  0.81450802E-05   863.99999963   -23307.27365699
    5790   11.58000000  0.52806356E-05 -0.10157506E-05  0.85021243E-05   863.99999963   -23307.27362353
    5800   11.60000000  0.50811453E-05 -0.11142365E-05  0.88147195E-05   863.99999963   -23307.27359405
    5810   11.62000000  0.49021874E-05 -0.12109947E-05  0.90824297E-05   863.99999962   -23307.27356814
    5820   11.64000000  0.47459136E-05 -0.13051278E-05  0.93051585E-05   863.99999962   -23307.27354539
    5830   11.66000000  0.46147002E-05 -0.13956134E-05  0.94830695E-05   863.99999962   -23307.27352544
    5840   11.68000000  0.45110594E-05 -0.14813361E-05  0.96165056E-05   863.99999962   -23307.27350797
    5850   11.70000000  0.44375319E-05 -0.15611205E-05  0.97059164E-05   863.99999962   -23307.27349267
    5860   11.72000000  0.43965668E-05 -0.16337702E-05  0.97517930E-05   863.99999962   -23307.27347928
    5870   11.74000000  0.43903957E-05 -0.16981053E-05  0.97546177E-05   863.99999962   -23307.27346757
    5880   11.76000000  0.44209056E-05 -0.17529999E-05  0.97148283E-05   863.99999962   -23307.27345732
    5890   11.78000000  0.44895176E-05 -0.17974163E-05  0.96327982E-05   863.99999962   -23307.27344839
    5900   11.80000000  0.45970751E-05 -0.18304330E-05  0.95088353E-05   863.99999962   -23307.27344062
    5910   11.82000000  0.47437480E-05 -0.18512690E-05  0.93431978E-05   863.99999962   -23307.27343391
    5920   11.84000000  0.49289576E-05 -0.18593014E-05  0.91361241E-05   863.99999962   -23307.27342815
    5930   11.86000000  0.51513238E-05 -0.18540755E-05  0.88878778E-05   863.99999962   -23307.27342329
    5940   11.88000000  0.54086378E-05 -0.18353091E-05  0.85988016E-05   863.99999962   -23307.27341926
    5950   11.90000000  0.56978620E-05 -0.18028940E-05  0.82693791E-05   863.99999962   -23307.27341601
    5960   11.92000000  0.60151586E-05 -0.17568916E-05  0.79002972E-05   863.99999961   -23307.27341348
    5970   11.94000000  0.63559442E-05 -0.16975253E-05  0.74925095E-05   863.99999961   -23307.27341162
    5980   11.96000000  0.67149709E-05 -0.16251727E-05  0.70472945E-05   863.99999961   -23307.27341034
    5990   11.98000000  0.70864300E-05 -0.15403562E-05  0.65663066E-05   863.99999961   -23307.27340956
    6000   12.00000000  0.74640758E-05 -0.14437343E-05  0.60516160E-05   863.99999961   -23307.27340917
    6010   12.02000000  0.78417865E-05 -0.13360901E-05  0.55057377E-05   863.99999961   -23307.27340894
    6020   12.04000000  0.82126918E-05 -0.12183221E-05  0.49316473E-05   863.99999961   -23307.27340872
    6030   12.06000000  0.85693013E-05 -0.10914351E-05  0.43327834E-05   863.99999961   -23307.27340849
    6040   12.08000000  0.89043707E-05 -0.95653062E-06  0.37130380E-05   863.99999961   -23307.27340827
    6050   12.10000000  0.92110414E-05 -0.81479488E-06  0.30767333E-05   863.99999961   -23307.27340805
    6060   12.12000000  0.94830077E-05 -0.66748926E-06  0.24285879E-05   863.99999961   -23307.27340783
    6070   12.14000000  0.97146708E-05 -0.51593919E-06  0.17736735E-05   863.99999961   -23307.27340762
    6080   12.16000000  0.99012537E-05 -0.36152192E-06  0.11173616E-05   863.99999961   -23307.27340740
    6090   12.18000000  0.10038902E-04 -0.20565461E-06  0.46526248E-06   863.99999961   -23307.27340719
    6100   12.20000000  0.10124761E-04 -0.49781159E-07 -0.17684287E-06   863.99999961   -23307.27340698
    6110   12.22000000  0.10157017E-04  0.10463986E-06 -0.80307549E-06   863.99999960   -23307.27340678
    6120   12.24000000  0.10134926E-04  0.25614831E-06 -0.14075370E-05   863.99999960   -23307.27340657
    6130   12.26000000  0.10058828E-04  0.40329621E-06 -0.19843917E-05   863.99999960   -23307.27340636
    6140   12.28000000  0.99301289E-05  0.54466251E-06 -0.25279510E-05   863.99999960   -23307.27340616
    6150   12.30000000  0.97512676E-05  0.67886872E-06 -0.30327592E-05   863.99999960   -23307.27340595
    6160   12.32000000  0.95256557E-05  0.80459497E-06 -0.34936794E-05   863.99999960   -23307.27340575
    6170   12.34000000  0.92576017E-05  0.92059867E-06 -0.39059768E-05   863.99999960   -23307.27340554
    6180   12.36000000  0.89522118E-05  0.10257324E-05 -0.42653997E-05   863.99999960   -23307.27340533
    6190   12.38000000  0.86152766E-05  0.11189622E-05 -0.45682555E-05   863.99999960   -23307.27340512
    6200   12.40000000  0.82531487E-05  0.11993868E-05 -0.48114793E-05   863.99999960   -23307.27340491
    6210   12.42000000  0.78726071E-05  0.12662535E-05 -0.49926941E-05   863.99999960   -23307.27340470
    6220   12.44000000  0.74807105E-05  0.13189726E-05 -0.51102593E-05   863.99999960   -23307.27340448
    6230   12.46000000  0.70846524E-05  0.13571289E-05 -0.51633094E-05   863.99999960   -23307.27340427
    6240   12.48000000  0.66916174E-05  0.13804898E-05 -0.51517783E-05   863.99999960   -23307.27340405
    6250   12.50000000  0.63086380E-05  0.13890090E-05 -0.50764072E-05   863.99999960   -23307.27340384
    6260   12.52000000  0.59424570E-05  0.13828276E-05 -0.49387399E-05   863.99999959   -23307.27340363
    6270   12.54000000  0.55993990E-05  0.13622703E-05 -0.47411024E-05   863.99999959   -23307.27340341
    6280   12.56000000  0.52852523E-05  0.13278393E-05 -0.44865659E-05   863.99999959   -23307.27340320
    6290   12.58000000  0.50051646E-05  0.12802056E-05 -0.41788970E-05   863.99999959   -23307.27340299
    6300   12.60000000  0.47635544E-05  0.12201986E-05 -0.38224941E-05   863.99999959   -23307.27340278
    6310   12.62000000  0.45640372E-05  0.11487936E-05 -0.34223124E-05   863.99999959   -23307.27340258
    6320   12.64000000  0.44093644E-05  0.10670991E-05 -0.29837796E-05   863.99999959   -23307.27340237
    6330   12.66000000  0.43013800E-05  0.97634213E-06 -0.25127036E-05   863.99999959   -23307.27340217
    6340   12.68000000  0.42409981E-05  0.87785456E-06 -0.20151757E-05   863.99999959   -23307.27340197
    6350   12.70000000  0.42281970E-05  0.77305650E-06 -0.14974698E-05   863.99999959   -23307.27340177
    6360   12.72000000  0.42620310E-05  0.66343834E-06 -0.96594165E-06   863.99999959   -23307.27340157
    6370   12.74000000  0.43406638E-05  0.55054248E-06 -0.42692952E-06   863.99999959   -23307.27340138
    6380   12.76000000  0.44614180E-05  0.43594139E-06  0.11334145E-06   863.99999959   -23307.27340118
    6390   12.78000000  0.46208400E-05  0.32121323E-06  0.64885013E-06   863.99999959   -23307.27340099
    6400   12.80000000  0.48147831E-05  0.20791613E-06  0.11738615E-05   863.99999958   -23307.27340080
    6410   12.82000000  0.50385048E-05  0.97559530E-07  0.16830008E-05   863.99999958   -23307.27340061
    6420   12.84000000  0.52867726E-05 -0.84258173E-08  0.21713179E-05   863.99999958   -23307.27340042
    6430   12.86000000  0.55539754E-05 -0.10871880E-06  0.26343398E-05   863.99999958   -23307.27340022
    6440   12.88000000  0.58342389E-05 -0.20213854E-06  0.30681114E-05   863.99999958   -23307.27340003
    6450   12.90000000  0.61215449E-05 -0.28767336E-06  0.34692252E-05   863.99999958   -23307.27339984
    6460   12.92000000  0.64098462E-05 -0.36450539E-06  0.38348384E-05   863.99999958   -23307.27339964
    6470   12.94000000  0.66931765E-05 -0.43203174E-06  0.41626793E-05   863.99999958   -23307.27339945
    6480   12.96000000  0.69657560E-05 -0.48988036E-06  0.44510427E-05   863.99999958   -23307.27339924
    6490   12.98000000  0.72220870E-05 -0.53791725E-06  0.46987786E-05   863.99999958   -23307.27339904
    6500   13.00000000  0.74570414E-05 -0.57624724E-06  0.49052702E-05   863.99999958   -23307.27339884
    6510   13.02000000  0.76659370E-05 -0.60520562E-06  0.50704078E-05   863.99999958   -23307.27339863
    6520   13.04000000  0.78446057E-05 -0.62534384E-06  0.51945586E-05   863.99999958   -23307.27339843
    6530   13.06000000  0.79894499E-05 -0.63740596E-06  0.52785336E-05   863.99999958   -23307.27339822
    6540   13.08000000  0.80974883E-05 -0.64229949E-06  0.53235511E-05   863.99999958   -23307.27339802
    6550   13.10000000  0.81663922E-05 -0.64106065E-06  0.53312004E-05   863.99999957   -23307.27339782
    6560   13.12000000  0.81945099E-05 -0.63481663E-06  0.53034050E-05   863.99999957   -23307.27339762
    6570   13.14000000  0.81808814E-05 -0.62474508E-06  0.52423845E-05   863.99999957   -23307.27339743
    6580   13.16000000  0.81252417E-05 -0.61203285E-06  0.51506154E-05   863.99999957   -23307.27339724
    6590   13.18000000  0.80280120E-05 -0.59783791E-06  0.50307914E-05   863.99999957   -23307.27339705
    6600   13.20000000  0.78902801E-05 -0.58325243E-06  0.48857814E-05   863.99999957   -23307.27339687
    6610   13.22000000  0.77137700E-05 -0.56927111E-06  0.47185872E-05   863.99999957   -23307.27339669
    6620   13.24000000  0.75008024E-05 -0.55676475E-06  0.45322991E-05   863.99999957   -23307.27339652
    6630   13.26000000  0.72542425E-05 -0.54646139E-06  0.43300515E-05   863.99999957   -23307.27339635
    6640   13.28000000  0.69774415E-05 -0.53893376E-06  0.41149780E-05   863.99999957   -23307.27339618
    6650   13.30000000  0.66741696E-05 -0.53459416E-06  0.38901694E-05   863.99999957   -23307.27339601
    6660   13.32000000  0.63485428E-05 -0.53369748E-06  0.36586344E-05   863.99999957   -23307.27339584
    6670   13.34000000  0.60049448E-05 -0.53634858E-06  0.34232640E-05   863.99999957   -23307.27339567
    6680   13.36000000  0.56479480E-05 -0.54251683E-06  0.31868026E-05   863.99999957   -23307.27339550
    6690   13.38000000  0.52822330E-05 -0.55205220E-06  0.29518247E-05   863.99999957   -23307.27339532
    6700   13.40000000  0.49125121E-05 -0.56470484E-06  0.27207192E-05   863.99999956   -23307.27339515
    6710   13.42000000  0.45434520E-05 -0.58014534E-06  0.24956785E-05   863.99999956   -23307.27339497
    6720   13.44000000  0.41796046E-05 -0.59798277E-06  0.22786934E-05   863.99999956   -23307.27339479
    6730   13.46000000  0.38253424E-05 -0.61778029E-06  0.20715527E-05   863.99999956   -23307.27339461
    6740   13.48000000  0.34848010E-05 -0.63906777E-06  0.18758440E-05   863.99999956   -23307.27339443
    6750   13.50000000  0.31618263E-05 -0.66135124E-06  0.16929545E-05   863.99999956   -23307.27339425
    6760   13.52000000  0.28599309E-05 -0.68411791E-06  0.15240719E-05   863.99999956   -23307.27339406
    6770   13.54000000  0.25822561E-05 -0.70683873E-06  0.13701827E-05   863.99999956   -23307.27339388
    6780   13.56000000  0.23315395E-05 -0.72896907E-06  0.12320681E-05   863.99999956   -23307.27339370
    6790   13.58000000  0.21100908E-05 -0.74994907E-06  0.11102966E-05   863.99999956   -23307.27339352
    6800   13.60000000  0.19197731E-05 -0.76920298E-06  0.10052173E-05   863.99999956   -23307.27339334
    6810   13.62000000  0.17619917E-05 -0.78614094E-06  0.91695161E-06   863.99999956   -23307.27339316
    6820   13.64000000  0.16376882E-05 -0.80016386E-06  0.84538609E-06   863.99999956   -23307.27339299
    6830   13.66000000  0.15473399E-05 -0.81067107E-06  0.79016818E-06   863.99999956   -23307.27339282
    6840   13.68000000  0.14909659E-05 -0.81706965E-06  0.75070634E-06   863.99999956   -23307.27339264
    6850   13.70000000  0.14681383E-05 -0.81878787E-06  0.72617531E-06   863.99999955   -23307.27339247
    6860   13.72000000  0.14779994E-05 -0.81529179E-06  0.71552640E-06   863.99999955   -23307.27339230
    6870   13.74000000  0.15192835E-05 -0.80610135E-06  0.71750407E-06   863.99999955   -23307.27339214
    6880   13.76000000  0.15903438E-05 -0.79080779E-06  0.73066575E-06   863.99999955   -23307.27339197
    6890   13.78000000  0.16891834E-05 -0.76909007E-06  0.75340768E-06   863.99999955   -23307.27339181
    6900   13.80000000  0.18134911E-05 -0.74072940E-06  0.78399420E-06   863.99999955   -23307.27339164
    6910   13.82000000  0.19606804E-05 -0.70562121E-06  0.82058915E-06   863.99999955   -23307.27339148
    6920   13.84000000  0.21279327E-05 -0.66378315E-06  0.86128862E-06   863.99999955   -23307.27339132
    6930   13.86000000  0.23122428E-05 -0.61535887E-06  0.90415509E-06   863.99999955   -23307.27339116
    6940   13.88000000  0.25104676E-05 -0.56061757E-06  0.94725195E-06   863.99999955   -23307.27339101
    6950   13.90000000  0.27193757E-05 -0.49994904E-06  0.98867844E-06   863.99999955   -23307.27339085
    6960   13.92000000  0.29356992E-05 -0.43385453E-06  0.10266036E-05   863.99999955   -23307.27339069
    6970   13.94000000  0.31561851E-05 -0.36293477E-06  0.10592996E-05   863.99999955   -23307.27339054
    6980   13.96000000  0.33776436E-05 -0.28787345E-06  0.10851740E-05   863.99999955   -23307.27339038
    6990   13.98000000  0.35969949E-05 -0.20942046E-06  0.11027993E-05   863.99999955   -23307.27339022
    7000   14.00000000  0.38113123E-05 -0.12837414E-06  0.11109415E-05   863.99999954   -23307.27339006
    7010   14.02000000  0.40178599E-05 -0.45562569E-07  0.11085834E-05   863.99999954   -23307.27338990
    7020   14.04000000  0.42141246E-05  0.38172570E-07  0.10949454E-05   863.99999954   -23307.27338973
    7030   14.06000000  0.43978421E-05  0.12198969E-06  0.10695021E-05   863.99999954   -23307.27338957
    7040   14.08000000  0.45670160E-05  0.20505875E-06  0.10319936E-05   863.99999954   -23307.27338940
    7050   14.10000000  0.47199313E-05  0.28656872E-06  0.98243102E-06   863.99999954   -23307.27338923
    7060   14.12000000  0.48551612E-05  0.36573142E-06  0.92109762E-06   863.99999954   -23307.27338907
    7070   14.14000000  0.49715675E-05  0.44178174E-06  0.84854376E-06   863.99999954   -23307.27338890
    7080   14.16000000  0.50682977E-05  0.51397652E-06  0.76557671E-06   863.99999954   -23307.27338874
    7090   14.18000000  0.51447777E-05  0.58159110E-06  0.67324591E-06   863.99999954   -23307.27338857
    7100   14.20000000  0.52007014E-05  0.64391559E-06  0.57282349E-06   863.99999954   -23307.27338841
    7110   14.22000000  0.52360196E-05  0.70025270E-06  0.46578030E-06   863.99999954   -23307.27338825
    7120   14.24000000  0.52509272E-05  0.74991726E-06  0.35375686E-06   863.99999954   -23307.27338810
    7130   14.26000000  0.52458510E-05  0.79223841E-06  0.23853349E-06   863.99999954   -23307.27338794
    7140   14.28000000  0.52214370E-05  0.82656768E-06  0.12199625E-06   863.99999954   -23307.27338779
    7150   14.30000000  0.51785397E-05  0.85228980E-06  0.61010413E-08   863.99999953   -23307.27338763
    7160   14.32000000  0.51182119E-05  0.86883710E-06 -0.10716351E-06   863.99999953   -23307.27338748
    7170   14.34000000  0.50416947E-05  0.87570764E-06 -0.21581273E-06   863.99999953   -23307.27338732
    7180   14.36000000  0.49504066E-05  0.87248596E-06 -0.31790207E-06   863.99999953   -23307.27338717
    7190   14.38000000  0.48459322E-05  0.85886361E-06 -0.41156335E-06   863.99999953   -23307.27338701
    7200   14.40000000  0.47300085E-05  0.83465901E-06 -0.49503740E-06   863.99999953   -23307.27338685
    7210   14.42000000  0.46045079E-05  0.79983562E-06 -0.56670629E-06   863.99999953   -23307.27338669
    7220   14.44000000  0.44714169E-05  0.75451614E-06 -0.62512070E-06   863.99999953   -23307.27338652
    7230   14.46000000  0.43328087E-05  0.69899128E-06 -0.66902523E-06   863.99999953   -23307.27338636
    7240   14.48000000  0.41908133E-05  0.63372360E-06 -0.69738157E-06   863.99999953   -23307.27338619
    7250   14.50000000  0.40475787E-05  0.55934529E-06 -0.70938735E-06   863.99999953   -23307.27338603
    7260   14.52000000  0.39052303E-05  0.47664924E-06 -0.70449180E-06   863.99999953   -23307.27338586
    7270   14.54000000  0.37658265E-05  0.38657442E-06 -0.68240763E-06   863.99999953   -23307.27338569
    7280   14.56000000  0.36313130E-05  0.29018747E-06 -0.64311889E-06   863.99999953   -23307.27338552
    7290   14.58000000  0.35034788E-05  0.18865800E-06 -0.58688415E-06   863.99999953   -23307.27338536
    7300   14.60000000  0.33839148E-05  0.83232288E-07 -0.51423331E-06   863.99999952   -23307.27338519
    7310   14.62000000  0.32739778E-05 -0.24795372E-07 -0.42595933E-06   863.99999952   -23307.27338502
    7320   14.64000000  0.31747627E-05 -0.13411010E-06 -0.32310318E-06   863.99999952   -23307.27338486
    7330   14.66000000  0.30870837E-05 -0.24340418E-06 -0.20693301E-06   863.99999952   -23307.27338469
    7340   14.68000000  0.30114646E-05 -0.35140130E-06 -0.78915760E-07   863.99999952   -23307.27338453
    7350   14.70000000  0.29481382E-05 -0.45687758E-06  0.59316813E-07   863.99999952   -23307.27338437
    7360   14.72000000  0.28970567E-05 -0.55867825E-06  0.20600556E-06   863.99999952   -23307.27338420
    7370   14.74000000  0.28579097E-05 -0.65572863E-06  0.35930523E-06   863.99999952   -23307.27338404
    7380   14.76000000  0.28301476E-05 -0.74704148E-06  0.51732785E-06   863.99999952   -23307.27338388
    7390   14.78000000  0.28130105E-05 -0.83171981E-06  0.67818418E-06   863.99999952   -23307.27338372
    7400   14.80000000  0.28055591E-05 -0.90895584E-06  0.84002353E-06   863.99999952   -23307.27338356
    7410   14.82000000  0.28067064E-05 -0.97802750E-06  0.10010686E-05   863.99999952   -23307.27338340
    7420   14.84000000  0.28152491E-05 -0.10382950E-05  0.11596447E-05   863.99999952   -23307.27338324
    7430   14.86000000  0.28298958E-05 -0.10891967E-05  0.13142025E-05   863.99999952   -23307.27338308
    7440   14.88000000  0.28492926E-05 -0.11302479E-05  0.14633312E-05   863.99999951   -23307.27338292
    7450   14.90000000  0.28720482E-05 -0.11610414E-05  0.16057671E-05   863.99999951   -23307.27338276
    7460   14.92000000  0.28967549E-05 -0.11812521E-05  0.17403941E-05   863.99999951   -23307.27338260
    7470   14.94000000  0.29220073E-05 -0.11906454E-05  0.18662384E-05   863.99999951   -23307.27338243
    7480   14.96000000  0.29464240E-05 -0.11890888E-05  0.19824597E-05   863.99999951   -23307.27338227
    7490   14.98000000  0.29686657E-05 -0.11765658E-05  0.20883389E-05   863.99999951   -23307.27338211
    7500   15.00000000  0.29874567E-05 -0.11531905E-05  0.21832645E-05   863.99999951   -23307.27338194
    7510   15.02000000  0.30016076E-05 -0.11192224E-05  0.22667203E-05   863.99999951   -23307.27338178
    7520   15.04000000  0.30100385E-05 -0.10750787E-05  0.23382729E-05   863.99999951   -23307.27338161
    7530   15.06000000  0.30118049E-05 -0.10213427E-05  0.23975609E-05   863.99999951   -23307.27338144
    7540   15.08000000  0.30061211E-05 -0.95876625E-06  0.24442868E-05   863.99999951   -23307.27338127
    7550   15.10000000  0.29923843E-05 -0.88826647E-06  0.24782120E-05   863.99999951   -23307.27338109
    7560   15.12000000  0.29701965E-05 -0.81091624E-06  0.24991527E-05   863.99999951   -23307.27338092
    7570   15.14000000  0.29393789E-05 -0.72792639E-06  0.25069782E-05   863.99999951   -23307.27338074
    7580   15.16000000  0.28999830E-05 -0.64062245E-06  0.25016127E-05   863.99999951   -23307.27338057
    7590   15.18000000  0.28522933E-05 -0.55041699E-06  0.24830385E-05   863.99999950   -23307.27338039
    7600   15.20000000  0.27968202E-05 -0.45877728E-06  0.24513012E-05   863.99999950   -23307.27338022
    7610   15.22000000  0.27342877E-05 -0.36719157E-06  0.24065159E-05   863.99999950   -23307.27338004
    7620   15.24000000  0.26656096E-05 -0.27713541E-06  0.23488775E-05   863.99999950   -23307.27337987
    7630   15.26000000  0.25918600E-05 -0.19003973E-06  0.22786710E-05   863.99999950   -23307.27337970
    7640   15.28000000  0.25142383E-05 -0.10726135E-06  0.21962835E-05   863.99999950   -23307.27337953
    7650   15.30000000  0.24340294E-05 -0.30057723E-07  0.21022168E-05   863.99999950   -23307.27337936
    7660   15.32000000  0.23525645E-05  0.40432474E-07  0.19971004E-05   863.99999950   -23307.27337920
    7670   15.34000000  0.22711801E-05  0.10320483E-06  0.18817024E-05   863.99999950   -23307.27337904
    7680   15.36000000  0.21911817E-05  0.15740083E-06  0.17569394E-05   863.99999950   -23307.27337888
    7690   15.38000000  0.21138120E-05  0.20231403E-06  0.16238821E-05   863.99999950   -23307.27337873
    7700   15.40000000  0.20402244E-05  0.23739404E-06  0.14837560E-05   863.99999950   -23307.27337858
    7710   15.42000000  0.19714629E-05  0.26224829E-06  0.13379382E-05   863.99999950   -23307.27337842
    7720   15.44000000  0.19084491E-05  0.27664266E-06  0.11879477E-05   863.99999950   -23307.27337827
    7730   15.46000000  0.18519757E-05  0.28050125E-06  0.10354294E-05   863.99999950   -23307.27337812
    7740   15.48000000  0.18027048E-05  0.27390688E-06  0.88213208E-06   863.99999949   -23307.27337797
    7750   15.50000000  0.17611697E-05  0.25710044E-06  0.72988055E-06   863.99999949   -23307.27337781
    7760   15.52000000  0.17277819E-05  0.23047995E-06  0.58054368E-06   863.99999949   -23307.27337766
    7770   15.54000000  0.17028382E-05  0.19459965E-06  0.43599831E-06   863.99999949   -23307.27337750
    7780   15.56000000  0.16865289E-05  0.15016522E-06  0.29808991E-06   863.99999949   -23307.27337735
    7790   15.58000000  0.16789477E-05  0.98028657E-07  0.16859232E-06   863.99999949   -23307.27337720
    7800   15.60000000  0.16800987E-05  0.39179450E-07  0.49169948E-07   863.99999949   -23307.27337704
    7810   15.62000000  0.16899036E-05 -0.25267158E-07 -0.58661458E-07   863.99999949   -23307.27337689
    7820   15.64000000  0.17082075E-05 -0.94087098E-07 -0.15356963E-06   863.99999949   -23307.27337674
    7830   15.66000000  0.17347842E-05 -0.16596664E-06 -0.23443392E-06   863.99999949   -23307.27337658
    7840   15.68000000  0.17693380E-05 -0.23952358E-06 -0.30037127E-06   863.99999949   -23307.27337643
    7850   15.70000000  0.18115067E-05 -0.31333397E-06 -0.35075463E-06   863.99999949   -23307.27337628
    7860   15.72000000  0.18608644E-05 -0.38595923E-06 -0.38522457E-06   863.99999949   -23307.27337614
    7870   15.74000000  0.19169218E-05 -0.45597426E-06 -0.40369488E-06   863.99999949   -23307.27337599
    7880   15.76000000  0.19791289E-05 -0.52199651E-06 -0.40635207E-06   863.99999949   -23307.27337584
    7890   15.78000000  0.20468763E-05 -0.58271510E-06 -0.39364866E-06   863.99999948   -23307.27337570
    7900   15.80000000  0.21194987E-05 -0.63691774E-06 -0.36629162E-06   863.99999948   -23307.27337555
    7910   15.82000000  0.21962776E-05 -0.68351566E-06 -0.32522681E-06   863.99999948   -23307.27337541
    7920   15.84000000  0.22764446E-05 -0.72156523E-06 -0.27161815E-06   863.99999948   -23307.27337526
    7930   15.86000000  0.23591848E-05 -0.75028705E-06 -0.20682394E-06   863.99999948   -23307.27337512
    7940   15.88000000  0.24436415E-05 -0.76907977E-06 -0.13237122E-06   863.99999948   -23307.27337497
    7950   15.90000000  0.25289200E-05 -0.77752926E-06 -0.49927600E-07   863.99999948   -23307.27337482
    7960   15.92000000  0.26140911E-05 -0.77541308E-06  0.38729505E-07   863.99999948   -23307.27337467
    7970   15.94000000  0.26981960E-05 -0.76270076E-06  0.13174526E-06   863.99999948   -23307.27337452
    7980   15.96000000  0.27802513E-05 -0.73954992E-06  0.22722096E-06   863.99999948   -23307.27337436
    7990   15.98000000  0.28592547E-05 -0.70629679E-06  0.32324787E-06   863.99999948   -23307.27337421
    8000   16.00000000  0.29341930E-05 -0.66344453E-06  0.41794290E-06   863.99999948   -23307.27337405
    8010   16.02000000  0.30040514E-05 -0.61164859E-06  0.50948290E-06   863.99999948   -23307.27337390
    8020   16.04000000  0.30678247E-05 -0.55169931E-06  0.59614004E-06   863.99999948   -23307.27337374
    8030   16.06000000  0.31245319E-05 -0.48450374E-06  0.67631497E-06   863.99999948   -23307.27337358
    8040   16.08000000  0.31732334E-05 -0.41106646E-06  0.74856772E-06   863.99999947   -23307.27337343
    8050   16.10000000  0.32130486E-05 -0.33247212E-06  0.81164827E-06   863.99999947   -23307.27337327
    8060   16.12000000  0.32431771E-05 -0.24986736E-06  0.86452078E-06   863.99999947   -23307.27337312
    8070   16.14000000  0.32629203E-05 -0.16444356E-06  0.90638466E-06   863.99999947   -23307.27337296
    8080   16.16000000  0.32717030E-05 -0.77423090E-07  0.93669074E-06   863.99999947   -23307.27337281
    8090   16.18000000  0.32690933E-05  0.99533138E-08  0.95515047E-06   863.99999947   -23307.27337266
    8100   16.20000000  0.32548216E-05  0.96439167E-07  0.96173891E-06   863.99999947   -23307.27337251
    8110   16.22000000  0.32287952E-05  0.18079223E-06  0.95669089E-06   863.99999947   -23307.27337236
    8120   16.24000000  0.31911081E-05  0.26178411E-06  0.94048909E-06   863.99999947   -23307.27337222
    8130   16.26000000  0.31420465E-05  0.33821081E-06  0.91384547E-06   863.99999947   -23307.27337207
    8140   16.28000000  0.30820872E-05  0.40890310E-06  0.87767697E-06   863.99999947   -23307.27337192
    8150   16.30000000  0.30118890E-05  0.47273954E-06  0.83307445E-06   863.99999947   -23307.27337178
    8160   16.32000000  0.29322776E-05  0.52865941E-06  0.78126808E-06   863.99999947   -23307.27337163
    8170   16.34000000  0.28442255E-05  0.57567813E-06  0.72359090E-06   863.99999947   -23307.27337148
    8180   16.36000000  0.27488259E-05  0.61290433E-06  0.66143996E-06   863.99999947   -23307.27337132
    8190   16.38000000  0.26472621E-05  0.63955649E-06  0.59623979E-06   863.99999946   -23307.27337117
    8200   16.40000000  0.25407755E-05  0.65498044E-06  0.52940803E-06   863.99999946   -23307.27337102
    8210   16.42000000  0.24306345E-05  0.65866550E-06  0.46232479E-06   863.99999946   -23307.27337086
    8220   16.44000000  0.23181043E-05  0.65025748E-06  0.39630743E-06   863.99999946   -23307.27337070
    8230   16.46000000  0.22044197E-05  0.62957052E-06  0.33259032E-06   863.99999946   -23307.27337055
    8240   16.48000000  0.20907648E-05  0.59659393E-06  0.27231252E-06   863.99999946   -23307.27337039
    8250   16.50000000  0.19782581E-05  0.55149631E-06  0.21650863E-06   863.99999946   -23307.27337024
    8260   16.52000000  0.18679444E-05  0.49462357E-06  0.16610537E-06   863.99999946   -23307.27337009
    8270   16.54000000  0.17607932E-05  0.42649436E-06  0.12192246E-06   863.99999946   -23307.27336994
    8280   16.56000000  0.16577044E-05  0.34779203E-06  0.84675965E-07   863.99999946   -23307.27336978
    8290   16.58000000  0.15595155E-05  0.25935159E-06  0.54983406E-07   863.99999946   -23307.27336963
    8300   16.60000000  0.14670149E-05  0.16214537E-06  0.33367811E-07   863.99999946   -23307.27336948
    8310   16.62000000  0.13809537E-05  0.57266355E-07  0.20261843E-07   863.99999946   -23307.27336933
    8320   16.64000000  0.13020570E-05 -0.54089721E-07  0.16011070E-07   863.99999946   -23307.27336918
    8330   16.66000000  0.12310316E-05 -0.17064415E-06  0.20871397E-07   863.99999946   -23307.27336903
    8340   16.68000000  0.11685686E-05 -0.29105510E-06  0.35006707E-07   863.99999945   -23307.27336888
    8350   16.70000000  0.11153408E-05 -0.41393729E-06  0.58482016E-07   863.99999945   -23307.27336872
    8360   16.72000000  0.10719924E-05 -0.53788125E-06  0.91254301E-07   863.99999945   -23307.27336857
    8370   16.74000000  0.10391225E-05 -0.66147147E-06  0.13316170E-06   863.99999945   -23307.27336842
    8380   16.76000000  0.10172634E-05 -0.78330562E-06  0.18391016E-06   863.99999945   -23307.27336827
    8390   16.78000000  0.10068544E-05 -0.90201045E-06  0.24306285E-06   863.99999945   -23307.27336812
    8400   16.80000000  0.10082121E-05 -0.10162554E-05  0.31003062E-06   863.99999945   -23307.27336797
    8410   16.82000000  0.10215014E-05 -0.11247661E-05  0.38406532E-06   863.99999945   -23307.27336782
    8420   16.84000000  0.10467082E-05 -0.12263348E-05  0.46425818E-06   863.99999945   -23307.27336767
    8430   16.86000000  0.10836150E-05 -0.13198281E-05  0.54954569E-06   863.99999945   -23307.27336752
    8440   16.88000000  0.11317838E-05 -0.14041942E-05  0.63872135E-06   863.99999945   -23307.27336737
    8450   16.90000000  0.11905459E-05 -0.14784669E-05  0.73045461E-06   863.99999945   -23307.27336722
    8460   16.92000000  0.12590017E-05 -0.15417691E-05  0.82331627E-06   863.99999945   -23307.27336707
    8470   16.94000000  0.13360287E-05 -0.15933166E-05  0.91581098E-06   863.99999945   -23307.27336692
    8480   16.96000000  0.14202996E-05 -0.16324221E-05  0.10064150E-05   863.99999945   -23307.27336677
    8490   16.98000000  0.15103114E-05 -0.16585000E-05  0.10936146E-05   863.99999944   -23307.27336662
    8500   17.00000000  0.16044222E-05 -0.16710739E-05  0.11759461E-05   863.99999944   -23307.27336647
    8510   17.02000000  0.17008941E-05 -0.16697860E-05  0.12520357E-05   863.99999944   -23307.27336632
    8520   17.04000000  0.17979423E-05 -0.16544102E-05  0.13206336E-05   863.99999944   -23307.27336617
    8530   17.06000000  0.18937881E-05 -0.16248658E-05  0.13806436E-05   863.99999944   -23307.27336601
    8540   17.08000000  0.19867115E-05 -0.15812337E-05  0.14311454E-05   863.99999944   -23307.27336586
    8550   17.10000000  0.20751007E-05 -0.15237731E-05  0.14714094E-05   863.99999944   -23307.27336571
    8560   17.12000000  0.21574995E-05 -0.14529372E-05  0.15009027E-05   863.99999944   -23307.27336556
    8570   17.14000000  0.22326452E-05 -0.13693861E-05  0.15192869E-05   863.99999944   -23307.27336540
    8580   17.16000000  0.22995002E-05 -0.12739948E-05  0.15264092E-05   863.99999944   -23307.27336525
    8590   17.18000000  0.23572725E-05 -0.11678563E-05  0.15222872E-05   863.99999944   -23307.27336509
    8600   17.20000000  0.24054273E-05 -0.10522772E-05  0.15070892E-05   863.99999944   -23307.27336493
    8610   17.22000000  0.24436880E-05 -0.92876544E-06  0.14811126E-05   863.99999944   -23307.27336478
    8620   17.24000000  0.24720289E-05 -0.79900916E-06  0.14447617E-05   863.99999944   -23307.27336462
    8630   17.26000000  0.24906598E-05 -0.66484808E-06  0.13985269E-05   863.99999943   -23307.27336446
    8640   17.28000000  0.25000056E-05 -0.52823696E-06  0.13429660E-05   863.99999943   -23307.27336430
    8650   17.30000000  0.25006805E-05 -0.39120445E-06  0.12786916E-05   863.99999943   -23307.27336414
    8660   17.32000000  0.24934590E-05 -0.25580598E-06  0.12063620E-05   863.99999943   -23307.27336398
    8670   17.34000000  0.24792471E-05 -0.12407458E-06  0.11266773E-05   863.99999943   -23307.27336382
    8680   17.36000000  0.24590495E-05  0.20278000E-08  0.10403822E-05   863.99999943   -23307.27336367
    8690   17.38000000  0.24339390E-05  0.12065870E-06  0.94827045E-06   863.99999943   -23307.27336351
    8700   17.40000000  0.24050246E-05  0.23013801E-06  0.85119272E-06   863.99999943   -23307.27336336
    8710   17.42000000  0.23734181E-05  0.32898872E-06  0.75006677E-06   863.99999943   -23307.27336320
    8720   17.44000000  0.23402035E-05  0.41596961E-06  0.64588565E-06   863.99999943   -23307.27336305
    8730   17.46000000  0.23064054E-05  0.49010087E-06  0.53972343E-06   863.99999943   -23307.27336290
    8740   17.48000000  0.22729587E-05  0.55068250E-06  0.43273583E-06   863.99999943   -23307.27336275
    8750   17.50000000  0.22406800E-05  0.59730541E-06  0.32615658E-06   863.99999943   -23307.27336260
    8760   17.52000000  0.22102428E-05  0.62985356E-06  0.22128812E-06   863.99999943   -23307.27336245
    8770   17.54000000  0.21821592E-05  0.64849768E-06  0.11948401E-06   863.99999943   -23307.27336229
    8780   17.56000000  0.21567659E-05  0.65368278E-06  0.22127004E-07   863.99999942   -23307.27336214
    8790   17.58000000  0.21342183E-05  0.64610747E-06 -0.69398810E-07   863.99999942   -23307.27336199
    8800   17.60000000  0.21144955E-05  0.62669728E-06 -0.15373916E-06   863.99999942   -23307.27336183
    8810   17.62000000  0.20974111E-05  0.59657326E-06 -0.22960280E-06   863.99999942   -23307.27336168
    8820   17.64000000  0.20826347E-05  0.55701471E-06 -0.29579569E-06   863.99999942   -23307.27336152
    8830   17.66000000  0.20697209E-05  0.50941898E-06 -0.35125388E-06   863.99999942   -23307.27336136
    8840   17.68000000  0.20581437E-05  0.45526069E-06 -0.39507450E-06   863.99999942   -23307.27336121
    8850   17.70000000  0.20473345E-05  0.39604917E-06 -0.42654339E-06   863.99999942   -23307.27336105
    8860   17.72000000  0.20367212E-05  0.33328763E-06 -0.44515681E-06   863.99999942   -23307.27336089
    8870   17.74000000  0.20257666E-05  0.26843411E-06 -0.45063993E-06   863.99999942   -23307.27336074
    8880   17.76000000  0.20140019E-05  0.20286579E-06 -0.44295773E-06   863.99999942   -23307.27336058
    8890   17.78000000  0.20010531E-05  0.13784831E-06 -0.42231973E-06   863.99999942   -23307.27336043
    8900   17.80000000  0.19866613E-05  0.74509606E-07 -0.38917842E-06   863.99999942   -23307.27336028
    8910   17.82000000  0.19706943E-05  0.13820023E-07 -0.34422077E-06   863.99999942   -23307.27336013
    8920   17.84000000  0.19531473E-05 -0.43422240E-07 -0.28835151E-06   863.99999942   -23307.27335998
    8930   17.86000000  0.19341377E-05 -0.96599440E-07 -0.22267063E-06   863.99999941   -23307.27335983
    8940   17.88000000  0.19138914E-05 -0.14527585E-06 -0.14844525E-06   863.99999941   -23307.27335968
    8950   17.90000000  0.18927238E-05 -0.18919397E-06 -0.67074976E-07   863.99999941   -23307.27335954
    8960   17.92000000  0.18710157E-05 -0.22826650E-06  0.19945234E-07   863.99999941   -23307.27335939
    8970   17.94000000  0.18491883E-05 -0.26256136E-06  0.11106344E-06   863.99999941   -23307.27335925
    8980   17.96000000  0.18276762E-05 -0.29228399E-06  0.20471096E-06   863.99999941   -23307.27335910
    8990   17.98000000  0.18069032E-05 -0.31775692E-06  0.29933980E-06   863.99999941   -23307.27335895
    9000   18.00000000  0.17872584E-05 -0.33939626E-06  0.39345785E-06   863.99999941   -23307.27335881
    9010   18.02000000  0.17690777E-05 -0.35768665E-06  0.48565828E-06   863.99999941   -23307.27335866
    9020   18.04000000  0.17526289E-05 -0.37315839E-06  0.57464307E-06   863.99999941   -23307.27335851
    9030   18.06000000  0.17381017E-05 -0.38636387E-06  0.65924295E-06   863.99999941   -23307.27335837
    9040   18.08000000  0.17256020E-05 -0.39785538E-06  0.73843017E-06   863.99999941   -23307.27335822
    9050   18.10000000  0.17151533E-05 -0.40816713E-06  0.81132666E-06   863.99999941   -23307.27335807
    9060   18.12000000  0.17067007E-05 -0.41779869E-06  0.87720741E-06   863.99999941   -23307.27335793
    9070   18.14000000  0.17001181E-05 -0.42720296E-06  0.93550106E-06   863.99999941   -23307.27335778
    9080   18.16000000  0.16952199E-05 -0.43677589E-06  0.98578818E-06   863.99999940   -23307.27335764
    9090   18.18000000  0.16917752E-05 -0.44685003E-06  0.10277977E-05   863.99999940   -23307.27335749
    9100   18.20000000  0.16895199E-05 -0.45769185E-06  0.10614010E-05   863.99999940   -23307.27335735
    9110   18.22000000  0.16881683E-05 -0.46950049E-06  0.10866071E-05   863.99999940   -23307.27335721
    9120   18.24000000  0.16874261E-05 -0.48240873E-06  0.11035551E-05   863.99999940   -23307.27335706
    9130   18.26000000  0.16869996E-05 -0.49648607E-06  0.11125069E-05   863.99999940   -23307.27335692
    9140   18.28000000  0.16866006E-05 -0.51174362E-06  0.11138361E-05   863.99999940   -23307.27335677
    9150   18.30000000  0.16859501E-05 -0.52813988E-06  0.11080179E-05   863.99999940   -23307.27335663
    9160   18.32000000  0.16847801E-05 -0.54558535E-06  0.10956160E-05   863.99999940   -23307.27335648
    9170   18.34000000  0.16828310E-05 -0.56394954E-06  0.10772670E-05   863.99999940   -23307.27335634
    9180   18.36000000  0.16798497E-05 -0.58306756E-06  0.10536645E-05   863.99999940   -23307.27335619
    9190   18.38000000  0.16755873E-05 -0.60274629E-06  0.10255415E-05   863.99999940   -23307.27335605
    9200   18.40000000  0.16697961E-05 -0.62277049E-06  0.99365361E-06   863.99999940   -23307.27335590
    9210   18.42000000  0.16622294E-05 -0.64290867E-06  0.95876212E-06   863.99999940   -23307.27335575
    9220   18.44000000  0.16526440E-05 -0.66291951E-06  0.92161673E-06   863.99999940   -23307.27335561
    9230   18.46000000  0.16408052E-05 -0.68255795E-06  0.88294231E-06   863.99999939   -23307.27335546
    9240   18.48000000  0.16264947E-05 -0.70158001E-06  0.84342814E-06   863.99999939   -23307.27335531
    9250   18.50000000  0.16095220E-05 -0.71974724E-06  0.80371835E-06   863.99999939   -23307.27335517
    9260   18.52000000  0.15897385E-05 -0.73683070E-06  0.76440544E-06   863.99999939   -23307.27335502
    9270   18.54000000  0.15670522E-05 -0.75261312E-06  0.72602634E-06   863.99999939   -23307.27335487
    9280   18.56000000  0.15414435E-05 -0.76688953E-06  0.68906128E-06   863.99999939   -23307.27335473
    9290   18.58000000  0.15129796E-05 -0.77946535E-06  0.65393366E-06   863.99999939   -23307.27335459
    9300   18.60000000  0.14818262E-05 -0.79015411E-06  0.62101115E-06   863.99999939   -23307.27335444
    9310   18.62000000  0.14482555E-05 -0.79877274E-06  0.59060846E-06   863.99999939   -23307.27335430
    9320   18.64000000  0.14126495E-05 -0.80513617E-06  0.56299003E-06   863.99999939   -23307.27335415
    9330   18.66000000  0.13754976E-05 -0.80905258E-06  0.53837325E-06   863.99999939   -23307.27335401
    9340   18.68000000  0.13373877E-05 -0.81031875E-06  0.51693130E-06   863.99999939   -23307.27335386
    9350   18.70000000  0.12989913E-05 -0.80871885E-06  0.49879651E-06   863.99999939   -23307.27335371
    9360   18.72000000  0.12610450E-05 -0.80402562E-06  0.48406277E-06   863.99999939   -23307.27335356
    9370   18.74000000  0.12243255E-05 -0.79600475E-06  0.47278926E-06   863.99999939   -23307.27335341
    9380   18.76000000  0.11896225E-05 -0.78442400E-06  0.46500294E-06   863.99999938   -23307.27335326
    9390   18.78000000  0.11577123E-05 -0.76906662E-06  0.46070063E-06   863.99999938   -23307.27335311
    9400   18.80000000  0.11293306E-05 -0.74974893E-06  0.45985110E-06   863.99999938   -23307.27335295
    9410   18.82000000  0.11051466E-05 -0.72633738E-06  0.46239531E-06   863.99999938   -23307.27335280
    9420   18.84000000  0.10857428E-05 -0.69876858E-06  0.46824696E-06   863.99999938   -23307.27335265
    9430   18.86000000  0.10715983E-05 -0.66707033E-06  0.47729269E-06   863.99999938   -23307.27335249
    9440   18.88000000  0.10630781E-05 -0.63137747E-06  0.48938911E-06   863.99999938   -23307.27335234
    9450   18.90000000  0.10604276E-05 -0.59194545E-06  0.50435903E-06   863.99999938   -23307.27335219
    9460   18.92000000  0.10637716E-05 -0.54915882E-06  0.52198824E-06   863.99999938   -23307.27335203
    9470   18.94000000  0.10731206E-05 -0.50353207E-06  0.54201958E-06   863.99999938   -23307.27335188
    9480   18.96000000  0.10883795E-05 -0.45570513E-06  0.56414726E-06   863.99999938   -23307.27335172
    9490   18.98000000  0.11093585E-05 -0.40642941E-06  0.58801168E-06   863.99999938   -23307.27335157
    9500   19.00000000  0.11357868E-05 -0.35654737E-06  0.61319484E-06   863.99999938   -23307.27335142
    9510   19.02000000  0.11673283E-05 -0.30696630E-06  0.63921604E-06   863.99999938   -23307.27335126
    9520   19.04000000  0.12035960E-05 -0.25862437E-06  0.66553062E-06   863.99999938   -23307.27335111
    9530   19.06000000  0.12441643E-05 -0.21245387E-06  0.69152983E-06   863.99999937   -23307.27335095
    9540   19.08000000  0.12885814E-05 -0.16934279E-06  0.71654469E-06   863.99999937   -23307.27335080
    9550   19.10000000  0.13363799E-05 -0.13009540E-06  0.73985205E-06   863.99999937   -23307.27335065
    9560   19.12000000  0.13870826E-05 -0.95395940E-07  0.76068430E-06   863.99999937   -23307.27335049
    9570   19.14000000  0.14402068E-05 -0.65776818E-07  0.77824331E-06   863.99999937   -23307.27335034
    9580   19.16000000  0.14952687E-05 -0.41595427E-07  0.79171593E-06   863.99999937   -23307.27335019
    9590   19.18000000  0.15517818E-05 -0.23017443E-07  0.80029444E-06   863.99999937   -23307.27335004
    9600   19.20000000  0.16092558E-05 -0.10012220E-07  0.80319887E-06   863.99999937   -23307.27334988
    9610   19.22000000  0.16671936E-05 -0.23588915E-08  0.79970251E-06   863.99999937   -23307.27334973
    9620   19.24000000  0.17250892E-05  0.33858340E-09  0.78915859E-06   863.99999937   -23307.27334958
    9630   19.26000000  0.17824248E-05 -0.13741712E-08  0.77102789E-06   863.99999937   -23307.27334943
    9640   19.28000000  0.18386683E-05 -0.68337040E-08  0.74490686E-06   863.99999937   -23307.27334928
    9650   19.30000000  0.18932741E-05 -0.15297008E-07  0.71055266E-06   863.99999937   -23307.27334912
    9660   19.32000000  0.19456850E-05 -0.25980446E-07  0.66790739E-06   863.99999937   -23307.27334897
    9670   19.34000000  0.19953347E-05 -0.38098742E-07  0.61711740E-06   863.99999936   -23307.27334882
    9680   19.36000000  0.20416543E-05 -0.50901479E-07  0.55854604E-06   863.99999936   -23307.27334867
    9690   19.38000000  0.20840797E-05 -0.63704098E-07  0.49277997E-06   863.99999936   -23307.27334852
    9700   19.40000000  0.21220622E-05 -0.75910918E-07  0.42062765E-06   863.99999936   -23307.27334837
    9710   19.42000000  0.21550770E-05 -0.87032673E-07  0.34310992E-06   863.99999936   -23307.27334822
    9720   19.44000000  0.21826348E-05 -0.96695783E-07  0.26144070E-06   863.99999936   -23307.27334807
    9730   19.46000000  0.22042928E-05 -0.10464345E-06  0.17699899E-06   863.99999936   -23307.27334792
    9740   19.48000000  0.22196648E-05 -0.11073172E-06  0.91294449E-07   863.99999936   -23307.27334777
    9750   19.50000000  0.22284293E-05 -0.11492030E-06  0.59269349E-08   863.99999936   -23307.27334762
    9760   19.52000000  0.22303393E-05 -0.11725965E-06 -0.77460157E-07   863.99999936   -23307.27334747
    9770   19.54000000  0.22252285E-05 -0.11787616E-06 -0.15722720E-06   863.99999936   -23307.27334732
    9780   19.56000000  0.22130170E-05 -0.11695705E-06 -0.23178657E-06   863.99999936   -23307.27334717
    9790   19.58000000  0.21937165E-05 -0.11473549E-06 -0.29964860E-06   863.99999936   -23307.27334702
    9800   19.60000000  0.21674330E-05 -0.11147626E-06 -0.35946377E-06   863.99999936   -23307.27334687
    9810   19.62000000  0.21343698E-05 -0.10746417E-06 -0.41005927E-06   863.99999936   -23307.27334672
    9820   19.64000000  0.20948305E-05 -0.10299301E-06 -0.45046732E-06   863.99999935   -23307.27334657
    9830   19.66000000  0.20492182E-05 -0.98357031E-07 -0.47994597E-06   863.99999935   -23307.27334641
    9840   19.68000000  0.19980361E-05 -0.93844918E-07 -0.49799126E-06   863.99999935   -23307.27334626
    9850   19.70000000  0.19418853E-05 -0.89733417E-07 -0.50434012E-06   863.99999935   -23307.27334611
    9860   19.72000000  0.18814606E-05 -0.86283091E-07 -0.49896525E-06   863.99999935   -23307.27334596
    9870   19.74000000  0.18175436E-05 -0.83736163E-07 -0.48206374E-06   863.99999935   -23307.27334581
    9880   19.76000000  0.17509944E-05 -0.82313124E-07 -0.45403920E-06   863.99999935   -23307.27334566
    9890   19.78000000  0.16827388E-05 -0.82211323E-07 -0.41547894E-06   863.99999935   -23307.27334551
    9900   19.80000000  0.16137524E-05 -0.83603542E-07 -0.36712807E-06   863.99999935   -23307.27334536
    9910   19.82000000  0.15450424E-05 -0.86637522E-07 -0.30986305E-06   863.99999935   -23307.27334520
    9920   19.84000000  0.14776268E-05 -0.91435444E-07 -0.24466475E-06   863.99999935   -23307.27334505
    9930   19.86000000  0.14125104E-05 -0.98092891E-07 -0.17259070E-06   863.99999935   -23307.27334489
    9940   19.88000000  0.13506606E-05 -0.10667956E-06 -0.94750126E-07   863.99999935   -23307.27334474
    9950   19.90000000  0.12929827E-05 -0.11723915E-06 -0.12280263E-07   863.99999935   -23307.27334458
    9960   19.92000000  0.12402949E-05 -0.12978914E-06  0.73676550E-07   863.99999935   -23307.27334441
    9970   19.94000000  0.11933069E-05 -0.14432068E-06  0.16199311E-06   863.99999934   -23307.27334425
    9980   19.96000000  0.11526002E-05 -0.16079841E-06  0.25157490E-06   863.99999934   -23307.27334409
    9990   19.98000000  0.11186114E-05 -0.17916045E-06  0.34137758E-06   863.99999934   -23307.27334393
   10000   20.00000000  0.10916213E-05 -0.19931857E-06  0.43042259E-06   863.99999934   -23307.27334377
   10010   20.02000000  0.10717489E-05 -0.22115903E-06  0.51780973E-06   863.99999934   -23307.27334361
   10020   20.04000000  0.10589491E-05 -0.24454244E-06  0.60272895E-06   863.99999934   -23307.27334345
   10030   20.06000000  0.10530157E-05 -0.26930480E-06  0.68446918E-06   863.99999934   -23307.27334329
   10040   20.08000000  0.10535899E-05 -0.29525945E-06  0.76242400E-06   863.99999934   -23307.27334314
   10050   20.10000000  0.10601737E-05 -0.32219913E-06  0.83609432E-06   863.99999934   -23307.27334298
   10060   20.12000000  0.10721454E-05 -0.34989820E-06  0.90508672E-06   863.99999934   -23307.27334284
   10070   20.14000000  0.10887789E-05 -0.37811653E-06  0.96910779E-06   863.99999934   -23307.27334269
   10080   20.16000000  0.11092657E-05 -0.40660206E-06  0.10279556E-05   863.99999934   -23307.27334254
   10090   20.18000000  0.11327391E-05 -0.43509471E-06  0.10815072E-05   863.99999934   -23307.27334240
   10100   20.20000000  0.11582980E-05 -0.46332924E-06  0.11297026E-05   863.99999934   -23307.27334226
   10110   20.22000000  0.11850308E-05 -0.49103851E-06  0.11725271E-05   863.99999934   -23307.27334211
   10120   20.24000000  0.12120388E-05 -0.51795608E-06  0.12099937E-05   863.99999933   -23307.27334197
   10130   20.26000000  0.12384583E-05 -0.54381902E-06  0.12421247E-05   863.99999933   -23307.27334183
   10140   20.28000000  0.12634792E-05 -0.56837008E-06  0.12689373E-05   863.99999933   -23307.27334169
   10150   20.30000000  0.12863619E-05 -0.59135910E-06  0.12904301E-05   863.99999933   -23307.27334154
   10160   20.32000000  0.13064499E-05 -0.61254473E-06  0.13065742E-05   863.99999933   -23307.27334140
   10170   20.34000000  0.13231797E-05 -0.63169671E-06  0.13173086E-05   863.99999933   -23307.27334126
   10180   20.36000000  0.13360876E-05 -0.64859967E-06  0.13225405E-05   863.99999933   -23307.27334112
   10190   20.38000000  0.13448122E-05 -0.66305489E-06  0.13221506E-05   863.99999933   -23307.27334098
   10200   20.40000000  0.13490954E-05 -0.67488422E-06  0.13160020E-05   863.99999933   -23307.27334084
   10210   20.42000000  0.13487815E-05 -0.68393512E-06  0.13039525E-05   863.99999933   -23307.27334070
   10220   20.44000000  0.13438142E-05 -0.69008539E-06  0.12858704E-05   863.99999933   -23307.27334056
   10230   20.46000000  0.13342336E-05 -0.69324925E-06  0.12616508E-05   863.99999933   -23307.27334042
   10240   20.48000000  0.13201729E-05 -0.69338146E-06  0.12312322E-05   863.99999933   -23307.27334028
   10250   20.50000000  0.13018545E-05 -0.69048109E-06  0.11946126E-05   863.99999933   -23307.27334014
   10260   20.52000000  0.12795878E-05 -0.68459645E-06  0.11518645E-05   863.99999933   -23307.27334001
   10270   20.54000000  0.12537660E-05 -0.67582518E-06  0.11031468E-05   863.99999932   -23307.27333987
   10280   20.56000000  0.12248630E-05 -0.66431437E-06  0.10487122E-05   863.99999932   -23307.27333974
   10290   20.58000000  0.11934294E-05 -0.65025740E-06  0.98891202E-06   863.99999932   -23307.27333960
   10300   20.60000000  0.11600861E-05 -0.63388953E-06  0.92419748E-06   863.99999932   -23307.27333947
   10310   20.62000000  0.11255165E-05 -0.61547973E-06  0.85511510E-06   863.99999932   -23307.27333934
   10320   20.64000000  0.10904549E-05 -0.59532160E-06  0.78229889E-06   863.99999932   -23307.27333920
   10330   20.66000000  0.10556739E-05 -0.57372225E-06  0.70645886E-06   863.99999932   -23307.27333907
   10340   20.68000000  0.10219672E-05 -0.55099032E-06  0.62836741E-06   863.99999932   -23307.27333894
   10350   20.70000000  0.99013149E-06 -0.52742362E-06  0.54884172E-06   863.99999932   -23307.27333880
   10360   20.72000000  0.96094749E-06 -0.50329614E-06  0.46872592E-06   863.99999932   -23307.27333866
   10370   20.74000000  0.93516034E-06 -0.47884674E-06  0.38887269E-06   863.99999932   -23307.27333853
   10380   20.76000000  0.91346221E-06 -0.45427144E-06  0.31012617E-06   863.99999932   -23307.27333839
   10390   20.78000000  0.89647690E-06 -0.42971528E-06  0.23330433E-06   863.99999932   -23307.27333825
   10400   20.80000000  0.88474706E-06 -0.40526859E-06  0.15918466E-06   863.99999932   -23307.27333811
   10410   20.82000000  0.87872638E-06 -0.38096725E-06  0.88492886E-07   863.99999932   -23307.27333797
   10420   20.84000000  0.87877484E-06 -0.35679600E-06  0.21894272E-07   863.99999931   -23307.27333783
   10430   20.86000000  0.88515875E-06 -0.33269364E-06 -0.40013415E-07   863.99999931   -23307.27333769
   10440   20.88000000  0.89805311E-06 -0.30856464E-06 -0.96702982E-07   863.99999931   -23307.27333755
   10450   20.90000000  0.91754475E-06 -0.28429149E-06 -0.14772016E-06   863.99999931   -23307.27333741
   10460   20.92000000  0.94363924E-06 -0.25974808E-06 -0.19268319E-06   863.99999931   -23307.27333727
   10470   20.94000000  0.97626671E-06 -0.23481547E-06 -0.23128157E-06   863.99999931   -23307.27333714
   10480   20.96000000  0.10152874E-05 -0.20939753E-06 -0.26327471E-06   863.99999931   -23307.27333700
   10490   20.98000000  0.10604953E-05 -0.18343545E-06 -0.28849025E-06   863.99999931   -23307.27333687
   10500   21.00000000  0.11116208E-05 -0.15691987E-06 -0.30682260E-06   863.99999931   -23307.27333674
   10510   21.02000000  0.11683315E-05 -0.12989968E-06 -0.31823137E-06   863.99999931   -23307.27333661
   10520   21.04000000  0.12302321E-05 -0.10248881E-06 -0.32274155E-06   863.99999931   -23307.27333647
   10530   21.06000000  0.12968626E-05 -0.74867321E-07 -0.32044267E-06   863.99999931   -23307.27333634
   10540   21.08000000  0.13676984E-05 -0.47278679E-07 -0.31148784E-06   863.99999931   -23307.27333621
   10550   21.10000000  0.14421488E-05 -0.20021427E-07 -0.29609439E-06   863.99999931   -23307.27333608
   10560   21.12000000  0.15195577E-05  0.65613404E-08 -0.27454260E-06   863.99999931   -23307.27333594
   10570   21.14000000  0.15992066E-05  0.32096751E-07 -0.24717454E-06   863.99999930   -23307.27333581
   10580   21.16000000  0.16803190E-05  0.56201429E-07 -0.21439263E-06   863.99999930   -23307.27333567
   10590   21.18000000  0.17620668E-05  0.78499322E-07 -0.17665622E-06   863.99999930   -23307.27333553
   10600   21.20000000  0.18435795E-05  0.98642402E-07 -0.13447711E-06   863.99999930   -23307.27333539
   10610   21.22000000  0.19239548E-05  0.11632867E-06 -0.88413504E-07   863.99999930   -23307.27333525
   10620   21.24000000  0.20022714E-05  0.13131932E-06 -0.39062251E-07   863.99999930   -23307.27333511
   10630   21.26000000  0.20776013E-05  0.14345220E-06  0.12951385E-07   863.99999930   -23307.27333496
   10640   21.28000000  0.21490255E-05  0.15265022E-06  0.66985264E-07   863.99999930   -23307.27333481
   10650   21.30000000  0.22156471E-05  0.15892497E-06  0.12239464E-06   863.99999930   -23307.27333466
   10660   21.32000000  0.22766064E-05  0.16237540E-06  0.17854631E-06   863.99999930   -23307.27333451
   10670   21.34000000  0.23310952E-05  0.16318171E-06  0.23483487E-06   863.99999930   -23307.27333436
   10680   21.36000000  0.23783702E-05  0.16159303E-06  0.29069755E-06   863.99999930   -23307.27333421
   10690   21.38000000  0.24177665E-05  0.15791144E-06  0.34562823E-06   863.99999930   -23307.27333406
   10700   21.40000000  0.24487085E-05  0.15247452E-06  0.39918734E-06   863.99999930   -23307.27333391
   10710   21.42000000  0.24707218E-05  0.14563601E-06  0.45100909E-06   863.99999929   -23307.27333375
   10720   21.44000000  0.24834406E-05  0.13774687E-06  0.50080466E-06   863.99999929   -23307.27333360
   10730   21.46000000  0.24866145E-05  0.12913748E-06  0.54835938E-06   863.99999929   -23307.27333345
   10740   21.48000000  0.24801121E-05  0.12010413E-06  0.59352504E-06   863.99999929   -23307.27333330
   10750   21.50000000  0.24639217E-05  0.11089859E-06  0.63620925E-06   863.99999929   -23307.27333316
   10760   21.52000000  0.24381487E-05  0.10172014E-06  0.67636039E-06   863.99999929   -23307.27333301
   10770   21.54000000  0.24030078E-05  0.92714263E-07  0.71395075E-06   863.99999929   -23307.27333287
   10780   21.56000000  0.23588152E-05  0.83973570E-07  0.74895936E-06   863.99999929   -23307.27333273
   10790   21.58000000  0.23059756E-05  0.75539691E-07  0.78135720E-06   863.99999929   -23307.27333259
   10800   21.60000000  0.22449693E-05  0.67408290E-07  0.81109412E-06   863.99999929   -23307.27333245
   10810   21.62000000  0.21763368E-05  0.59535050E-07  0.83808997E-06   863.99999929   -23307.27333232
   10820   21.64000000  0.21006638E-05  0.51841626E-07  0.86223124E-06   863.99999929   -23307.27333218
   10830   21.66000000  0.20185690E-05  0.44220070E-07  0.88337271E-06   863.99999929   -23307.27333204
   10840   21.68000000  0.19306926E-05  0.36537025E-07  0.90134411E-06   863.99999929   -23307.27333190
   10850   21.70000000  0.18376889E-05  0.28638892E-07  0.91596126E-06   863.99999929   -23307.27333175
   10860   21.72000000  0.17402210E-05  0.20354904E-07  0.92704184E-06   863.99999928   -23307.27333161
   10870   21.74000000  0.16389591E-05  0.11500104E-07  0.93442207E-06   863.99999928   -23307.27333146
   10880   21.76000000  0.15345826E-05  0.18800613E-08  0.93797422E-06   863.99999928   -23307.27333131
   10890   21.78000000  0.14277830E-05 -0.87050293E-08  0.93762440E-06   863.99999928   -23307.27333116
   10900   21.80000000  0.13192683E-05 -0.20455152E-07  0.93336752E-06   863.99999928   -23307.27333101
   10910   21.82000000  0.12097691E-05 -0.33565144E-07  0.92527851E-06   863.99999928   -23307.27333085
   10920   21.84000000  0.11000420E-05 -0.48218039E-07  0.91351938E-06   863.99999928   -23307.27333069
   10930   21.86000000  0.99087314E-06 -0.64578938E-07  0.89834233E-06   863.99999928   -23307.27333053
   10940   21.88000000  0.88307882E-06 -0.82787627E-07  0.88008681E-06   863.99999928   -23307.27333037
   10950   21.90000000  0.77750258E-06 -0.10295178E-06  0.85917220E-06   863.99999928   -23307.27333021
   10960   21.92000000  0.67501180E-06 -0.12514034E-06  0.83608648E-06   863.99999928   -23307.27333005
   10970   21.94000000  0.57648899E-06 -0.14937783E-06  0.81137216E-06   863.99999928   -23307.27332989
   10980   21.96000000  0.48282131E-06 -0.17563835E-06  0.78560827E-06   863.99999928   -23307.27332974
   10990   21.98000000  0.39488827E-06 -0.20384041E-06  0.75939267E-06   863.99999928   -23307.27332959
   11000   22.00000000  0.31354647E-06 -0.23384266E-06  0.73332407E-06   863.99999928   -23307.27332944
   11010   22.02000000  0.23961324E-06 -0.26544202E-06  0.70798387E-06   863.99999927   -23307.27332929
   11020   22.04000000  0.17384969E-06 -0.29837082E-06  0.68391984E-06   863.99999927   -23307.27332914
   11030   22.06000000  0.11694451E-06 -0.33229766E-06  0.66163136E-06   863.99999927   -23307.27332900
   11040   22.08000000  0.69496591E-07 -0.36682909E-06  0.64155711E-06   863.99999927   -23307.27332886
   11050   22.10000000  0.32000444E-07 -0.40151380E-06  0.62406334E-06   863.99999927   -23307.27332871
   11060   22.12000000  0.48342724E-08 -0.43584937E-06  0.60943542E-06   863.99999927   -23307.27332857
   11070   22.14000000 -0.11749990E-07 -0.46929006E-06  0.59786990E-06   863.99999927   -23307.27332843
   11080   22.16000000 -0.17632519E-07 -0.50125837E-06  0.58946805E-06   863.99999927   -23307.27332828
   11090   22.18000000 -0.12827351E-07 -0.53115895E-06  0.58423134E-06   863.99999927   -23307.27332814
   11100   22.20000000  0.25196222E-08 -0.55839316E-06  0.58205805E-06   863.99999927   -23307.27332799
   11110   22.22000000  0.28135820E-07 -0.58237590E-06  0.58274122E-06   863.99999927   -23307.27332785
   11120   22.24000000  0.63630915E-07 -0.60255291E-06  0.58596913E-06   863.99999927   -23307.27332770
   11130   22.26000000  0.10850784E-06 -0.61841906E-06  0.59132946E-06   863.99999927   -23307.27332755
   11140   22.28000000  0.16217515E-06 -0.62953610E-06  0.59831532E-06   863.99999927   -23307.27332740
   11150   22.30000000  0.22395991E-06 -0.63554867E-06  0.60633558E-06   863.99999927   -23307.27332726
   11160   22.32000000  0.29312041E-06 -0.63619794E-06  0.61472963E-06   863.99999926   -23307.27332711
   11170   22.34000000  0.36885813E-06 -0.63133267E-06  0.62278415E-06   863.99999926   -23307.27332696
   11180   22.36000000  0.45032752E-06 -0.62091706E-06  0.62975476E-06   863.99999926   -23307.27332681
   11190   22.38000000  0.53664601E-06 -0.60503239E-06  0.63488921E-06   863.99999926   -23307.27332666
   11200   22.40000000  0.62690294E-06 -0.58387460E-06  0.63745320E-06   863.99999926   -23307.27332651
   11210   22.42000000  0.72016789E-06 -0.55774677E-06  0.63675609E-06   863.99999926   -23307.27332636
   11220   22.44000000  0.81549819E-06 -0.52704659E-06  0.63217390E-06   863.99999926   -23307.27332622
   11230   22.46000000  0.91194933E-06 -0.49224861E-06  0.62317274E-06   863.99999926   -23307.27332607
   11240   22.48000000  0.10085857E-05 -0.45388370E-06  0.60932732E-06   863.99999926   -23307.27332592
   11250   22.50000000  0.11044920E-05 -0.41251574E-06  0.59033492E-06   863.99999926   -23307.27332577
   11260   22.52000000  0.11987865E-05 -0.36871773E-06  0.56602478E-06   863.99999926   -23307.27332562
   11270   22.54000000  0.12906357E-05 -0.32304857E-06  0.53636299E-06   863.99999926   -23307.27332547
   11280   22.56000000  0.13792691E-05 -0.27603182E-06  0.50145165E-06   863.99999926   -23307.27332532
   11290   22.58000000  0.14639923E-05 -0.22813981E-06  0.46152305E-06   863.99999926   -23307.27332517
   11300   22.60000000  0.15441994E-05 -0.17978089E-06  0.41693022E-06   863.99999926   -23307.27332502
   11310   22.62000000  0.16193833E-05 -0.13129350E-06  0.36813522E-06   863.99999925   -23307.27332488
   11320   22.64000000  0.16891413E-05 -0.82947096E-07  0.31569479E-06   863.99999925   -23307.27332473
   11330   22.66000000  0.17531773E-05 -0.34948020E-07  0.26024459E-06   863.99999925   -23307.27332458
   11340   22.68000000  0.18113016E-05  0.12548886E-07  0.20248361E-06   863.99999925   -23307.27332444
   11350   22.70000000  0.18634239E-05  0.59423775E-07  0.14315825E-06   863.99999925   -23307.27332429
   11360   22.72000000  0.19095441E-05  0.10557328E-06  0.83048201E-07   863.99999925   -23307.27332415
   11370   22.74000000  0.19497409E-05  0.15089041E-06  0.22952800E-07   863.99999925   -23307.27332401
   11380   22.76000000  0.19841571E-05  0.19524565E-06 -0.36321684E-07   863.99999925   -23307.27332387
   11390   22.78000000  0.20129852E-05  0.23846922E-06 -0.93973921E-07   863.99999925   -23307.27332373
   11400   22.80000000  0.20364522E-05  0.28033618E-06 -0.14921774E-06   863.99999925   -23307.27332359
   11410   22.82000000  0.20548060E-05  0.32055934E-06 -0.20129308E-06   863.99999925   -23307.27332345
   11420   22.84000000  0.20683037E-05  0.35878346E-06 -0.24947670E-06   863.99999925   -23307.27332331
   11430   22.86000000  0.20772026E-05  0.39458607E-06 -0.29309106E-06   863.99999925   -23307.27332317
   11440   22.88000000  0.20817529E-05  0.42748423E-06 -0.33151499E-06   863.99999925   -23307.27332303
   11450   22.90000000  0.20821937E-05  0.45694511E-06 -0.36419349E-06   863.99999925   -23307.27332289
   11460   22.92000000  0.20787537E-05  0.48239888E-06 -0.39064768E-06   863.99999924   -23307.27332275
   11470   22.94000000  0.20716506E-05  0.50325578E-06 -0.41048441E-06   863.99999924   -23307.27332261
   11480   22.96000000  0.20610955E-05  0.51892476E-06 -0.42340339E-06   863.99999924   -23307.27332247
   11490   22.98000000  0.20472959E-05  0.52883248E-06 -0.42920592E-06   863.99999924   -23307.27332233
   11500   23.00000000  0.20304603E-05  0.53244188E-06 -0.42780081E-06   863.99999924   -23307.27332218
   11510   23.02000000  0.20108026E-05  0.52927080E-06 -0.41920844E-06   863.99999924   -23307.27332204
   11520   23.04000000  0.19885449E-05  0.51890901E-06 -0.40356268E-06   863.99999924   -23307.27332189
   11530   23.06000000  0.19639184E-05  0.50103450E-06 -0.38111203E-06   863.99999924   -23307.27332175
   11540   23.08000000  0.19371636E-05  0.47542651E-06 -0.35221619E-06   863.99999924   -23307.27332160
   11550   23.10000000  0.19085281E-05  0.44197722E-06 -0.31734060E-06   863.99999924   -23307.27332145
   11560   23.12000000  0.18782628E-05  0.40070202E-06 -0.27704868E-06   863.99999924   -23307.27332130
   11570   23.14000000  0.18466175E-05  0.35174656E-06 -0.23199259E-06   863.99999924   -23307.27332115
   11580   23.16000000  0.18138346E-05  0.29539046E-06 -0.18289934E-06   863.99999924   -23307.27332100
   11590   23.18000000  0.17801443E-05  0.23204932E-06 -0.13055531E-06   863.99999924   -23307.27332085
   11600   23.20000000  0.17457589E-05  0.16227444E-06 -0.75790002E-07   863.99999924   -23307.27332070
   11610   23.22000000  0.17108681E-05  0.86748634E-07 -0.19457665E-07   863.99999923   -23307.27332054
   11620   23.24000000  0.16756365E-05  0.62768274E-08  0.37581524E-07   863.99999923   -23307.27332039
   11630   23.26000000  0.16402016E-05 -0.78222581E-07  0.94481486E-07   863.99999923   -23307.27332024
   11640   23.28000000  0.16046729E-05 -0.16573113E-06  0.15043005E-06   863.99999923   -23307.27332009
   11650   23.30000000  0.15691332E-05 -0.25514797E-06  0.20466774E-06   863.99999923   -23307.27331993
   11660   23.32000000  0.15336400E-05 -0.34530825E-06  0.25650535E-06   863.99999923   -23307.27331978
   11670   23.34000000  0.14982278E-05 -0.43500309E-06  0.30534139E-06   863.99999923   -23307.27331963
   11680   23.36000000  0.14629096E-05 -0.52300167E-06  0.35067596E-06   863.99999923   -23307.27331948
   11690   23.38000000  0.14276804E-05 -0.60807394E-06  0.39212180E-06   863.99999923   -23307.27331933
   11700   23.40000000  0.13925181E-05 -0.68901245E-06  0.42941297E-06   863.99999923   -23307.27331918
   11710   23.42000000  0.13573852E-05 -0.76465312E-06  0.46240962E-06   863.99999923   -23307.27331903
   11720   23.44000000  0.13222298E-05 -0.83389519E-06  0.49109770E-06   863.99999923   -23307.27331888
   11730   23.46000000  0.12869866E-05 -0.89571940E-06  0.51558463E-06   863.99999923   -23307.27331873
   11740   23.48000000  0.12515780E-05 -0.94920359E-06  0.53609095E-06   863.99999923   -23307.27331858
   11750   23.50000000  0.12159151E-05 -0.99353589E-06  0.55293767E-06   863.99999923   -23307.27331843
   11760   23.52000000  0.11799006E-05 -0.10280272E-05  0.56652949E-06   863.99999922   -23307.27331829
   11770   23.54000000  0.11434322E-05 -0.10521215E-05  0.57733505E-06   863.99999922   -23307.27331814
   11780   23.56000000  0.11064082E-05 -0.10654031E-05  0.58586650E-06   863.99999922   -23307.27331799
   11790   23.58000000  0.10687350E-05 -0.10676050E-05  0.59265820E-06   863.99999922   -23307.27331784
   11800   23.60000000  0.10303356E-05 -0.10586159E-05  0.59824514E-06   863.99999922   -23307.27331769
   11810   23.62000000  0.99116088E-06 -0.10384844E-05  0.60314362E-06   863.99999922   -23307.27331755
   11820   23.64000000  0.95119972E-06 -0.10074239E-05  0.60783491E-06   863.99999922   -23307.27331740
   11830   23.66000000  0.91049118E-06 -0.96581514E-06  0.61275118E-06   863.99999922   -23307.27331724
   11840   23.68000000  0.86913515E-06 -0.91420603E-06  0.61826430E-06   863.99999922   -23307.27331709
   11850   23.70000000  0.82730148E-06 -0.85330925E-06  0.62467841E-06   863.99999922   -23307.27331694
   11860   23.72000000  0.78523570E-06 -0.78399506E-06  0.63222442E-06   863.99999922   -23307.27331679
   11870   23.74000000  0.74326189E-06 -0.70728061E-06  0.64105748E-06   863.99999922   -23307.27331663
   11880   23.76000000  0.70178077E-06 -0.62431350E-06  0.65125526E-06   863.99999922   -23307.27331648
   11890   23.78000000  0.66126442E-06 -0.53635244E-06  0.66281736E-06   863.99999922   -23307.27331633
   11900   23.80000000  0.62224571E-06 -0.44474094E-06  0.67566702E-06   863.99999921   -23307.27331617
   11910   23.82000000  0.58530410E-06 -0.35087717E-06  0.68965353E-06   863.99999921   -23307.27331602
   11920   23.84000000  0.55104820E-06 -0.25618253E-06  0.70455551E-06   863.99999921   -23307.27331587
   11930   23.86000000  0.52009601E-06 -0.16206798E-06  0.72008726E-06   863.99999921   -23307.27331571
   11940   23.88000000  0.49305418E-06 -0.69899563E-07  0.73590757E-06   863.99999921   -23307.27331556
   11950   23.90000000  0.47049709E-06  0.19033607E-07  0.75163028E-06   863.99999921   -23307.27331541
   11960   23.92000000  0.45294777E-06  0.10354767E-06  0.76683929E-06   863.99999921   -23307.27331526
   11970   23.94000000  0.44086216E-06  0.18258755E-06  0.78110480E-06   863.99999921   -23307.27331511
   11980   23.96000000  0.43461535E-06  0.25524456E-06  0.79400172E-06   863.99999921   -23307.27331496
   11990   23.98000000  0.43449256E-06  0.32076813E-06  0.80512986E-06   863.99999921   -23307.27331481
   12000   24.00000000  0.44068535E-06  0.37856923E-06  0.81413175E-06   863.99999921   -23307.27331466
   12010   24.02000000  0.45329127E-06  0.42821734E-06  0.82070935E-06   863.99999921   -23307.27331451
   12020   24.04000000  0.47231773E-06  0.46943372E-06  0.82463754E-06   863.99999921   -23307.27331436
   12030   24.06000000  0.49769017E-06  0.50207912E-06  0.82577412E-06   863.99999921   -23307.27331421
   12040   24.08000000  0.52926068E-06  0.52613759E-06  0.82406337E-06   863.99999921   -23307.27331405
   12050   24.10000000  0.56681837E-06  0.54170150E-06  0.81953456E-06   863.99999920   -23307.27331390
   12060   24.12000000  0.61010086E-06  0.54895608E-06  0.81229665E-06   863.99999920   -23307.27331374
   12070   24.14000000  0.65880389E-06  0.54816533E-06  0.80252853E-06   863.99999920   -23307.27331359
   12080   24.16000000  0.71258814E-06  0.53966104E-06  0.79046501E-06   863.99999920   -23307.27331343
   12090   24.18000000  0.77108510E-06  0.52383472E-06  0.77638167E-06   863.99999920   -23307.27331328
   12100   24.20000000  0.83390026E-06  0.50113320E-06  0.76057832E-06   863.99999920   -23307.27331312
   12110   24.22000000  0.90061095E-06  0.47205762E-06  0.74336182E-06   863.99999920   -23307.27331296
   12120   24.24000000  0.97076230E-06  0.43716352E-06  0.72503063E-06   863.99999920   -23307.27331281
   12130   24.26000000  0.10438623E-05  0.39706249E-06  0.70586040E-06   863.99999920   -23307.27331266
   12140   24.28000000  0.11193747E-05  0.35242348E-06  0.68608921E-06   863.99999920   -23307.27331250
   12150   24.30000000  0.11967097E-05  0.30397354E-06  0.66590761E-06   863.99999920   -23307.27331235
   12160   24.32000000  0.12752169E-05  0.25249464E-06  0.64544947E-06   863.99999920   -23307.27331220
   12170   24.34000000  0.13541803E-05  0.19881634E-06  0.62478480E-06   863.99999920   -23307.27331205
   12180   24.36000000  0.14328157E-05  0.14380680E-06  0.60391587E-06   863.99999920   -23307.27331189
   12190   24.38000000  0.15102729E-05  0.88358011E-07  0.58277508E-06   863.99999920   -23307.27331174
   12200   24.40000000  0.15856439E-05  0.33365105E-07  0.56122725E-06   863.99999919   -23307.27331159
   12210   24.42000000  0.16579755E-05 -0.20295502E-07  0.53907453E-06   863.99999919   -23307.27331144
   12220   24.44000000  0.17262885E-05 -0.71790263E-07  0.51606449E-06   863.99999919   -23307.27331129
   12230   24.46000000  0.17896022E-05 -0.12035474E-06  0.49190135E-06   863.99999919   -23307.27331113
   12240   24.48000000  0.18469630E-05 -0.16531778E-06  0.46626034E-06   863.99999919   -23307.27331098
   12250   24.50000000  0.18974744E-05 -0.20612332E-06  0.43880469E-06   863.99999919   -23307.27331082
   12260   24.52000000  0.19403296E-05 -0.24234785E-06  0.40920283E-06   863.99999919   -23307.27331067
   12270   24.54000000  0.19748422E-05 -0.27371288E-06  0.37714694E-06   863.99999919   -23307.27331051
   12280   24.56000000  0.20004716E-05 -0.30008977E-06  0.34237123E-06   863.99999919   -23307.27331036
   12290   24.58000000  0.20168445E-05 -0.32149871E-06  0.30466967E-06   863.99999919   -23307.27331020
   12300   24.60000000  0.20237678E-05 -0.33810059E-06  0.26390943E-06   863.99999919   -23307.27331005
   12310   24.62000000  0.20212368E-05 -0.35018147E-06  0.22004355E-06   863.99999919   -23307.27330989
   12320   24.64000000  0.20094307E-05 -0.35813132E-06  0.17312003E-06   863.99999919   -23307.27330974
   12330   24.66000000  0.19887027E-05 -0.36241993E-06  0.12328689E-06   863.99999919   -23307.27330958
   12340   24.68000000  0.19595625E-05 -0.36356906E-06  0.70795567E-07   863.99999919   -23307.27330943
   12350   24.70000000  0.19226540E-05 -0.36212346E-06  0.15999887E-07   863.99999918   -23307.27330928
   12360   24.72000000  0.18787276E-05 -0.35862237E-06 -0.40647597E-07   863.99999918   -23307.27330912
   12370   24.74000000  0.18286122E-05 -0.35357461E-06 -0.98599797E-07   863.99999918   -23307.27330897
   12380   24.76000000  0.17731876E-05 -0.34743705E-06 -0.15722282E-06   863.99999918   -23307.27330882
   12390   24.78000000  0.17133587E-05 -0.34059698E-06 -0.21580524E-06   863.99999918   -23307.27330867
   12400   24.80000000  0.16500319E-05 -0.33336107E-06 -0.27356819E-06   863.99999918   -23307.27330852
   12410   24.82000000  0.15840973E-05 -0.32595005E-06 -0.32967638E-06   863.99999918   -23307.27330837
   12420   24.84000000  0.15164149E-05 -0.31850047E-06 -0.38325102E-06   863.99999918   -23307.27330822
   12430   24.86000000  0.14478046E-05 -0.31106903E-06 -0.43338384E-06   863.99999918   -23307.27330807
   12440   24.88000000  0.13790406E-05 -0.30364190E-06 -0.47915163E-06   863.99999918   -23307.27330792
   12450   24.90000000  0.13108495E-05 -0.29614815E-06 -0.51963356E-06   863.99999918   -23307.27330777
   12460   24.92000000  0.12439098E-05 -0.28847364E-06 -0.55392910E-06   863.99999918   -23307.27330762
   12470   24.94000000  0.11788531E-05 -0.28047592E-06 -0.58117715E-06   863.99999918   -23307.27330747
   12480   24.96000000  0.11162665E-05 -0.27199757E-06 -0.60057657E-06   863.99999918   -23307.27330732
   12490   24.98000000  0.10566936E-05 -0.26287819E-06 -0.61140773E-06   863.99999918   -23307.27330717
   12500   25.00000000  0.10006368E-05 -0.25296434E-06 -0.61305412E-06   863.99999917   -23307.27330702
   12510   25.02000000  0.94855776E-06 -0.24211487E-06 -0.60502349E-06   863.99999917   -23307.27330686
   12520   25.04000000  0.90087674E-06 -0.23020503E-06 -0.58696647E-06   863.99999917   -23307.27330671
   12530   25.06000000  0.85797217E-06 -0.21712691E-06 -0.55869447E-06   863.99999917   -23307.27330656
   12540   25.08000000  0.82018039E-06 -0.20278867E-06 -0.52019273E-06   863.99999917   -23307.27330641
   12550   25.10000000  0.78779367E-06 -0.18711178E-06 -0.47162924E-06   863.99999917   -23307.27330627
   12560   25.12000000  0.76105737E-06 -0.17002730E-06 -0.41335837E-06   863.99999917   -23307.27330612
   12570   25.14000000  0.74016803E-06 -0.15147383E-06 -0.34591884E-06   863.99999917   -23307.27330597
   12580   25.16000000  0.72527115E-06 -0.13139578E-06 -0.27002599E-06   863.99999917   -23307.27330583
   12590   25.18000000  0.71645624E-06 -0.10974346E-06 -0.18655717E-06   863.99999917   -23307.27330569
   12600   25.20000000  0.71375222E-06 -0.86476936E-07 -0.96533213E-07   863.99999917   -23307.27330555
   12610   25.22000000  0.71712299E-06 -0.61570890E-07 -0.10949986E-08   863.99999917   -23307.27330541
   12620   25.24000000  0.72646262E-06 -0.35022167E-07  0.98524351E-07   863.99999917   -23307.27330527
   12630   25.26000000  0.74158946E-06 -0.68582868E-08  0.20102888E-06   863.99999917   -23307.27330513
   12640   25.28000000  0.76224119E-06  0.22850908E-07  0.30508937E-06   863.99999917   -23307.27330499
   12650   25.30000000  0.78807379E-06  0.53983031E-07  0.40937392E-06   863.99999916   -23307.27330485
   12660   25.32000000  0.81866175E-06  0.86353933E-07  0.51257696E-06   863.99999916   -23307.27330471
   12670   25.34000000  0.85350128E-06  0.11970856E-06  0.61344578E-06   863.99999916   -23307.27330457
   12680   25.36000000  0.89201722E-06  0.15371476E-06  0.71080272E-06   863.99999916   -23307.27330443
   12690   25.38000000  0.93357578E-06  0.18796046E-06  0.80356518E-06   863.99999916   -23307.27330428
   12700   25.40000000  0.97749954E-06  0.22195440E-06  0.89076036E-06   863.99999916   -23307.27330414
   12710   25.42000000  0.10230860E-05  0.25513029E-06  0.97153539E-06   863.99999916   -23307.27330399
   12720   25.44000000  0.10696279E-05  0.28685401E-06  0.10451633E-05   863.99999916   -23307.27330384
   12730   25.46000000  0.11164346E-05  0.31643535E-06  0.11110443E-05   863.99999916   -23307.27330369
   12740   25.48000000  0.11628536E-05  0.34314344E-06  0.11687016E-05   863.99999916   -23307.27330354
   12750   25.50000000  0.12082882E-05  0.36622439E-06  0.12177761E-05   863.99999916   -23307.27330339
   12760   25.52000000  0.12522121E-05  0.38492211E-06  0.12580172E-05   863.99999916   -23307.27330324
   12770   25.54000000  0.12941806E-05  0.39850102E-06  0.12892719E-05   863.99999916   -23307.27330309
   12780   25.56000000  0.13338351E-05  0.40626946E-06  0.13114717E-05   863.99999916   -23307.27330295
   12790   25.58000000  0.13709029E-05  0.40760427E-06  0.13246209E-05   863.99999916   -23307.27330281
   12800   25.60000000  0.14051925E-05  0.40197401E-06  0.13287861E-05   863.99999915   -23307.27330266
   12810   25.62000000  0.14365832E-05  0.38896075E-06  0.13240863E-05   863.99999915   -23307.27330253
   12820   25.64000000  0.14650115E-05  0.36827882E-06  0.13106849E-05   863.99999915   -23307.27330239
   12830   25.66000000  0.14904535E-05  0.33979185E-06  0.12887837E-05   863.99999915   -23307.27330225
   12840   25.68000000  0.15129091E-05  0.30352401E-06  0.12586190E-05   863.99999915   -23307.27330212
   12850   25.70000000  0.15323819E-05  0.25966604E-06  0.12204605E-05   863.99999915   -23307.27330199
   12860   25.72000000  0.15488628E-05  0.20857849E-06  0.11746106E-05   863.99999915   -23307.27330185
   12870   25.74000000  0.15623147E-05  0.15078764E-06  0.11214060E-05   863.99999915   -23307.27330172
   12880   25.76000000  0.15726597E-05  0.86976910E-07  0.10612194E-05   863.99999915   -23307.27330159
   12890   25.78000000  0.15797714E-05  0.17974098E-07  0.99446281E-06   863.99999915   -23307.27330145
   12900   25.80000000  0.15834700E-05 -0.55265803E-07  0.92159173E-06   863.99999915   -23307.27330132
   12910   25.82000000  0.15835233E-05 -0.13168320E-06  0.84310864E-06   863.99999915   -23307.27330118
   12920   25.84000000  0.15796536E-05 -0.21013794E-06  0.75956805E-06   863.99999915   -23307.27330104
   12930   25.86000000  0.15715488E-05 -0.28943602E-06  0.67158169E-06   863.99999915   -23307.27330090
   12940   25.88000000  0.15588772E-05 -0.36835833E-06  0.57982343E-06   863.99999914   -23307.27330076
   12950   25.90000000  0.15413089E-05 -0.44569052E-06  0.48503244E-06   863.99999914   -23307.27330062
   12960   25.92000000  0.15185377E-05 -0.52025082E-06  0.38801641E-06   863.99999914   -23307.27330048
   12970   25.94000000  0.14903051E-05 -0.59091727E-06  0.28965175E-06   863.99999914   -23307.27330033
   12980   25.96000000  0.14564237E-05 -0.65665226E-06  0.19088094E-06   863.99999914   -23307.27330019
   12990   25.98000000  0.14168013E-05 -0.71652227E-06  0.92705123E-07   863.99999914   -23307.27330005
   13000   26.00000000  0.13714591E-05 -0.76971375E-06 -0.38263987E-08   863.99999914   -23307.27329990
   13010   26.02000000  0.13205479E-05 -0.81554117E-06 -0.97631515E-07   863.99999914   -23307.27329976
   13020   26.04000000  0.12643583E-05 -0.85345122E-06 -0.18761623E-06   863.99999914   -23307.27329961
   13030   26.06000000  0.12033250E-05 -0.88302045E-06 -0.27269732E-06   863.99999914   -23307.27329947
   13040   26.08000000  0.11380265E-05 -0.90394755E-06 -0.35182836E-06   863.99999914   -23307.27329933
   13050   26.10000000  0.10691790E-05 -0.91604198E-06 -0.42402616E-06   863.99999914   -23307.27329918
   13060   26.12000000  0.99762535E-06 -0.91920983E-06 -0.48839747E-06   863.99999914   -23307.27329904
   13070   26.14000000  0.92432070E-06 -0.91343880E-06 -0.54416402E-06   863.99999914   -23307.27329890
   13080   26.16000000  0.85031292E-06 -0.89878333E-06 -0.59068205E-06   863.99999914   -23307.27329875
   13090   26.18000000  0.77672220E-06 -0.87535329E-06 -0.62745955E-06   863.99999913   -23307.27329861
   13100   26.20000000  0.70471866E-06 -0.84330312E-06 -0.65416782E-06   863.99999913   -23307.27329847
   13110   26.22000000  0.63549789E-06 -0.80282634E-06 -0.67064767E-06   863.99999913   -23307.27329832
   13120   26.24000000  0.57025646E-06 -0.75415417E-06 -0.67690965E-06   863.99999913   -23307.27329817
   13130   26.26000000  0.51016693E-06 -0.69755647E-06 -0.67312982E-06   863.99999913   -23307.27329803
   13140   26.28000000  0.45635424E-06 -0.63334697E-06 -0.65964119E-06   863.99999913   -23307.27329788
   13150   26.30000000  0.40987021E-06 -0.56189154E-06 -0.63692071E-06   863.99999913   -23307.27329773
   13160   26.32000000  0.37167034E-06 -0.48361725E-06 -0.60557422E-06   863.99999913   -23307.27329758
   13170   26.34000000  0.34259182E-06 -0.39902248E-06 -0.56631785E-06   863.99999913   -23307.27329743
   13180   26.36000000  0.32333214E-06 -0.30868875E-06 -0.51995938E-06   863.99999913   -23307.27329729
   13190   26.38000000  0.31442910E-06 -0.21328967E-06 -0.46737855E-06   863.99999913   -23307.27329714
   13200   26.40000000  0.31624349E-06 -0.11359953E-06 -0.40950599E-06   863.99999913   -23307.27329699
   13210   26.42000000  0.32894532E-06 -0.10498397E-07 -0.34730376E-06   863.99999913   -23307.27329684
   13220   26.44000000  0.35250197E-06  0.95025627E-07 -0.28174784E-06   863.99999913   -23307.27329669
   13230   26.46000000  0.38667144E-06  0.20187840E-06 -0.21381015E-06   863.99999913   -23307.27329654
   13240   26.48000000  0.43100046E-06  0.30886758E-06 -0.14444248E-06   863.99999912   -23307.27329640
   13250   26.50000000  0.48482784E-06  0.41471565E-06 -0.74563071E-07   863.99999912   -23307.27329625
   13260   26.52000000  0.54729410E-06  0.51807832E-06 -0.50449001E-08   863.99999912   -23307.27329611
   13270   26.54000000  0.61735688E-06  0.61756814E-06  0.63294041E-07   863.99999912   -23307.27329597
   13280   26.56000000  0.69381272E-06  0.71178404E-06  0.12969958E-06   863.99999912   -23307.27329582
   13290   26.58000000  0.77532591E-06  0.79934401E-06  0.19348794E-06   863.99999912   -23307.27329568
   13300   26.60000000  0.86046178E-06  0.87892021E-06  0.25405061E-06   863.99999912   -23307.27329554
   13310   26.62000000  0.94772383E-06  0.94927442E-06  0.31085778E-06   863.99999912   -23307.27329539
   13320   26.64000000  0.10355951E-05  0.10092930E-05  0.36346050E-06   863.99999912   -23307.27329525
   13330   26.66000000  0.11225808E-05  0.10580186E-05  0.41149182E-06   863.99999912   -23307.27329510
   13340   26.68000000  0.12072510E-05  0.10946775E-05  0.45466659E-06   863.99999912   -23307.27329495
   13350   26.70000000  0.12882802E-05  0.11187012E-05  0.49277996E-06   863.99999912   -23307.27329480
   13360   26.72000000  0.13644849E-05  0.11297407E-05  0.52570396E-06   863.99999912   -23307.27329465
   13370   26.74000000  0.14348546E-05  0.11276748E-05  0.55338310E-06   863.99999912   -23307.27329449
   13380   26.76000000  0.14985755E-05  0.11126096E-05  0.57582910E-06   863.99999912   -23307.27329434
   13390   26.78000000  0.15550469E-05  0.10848715E-05  0.59311460E-06   863.99999911   -23307.27329418
   13400   26.80000000  0.16038870E-05  0.10449940E-05  0.60536523E-06   863.99999911   -23307.27329403
   13410   26.82000000  0.16449304E-05  0.99369864E-06  0.61275184E-06   863.99999911   -23307.27329387
   13420   26.84000000  0.16782157E-05  0.93187142E-06  0.61548222E-06   863.99999911   -23307.27329371
   13430   26.86000000  0.17039652E-05  0.86053561E-06  0.61379272E-06   863.99999911   -23307.27329356
   13440   26.88000000  0.17225559E-05  0.78082276E-06  0.60794079E-06   863.99999911   -23307.27329340
   13450   26.90000000  0.17344854E-05  0.69394241E-06  0.59819804E-06   863.99999911   -23307.27329325
   13460   26.92000000  0.17403343E-05  0.60115311E-06  0.58484401E-06   863.99999911   -23307.27329310
   13470   26.94000000  0.17407267E-05  0.50373412E-06  0.56816247E-06   863.99999911   -23307.27329294
   13480   26.96000000  0.17362920E-05  0.40296045E-06  0.54843857E-06   863.99999911   -23307.27329279
   13490   26.98000000  0.17276304E-05  0.30008062E-06  0.52595866E-06   863.99999911   -23307.27329264
   13500   27.00000000  0.17152815E-05  0.19629885E-06  0.50101021E-06   863.99999911   -23307.27329249
   13510   27.02000000  0.16997032E-05  0.92760927E-07  0.47388543E-06   863.99999911   -23307.27329234
   13520   27.04000000  0.16812565E-05 -0.94554256E-08  0.44488572E-06   863.99999911   -23307.27329218
   13530   27.06000000  0.16602006E-05 -0.10934702E-06  0.41432626E-06   863.99999911   -23307.27329203
   13540   27.08000000  0.16366958E-05 -0.20598911E-06  0.38254097E-06   863.99999910   -23307.27329188
   13550   27.10000000  0.16108148E-05 -0.29853729E-06  0.34988748E-06   863.99999910   -23307.27329172
   13560   27.12000000  0.15825626E-05 -0.38622887E-06  0.31675206E-06   863.99999910   -23307.27329157
   13570   27.14000000  0.15518993E-05 -0.46838459E-06  0.28355133E-06   863.99999910   -23307.27329141
   13580   27.16000000  0.15187676E-05 -0.54441050E-06  0.25073142E-06   863.99999910   -23307.27329126
   13590   27.18000000  0.14831210E-05 -0.61380163E-06  0.21876576E-06   863.99999910   -23307.27329110
   13600   27.20000000  0.14449524E-05 -0.67614637E-06  0.18814926E-06   863.99999910   -23307.27329095
   13610   27.22000000  0.14043184E-05 -0.73113086E-06  0.15939011E-06   863.99999910   -23307.27329080
   13620   27.24000000  0.13613601E-05 -0.77854362E-06  0.13299903E-06   863.99999910   -23307.27329065
   13630   27.26000000  0.13163194E-05 -0.81827837E-06  0.10947638E-06   863.99999910   -23307.27329050
   13640   27.28000000  0.12695473E-05 -0.85033550E-06  0.89297537E-07   863.99999910   -23307.27329035
   13650   27.30000000  0.12215070E-05 -0.87481899E-06  0.72898432E-07   863.99999910   -23307.27329020
   13660   27.32000000  0.11727702E-05 -0.89192985E-06  0.60660581E-07   863.99999910   -23307.27329005
   13670   27.34000000  0.11240069E-05 -0.90195570E-06  0.52896429E-07   863.99999910   -23307.27328991
   13680   27.36000000  0.10759691E-05 -0.90525608E-06  0.49836412E-07   863.99999910   -23307.27328976
   13690   27.38000000  0.10294692E-05 -0.90224578E-06  0.51616485E-07   863.99999909   -23307.27328961
   13700   27.40000000  0.98535559E-06 -0.89337653E-06  0.58268575E-07   863.99999909   -23307.27328946
   13710   27.42000000  0.94448146E-06 -0.87911695E-06  0.69712464E-07   863.99999909   -23307.27328931
   13720   27.44000000  0.90767370E-06 -0.85993549E-06  0.85749365E-07   863.99999909   -23307.27328916
   13730   27.46000000  0.87570018E-06 -0.83628629E-06  0.10606050E-06   863.99999909   -23307.27328901
   13740   27.48000000  0.84923731E-06 -0.80859742E-06  0.13020745E-06   863.99999909   -23307.27328886
   13750   27.50000000  0.82883954E-06 -0.77726474E-06  0.15763652E-06   863.99999909   -23307.27328871
   13760   27.52000000  0.81491172E-06 -0.74265112E-06  0.18768681E-06   863.99999909   -23307.27328856
   13770   27.54000000  0.80768722E-06 -0.70508885E-06  0.21960401E-06   863.99999909   -23307.27328842
   13780   27.56000000  0.80721192E-06 -0.66488596E-06  0.25255848E-06   863.99999909   -23307.27328827
   13790   27.58000000  0.81333523E-06 -0.62233519E-06  0.28566571E-06   863.99999909   -23307.27328812
   13800   27.60000000  0.82570924E-06 -0.57772410E-06  0.31801172E-06   863.99999909   -23307.27328798
   13810   27.62000000  0.84379580E-06 -0.53134547E-06  0.34868118E-06   863.99999909   -23307.27328783
   13820   27.64000000  0.86688129E-06 -0.48350495E-06  0.37678656E-06   863.99999909   -23307.27328769
   13830   27.66000000  0.89409787E-06 -0.43452676E-06  0.40149680E-06   863.99999909   -23307.27328754
   13840   27.68000000  0.92445129E-06 -0.38475832E-06  0.42206424E-06   863.99999908   -23307.27328740
   13850   27.70000000  0.95685392E-06 -0.33456902E-06  0.43784885E-06   863.99999908   -23307.27328725
   13860   27.72000000  0.99016099E-06 -0.28434650E-06  0.44833887E-06   863.99999908   -23307.27328710
   13870   27.74000000  0.10232089E-05 -0.23449109E-06  0.45316449E-06   863.99999908   -23307.27328696
   13880   27.76000000  0.10548537E-05 -0.18540698E-06  0.45210709E-06   863.99999908   -23307.27328681
   13890   27.78000000  0.10840089E-05 -0.13749287E-06  0.44510223E-06   863.99999908   -23307.27328666
   13900   27.80000000  0.11096828E-05 -0.91131585E-07  0.43223642E-06   863.99999908   -23307.27328651
   13910   27.82000000  0.11310113E-05 -0.46680230E-07  0.41373964E-06   863.99999908   -23307.27328637
   13920   27.84000000  0.11472856E-05 -0.44611791E-08  0.38997176E-06   863.99999908   -23307.27328622
   13930   27.86000000  0.11579737E-05  0.35244734E-07  0.36140695E-06   863.99999908   -23307.27328607
   13940   27.88000000  0.11627374E-05  0.72203501E-07  0.32861616E-06   863.99999908   -23307.27328592
   13950   27.90000000  0.11614402E-05  0.10623158E-06  0.29224668E-06   863.99999908   -23307.27328577
   13960   27.92000000  0.11541450E-05  0.13719740E-06  0.25300332E-06   863.99999908   -23307.27328561
   13970   27.94000000  0.11411055E-05  0.16502073E-06  0.21162935E-06   863.99999908   -23307.27328546
   13980   27.96000000  0.11227498E-05  0.18967066E-06  0.16888809E-06   863.99999907   -23307.27328531
   13990   27.98000000  0.10996552E-05  0.21116327E-06  0.12554833E-06   863.99999907   -23307.27328516
   14000   28.00000000  0.10725169E-05  0.22955867E-06  0.82369332E-07   863.99999907   -23307.27328501
   14010   28.02000000  0.10421128E-05  0.24495678E-06  0.40087838E-07   863.99999907   -23307.27328486
   14020   28.04000000  0.10092675E-05  0.25749269E-06 -0.59187174E-09   863.99999907   -23307.27328471
   14030   28.06000000  0.97481424E-06  0.26733217E-06 -0.39008255E-07   863.99999907   -23307.27328456
   14040   28.08000000  0.93956070E-06  0.27466643E-06 -0.74550697E-07   863.99999907   -23307.27328441
   14050   28.10000000  0.90425852E-06  0.27970704E-06 -0.10666690E-06   863.99999907   -23307.27328426
   14060   28.12000000  0.86957805E-06  0.28267985E-06 -0.13487028E-06   863.99999907   -23307.27328412
   14070   28.14000000  0.83609110E-06  0.28381840E-06 -0.15874511E-06   863.99999907   -23307.27328397
   14080   28.16000000  0.80425922E-06  0.28335806E-06 -0.17795233E-06   863.99999907   -23307.27328382
   14090   28.18000000  0.77443011E-06  0.28152930E-06 -0.19223352E-06   863.99999907   -23307.27328367
   14100   28.20000000  0.74683971E-06  0.27855102E-06 -0.20141454E-06   863.99999907   -23307.27328352
   14110   28.22000000  0.72162034E-06  0.27462533E-06 -0.20540671E-06   863.99999907   -23307.27328337
   14120   28.24000000  0.69881264E-06  0.26993361E-06 -0.20420861E-06   863.99999907   -23307.27328322
   14130   28.26000000  0.67838019E-06  0.26463337E-06 -0.19790615E-06   863.99999906   -23307.27328307
   14140   28.28000000  0.66022673E-06  0.25885602E-06 -0.18666904E-06   863.99999906   -23307.27328292
   14150   28.30000000  0.64421429E-06  0.25270730E-06 -0.17074767E-06   863.99999906   -23307.27328277
   14160   28.32000000  0.63018153E-06  0.24626961E-06 -0.15046787E-06   863.99999906   -23307.27328262
   14170   28.34000000  0.61796086E-06  0.23960459E-06 -0.12622318E-06   863.99999906   -23307.27328247
   14180   28.36000000  0.60739522E-06  0.23275822E-06 -0.98465652E-07   863.99999906   -23307.27328232
   14190   28.38000000  0.59835407E-06  0.22576677E-06 -0.67694793E-07   863.99999906   -23307.27328217
   14200   28.40000000  0.59074591E-06  0.21866222E-06 -0.34446587E-07   863.99999906   -23307.27328202
   14210   28.42000000  0.58453005E-06  0.21147928E-06  0.72153577E-09   863.99999906   -23307.27328187
   14220   28.44000000  0.57972511E-06  0.20426120E-06  0.37244531E-07   863.99999906   -23307.27328172
   14230   28.46000000  0.57641448E-06  0.19706650E-06  0.74563735E-07   863.99999906   -23307.27328157
   14240   28.48000000  0.57474818E-06  0.18997117E-06  0.11214017E-06   863.99999906   -23307.27328142
   14250   28.50000000  0.57494165E-06  0.18307162E-06  0.14946847E-06   863.99999906   -23307.27328127
   14260   28.52000000  0.57726948E-06  0.17648532E-06  0.18608812E-06   863.99999906   -23307.27328112
   14270   28.54000000  0.58205606E-06  0.17034813E-06  0.22159188E-06   863.99999906   -23307.27328097
   14280   28.56000000  0.58966209E-06  0.16481016E-06  0.25563222E-06   863.99999905   -23307.27328082
   14290   28.58000000  0.60046855E-06  0.16002891E-06  0.28792632E-06   863.99999905   -23307.27328068
   14300   28.60000000  0.61485770E-06  0.15616155E-06  0.31825586E-06   863.99999905   -23307.27328053
   14310   28.62000000  0.63319256E-06  0.15335438E-06  0.34646480E-06   863.99999905   -23307.27328039
   14320   28.64000000  0.65579762E-06  0.15173356E-06  0.37245569E-06   863.99999905   -23307.27328024
   14330   28.66000000  0.68293831E-06  0.15139570E-06  0.39618428E-06   863.99999905   -23307.27328010
   14340   28.68000000  0.71480300E-06  0.15239826E-06  0.41765202E-06   863.99999905   -23307.27327996
   14350   28.70000000  0.75148743E-06  0.15475189E-06  0.43689800E-06   863.99999905   -23307.27327981
   14360   28.72000000  0.79298262E-06  0.15841511E-06  0.45399192E-06   863.99999905   -23307.27327966
   14370   28.74000000  0.83916473E-06  0.16329048E-06  0.46902649E-06   863.99999905   -23307.27327951
   14380   28.76000000  0.88979035E-06  0.16922224E-06  0.48211033E-06   863.99999905   -23307.27327937
   14390   28.78000000  0.94449437E-06  0.17599731E-06  0.49336251E-06   863.99999905   -23307.27327921
   14400   28.80000000  0.10027910E-05  0.18334692E-06  0.50290587E-06   863.99999905   -23307.27327906
   14410   28.82000000  0.10640785E-05  0.19095026E-06  0.51086143E-06   863.99999905   -23307.27327891
   14420   28.84000000  0.11276468E-05  0.19844014E-06  0.51734262E-06   863.99999905   -23307.27327875
   14430   28.86000000  0.11926872E-05  0.20540962E-06  0.52245070E-06   863.99999904   -23307.27327860
   14440   28.88000000  0.12583060E-05  0.21141905E-06  0.52626906E-06   863.99999904   -23307.27327845
   14450   28.90000000  0.13235391E-05  0.21600621E-06  0.52885765E-06   863.99999904   -23307.27327829
   14460   28.92000000  0.13873704E-05  0.21869669E-06  0.53024889E-06   863.99999904   -23307.27327814
   14470   28.94000000  0.14487521E-05  0.21901537E-06  0.53044565E-06   863.99999904   -23307.27327799
   14480   28.96000000  0.15066266E-05  0.21649900E-06  0.52941935E-06   863.99999904   -23307.27327785
   14490   28.98000000  0.15599502E-05  0.21071040E-06  0.52711048E-06   863.99999904   -23307.27327770
   14500   29.00000000  0.16077185E-05  0.20125193E-06  0.52343060E-06   863.99999904   -23307.27327756
   14510   29.02000000  0.16489920E-05  0.18777824E-06  0.51826770E-06   863.99999904   -23307.27327742
   14520   29.04000000  0.16829202E-05  0.17000990E-06  0.51149187E-06   863.99999904   -23307.27327728
   14530   29.06000000  0.17087663E-05  0.14774448E-06  0.50296309E-06   863.99999904   -23307.27327714
   14540   29.08000000  0.17259278E-05  0.12086551E-06  0.49253974E-06   863.99999904   -23307.27327700
   14550   29.10000000  0.17339554E-05  0.89349126E-07  0.48008742E-06   863.99999904   -23307.27327687
   14560   29.12000000  0.17325672E-05  0.53268412E-07  0.46548917E-06   863.99999904   -23307.27327673
   14570   29.14000000  0.17216583E-05  0.12794798E-07  0.44865547E-06   863.99999904   -23307.27327659
   14580   29.16000000  0.17013080E-05 -0.31802811E-07  0.42953335E-06   863.99999903   -23307.27327645
   14590   29.18000000  0.16717800E-05 -0.80161157E-07  0.40811591E-06   863.99999903   -23307.27327631
   14600   29.20000000  0.16335191E-05 -0.13182708E-06  0.38445152E-06   863.99999903   -23307.27327617
   14610   29.22000000  0.15871434E-05 -0.18626314E-06  0.35865256E-06   863.99999903   -23307.27327603
   14620   29.24000000  0.15334322E-05 -0.24285408E-06  0.33090094E-06   863.99999903   -23307.27327589
   14630   29.26000000  0.14733098E-05 -0.30091284E-06  0.30145401E-06   863.99999903   -23307.27327575
   14640   29.28000000  0.14078267E-05 -0.35968680E-06  0.27064766E-06   863.99999903   -23307.27327560
   14650   29.30000000  0.13381372E-05 -0.41836512E-06  0.23889653E-06   863.99999903   -23307.27327546
   14660   29.32000000  0.12654741E-05 -0.47608465E-06  0.20669054E-06   863.99999903   -23307.27327531
   14670   29.34000000  0.11911224E-05 -0.53193804E-06  0.17458871E-06   863.99999903   -23307.27327517
   14680   29.36000000  0.11163900E-05 -0.58498320E-06  0.14320903E-06   863.99999903   -23307.27327502
   14690   29.38000000  0.10425788E-05 -0.63425364E-06  0.11321473E-06   863.99999903   -23307.27327487
   14700   29.40000000  0.97095452E-06 -0.67877174E-06  0.85298009E-07   863.99999903   -23307.27327473
   14710   29.42000000  0.90271822E-06 -0.71756441E-06  0.60160905E-07   863.99999903   -23307.27327458
   14720   29.44000000  0.83897878E-06 -0.74968160E-06  0.38493522E-07   863.99999903   -23307.27327444
   14730   29.46000000  0.78072730E-06 -0.77421646E-06  0.20952070E-07   863.99999902   -23307.27327429
   14740   29.48000000  0.72881462E-06 -0.79032791E-06  0.81377805E-08   863.99999902   -23307.27327415
   14750   29.50000000  0.68393351E-06 -0.79726454E-06  0.57466344E-09   863.99999902   -23307.27327400
   14760   29.52000000  0.64660362E-06 -0.79438961E-06 -0.13112473E-08   863.99999902   -23307.27327386
   14770   29.54000000  0.61716303E-06 -0.78120370E-06  0.27910068E-08   863.99999902   -23307.27327371
   14780   29.56000000  0.59576416E-06 -0.75736715E-06  0.13061861E-07   863.99999902   -23307.27327357
   14790   29.58000000  0.58237568E-06 -0.72271968E-06  0.29538897E-07   863.99999902   -23307.27327342
   14800   29.60000000  0.57678928E-06 -0.67729593E-06  0.52107098E-07   863.99999902   -23307.27327328
   14810   29.62000000  0.57863097E-06 -0.62133721E-06  0.80494039E-07   863.99999902   -23307.27327313
   14820   29.64000000  0.58737788E-06 -0.55529774E-06  0.11426857E-06   863.99999902   -23307.27327298
   14830   29.66000000  0.60237810E-06 -0.47984451E-06  0.15284253E-06   863.99999902   -23307.27327283
   14840   29.68000000  0.62287366E-06 -0.39585218E-06  0.19547707E-06   863.99999902   -23307.27327269
   14850   29.70000000  0.64802473E-06 -0.30439179E-06  0.24129331E-06   863.99999902   -23307.27327254
   14860   29.72000000  0.67693496E-06 -0.20671292E-06  0.28928838E-06   863.99999902   -23307.27327239
   14870   29.74000000  0.70867704E-06 -0.10422129E-06  0.33835392E-06   863.99999902   -23307.27327224
   14880   29.76000000  0.74231664E-06  0.15492264E-08  0.38730003E-06   863.99999901   -23307.27327209
   14890   29.78000000  0.77693361E-06  0.10896929E-06  0.43488327E-06   863.99999901   -23307.27327194
   14900   29.80000000  0.81164198E-06  0.21634937E-06  0.47983733E-06   863.99999901   -23307.27327179
   14910   29.82000000  0.84560582E-06  0.32197660E-06  0.52090797E-06   863.99999901   -23307.27327165
   14920   29.84000000  0.87805272E-06  0.42415434E-06  0.55688827E-06   863.99999901   -23307.27327150
   14930   29.86000000  0.90828197E-06  0.52124172E-06  0.58665521E-06   863.99999901   -23307.27327135
   14940   29.88000000  0.93567057E-06  0.61168993E-06  0.60920603E-06   863.99999901   -23307.27327121
   14950   29.90000000  0.95967766E-06  0.69407787E-06  0.62369109E-06   863.99999901   -23307.27327106
   14960   29.92000000  0.97984455E-06  0.76714454E-06  0.62944263E-06   863.99999901   -23307.27327091
   14970   29.94000000  0.99579480E-06  0.82981632E-06  0.62599975E-06   863.99999901   -23307.27327077
   14980   29.96000000  0.10072346E-05  0.88122809E-06  0.61312702E-06   863.99999901   -23307.27327062
   14990   29.98000000  0.10139519E-05  0.92073967E-06  0.59082382E-06   863.99999901   -23307.27327047
   15000   30.00000000  0.10158179E-05  0.94794702E-06  0.55932770E-06   863.99999901   -23307.27327032
=== application breakdown [s] ===
total calculation time,7402.92994094
rt calculation                         min         max     average   std. dev.  difference    relative
rt initialization              0.51975E-04 0.48089E-03 0.17084E-03 0.50089E-04 0.42892E-03 0.92523E+01
reading lda data               0.37462E+01 0.37522E+01 0.37486E+01 0.10596E-02 0.60270E-02 0.10016E+01
reading rt data                0.21729E-02 0.37880E-02 0.26037E-02 0.28367E-03 0.16150E-02 0.17433E+01
prep. time prop.               0.69714E-03 0.59600E-02 0.10266E-02 0.22824E-03 0.52629E-02 0.85492E+01
rt iterations                  0.73980E+04 0.73980E+04 0.73980E+04 0.56006E-03 0.23978E-02 0.10000E+01
after writing rt data          0.19073E-05 0.97660E+00 0.11708E-03 0.10294E-01 0.97660E+00 0.51202E+06
in rt iterations                       min         max     average   std. dev.  difference    relative
Vbox                           0.13004E+01 0.15751E+01 0.14159E+01 0.34743E-01 0.27473E+00 0.12113E+01
time propagation               0.56045E+04 0.58256E+04 0.57520E+04 0.34880E+02 0.22104E+03 0.10394E+01
calculating rho                0.12505E+03 0.34605E+03 0.19982E+03 0.34820E+02 0.22099E+03 0.27672E+01
Hartree routine                0.40194E+02 0.49397E+02 0.44524E+02 0.15260E+01 0.92028E+01 0.12290E+01
Exc_Cor routine                0.65446E+01 0.93885E+01 0.80724E+01 0.39333E+00 0.28439E+01 0.14345E+01
calculating curr               0.11579E+04 0.11580E+04 0.11580E+04 0.21659E-01 0.12963E+00 0.10001E+01
calc. projection               0.38826E-02 0.89281E-02 0.59496E-02 0.62208E-03 0.50454E-02 0.22995E+01
writing energies               0.14935E+01 0.19863E+01 0.16019E+01 0.12703E+00 0.49280E+00 0.13300E+01
calc_eigen_energy              0.21103E+03 0.21150E+03 0.21121E+03 0.67150E-01 0.46539E+00 0.10022E+01
calc_total_energy_periodic     0.17452E+02 0.21403E+02 0.18840E+02 0.58441E+00 0.39502E+01 0.12263E+01
writing info etc.              0.94438E-02 0.42138E+00 0.11552E-01 0.43857E-02 0.41193E+00 0.44620E+02
total_energy module                    min         max     average   std. dev.  difference    relative
periodic calc.                 0.30014E+01 0.99781E+01 0.48255E+01 0.14915E+01 0.69767E+01 0.33244E+01
periodic comm. coll.           0.84488E+01 0.17860E+02 0.13999E+02 0.16509E+01 0.94112E+01 0.21139E+01
eigen_energy calc.             0.35189E+02 0.38806E+02 0.37743E+02 0.36419E+00 0.36177E+01 0.11028E+01
eigen_energy comm. coll.       0.44552E+01 0.11021E+02 0.78557E+01 0.80324E+00 0.65656E+01 0.24737E+01
eigen_energy hpsi              0.14801E+03 0.15409E+03 0.14999E+03 0.68818E+00 0.60822E+01 0.10411E+01
density_matrix module                  min         max     average   std. dev.  difference    relative
density calc.                  0.79559E+02 0.14164E+03 0.10828E+03 0.11571E+02 0.62085E+02 0.17804E+01
density comm. coll.            0.33209E+02 0.21124E+03 0.91290E+02 0.26383E+02 0.17803E+03 0.63609E+01
current calc.                  0.25228E+03 0.27628E+03 0.26125E+03 0.35568E+01 0.23995E+02 0.10951E+01
current rDivided uVpsi calc.   0.11368E+03 0.11697E+03 0.11548E+03 0.38159E+00 0.32849E+01 0.10289E+01
current comm. coll.            0.86181E+02 0.12877E+03 0.11009E+03 0.53194E+01 0.42590E+02 0.14942E+01
current comm. halo.            0.64162E+03 0.69990E+03 0.67100E+03 0.80340E+01 0.58280E+02 0.10908E+01
conjugate_gradient module              min         max     average   std. dev.  difference    relative
subspace_diag module                   min         max     average   std. dev.  difference    relative
subspace_diag so module                min         max     average   std. dev.  difference    relative
force module                           min         max     average   std. dev.  difference    relative
init_ps                                min         max     average   std. dev.  difference    relative
hamiltonian module                     min         max     average   std. dev.  difference    relative
total                          0.49442E+04 0.51538E+04 0.50363E+04 0.32772E+02 0.20958E+03 0.10424E+01
update overlap (comm.)         0.26337E+04 0.30078E+04 0.27801E+04 0.53425E+02 0.37406E+03 0.11420E+01
stencil                        0.10664E+04 0.13317E+04 0.11816E+04 0.25223E+02 0.26530E+03 0.12488E+01
subtraction                    0.26163E+02 0.30671E+02 0.28557E+02 0.42444E+00 0.45081E+01 0.11723E+01
pseudo-pt                      0.93390E+03 0.11022E+04 0.10227E+04 0.22872E+02 0.16826E+03 0.11802E+01
pseudo-pt (comm.)              0.36331E+02 0.27936E+03 0.13846E+03 0.32175E+02 0.24303E+03 0.76892E+01
hpsi-overlapped                        min         max     average   std. dev.  difference    relative
checkpoint/restart                     min         max     average   std. dev.  difference    relative
restart self                   0.18741E+01 0.22438E+01 0.18837E+01 0.25939E-01 0.36963E+00 0.11972E+01
restart sync                   0.22388E+01 0.22488E+01 0.22436E+01 0.13876E-02 0.10011E-01 0.10045E+01
=== performance [GFLOPS] ===
end SALMON
