##############################################################################
# SALMON: Scalable Ab-initio Light-Matter simulator for Optics and Nanoscience
#
#                             Version 2.2.1
##############################################################################
  Libxc: [enabled] 6.2.2
   theory= tddft_pulse
 
 Total time step      =       15000
 Time step[fs]        =  2.000000000000000E-003
 Energy range         =        3000
 Energy resolution[eV]=  1.000000000000000E-002
Laser frequency     = 0.10 2.00[eV]
Pulse width of laser=     21.00000000      4.35000000[fs]
Laser intensity     =  0.00000000E+00  0.60000000E+12[W/cm^2]
delay time          =      0.00000000[fs]
   use of real value orbitals =  F
 ======
 MPI distribution:
   nproc_k     :         125
   nproc_ob    :           4
   nproc_rgrid :           3           2           3
 OpenMP parallelization:
   number of threads :           1
 hpsi stencil:
   enables hand-coding vectorization : F
   enables openmp parallelization    : F
 current:
   k,orbital parallelized of openmp  : T
 force:
   k,orbital parallelized of openmp  : T
 ===================pseudopotential data===================
 ik ,atom_symbol=           1 Si
 ps_format =KY              
 ps_file =./Si_rps.dat
 Zps(ik), Mlps(ik) =           4           2
 Rps(ik), NRps(ik) =   2.26767135054939              122
 Lref(ik) =           2
 nproj(ik,l) =           1           1           1
 anorm(ik,l) =  0.6193218      0.3646551      0.0000000E+00
 inorm(ik,l) =           1           1           0
 Mass(ik) =   28.0000000000000     
 flag_nlcc_element(ik) = F
 ==========================================================
 flag_nlcc =  F
 
 ============init_ps==============
 end init_ps
 Maximal rho_NLCC= 0.000000000000000E+000
 Maximal tau_NLCC= 0.000000000000000E+000
 == Ewald ==
 cutoff length in real-space in ewald =  4.00 [A]
 (buffer length in bookkeeping =  2.00 [A])
 cutoff length in G-space in ewald =  0.1870828864+102 [1/A]
 number of ion-ion pair(/atom) used for allocation of bookkeeping=    69
 ===========
   Static dipole moment(xyz) =   -0.7052177916E+04   -0.7048625116E+04   -0.7046845105E+04
 
 
  time-step  time[fs]                               Current(xyz)[a.u.]      electrons Total energy[eV] 
#----------------------------------------------------------------------
 projection: already converged, E_kin(new)-E_kin(old)=  0.000000000000000E+000
      10    0.02000000 -0.16632846E-13  0.10473714E-11  0.27699413E-12   863.99999999   -23353.61954773
      20    0.04000000 -0.55733665E-12 -0.21625474E-12 -0.34641675E-13   863.99999999   -23353.61954773
      30    0.06000000  0.62495979E-12  0.39412916E-12  0.82088968E-12   863.99999999   -23353.61954773
      40    0.08000000  0.12969230E-12 -0.26525015E-12  0.60993150E-12   863.99999999   -23353.61954774
      50    0.10000000 -0.10510838E-12 -0.36982822E-12  0.49121777E-12   863.99999999   -23353.61954774
      60    0.12000000  0.96781080E-13 -0.62788972E-13  0.64724262E-12   863.99999999   -23353.61954774
      70    0.14000000 -0.27402402E-12 -0.32661014E-12  0.25869224E-12   863.99999999   -23353.61954775
      80    0.16000000 -0.53922385E-12 -0.35391355E-12  0.40240558E-13   863.99999999   -23353.61954775
      90    0.18000000 -0.56673930E-12 -0.45281345E-12 -0.48867006E-13   863.99999999   -23353.61954775
     100    0.20000000 -0.48905533E-12 -0.70536998E-12 -0.13002961E-12   863.99999999   -23353.61954775
     110    0.22000000 -0.42989911E-12 -0.77144696E-12  0.36311779E-13   863.99999999   -23353.61954776
     120    0.24000000 -0.31399341E-12 -0.99767727E-12  0.16832559E-12   863.99999999   -23353.61954776
     130    0.26000000 -0.33839310E-12 -0.11702239E-11  0.35062987E-12   863.99999999   -23353.61954776
     140    0.28000000 -0.19822921E-12 -0.10932433E-11  0.10918396E-12   863.99999999   -23353.61954776
     150    0.30000000 -0.25945111E-12 -0.84377604E-12  0.12150825E-12   863.99999998   -23353.61954777
     160    0.32000000 -0.63122952E-12 -0.71348174E-12  0.34794953E-12   863.99999998   -23353.61954777
     170    0.34000000 -0.26387075E-12 -0.45877297E-12  0.69026285E-12   863.99999998   -23353.61954777
     180    0.36000000 -0.30234075E-12 -0.33468033E-12  0.97368263E-12   863.99999998   -23353.61954777
     190    0.38000000 -0.10595152E-12 -0.16341388E-12  0.10648220E-11   863.99999998   -23353.61954777
     200    0.40000000  0.14928679E-12  0.23022385E-13  0.78664967E-12   863.99999998   -23353.61954778
     210    0.42000000 -0.73356573E-13  0.76154642E-13  0.80752454E-12   863.99999998   -23353.61954778
     220    0.44000000  0.22845246E-12  0.18725630E-12  0.65763833E-12   863.99999998   -23353.61954778
     230    0.46000000 -0.16393108E-12  0.50899503E-13  0.51870518E-12   863.99999998   -23353.61954778
     240    0.48000000 -0.31395583E-12 -0.22007816E-12  0.33927109E-12   863.99999998   -23353.61954778
     250    0.50000000 -0.20705097E-12 -0.48612186E-12 -0.21935337E-12   863.99999998   -23353.61954778
     260    0.52000000 -0.10946511E-12 -0.60390937E-12 -0.33372557E-12   863.99999998   -23353.61954779
     270    0.54000000 -0.20163016E-14 -0.70681297E-12 -0.65000955E-12   863.99999998   -23353.61954779
     280    0.56000000 -0.16659403E-12 -0.69430131E-12 -0.38262482E-12   863.99999998   -23353.61954779
     290    0.58000000 -0.14108499E-12 -0.35008975E-12  0.11181381E-12   863.99999998   -23353.61954779
     300    0.60000000 -0.17439228E-12 -0.27139391E-12  0.14394502E-12   863.99999998   -23353.61954779
     310    0.62000000  0.17286854E-12 -0.21540604E-12  0.23200178E-12   863.99999998   -23353.61954779
     320    0.64000000  0.31231916E-12 -0.75388346E-13  0.34422879E-12   863.99999998   -23353.61954780
     330    0.66000000  0.46783194E-12  0.39109462E-13  0.53101293E-12   863.99999998   -23353.61954780
     340    0.68000000  0.38473341E-12  0.23036020E-12  0.62903171E-12   863.99999998   -23353.61954780
     350    0.70000000  0.24922987E-12  0.38895773E-12  0.73485257E-12   863.99999998   -23353.61954780
     360    0.72000000  0.41964651E-12  0.60665689E-12  0.58236807E-12   863.99999998   -23353.61954780
     370    0.74000000  0.23026464E-12  0.10619288E-11  0.40869591E-12   863.99999998   -23353.61954780
     380    0.76000000 -0.56811397E-13  0.94319150E-12  0.23146698E-12   863.99999998   -23353.61954780
     390    0.78000000 -0.91335105E-13  0.69058407E-12 -0.25442790E-12   863.99999998   -23353.61954781
     400    0.80000000 -0.32157735E-12  0.22473637E-12 -0.24174800E-12   863.99999997   -23353.61954781
     410    0.82000000 -0.56017822E-12  0.86846354E-13 -0.52590872E-12   863.99999997   -23353.61954781
     420    0.84000000 -0.39204923E-12  0.12709822E-12 -0.56621196E-12   863.99999997   -23353.61954781
     430    0.86000000 -0.17166323E-12 -0.38630004E-13 -0.76037754E-12   863.99999997   -23353.61954781
     440    0.88000000  0.35346238E-12  0.18470155E-13 -0.80865353E-12   863.99999997   -23353.61954781
     450    0.90000000  0.15466857E-12 -0.14903777E-12 -0.97231953E-12   863.99999997   -23353.61954781
     460    0.92000000  0.21498431E-12 -0.15148753E-12 -0.10357389E-11   863.99999997   -23353.61954782
     470    0.94000000  0.47179941E-12 -0.12384748E-12 -0.74140943E-12   863.99999997   -23353.61954782
     480    0.96000000  0.37786467E-12  0.14443997E-12 -0.46207751E-12   863.99999997   -23353.61954782
     490    0.98000000  0.73349843E-12  0.43380753E-12 -0.28756758E-12   863.99999997   -23353.61954782
     500    1.00000000  0.96739440E-12  0.64775041E-12 -0.17438082E-13   863.99999997   -23353.61954782
     510    1.02000000  0.97271258E-12  0.68063350E-12 -0.16320575E-13   863.99999997   -23353.61954782
     520    1.04000000  0.71680204E-12  0.73753999E-12  0.13892877E-12   863.99999997   -23353.61954782
     530    1.06000000  0.17312077E-12  0.34127289E-12  0.26504358E-12   863.99999997   -23353.61954782
     540    1.08000000 -0.44723130E-13  0.67213305E-13  0.39276092E-12   863.99999997   -23353.61954783
     550    1.10000000 -0.30883154E-12 -0.10739262E-12  0.30284072E-12   863.99999997   -23353.61954783
     560    1.12000000 -0.45893221E-12 -0.13046013E-12  0.12849647E-12   863.99999997   -23353.61954783
     570    1.14000000 -0.63372608E-12 -0.38463734E-13 -0.11105930E-12   863.99999997   -23353.61954783
     580    1.16000000 -0.60565574E-12 -0.28152112E-12 -0.13462842E-12   863.99999997   -23353.61954783
     590    1.18000000 -0.60359766E-12 -0.64100366E-13 -0.36694234E-12   863.99999997   -23353.61954783
     600    1.20000000 -0.44163515E-12 -0.10264888E-12 -0.52316299E-12   863.99999997   -23353.61954783
     610    1.22000000 -0.24938716E-12 -0.31122330E-12 -0.37644755E-12   863.99999997   -23353.61954783
     620    1.24000000 -0.18954562E-12 -0.23105334E-12 -0.42950340E-12   863.99999997   -23353.61954783
     630    1.26000000  0.27625804E-13 -0.24540454E-12 -0.48975043E-12   863.99999997   -23353.61954784
     640    1.28000000  0.51211912E-14  0.39485738E-13 -0.31959459E-12   863.99999997   -23353.61954784
     650    1.30000000  0.11073238E-12  0.14575049E-12 -0.80787096E-13   863.99999996   -23353.61954784
     660    1.32000000  0.36489929E-12  0.78763832E-13 -0.66669721E-13   863.99999996   -23353.61954784
     670    1.34000000  0.42233280E-12  0.46858066E-12  0.20807394E-12   863.99999996   -23353.61954784
     680    1.36000000  0.65379683E-12  0.35239366E-12  0.44943757E-12   863.99999996   -23353.61954784
     690    1.38000000  0.74178329E-12  0.54713385E-12  0.62555014E-12   863.99999996   -23353.61954784
     700    1.40000000  0.46032283E-12  0.41554986E-12  0.53729148E-12   863.99999996   -23353.61954784
     710    1.42000000  0.44309022E-12  0.24566779E-12  0.40269575E-12   863.99999996   -23353.61954784
     720    1.44000000  0.24591759E-12  0.93843537E-13  0.46657228E-12   863.99999996   -23353.61954785
     730    1.46000000  0.22762437E-12 -0.12862075E-12  0.33428919E-12   863.99999996   -23353.61954785
     740    1.48000000  0.82276956E-13 -0.31451701E-12 -0.91022723E-13   863.99999996   -23353.61954785
     750    1.50000000 -0.14903037E-12 -0.38240469E-12 -0.42279090E-13   863.99999996   -23353.61954785
     760    1.52000000 -0.13727193E-12 -0.63252361E-12 -0.17592060E-12   863.99999996   -23353.61954785
     770    1.54000000 -0.39006056E-12 -0.96194283E-12 -0.17387681E-12   863.99999996   -23353.61954785
     780    1.56000000 -0.57354112E-12 -0.99986170E-12 -0.30964045E-12   863.99999996   -23353.61954785
     790    1.58000000 -0.65824629E-12 -0.11272676E-11 -0.32977327E-12   863.99999996   -23353.61954785
     800    1.60000000 -0.57965793E-12 -0.80567687E-12 -0.30144142E-12   863.99999996   -23353.61954785
     810    1.62000000 -0.45940581E-12 -0.54696129E-12 -0.39514169E-12   863.99999996   -23353.61954785
     820    1.64000000 -0.28707086E-12 -0.26867710E-12 -0.32992180E-12   863.99999996   -23353.61954786
     830    1.66000000  0.36134204E-14  0.39049120E-13  0.78604811E-14   863.99999996   -23353.61954786
     840    1.68000000  0.17555622E-12  0.31795040E-12  0.29976221E-12   863.99999996   -23353.61954786
     850    1.70000000  0.31012026E-12  0.45103580E-12  0.41769578E-12   863.99999996   -23353.61954786
     860    1.72000000  0.29675519E-12  0.61349874E-12  0.77522831E-12   863.99999996   -23353.61954786
     870    1.74000000  0.37178492E-12  0.74681559E-12  0.66413117E-12   863.99999996   -23353.61954786
     880    1.76000000  0.36159804E-12  0.69917112E-12  0.91212513E-12   863.99999996   -23353.61954786
     890    1.78000000  0.16023353E-12  0.42667880E-12  0.92543298E-12   863.99999996   -23353.61954786
     900    1.80000000  0.99759153E-13  0.25599747E-12  0.80986271E-12   863.99999996   -23353.61954786
     910    1.82000000  0.15605864E-12  0.68307300E-13  0.73690819E-12   863.99999995   -23353.61954786
     920    1.84000000  0.15268137E-12 -0.11000479E-12  0.18839177E-12   863.99999995   -23353.61954786
     930    1.86000000  0.37453249E-14 -0.13979410E-12 -0.71265376E-13   863.99999995   -23353.61954787
     940    1.88000000 -0.33670862E-12 -0.36605195E-12 -0.15149872E-12   863.99999995   -23353.61954787
     950    1.90000000 -0.36617312E-12 -0.54140078E-12 -0.44158210E-12   863.99999995   -23353.61954787
     960    1.92000000 -0.45409054E-12 -0.61759542E-12 -0.35795208E-12   863.99999995   -23353.61954787
     970    1.94000000 -0.39717020E-12 -0.70306349E-12 -0.64106851E-12   863.99999995   -23353.61954787
     980    1.96000000 -0.26801651E-12 -0.51434010E-12 -0.79361342E-12   863.99999995   -23353.61954787
     990    1.98000000  0.55497792E-14 -0.37606689E-12 -0.80413834E-12   863.99999995   -23353.61954787
    1000    2.00000000 -0.21896272E-13 -0.41040829E-12 -0.69427988E-12   863.99999995   -23353.61954787
    1010    2.02000000 -0.14728097E-12 -0.17848873E-12 -0.60844905E-12   863.99999995   -23353.61954787
    1020    2.04000000  0.29594427E-13 -0.81957261E-13 -0.40620219E-12   863.99999995   -23353.61954787
    1030    2.06000000 -0.25403402E-13  0.72407351E-13 -0.70555556E-13   863.99999995   -23353.61954787
    1040    2.08000000  0.19896903E-12  0.37285982E-12  0.36084973E-12   863.99999995   -23353.61954787
    1050    2.10000000  0.30623398E-12  0.31225983E-12  0.66629550E-12   863.99999995   -23353.61954788
    1060    2.12000000  0.44488478E-12  0.46810851E-12  0.84961902E-12   863.99999995   -23353.61954788
    1070    2.14000000  0.46375799E-12  0.28637841E-12  0.91040671E-12   863.99999995   -23353.61954788
    1080    2.16000000  0.28952657E-12  0.31383565E-12  0.84283886E-12   863.99999995   -23353.61954788
    1090    2.18000000  0.30333013E-12  0.50630162E-13  0.38525627E-12   863.99999995   -23353.61954788
    1100    2.20000000 -0.56317732E-14 -0.70239756E-13  0.51730277E-12   863.99999995   -23353.61954788
    1110    2.22000000 -0.29011297E-12 -0.21804136E-12  0.13973645E-12   863.99999995   -23353.61954788
    1120    2.24000000 -0.43738593E-12 -0.17903054E-12 -0.15187981E-12   863.99999995   -23353.61954788
    1130    2.26000000 -0.53472823E-12 -0.26683139E-12 -0.28491932E-12   863.99999995   -23353.61954788
    1140    2.28000000 -0.34896535E-12 -0.19385260E-12 -0.44221846E-12   863.99999995   -23353.61954788
    1150    2.30000000 -0.54233332E-13 -0.73244681E-13 -0.39717618E-12   863.99999995   -23353.61954788
    1160    2.32000000  0.20683683E-12  0.42651001E-13 -0.56431939E-12   863.99999994   -23353.61954788
    1170    2.34000000  0.23349980E-12  0.56077002E-13 -0.48480745E-12   863.99999994   -23353.61954789
    1180    2.36000000  0.25588922E-12  0.29889246E-12 -0.49961417E-12   863.99999994   -23353.61954789
    1190    2.38000000  0.22972853E-12  0.53401325E-12 -0.45507694E-12   863.99999994   -23353.61954789
    1200    2.40000000  0.35002713E-12  0.46142884E-12 -0.75612283E-13   863.99999994   -23353.61954789
    1210    2.42000000  0.50313397E-12  0.41195929E-12  0.97131779E-13   863.99999994   -23353.61954789
    1220    2.44000000  0.26294892E-12  0.21620328E-12  0.40293643E-12   863.99999994   -23353.61954789
    1230    2.46000000  0.17836069E-12  0.76008243E-13  0.23005020E-12   863.99999994   -23353.61954789
    1240    2.48000000  0.39901978E-13  0.13110905E-13  0.16019718E-12   863.99999994   -23353.61954789
    1250    2.50000000 -0.16930035E-12  0.38986768E-13  0.21679741E-12   863.99999994   -23353.61954789
    1260    2.52000000 -0.23589562E-12  0.19032772E-14  0.54683050E-13   863.99999994   -23353.61954789
    1270    2.54000000 -0.37636474E-12 -0.20953069E-12  0.13023057E-12   863.99999994   -23353.61954789
    1280    2.56000000 -0.31408375E-12 -0.34239524E-12 -0.10698603E-12   863.99999994   -23353.61954789
    1290    2.58000000 -0.39715762E-12 -0.41723135E-12 -0.19552038E-12   863.99999994   -23353.61954789
    1300    2.60000000 -0.39835171E-12 -0.46615275E-12 -0.17036597E-12   863.99999994   -23353.61954790
    1310    2.62000000 -0.11774726E-12 -0.32195804E-12 -0.17492850E-12   863.99999994   -23353.61954790
    1320    2.64000000  0.25001601E-13 -0.35373601E-12  0.60157779E-13   863.99999994   -23353.61954790
    1330    2.66000000  0.18527214E-12 -0.19761349E-12  0.25937948E-13   863.99999994   -23353.61954790
    1340    2.68000000  0.28690094E-12 -0.15534411E-12 -0.66507896E-13   863.99999994   -23353.61954790
    1350    2.70000000  0.39065820E-12 -0.14088725E-13 -0.21924603E-13   863.99999994   -23353.61954790
    1360    2.72000000  0.45441101E-12  0.19198405E-12 -0.49530386E-13   863.99999994   -23353.61954790
    1370    2.74000000  0.49785173E-12  0.41771303E-12  0.19746649E-12   863.99999994   -23353.61954790
    1380    2.76000000  0.45217843E-12  0.51779488E-12  0.33926448E-12   863.99999994   -23353.61954790
    1390    2.78000000  0.39383574E-12  0.45317377E-12  0.15109900E-12   863.99999994   -23353.61954790
    1400    2.80000000  0.22420065E-12  0.46022163E-12  0.18809808E-12   863.99999994   -23353.61954790
    1410    2.82000000 -0.57213803E-14  0.23080131E-12  0.12782756E-12   863.99999993   -23353.61954790
    1420    2.84000000 -0.21065622E-12  0.91925926E-13  0.20998386E-12   863.99999993   -23353.61954790
    1430    2.86000000 -0.31877578E-12 -0.19398859E-12  0.36122969E-12   863.99999993   -23353.61954790
    1440    2.88000000 -0.56491333E-12 -0.23256939E-12  0.38194477E-12   863.99999993   -23353.61954791
    1450    2.90000000 -0.39713690E-12 -0.27255401E-12  0.29510184E-12   863.99999993   -23353.61954791
    1460    2.92000000 -0.37844916E-12 -0.56905327E-12  0.22322520E-13   863.99999993   -23353.61954791
    1470    2.94000000 -0.27976398E-12 -0.56448929E-12 -0.33728016E-12   863.99999993   -23353.61954791
    1480    2.96000000 -0.31929926E-12 -0.68501999E-12 -0.51737788E-12   863.99999993   -23353.61954791
    1490    2.98000000 -0.46245665E-12 -0.31737047E-12 -0.55096101E-12   863.99999993   -23353.61954791
    1500    3.00000000 -0.30842491E-12 -0.18806931E-12 -0.74688556E-12   863.99999993   -23353.61954791
    1510    3.02000000  0.13929106E-13 -0.17856453E-12 -0.68296982E-12   863.99999993   -23353.61954791
    1520    3.04000000  0.21512466E-12  0.16657126E-12 -0.61109961E-12   863.99999993   -23353.61954791
    1530    3.06000000  0.42558040E-12  0.18527449E-12 -0.57435612E-12   863.99999993   -23353.61954791
    1540    3.08000000  0.41875577E-12  0.21786102E-12 -0.19160862E-12   863.99999993   -23353.61954791
    1550    3.10000000  0.22073010E-12  0.45418696E-12  0.22527474E-13   863.99999993   -23353.61954791
    1560    3.12000000  0.15142842E-12  0.47496804E-12  0.21235034E-12   863.99999993   -23353.61954791
    1570    3.14000000  0.36162133E-12  0.47784191E-12  0.60114009E-12   863.99999993   -23353.61954791
    1580    3.16000000  0.41120295E-12  0.90510076E-13  0.62695188E-12   863.99999993   -23353.61954791
    1590    3.18000000  0.31590229E-12 -0.11309144E-12  0.81305741E-12   863.99999993   -23353.61954792
    1600    3.20000000  0.26735989E-12 -0.22524437E-12  0.81897910E-12   863.99999993   -23353.61954792
    1610    3.22000000  0.20237848E-12 -0.17779158E-12  0.67640394E-12   863.99999993   -23353.61954792
    1620    3.24000000  0.12824273E-12  0.90246921E-13  0.41666854E-12   863.99999993   -23353.61954792
    1630    3.26000000 -0.12210514E-12  0.20450143E-12  0.11940054E-12   863.99999993   -23353.61954792
    1640    3.28000000 -0.61521922E-13  0.20635780E-12 -0.46151063E-13   863.99999993   -23353.61954792
    1650    3.30000000  0.16234458E-12  0.12832150E-12 -0.35966985E-12   863.99999993   -23353.61954792
    1660    3.32000000 -0.18570459E-12  0.22432227E-13 -0.39549553E-12   863.99999993   -23353.61954792
    1670    3.34000000 -0.11277945E-12  0.14247207E-12 -0.47587121E-12   863.99999992   -23353.61954792
    1680    3.36000000 -0.14731046E-12  0.22743614E-12 -0.37052620E-12   863.99999992   -23353.61954792
    1690    3.38000000 -0.37649988E-12  0.37101577E-13 -0.40642977E-12   863.99999992   -23353.61954792
    1700    3.40000000 -0.51805996E-12  0.14262611E-12 -0.46688998E-12   863.99999992   -23353.61954792
    1710    3.42000000 -0.63600716E-12  0.18087277E-12 -0.37226626E-12   863.99999992   -23353.61954792
    1720    3.44000000 -0.41744303E-12  0.57967898E-13 -0.36260451E-12   863.99999992   -23353.61954792
    1730    3.46000000 -0.45865277E-12 -0.11204448E-13 -0.17582365E-13   863.99999992   -23353.61954792
    1740    3.48000000 -0.47656380E-12 -0.23495207E-12  0.18367563E-12   863.99999992   -23353.61954793
    1750    3.50000000 -0.13413227E-12 -0.43311588E-12  0.16644432E-12   863.99999992   -23353.61954793
    1760    3.52000000 -0.13159359E-12 -0.44917795E-12  0.43945820E-12   863.99999992   -23353.61954793
    1770    3.54000000 -0.48878660E-13 -0.56766657E-12  0.23122949E-12   863.99999992   -23353.61954793
    1780    3.56000000  0.29142661E-12 -0.40325578E-12  0.31573996E-12   863.99999992   -23353.61954793
    1790    3.58000000  0.59915629E-12 -0.47171048E-12  0.34286488E-12   863.99999992   -23353.61954793
    1800    3.60000000  0.94941252E-12 -0.47510220E-12  0.39134861E-12   863.99999992   -23353.61954793
    1810    3.62000000  0.90947557E-12 -0.33868818E-12  0.50109341E-12   863.99999992   -23353.61954793
    1820    3.64000000  0.69104328E-12 -0.28182714E-12  0.48874395E-12   863.99999992   -23353.61954793
    1830    3.66000000  0.24732396E-12 -0.12587195E-13  0.44893558E-12   863.99999992   -23353.61954793
    1840    3.68000000 -0.15346744E-15  0.39251597E-13  0.26810413E-12   863.99999992   -23353.61954793
    1850    3.70000000  0.17679236E-13  0.13979810E-12  0.18217131E-12   863.99999992   -23353.61954793
    1860    3.72000000  0.56260996E-13  0.33015765E-12 -0.12431173E-12   863.99999992   -23353.61954793
    1870    3.74000000  0.29700462E-13  0.35026727E-12 -0.22761998E-12   863.99999992   -23353.61954793
    1880    3.76000000 -0.21955870E-12  0.42259262E-12 -0.47933373E-13   863.99999992   -23353.61954793
    1890    3.78000000 -0.59478661E-12  0.42718188E-12 -0.18244380E-12   863.99999992   -23353.61954794
    1900    3.80000000 -0.77443782E-12  0.50342298E-12 -0.26905921E-12   863.99999992   -23353.61954794
    1910    3.82000000 -0.79549006E-12  0.32753403E-12 -0.12100241E-12   863.99999992   -23353.61954794
    1920    3.84000000 -0.38797856E-12  0.10511086E-12 -0.24961650E-12   863.99999991   -23353.61954794
    1930    3.86000000 -0.23847008E-12 -0.18155899E-12  0.42533411E-13   863.99999991   -23353.61954794
    1940    3.88000000 -0.30504550E-14 -0.46014546E-12  0.91936783E-13   863.99999991   -23353.61954794
    1950    3.90000000  0.14885555E-12 -0.65618198E-12  0.54144622E-13   863.99999991   -23353.61954794
    1960    3.92000000  0.51824488E-13 -0.65095297E-12  0.11314430E-12   863.99999991   -23353.61954794
    1970    3.94000000  0.11561060E-12 -0.71060361E-12  0.24555599E-13   863.99999991   -23353.61954794
    1980    3.96000000  0.46063320E-13 -0.62341395E-12 -0.17969325E-12   863.99999991   -23353.61954794
    1990    3.98000000  0.14815766E-12 -0.34337416E-12  0.49866473E-13   863.99999991   -23353.61954794
    2000    4.00000000 -0.53828871E-13 -0.28786325E-12 -0.15292526E-12   863.99999991   -23353.61954794
    2010    4.02000000 -0.72931955E-13  0.14046153E-12 -0.79443717E-13   863.99999991   -23353.61954794
    2020    4.04000000  0.66298311E-13  0.34795476E-12 -0.10063649E-12   863.99999991   -23353.61954794
    2030    4.06000000  0.13012558E-12  0.37316466E-12 -0.18212285E-12   863.99999991   -23353.61954794
    2040    4.08000000  0.16569120E-12  0.74696602E-12 -0.26999904E-13   863.99999991   -23353.61954794
    2050    4.10000000  0.23414078E-12  0.50291090E-12 -0.14182114E-12   863.99999991   -23353.61954795
    2060    4.12000000  0.21215235E-12  0.43915681E-12 -0.36143676E-13   863.99999991   -23353.61954795
    2070    4.14000000  0.11461862E-12  0.39220969E-12  0.22400479E-13   863.99999991   -23353.61954795
    2080    4.16000000  0.15174779E-12  0.10600666E-12  0.10226403E-12   863.99999991   -23353.61954795
    2090    4.18000000  0.10775259E-12  0.91966145E-13  0.18303766E-12   863.99999991   -23353.61954795
    2100    4.20000000  0.47087037E-12 -0.14890174E-13  0.33350045E-12   863.99999991   -23353.61954795
    2110    4.22000000  0.51610958E-12  0.24383253E-12  0.13474925E-12   863.99999991   -23353.61954795
    2120    4.24000000  0.44266179E-12  0.20833184E-12 -0.20758436E-13   863.99999991   -23353.61954795
    2130    4.26000000  0.78984087E-12  0.31172641E-12 -0.23839107E-12   863.99999991   -23353.61954795
    2140    4.28000000  0.55033468E-12  0.40606357E-12 -0.26704180E-12   863.99999991   -23353.61954795
    2150    4.30000000  0.30202824E-12  0.35428029E-12 -0.16524631E-12   863.99999991   -23353.61954795
    2160    4.32000000  0.18422287E-12  0.28625657E-12 -0.32536764E-12   863.99999991   -23353.61954795
    2170    4.34000000 -0.21807680E-12  0.74273886E-14 -0.59943133E-13   863.99999991   -23353.61954795
    2180    4.36000000 -0.21542737E-12 -0.77797855E-13  0.28352818E-13   863.99999990   -23353.61954795
    2190    4.38000000 -0.32280193E-12 -0.10100945E-12 -0.12624040E-12   863.99999990   -23353.61954795
    2200    4.40000000 -0.43720230E-12 -0.32419880E-12 -0.18195454E-12   863.99999990   -23353.61954795
    2210    4.42000000 -0.64136970E-12 -0.24821730E-12 -0.13830640E-12   863.99999990   -23353.61954796
    2220    4.44000000 -0.96823255E-12 -0.31699466E-12 -0.33656222E-12   863.99999990   -23353.61954796
    2230    4.46000000 -0.95938763E-12 -0.44340191E-12 -0.14344956E-12   863.99999990   -23353.61954796
    2240    4.48000000 -0.78237906E-12 -0.28286063E-12  0.54608347E-13   863.99999990   -23353.61954796
    2250    4.50000000 -0.15119215E-12 -0.27026023E-12  0.93351630E-13   863.99999990   -23353.61954796
    2260    4.52000000  0.27270969E-12 -0.21690926E-12  0.22327313E-12   863.99999990   -23353.61954796
    2270    4.54000000  0.42814122E-12 -0.20706325E-12  0.11503758E-12   863.99999990   -23353.61954796
    2280    4.56000000  0.46413650E-12 -0.23705560E-12  0.86465250E-13   863.99999990   -23353.61954796
    2290    4.58000000  0.57792362E-12 -0.26386850E-13  0.22915369E-12   863.99999990   -23353.61954796
    2300    4.60000000  0.94386572E-12  0.39680682E-13  0.21157885E-12   863.99999990   -23353.61954796
    2310    4.62000000  0.11379987E-11 -0.25570658E-12  0.35336140E-12   863.99999990   -23353.61954796
    2320    4.64000000  0.13400644E-11 -0.25966542E-13  0.62281645E-12   863.99999990   -23353.61954796
    2330    4.66000000  0.10083360E-11  0.14282473E-12  0.40554676E-12   863.99999990   -23353.61954796
    2340    4.68000000  0.48980665E-12  0.23412082E-12  0.41874804E-12   863.99999990   -23353.61954796
    2350    4.70000000  0.36171335E-12  0.65186369E-12  0.33882303E-12   863.99999990   -23353.61954796
    2360    4.72000000 -0.11626371E-12  0.46637370E-12  0.13358356E-12   863.99999990   -23353.61954796
    2370    4.74000000 -0.21251785E-12  0.24800128E-12  0.74088741E-13   863.99999990   -23353.61954796
    2380    4.76000000 -0.48843505E-12  0.24559684E-12 -0.15171746E-12   863.99999990   -23353.61954797
    2390    4.78000000 -0.88361425E-12 -0.14015420E-12 -0.30569155E-12   863.99999990   -23353.61954797
    2400    4.80000000 -0.10317961E-11 -0.16087881E-12 -0.29933949E-12   863.99999990   -23353.61954797
    2410    4.82000000 -0.11866061E-11 -0.27101707E-12 -0.47643879E-12   863.99999990   -23353.61954797
    2420    4.84000000 -0.11564136E-11 -0.39267142E-12 -0.32220379E-12   863.99999990   -23353.61954797
    2430    4.86000000 -0.86299996E-12 -0.29131767E-12 -0.15381564E-12   863.99999989   -23353.61954797
    2440    4.88000000 -0.77797404E-12 -0.43569039E-12  0.32986000E-13   863.99999989   -23353.61954797
    2450    4.90000000 -0.52282690E-12 -0.51207233E-12  0.15720382E-12   863.99999989   -23353.61954797
    2460    4.92000000 -0.22065472E-12 -0.46844912E-12  0.16554955E-12   863.99999989   -23353.61954797
    2470    4.94000000 -0.91882396E-13 -0.48289402E-12  0.23365982E-12   863.99999989   -23353.61954797
    2480    4.96000000  0.29689259E-12 -0.36544810E-12  0.17647678E-12   863.99999989   -23353.61954797
    2490    4.98000000  0.61574693E-12 -0.11877709E-12  0.86447068E-13   863.99999989   -23353.61954797
    2500    5.00000000  0.67977831E-12  0.19670023E-12 -0.40537867E-14   863.99999989   -23353.61954797
    2510    5.02000000  0.78427038E-12  0.19669953E-13 -0.78275597E-13   863.99999989   -23353.61954797
    2520    5.04000000  0.70200493E-12  0.96071461E-13 -0.26552277E-13   863.99999989   -23353.61954797
    2530    5.06000000  0.69422285E-12  0.12937106E-12 -0.56485794E-13   863.99999989   -23353.61954797
    2540    5.08000000  0.62392414E-12  0.16019962E-12 -0.13609563E-12   863.99999989   -23353.61954797
    2550    5.10000000  0.41190664E-12  0.19677400E-12  0.10552602E-12   863.99999989   -23353.61954798
    2560    5.12000000  0.22227932E-12 -0.16339603E-12 -0.70049492E-13   863.99999989   -23353.61954798
    2570    5.14000000 -0.92337505E-13  0.18759621E-13 -0.28710335E-12   863.99999989   -23353.61954798
    2580    5.16000000 -0.35579560E-12  0.20222863E-13  0.15834596E-14   863.99999989   -23353.61954798
    2590    5.18000000 -0.19717001E-12  0.64949994E-13  0.97766709E-13   863.99999989   -23353.61954798
    2600    5.20000000 -0.23055010E-12  0.31129379E-12  0.37960621E-12   863.99999989   -23353.61954798
    2610    5.22000000 -0.25736471E-12  0.19467928E-12  0.40671080E-12   863.99999989   -23353.61954798
    2620    5.24000000 -0.25689709E-12  0.25845559E-12  0.10243995E-12   863.99999989   -23353.61954798
    2630    5.26000000 -0.44274296E-12  0.16337570E-12  0.13175475E-12   863.99999989   -23353.61954798
    2640    5.28000000 -0.35292196E-12  0.14584891E-13  0.76969508E-13   863.99999989   -23353.61954798
    2650    5.30000000 -0.20787459E-12  0.17996480E-12  0.24571511E-12   863.99999989   -23353.61954798
    2660    5.32000000  0.16105787E-13 -0.19857666E-12  0.41055232E-12   863.99999989   -23353.61954798
    2670    5.34000000 -0.29109243E-13 -0.42526183E-12  0.10479396E-12   863.99999989   -23353.61954798
    2680    5.36000000  0.49173565E-13 -0.28536001E-12 -0.54726545E-13   863.99999988   -23353.61954798
    2690    5.38000000 -0.13176833E-13 -0.19810911E-12 -0.28784298E-12   863.99999988   -23353.61954798
    2700    5.40000000  0.13144494E-12 -0.38637222E-13 -0.31564316E-12   863.99999988   -23353.61954798
    2710    5.42000000  0.23044536E-12  0.16097228E-12 -0.19296465E-12   863.99999988   -23353.61954798
    2720    5.44000000  0.84664145E-13  0.48753191E-13 -0.14869111E-12   863.99999988   -23353.61954799
    2730    5.46000000  0.26645111E-12 -0.80844771E-13 -0.11792168E-12   863.99999988   -23353.61954799
    2740    5.48000000  0.33293676E-14 -0.26877563E-12 -0.45512426E-12   863.99999988   -23353.61954799
    2750    5.50000000 -0.18192898E-12 -0.35910817E-12 -0.34335098E-12   863.99999988   -23353.61954799
    2760    5.52000000  0.96069581E-13 -0.26779423E-12 -0.15550723E-12   863.99999988   -23353.61954799
    2770    5.54000000  0.19965663E-13 -0.33146454E-12 -0.66349673E-13   863.99999988   -23353.61954799
    2780    5.56000000  0.69371049E-13 -0.25045454E-12  0.51713903E-13   863.99999988   -23353.61954799
    2790    5.58000000  0.27258975E-12 -0.20804665E-12  0.47668437E-13   863.99999988   -23353.61954799
    2800    5.60000000  0.18836995E-12  0.33152878E-13  0.17142125E-12   863.99999988   -23353.61954799
    2810    5.62000000  0.33734798E-12  0.79409138E-13  0.29123916E-12   863.99999988   -23353.61954799
    2820    5.64000000  0.53145283E-12  0.26227665E-12  0.50742562E-12   863.99999988   -23353.61954799
    2830    5.66000000  0.33633311E-12  0.39568632E-12  0.71366133E-12   863.99999988   -23353.61954799
    2840    5.68000000  0.31209584E-12  0.38303366E-12  0.62550310E-12   863.99999988   -23353.61954799
    2850    5.70000000  0.16328784E-12  0.36812513E-12  0.58301831E-12   863.99999988   -23353.61954799
    2860    5.72000000  0.22912505E-13  0.42360386E-12  0.17996519E-12   863.99999988   -23353.61954799
    2870    5.74000000  0.16135378E-12  0.47393658E-12  0.22192812E-12   863.99999988   -23353.61954799
    2880    5.76000000 -0.11059337E-12  0.32724336E-12  0.29687124E-12   863.99999988   -23353.61954799
    2890    5.78000000 -0.20284856E-12  0.17227233E-12  0.26770983E-13   863.99999988   -23353.61954800
    2900    5.80000000 -0.22198803E-12  0.69450092E-13  0.57538155E-13   863.99999988   -23353.61954800
    2910    5.82000000 -0.46174242E-12  0.23422362E-13 -0.13468839E-12   863.99999988   -23353.61954800
    2920    5.84000000 -0.40838568E-12 -0.10058181E-12 -0.71588933E-13   863.99999988   -23353.61954800
    2930    5.86000000 -0.34903940E-12  0.11115826E-13 -0.19819147E-12   863.99999988   -23353.61954800
    2940    5.88000000 -0.34575201E-12 -0.16236533E-12 -0.25858666E-12   863.99999987   -23353.61954800
    2950    5.90000000 -0.29814332E-12 -0.33319129E-12 -0.53125276E-12   863.99999987   -23353.61954800
    2960    5.92000000 -0.16843651E-12 -0.41639497E-12 -0.80337218E-12   863.99999987   -23353.61954800
    2970    5.94000000  0.18321393E-12 -0.46350519E-12 -0.73985648E-12   863.99999987   -23353.61954800
    2980    5.96000000  0.26347093E-12 -0.40811623E-12 -0.70406531E-12   863.99999987   -23353.61954800
    2990    5.98000000  0.30645570E-12 -0.23334295E-12 -0.31908380E-12   863.99999987   -23353.61954800
    3000    6.00000000  0.37055365E-12 -0.32436425E-12 -0.18568840E-12   863.99999987   -23353.61954800
    3010    6.02000000  0.38793574E-12 -0.32847873E-12  0.98657257E-13   863.99999987   -23353.61954800
    3020    6.04000000  0.41606017E-12 -0.17069086E-12  0.32111374E-12   863.99999987   -23353.61954800
    3030    6.06000000  0.51858186E-12  0.17549377E-13  0.43833962E-12   863.99999987   -23353.61954800
    3040    6.08000000  0.37864220E-12 -0.52188812E-13  0.73300302E-12   863.99999987   -23353.61954800
    3050    6.10000000  0.23034123E-12 -0.46942341E-13  0.76999696E-12   863.99999987   -23353.61954800
    3060    6.12000000  0.67074143E-13 -0.13808374E-15  0.83612802E-12   863.99999987   -23353.61954800
    3070    6.14000000 -0.18580330E-12  0.60824388E-13  0.49589117E-12   863.99999987   -23353.61954801
    3080    6.16000000 -0.21170533E-12  0.12246467E-12  0.44604131E-12   863.99999987   -23353.61954801
    3090    6.18000000 -0.11797432E-12  0.19517273E-12  0.36511989E-12   863.99999987   -23353.61954801
    3100    6.20000000 -0.15512915E-12  0.18306689E-12  0.17696434E-12   863.99999987   -23353.61954801
    3110    6.22000000 -0.21662735E-12  0.15094302E-12  0.85798679E-13   863.99999987   -23353.61954801
    3120    6.24000000 -0.31556400E-12 -0.74206347E-13 -0.30140112E-12   863.99999987   -23353.61954801
    3130    6.26000000 -0.37192600E-12 -0.14942678E-13 -0.52668495E-12   863.99999987   -23353.61954801
    3140    6.28000000 -0.32617867E-12  0.13042639E-12 -0.69783747E-12   863.99999987   -23353.61954801
    3150    6.30000000 -0.19241511E-12 -0.56791819E-13 -0.74396914E-12   863.99999987   -23353.61954801
    3160    6.32000000 -0.12736829E-14  0.36153223E-13 -0.81957504E-12   863.99999987   -23353.61954801
    3170    6.34000000  0.82538934E-13 -0.11667891E-12 -0.37221608E-12   863.99999987   -23353.61954801
    3180    6.36000000  0.71453878E-13 -0.14832972E-12 -0.23259433E-13   863.99999987   -23353.61954801
    3190    6.38000000  0.49626040E-13 -0.25488062E-12  0.15216631E-12   863.99999986   -23353.61954801
    3200    6.40000000  0.24345805E-12 -0.11441199E-12  0.18102686E-12   863.99999986   -23353.61954801
    3210    6.42000000  0.25482590E-12  0.20547449E-12  0.17133696E-12   863.99999986   -23353.61954801
    3220    6.44000000  0.16722193E-12  0.33336965E-13  0.38915792E-12   863.99999986   -23353.61954801
    3230    6.46000000  0.70602255E-13 -0.15682841E-13  0.32586968E-12   863.99999986   -23353.61954801
    3240    6.48000000  0.21624427E-12 -0.54404248E-13  0.58237514E-12   863.99999986   -23353.61954802
    3250    6.50000000  0.29513943E-12 -0.12055454E-12  0.67420615E-12   863.99999986   -23353.61954802
    3260    6.52000000  0.38121953E-12 -0.15294555E-12  0.43594468E-12   863.99999986   -23353.61954802
    3270    6.54000000  0.48788677E-12  0.64835255E-14  0.22176887E-12   863.99999986   -23353.61954802
    3280    6.56000000  0.17391852E-12 -0.59735304E-13 -0.51801306E-13   863.99999986   -23353.61954802
    3290    6.58000000 -0.19145685E-12 -0.24793142E-13 -0.63056611E-13   863.99999986   -23353.61954802
    3300    6.60000000 -0.36956454E-12 -0.12089851E-12 -0.16575885E-12   863.99999986   -23353.61954802
    3310    6.62000000 -0.26591183E-12 -0.14973759E-12 -0.23322467E-12   863.99999986   -23353.61954802
    3320    6.64000000 -0.15469865E-13 -0.27653631E-13 -0.23892357E-12   863.99999986   -23353.61954802
    3330    6.66000000  0.35341828E-13 -0.20440545E-12 -0.29819617E-12   863.99999986   -23353.61954802
    3340    6.68000000 -0.10240993E-12 -0.36373320E-12 -0.28677835E-12   863.99999986   -23353.61954802
    3350    6.70000000 -0.29610795E-12 -0.41759543E-12 -0.15824674E-12   863.99999986   -23353.61954802
    3360    6.72000000 -0.23065477E-12 -0.16361219E-12  0.13272539E-12   863.99999986   -23353.61954802
    3370    6.74000000 -0.22545019E-12 -0.68891351E-13  0.21045724E-12   863.99999986   -23353.61954802
    3380    6.76000000 -0.13115402E-12  0.26142820E-12  0.28414667E-12   863.99999986   -23353.61954802
    3390    6.78000000 -0.10629821E-12  0.45741370E-12  0.33418395E-12   863.99999986   -23353.61954802
    3400    6.80000000 -0.24330259E-13  0.48983614E-12  0.32049933E-12   863.99999986   -23353.61954802
    3410    6.82000000  0.10878157E-12  0.38799635E-12  0.26535798E-12   863.99999986   -23353.61954802
    3420    6.84000000  0.19106755E-12  0.48624290E-12  0.34920313E-12   863.99999986   -23353.61954803
    3430    6.86000000  0.27871636E-12  0.33282090E-12  0.19389965E-12   863.99999986   -23353.61954803
    3440    6.88000000  0.85815642E-13  0.32783981E-12  0.23548888E-12   863.99999986   -23353.61954803
    3450    6.90000000 -0.88385658E-13  0.34580020E-13  0.13727116E-12   863.99999985   -23353.61954803
    3460    6.92000000  0.82863428E-13 -0.14965222E-12 -0.10546365E-12   863.99999985   -23353.61954803
    3470    6.94000000  0.86347062E-13 -0.36418166E-12 -0.14631959E-12   863.99999985   -23353.61954803
    3480    6.96000000  0.34534031E-12 -0.53792782E-12 -0.53145869E-12   863.99999985   -23353.61954803
    3490    6.98000000  0.36719806E-12 -0.45857528E-12 -0.63942937E-12   863.99999985   -23353.61954803
    3500    7.00000000  0.83944118E-13 -0.43110220E-12 -0.53664780E-12   863.99999985   -23353.61954803
    3510    7.02000000 -0.56997907E-13 -0.44236167E-12 -0.38285697E-12   863.99999985   -23353.61954803
    3520    7.04000000 -0.14569826E-12 -0.48313142E-12 -0.17888627E-12   863.99999985   -23353.61954803
    3530    7.06000000 -0.13064223E-12 -0.43224653E-12 -0.20822231E-12   863.99999985   -23353.61954803
    3540    7.08000000 -0.15434404E-12 -0.35841078E-12  0.79081470E-13   863.99999985   -23353.61954803
    3550    7.10000000 -0.99911646E-13 -0.24065853E-12  0.23500964E-12   863.99999985   -23353.61954803
    3560    7.12000000 -0.12866677E-12  0.31478808E-13  0.48632808E-12   863.99999985   -23353.61954803
    3570    7.14000000  0.14382572E-12  0.30117105E-13  0.70238026E-12   863.99999985   -23353.61954803
    3580    7.16000000  0.70728284E-13  0.32966430E-12  0.65384395E-12   863.99999985   -23353.61954803
    3590    7.18000000 -0.38664472E-13  0.35636139E-12  0.50837288E-12   863.99999985   -23353.61954803
    3600    7.20000000 -0.50116796E-14  0.28887221E-12  0.29115335E-12   863.99999985   -23353.61954804
    3610    7.22000000 -0.16237831E-12  0.41336204E-12  0.27346730E-12   863.99999985   -23353.61954804
    3620    7.24000000 -0.17372640E-12  0.19158564E-12  0.22903417E-12   863.99999985   -23353.61954804
    3630    7.26000000 -0.11400225E-12  0.12759704E-12  0.40843538E-13   863.99999985   -23353.61954804
    3640    7.28000000 -0.23149759E-12  0.11954990E-12 -0.24074957E-13   863.99999985   -23353.61954804
    3650    7.30000000 -0.17927356E-12  0.11076347E-12 -0.15413359E-12   863.99999985   -23353.61954804
    3660    7.32000000 -0.11003970E-12  0.25245343E-12 -0.51649793E-12   863.99999985   -23353.61954804
    3670    7.34000000  0.13715905E-13  0.31842824E-12 -0.63433697E-12   863.99999985   -23353.61954804
    3680    7.36000000  0.15504210E-12 -0.48596320E-13 -0.59464569E-12   863.99999985   -23353.61954804
    3690    7.38000000  0.17323280E-14 -0.14346175E-12 -0.41169459E-12   863.99999985   -23353.61954804
    3700    7.40000000  0.89589419E-13 -0.12351431E-12 -0.26831360E-12   863.99999984   -23353.61954804
    3710    7.42000000  0.61303220E-13 -0.29603359E-12  0.94275065E-14   863.99999984   -23353.61954804
    3720    7.44000000  0.10223827E-12 -0.28658827E-12  0.19708195E-12   863.99999984   -23353.61954804
    3730    7.46000000  0.33190773E-12 -0.18534855E-12  0.34484675E-12   863.99999984   -23353.61954804
    3740    7.48000000  0.49395933E-12 -0.27627905E-12  0.32866917E-12   863.99999984   -23353.61954804
    3750    7.50000000  0.51062944E-12 -0.27506652E-12  0.55492954E-12   863.99999984   -23353.61954804
    3760    7.52000000  0.35752175E-12 -0.12088891E-13  0.42193103E-12   863.99999984   -23353.61954804
    3770    7.54000000  0.36737636E-12  0.54506380E-13  0.24611553E-12   863.99999984   -23353.61954804
    3780    7.56000000  0.15245614E-12  0.14538747E-12  0.17370174E-12   863.99999984   -23353.61954805
    3790    7.58000000  0.93220669E-13  0.12851472E-13 -0.54922486E-13   863.99999984   -23353.61954805
    3800    7.60000000  0.17444893E-13 -0.73436937E-13 -0.23440408E-13   863.99999984   -23353.61954805
    3810    7.62000000 -0.19233872E-12 -0.12556097E-13 -0.23083125E-12   863.99999984   -23353.61954805
    3820    7.64000000 -0.45517225E-12 -0.25911368E-12 -0.34092284E-12   863.99999984   -23353.61954805
    3830    7.66000000 -0.84327536E-12 -0.21512832E-12 -0.46426377E-12   863.99999984   -23353.61954805
    3840    7.68000000 -0.79925899E-12 -0.14520237E-12 -0.27765875E-12   863.99999984   -23353.61954805
    3850    7.70000000 -0.49790097E-12 -0.32343512E-12 -0.32570221E-12   863.99999984   -23353.61954805
    3860    7.72000000 -0.45712325E-12 -0.21529300E-12 -0.84295702E-13   863.99999984   -23353.61954805
    3870    7.74000000  0.26591587E-15 -0.12633830E-12 -0.14165836E-12   863.99999984   -23353.61954805
    3880    7.76000000  0.33808805E-13  0.17621051E-12 -0.48126485E-13   863.99999984   -23353.61954805
    3890    7.78000000  0.26145442E-12  0.41749512E-12  0.25713300E-12   863.99999984   -23353.61954805
    3900    7.80000000  0.43493255E-12  0.31633787E-12  0.26626349E-12   863.99999984   -23353.61954805
    3910    7.82000000  0.29416918E-12  0.46973244E-12  0.70178238E-12   863.99999984   -23353.61954805
    3920    7.84000000  0.61436593E-12  0.37642403E-12  0.68167245E-12   863.99999984   -23353.61954805
    3930    7.86000000  0.55529455E-12  0.27328031E-12  0.44426156E-12   863.99999984   -23353.61954805
    3940    7.88000000  0.55141559E-12  0.35168105E-12  0.38119417E-12   863.99999984   -23353.61954805
    3950    7.90000000  0.49116460E-12  0.24063784E-12  0.26652557E-12   863.99999984   -23353.61954805
    3960    7.92000000  0.28626207E-12  0.20662039E-12  0.48407762E-13   863.99999983   -23353.61954806
    3970    7.94000000  0.29530724E-12 -0.63745429E-13 -0.13979282E-13   863.99999983   -23353.61954806
    3980    7.96000000  0.93280778E-13 -0.25255195E-12 -0.20913322E-12   863.99999983   -23353.61954806
    3990    7.98000000 -0.49822691E-13 -0.28197919E-12 -0.45634282E-12   863.99999983   -23353.61954806
    4000    8.00000000 -0.19267283E-12 -0.41526658E-12 -0.60704659E-12   863.99999983   -23353.61954806
    4010    8.02000000 -0.34684412E-12 -0.48255023E-12 -0.56648167E-12   863.99999983   -23353.61954806
    4020    8.04000000 -0.40694053E-12 -0.40625317E-12 -0.34638680E-12   863.99999983   -23353.61954806
    4030    8.06000000 -0.46574908E-12 -0.43570875E-12 -0.30165396E-12   863.99999983   -23353.61954806
    4040    8.08000000 -0.42585296E-12 -0.40151226E-12 -0.14920642E-12   863.99999983   -23353.61954806
    4050    8.10000000 -0.34045503E-12 -0.48164123E-12  0.67287256E-13   863.99999983   -23353.61954806
    4060    8.12000000 -0.36840249E-12 -0.33895832E-12  0.30705837E-12   863.99999983   -23353.61954806
    4070    8.14000000 -0.17565948E-12 -0.29047786E-12  0.54649885E-12   863.99999983   -23353.61954806
    4080    8.16000000 -0.11707146E-13 -0.11985779E-12  0.62768110E-12   863.99999983   -23353.61954806
    4090    8.18000000  0.12611243E-12  0.27866355E-12  0.82179952E-12   863.99999983   -23353.61954806
    4100    8.20000000  0.37028824E-12  0.44549274E-12  0.86518287E-12   863.99999983   -23353.61954806
    4110    8.22000000  0.45313361E-12  0.47459737E-12  0.53642295E-12   863.99999983   -23353.61954806
    4120    8.24000000  0.52804363E-12  0.34076050E-12  0.39024958E-12   863.99999983   -23353.61954806
    4130    8.26000000  0.39594583E-12  0.36809418E-12  0.10219967E-12   863.99999983   -23353.61954806
    4140    8.28000000  0.15839462E-12  0.44496040E-12 -0.86906188E-13   863.99999983   -23353.61954806
    4150    8.30000000 -0.28051880E-13  0.25783136E-12 -0.23841239E-12   863.99999983   -23353.61954807
    4160    8.32000000 -0.13148416E-12  0.62308002E-13 -0.40823453E-12   863.99999983   -23353.61954807
    4170    8.34000000 -0.25822939E-12 -0.16659101E-13  0.56369929E-11   863.99999983   -23353.61954807
    4180    8.36000000 -0.31402330E-12 -0.37417756E-12  0.13539536E-09   863.99999983   -23353.61954807
    4190    8.38000000 -0.21486859E-12 -0.20384534E-12  0.58167011E-09   863.99999983   -23353.61954807
    4200    8.40000000 -0.35039327E-12 -0.72837013E-13  0.11920357E-08   863.99999983   -23353.61954807
    4210    8.42000000 -0.30568103E-12 -0.10827815E-12  0.10234813E-08   863.99999982   -23353.61954807
    4220    8.44000000 -0.90225172E-13 -0.14000358E-12 -0.20517966E-08   863.99999982   -23353.61954807
    4230    8.46000000 -0.32765243E-12 -0.10881838E-11 -0.11673330E-07   863.99999982   -23353.61954807
    4240    8.48000000 -0.70736811E-12 -0.34952950E-11 -0.33228121E-07   863.99999982   -23353.61954805
    4250    8.50000000 -0.19528689E-11 -0.93897641E-11 -0.73985538E-07   863.99999982   -23353.61954799
    4260    8.52000000 -0.45792699E-11 -0.21874627E-10 -0.14312534E-06   863.99999982   -23353.61954776
    4270    8.54000000 -0.10143422E-10 -0.44405442E-10 -0.25165333E-06   863.99999982   -23353.61954707
    4280    8.56000000 -0.20456230E-10 -0.82637970E-10 -0.41221405E-06   863.99999982   -23353.61954531
    4290    8.58000000 -0.37490026E-10 -0.14221201E-09 -0.63880058E-06   863.99999982   -23353.61954125
    4300    8.60000000 -0.64462098E-10 -0.22910929E-09 -0.94636994E-06   863.99999982   -23353.61953266
    4310    8.62000000 -0.10494565E-09 -0.34998475E-09 -0.13503687E-05   863.99999982   -23353.61951577
    4320    8.64000000 -0.16305151E-09 -0.50977723E-09 -0.18661792E-05   863.99999982   -23353.61948454
    4330    8.66000000 -0.24349566E-09 -0.71218839E-09 -0.25084998E-05   863.99999982   -23353.61942980
    4340    8.68000000 -0.35164281E-09 -0.95732135E-09 -0.32906682E-05   863.99999982   -23353.61933822
    4350    8.70000000 -0.49259519E-09 -0.12411895E-08 -0.42239517E-05   863.99999982   -23353.61919127
    4360    8.72000000 -0.67178963E-09 -0.15542545E-08 -0.53168206E-05   863.99999982   -23353.61896409
    4370    8.74000000 -0.89393471E-09 -0.18798914E-08 -0.65742227E-05   863.99999982   -23353.61862462
    4380    8.76000000 -0.11632690E-08 -0.21940729E-08 -0.79968811E-05   863.99999982   -23353.61813290
    4390    8.78000000 -0.14839188E-08 -0.24642210E-08 -0.95806388E-05   863.99999982   -23353.61744089
    4400    8.80000000 -0.18580547E-08 -0.26483387E-08 -0.11315871E-04   863.99999982   -23353.61649294
    4410    8.82000000 -0.22866095E-08 -0.26948397E-08 -0.13186981E-04   863.99999982   -23353.61522696
    4420    8.84000000 -0.27699509E-08 -0.25429598E-08 -0.15172011E-04   863.99999982   -23353.61357661
    4430    8.86000000 -0.33055481E-08 -0.21223397E-08 -0.17242360E-04   863.99999982   -23353.61147451
    4440    8.88000000 -0.38891310E-08 -0.13549592E-08 -0.19362656E-04   863.99999982   -23353.60885641
    4450    8.90000000 -0.45148932E-08 -0.15470516E-09 -0.21490766E-04   863.99999982   -23353.60566644
    4460    8.92000000 -0.51740657E-08  0.15681629E-08 -0.23577968E-04   863.99999981   -23353.60186298
    4470    8.94000000 -0.58556638E-08  0.39079753E-08 -0.25569289E-04   863.99999981   -23353.59742512
    4480    8.96000000 -0.65460520E-08  0.69598720E-08 -0.27404002E-04   863.99999981   -23353.59235902
    4490    8.98000000 -0.72289032E-08  0.10815592E-07 -0.29016290E-04   863.99999981   -23353.58670381
    4500    9.00000000 -0.78859834E-08  0.15562336E-07 -0.30336079E-04   863.99999981   -23353.58053623
    4510    9.02000000 -0.84963612E-08  0.21277385E-07 -0.31290023E-04   863.99999981   -23353.57397332
    4520    9.04000000 -0.90367510E-08  0.28025277E-07 -0.31802632E-04   863.99999981   -23353.56717240
    4530    9.06000000 -0.94827605E-08  0.35853534E-07 -0.31797547E-04   863.99999981   -23353.56032757
    4540    9.08000000 -0.98080437E-08  0.44787400E-07 -0.31198921E-04   863.99999981   -23353.55366203
    4550    9.10000000 -0.99858154E-08  0.54828238E-07 -0.29932911E-04   863.99999981   -23353.54741565
    4560    9.12000000 -0.99884505E-08  0.65947447E-07 -0.27929241E-04   863.99999981   -23353.54182753
    4570    9.14000000 -0.97881669E-08  0.78083453E-07 -0.25122821E-04   863.99999981   -23353.53711335
    4580    9.16000000 -0.93583159E-08  0.91139838E-07 -0.21455396E-04   863.99999981   -23353.53343784
    4590    9.18000000 -0.86731281E-08  0.10498062E-06 -0.16877185E-04   863.99999981   -23353.53088293
    4600    9.20000000 -0.77081352E-08  0.11942973E-06 -0.11348493E-04   863.99999981   -23353.52941257
    4610    9.22000000 -0.64418253E-08  0.13426881E-06 -0.48412573E-05   863.99999981   -23353.52883574
    4620    9.24000000 -0.48543678E-08  0.14923673E-06  0.26595007E-05   863.99999981   -23353.52876927
    4630    9.26000000 -0.29303628E-08  0.16403043E-06  0.11154342E-04   863.99999981   -23353.52860270
    4640    9.28000000 -0.65751440E-09  0.17830526E-06  0.20628231E-04   863.99999981   -23353.52746752
    4650    9.30000000  0.19719310E-08  0.19167762E-06  0.31049539E-04   863.99999981   -23353.52421349
    4660    9.32000000  0.49610295E-08  0.20372817E-06  0.42369248E-04   863.99999981   -23353.51739435
    4670    9.34000000  0.83079723E-08  0.21400488E-06  0.54520382E-04   863.99999981   -23353.50526578
    4680    9.36000000  0.12005607E-07  0.22202988E-06  0.67417695E-04   863.99999981   -23353.48579756
    4690    9.38000000  0.16040401E-07  0.22730410E-06  0.80957623E-04   863.99999981   -23353.45670194
    4700    9.40000000  0.20393217E-07  0.22931450E-06  0.95018520E-04   863.99999981   -23353.41547935
    4710    9.42000000  0.25038461E-07  0.22754241E-06  0.10946119E-03   863.99999980   -23353.35948207
    4720    9.44000000  0.29943896E-07  0.22147158E-06  0.12412972E-03   863.99999980   -23353.28599537
    4730    9.46000000  0.35071075E-07  0.21059742E-06  0.13885262E-03   863.99999980   -23353.19233492
    4740    9.48000000  0.40374851E-07  0.19443752E-06  0.15344429E-03   863.99999980   -23353.07595808
    4750    9.50000000  0.45803518E-07  0.17254167E-06  0.16770676E-03   863.99999980   -23352.93458566
    4760    9.52000000  0.51299086E-07  0.14450322E-06  0.18143171E-03   863.99999980   -23352.76632994
    4770    9.54000000  0.56797831E-07  0.10996900E-06  0.19440285E-03   863.99999980   -23352.56982349
    4780    9.56000000  0.62229607E-07  0.68651371E-07  0.20639841E-03   863.99999980   -23352.34434305
    4790    9.58000000  0.67519458E-07  0.20339035E-07  0.21719404E-03   863.99999980   -23352.08992179
    4800    9.60000000  0.72587398E-07 -0.35093472E-07  0.22656574E-03   863.99999980   -23351.80744349
    4810    9.62000000  0.77348795E-07 -0.97674060E-07  0.23429306E-03   863.99999980   -23351.49871170
    4820    9.64000000  0.81716385E-07 -0.16732538E-06  0.24016239E-03   863.99999980   -23351.16648789
    4830    9.66000000  0.85598815E-07 -0.24385467E-06  0.24397030E-03   863.99999980   -23350.81449302
    4840    9.68000000  0.88904186E-07 -0.32694822E-06  0.24552693E-03   863.99999980   -23350.44736823
    4850    9.70000000  0.91539787E-07 -0.41616428E-06  0.24465935E-03   863.99999980   -23350.07059172
    4860    9.72000000  0.93412602E-07 -0.51092818E-06  0.24121479E-03   863.99999980   -23349.69035072
    4870    9.74000000  0.94431953E-07 -0.61053181E-06  0.23506373E-03   863.99999979   -23349.31336937
    4880    9.76000000  0.94510231E-07 -0.71412993E-06  0.22610277E-03   863.99999979   -23348.94669550
    4890    9.78000000  0.93563331E-07 -0.82074450E-06  0.21425724E-03   863.99999979   -23348.59745130
    4900    9.80000000  0.91514029E-07 -0.92926581E-06  0.19948343E-03   863.99999979   -23348.27255533
    4910    9.82000000  0.88291739E-07 -0.10384606E-05  0.18177049E-03   863.99999979   -23347.97842491
    4920    9.84000000  0.83834445E-07 -0.11469805E-05  0.16114187E-03   863.99999979   -23347.72066979
    4930    9.86000000  0.78089749E-07 -0.12533727E-05  0.13765630E-03   863.99999979   -23347.50378931
    4940    9.88000000  0.71015444E-07 -0.13560944E-05  0.11140830E-03   863.99999979   -23347.33088593
    4950    9.90000000  0.62581606E-07 -0.14535294E-05  0.82528179E-04   863.99999979   -23347.20340846
    4960    9.92000000  0.52770288E-07 -0.15440055E-05  0.51181587E-04   863.99999979   -23347.12093785
    4970    9.94000000  0.41576638E-07 -0.16258164E-05  0.17568560E-04   863.99999979   -23347.08102752
    4980    9.96000000  0.29008864E-07 -0.16972447E-05 -0.18077877E-04   863.99999979   -23347.07910884
    4990    9.98000000  0.15088918E-07 -0.17565841E-05 -0.55493493E-04   863.99999979   -23347.10847005
    5000   10.00000000 -0.14746424E-09 -0.18021646E-05 -0.94385022E-04   863.99999979   -23347.16031475
    5010   10.02000000 -0.16649401E-07 -0.18323776E-05 -0.13443263E-03   863.99999978   -23347.22390295
    5020   10.04000000 -0.34351791E-07 -0.18457008E-05 -0.17529266E-03   863.99999978   -23347.28677475
    5030   10.06000000 -0.53173349E-07 -0.18407225E-05 -0.21660062E-03   863.99999978   -23347.33505336
    5040   10.08000000 -0.73016390E-07 -0.18161635E-05 -0.25797430E-03   863.99999978   -23347.35382105
    5050   10.10000000 -0.93764895E-07 -0.17708998E-05 -0.29901712E-03   863.99999978   -23347.32755853
    5060   10.12000000 -0.11528216E-06 -0.17039812E-05 -0.33932157E-03   863.99999978   -23347.24063521
    5070   10.14000000 -0.13740892E-06 -0.16146484E-05 -0.37847277E-03   863.99999978   -23347.07783564
    5080   10.16000000 -0.15995939E-06 -0.15023487E-05 -0.41605222E-03   863.99999978   -23346.82490498
    5090   10.18000000 -0.18271935E-06 -0.13667485E-05 -0.45164163E-03   863.99999978   -23346.46909496
    5100   10.20000000 -0.20544252E-06 -0.12077433E-05 -0.48482699E-03   863.99999978   -23345.99969074
    5110   10.22000000 -0.22784740E-06 -0.10254673E-05 -0.51520277E-03   863.99999978   -23345.40849868
    5120   10.24000000 -0.24961391E-06 -0.82029867E-06 -0.54237633E-03   863.99999978   -23344.69027529
    5130   10.26000000 -0.27038249E-06 -0.59286714E-06 -0.56597265E-03   863.99999978   -23343.84307851
    5140   10.28000000 -0.28975238E-06 -0.34405718E-06 -0.58563910E-03   863.99999978   -23342.86852427
    5150   10.30000000 -0.30728281E-06 -0.75013173E-07 -0.60105059E-03   863.99999978   -23341.77193370
    5160   10.32000000 -0.32249608E-06  0.21285679E-06 -0.61191473E-03   863.99999977   -23340.56235930
    5170   10.34000000 -0.33488210E-06  0.51787746E-06 -0.61797717E-03   863.99999977   -23339.25248245
    5180   10.36000000 -0.34390660E-06  0.83810176E-06 -0.61902684E-03   863.99999977   -23337.85837893
    5190   10.38000000 -0.34902218E-06  0.11713078E-05 -0.61490111E-03   863.99999977   -23336.39915419
    5200   10.40000000 -0.34968247E-06  0.15149949E-05 -0.60549064E-03   863.99999977   -23334.89645523
    5210   10.42000000 -0.34535948E-06  0.18663837E-05 -0.59074374E-03   863.99999977   -23333.37387162
    5220   10.44000000 -0.33556381E-06  0.22224152E-05 -0.57067017E-03   863.99999977   -23331.85624334
    5230   10.46000000 -0.31986751E-06  0.25797540E-05 -0.54534396E-03   863.99999976   -23330.36889819
    5240   10.48000000 -0.29792844E-06  0.29347983E-05 -0.51490540E-03   863.99999976   -23328.93684584
    5250   10.50000000 -0.26951669E-06  0.32836923E-05 -0.47956168E-03   863.99999976   -23327.58395864
    5260   10.52000000 -0.23453805E-06  0.36223477E-05 -0.43958634E-03   863.99999976   -23326.33217177
    5270   10.54000000 -0.19305873E-06  0.39464746E-05 -0.39531722E-03   863.99999976   -23325.20073538
    5280   10.56000000 -0.14532524E-06  0.42516202E-05 -0.34715299E-03   863.99999976   -23324.20555077
    5290   10.58000000 -0.91778500E-07  0.45332205E-05 -0.29554822E-03   863.99999975   -23323.35861963
    5300   10.60000000 -0.33063440E-07  0.47866612E-05 -0.24100706E-03   863.99999975   -23322.66763097
    5310   10.62000000  0.29970808E-07  0.50073509E-05 -0.18407568E-03   863.99999975   -23322.13570480
    5320   10.64000000  0.96277390E-07  0.51908039E-05 -0.12533366E-03   863.99999975   -23321.76130448
    5330   10.66000000  0.16463063E-06  0.53327321E-05 -0.65384569E-04   863.99999975   -23321.53832177
    5340   10.68000000  0.23365108E-06  0.54291431E-05 -0.48460916E-05   863.99999975   -23321.45633109
    5350   10.70000000  0.30184134E-06  0.54764414E-05  0.55660085E-04   863.99999974   -23321.50100088
    5360   10.72000000  0.36762878E-06  0.54715301E-05  0.11551817E-03   863.99999974   -23321.65464361
    5370   10.74000000  0.42941384E-06  0.54119080E-05  0.17412772E-03   863.99999974   -23321.89687920
    5380   10.76000000  0.48562271E-06  0.52957575E-05  0.23091226E-03   863.99999974   -23322.20538255
    5390   10.78000000  0.53476077E-06  0.51220213E-05  0.28532695E-03   863.99999974   -23322.55668279
    5400   10.80000000  0.57546413E-06  0.48904605E-05  0.33686493E-03   863.99999974   -23322.92698080
    5410   10.82000000  0.60654808E-06  0.46016947E-05  0.38506238E-03   863.99999974   -23323.29295242
    5420   10.84000000  0.62704624E-06  0.42572174E-05  0.42950221E-03   863.99999974   -23323.63250701
    5430   10.86000000  0.63624327E-06  0.38593899E-05  0.46981631E-03   863.99999974   -23323.92547464
    5440   10.88000000  0.63369589E-06  0.34114096E-05  0.50568666E-03   863.99999974   -23324.15420015
    5450   10.90000000  0.61924229E-06  0.29172569E-05  0.53684527E-03   863.99999974   -23324.30402705
    5460   10.92000000  0.59300244E-06  0.23816191E-05  0.56307327E-03   863.99999973   -23324.36366032
    5470   10.94000000  0.55536276E-06  0.18097985E-05  0.58419939E-03   863.99999973   -23324.32540204
    5480   10.96000000  0.50695515E-06  0.12076076E-05  0.60009794E-03   863.99999973   -23324.18525918
    5490   10.98000000  0.44862463E-06  0.58125052E-06  0.61068676E-03   863.99999973   -23323.94292693
    5500   11.00000000  0.38139191E-06 -0.62795487E-07  0.61592512E-03   863.99999973   -23323.60165500
    5510   11.02000000  0.30641151E-06 -0.71790230E-06  0.61581187E-03   863.99999973   -23323.16800722
    5520   11.04000000  0.22492579E-06 -0.13774073E-05  0.61038397E-03   863.99999973   -23322.65152716
    5530   11.06000000  0.13822158E-06 -0.20347233E-05  0.59971537E-03   863.99999973   -23322.06432427
    5540   11.08000000  0.47587389E-07 -0.26834372E-05  0.58391642E-03   863.99999973   -23321.42059628
    5550   11.10000000 -0.45725929E-07 -0.33173950E-05  0.56313356E-03   863.99999973   -23320.73610457
    5560   11.12000000 -0.14053725E-06 -0.39307723E-05  0.53754947E-03   863.99999973   -23320.02761963
    5570   11.14000000 -0.23576229E-06 -0.45181292E-05  0.50738324E-03   863.99999973   -23319.31235394
    5580   11.16000000 -0.33043147E-06 -0.50744491E-05  0.47289075E-03   863.99999972   -23318.60739967
    5590   11.18000000 -0.42370183E-06 -0.55951614E-05  0.43436481E-03   863.99999972   -23317.92918813
    5600   11.20000000 -0.51485827E-06 -0.60761519E-05  0.39213502E-03   863.99999972   -23317.29298705
    5610   11.22000000 -0.60330886E-06 -0.65137590E-05  0.34656721E-03   863.99999972   -23316.71245087
    5620   11.24000000 -0.68857172E-06 -0.69047604E-05  0.29806222E-03   863.99999972   -23316.19923740
    5630   11.26000000 -0.77025677E-06 -0.72463528E-05  0.24705408E-03   863.99999972   -23315.76270222
    5640   11.28000000 -0.84804206E-06 -0.75361253E-05  0.19400721E-03   863.99999972   -23315.40967958
    5650   11.30000000 -0.92164719E-06 -0.77720312E-05  0.13941303E-03   863.99999972   -23315.14435557
    5660   11.32000000 -0.99080678E-06 -0.79523615E-05  0.83785519E-04   863.99999972   -23314.96823614
    5670   11.34000000 -0.10552418E-05 -0.80757191E-05  0.27656207E-04   863.99999971   -23314.88020874
    5680   11.36000000 -0.11146372E-05 -0.81410018E-05 -0.28431680E-04   863.99999971   -23314.87669309
    5690   11.38000000 -0.11686203E-05 -0.81473900E-05 -0.83929549E-04   863.99999971   -23314.95187285
    5700   11.40000000 -0.12167459E-05 -0.80943418E-05 -0.13829023E-03   863.99999971   -23315.09799708
    5710   11.42000000 -0.12584881E-05 -0.79816006E-05 -0.19097503E-03   863.99999971   -23315.30573753
    5720   11.44000000 -0.12932384E-05 -0.78092060E-05 -0.24146083E-03   863.99999971   -23315.56458604
    5730   11.46000000 -0.13203110E-05 -0.75775151E-05 -0.28924716E-03   863.99999971   -23315.86327476
    5740   11.48000000 -0.13389568E-05 -0.72872277E-05 -0.33386294E-03   863.99999971   -23316.19020176
    5750   11.50000000 -0.13483802E-05 -0.69394156E-05 -0.37487282E-03   863.99999971   -23316.53384497
    5760   11.52000000 -0.13477667E-05 -0.65355525E-05 -0.41188298E-03   863.99999971   -23316.88314833
    5770   11.54000000 -0.13363100E-05 -0.60775427E-05 -0.44454619E-03   863.99999970   -23317.22786633
    5780   11.56000000 -0.13132452E-05 -0.55677463E-05 -0.47256615E-03   863.99999970   -23317.55885533
    5790   11.58000000 -0.12778833E-05 -0.50089989E-05 -0.49570095E-03   863.99999970   -23317.86830302
    5800   11.60000000 -0.12296437E-05 -0.44046230E-05 -0.51376566E-03   863.99999970   -23318.14989081
    5810   11.62000000 -0.11680874E-05 -0.37584306E-05 -0.52663406E-03   863.99999970   -23318.39888682
    5820   11.64000000 -0.10929437E-05 -0.30747158E-05 -0.53423942E-03   863.99999970   -23318.61217068
    5830   11.66000000 -0.10041346E-05 -0.23582375E-05 -0.53657451E-03   863.99999970   -23318.78819400
    5840   11.68000000 -0.90179152E-06 -0.16141899E-05 -0.53369073E-03   863.99999970   -23318.92688315
    5850   11.70000000 -0.78626560E-06 -0.84816637E-06 -0.52569657E-03   863.99999970   -23319.02949274
    5860   11.72000000 -0.65812917E-06 -0.66109634E-07 -0.51275534E-03   863.99999970   -23319.09842022
    5870   11.74000000 -0.51817052E-06  0.72574306E-06 -0.49508226E-03   863.99999970   -23319.13699224
    5880   11.76000000 -0.36738258E-06  0.15209219E-05 -0.47294106E-03   863.99999970   -23319.14923449
    5890   11.78000000 -0.20694097E-06  0.23127928E-05 -0.44664006E-03   863.99999970   -23319.13963604
    5900   11.80000000 -0.38182379E-07  0.30946274E-05 -0.41652784E-03   863.99999969   -23319.11291863
    5910   11.82000000  0.13742498E-06  0.38596772E-05 -0.38298856E-03   863.99999969   -23319.07382051
    5920   11.84000000  0.31831305E-06  0.46012456E-05 -0.34643701E-03   863.99999969   -23319.02690240
    5930   11.86000000  0.50284336E-06  0.53127613E-05 -0.30731332E-03   863.99999969   -23318.97638216
    5940   11.88000000  0.68934010E-06  0.59878491E-05 -0.26607761E-03   863.99999969   -23318.92600217
    5950   11.90000000  0.87611549E-06  0.66203975E-05 -0.22320443E-03   863.99999969   -23318.87893229
    5960   11.92000000  0.10614960E-05  0.72046233E-05 -0.17917716E-03   863.99999969   -23318.83770871
    5970   11.94000000  0.12438432E-05  0.77351338E-05 -0.13448233E-03   863.99999969   -23318.80420787
    5980   11.96000000  0.14215674E-05  0.82069829E-05 -0.89604089E-04   863.99999969   -23318.77965271
    5990   11.98000000  0.15931408E-05  0.86157217E-05 -0.45018640E-04   863.99999969   -23318.76464762
    6000   12.00000000  0.17571013E-05  0.89574456E-05 -0.11889486E-05   863.99999969   -23318.75923701
    6010   12.02000000  0.19120553E-05  0.92288344E-05  0.41440401E-04   863.99999969   -23318.76298236
    6020   12.04000000  0.20566757E-05  0.94271872E-05  0.82448048E-04   863.99999969   -23318.77505181
    6030   12.06000000  0.21896975E-05  0.95504488E-05  0.12144036E-03   863.99999969   -23318.79431653
    6040   12.08000000  0.23099128E-05  0.95972318E-05  0.15805555E-03   863.99999968   -23318.81944849
    6050   12.10000000  0.24161655E-05  0.95668307E-05  0.19196734E-03   863.99999968   -23318.84901454
    6060   12.12000000  0.25073468E-05  0.94592277E-05  0.22288811E-03   863.99999968   -23318.88156266
    6070   12.14000000  0.25823926E-05  0.92750942E-05  0.25057153E-03   863.99999968   -23318.91569699
    6080   12.16000000  0.26402861E-05  0.90157839E-05  0.27481457E-03   863.99999968   -23318.95013929
    6090   12.18000000  0.26800606E-05  0.86833184E-05  0.29545893E-03   863.99999968   -23318.98377536
    6100   12.20000000  0.27008096E-05  0.82803691E-05  0.31239185E-03   863.99999968   -23319.01568605
    6110   12.22000000  0.27016988E-05  0.78102294E-05  0.32554626E-03   863.99999968   -23319.04516340
    6120   12.24000000  0.26819813E-05  0.72767845E-05  0.33490034E-03   863.99999968   -23319.07171291
    6130   12.26000000  0.26410183E-05  0.66844752E-05  0.34047654E-03   863.99999968   -23319.09504401
    6140   12.28000000  0.25782972E-05  0.60382550E-05  0.34233997E-03   863.99999968   -23319.11505087
    6150   12.30000000  0.24934556E-05  0.53435452E-05  0.34059638E-03   863.99999968   -23319.13178607
    6160   12.32000000  0.23863028E-05  0.46061836E-05  0.33538966E-03   863.99999968   -23319.14542982
    6170   12.34000000  0.22568384E-05  0.38323684E-05  0.32689891E-03   863.99999967   -23319.15625715
    6180   12.36000000  0.21052730E-05  0.30286028E-05  0.31533526E-03   863.99999967   -23319.16460535
    6190   12.38000000  0.19320426E-05  0.22016320E-05  0.30093832E-03   863.99999967   -23319.17084374
    6200   12.40000000  0.17378210E-05  0.13583801E-05  0.28397250E-03   863.99999967   -23319.17534707
    6210   12.42000000  0.15235284E-05  0.50588575E-06  0.26472303E-03   863.99999967   -23319.17847379
    6220   12.44000000  0.12903345E-05 -0.34876558E-06  0.24349195E-03   863.99999967   -23319.18054970
    6230   12.46000000  0.10396585E-05 -0.11985065E-05  0.22059398E-03   863.99999967   -23319.18185709
    6240   12.48000000  0.77316418E-06 -0.20363554E-05  0.19635236E-03   863.99999967   -23319.18262921
    6250   12.50000000  0.49274956E-06 -0.28554801E-05  0.17109467E-03   863.99999967   -23319.18304931
    6260   12.52000000  0.20053467E-06 -0.36492610E-05  0.14514876E-03   863.99999967   -23319.18325354
    6270   12.54000000 -0.10115648E-06 -0.44113516E-05  0.11883874E-03   863.99999967   -23319.18333668
    6280   12.56000000 -0.40981763E-06 -0.51357355E-05  0.92481114E-04   863.99999967   -23319.18335955
    6290   12.58000000 -0.72278337E-06 -0.58167805E-05  0.66381145E-04   863.99999967   -23319.18335721
    6300   12.60000000 -0.10372555E-05 -0.64492870E-05  0.40829376E-04   863.99999967   -23319.18334695
    6310   12.62000000 -0.13503335E-05 -0.70285324E-05  0.16098465E-04   863.99999966   -23319.18333525
    6320   12.64000000 -0.16590433E-05 -0.75503111E-05 -0.75596935E-05   863.99999966   -23319.18332334
    6330   12.66000000 -0.19603696E-05 -0.80109655E-05 -0.29916519E-04   863.99999966   -23319.18331083
    6340   12.68000000 -0.22512886E-05 -0.84074149E-05 -0.50768918E-04   863.99999966   -23319.18329752
    6350   12.70000000 -0.25287997E-05 -0.87371759E-05 -0.69941007E-04   863.99999966   -23319.18328353
    6360   12.72000000 -0.27899586E-05 -0.89983755E-05 -0.87285040E-04   863.99999966   -23319.18326901
    6370   12.74000000 -0.30319092E-05 -0.91897604E-05 -0.10268187E-03   863.99999966   -23319.18325412
    6380   12.76000000 -0.32519147E-05 -0.93106967E-05 -0.11604117E-03   863.99999966   -23319.18323906
    6390   12.78000000 -0.34473907E-05 -0.93611655E-05 -0.12730127E-03   863.99999966   -23319.18322404
    6400   12.80000000 -0.36159329E-05 -0.93417521E-05 -0.13642874E-03   863.99999966   -23319.18320929
    6410   12.82000000 -0.37553469E-05 -0.92536292E-05 -0.14341760E-03   863.99999966   -23319.18319500
    6420   12.84000000 -0.38636756E-05 -0.90985341E-05 -0.14828832E-03   863.99999966   -23319.18318138
    6430   12.86000000 -0.39392243E-05 -0.88787433E-05 -0.15108647E-03   863.99999966   -23319.18316857
    6440   12.88000000 -0.39805862E-05 -0.85970398E-05 -0.15188121E-03   863.99999966   -23319.18315672
    6450   12.90000000 -0.39866630E-05 -0.82566782E-05 -0.15076352E-03   863.99999965   -23319.18314591
    6460   12.92000000 -0.39566850E-05 -0.78613445E-05 -0.14784424E-03   863.99999965   -23319.18313619
    6470   12.94000000 -0.38902286E-05 -0.74151141E-05 -0.14325191E-03   863.99999965   -23319.18312756
    6480   12.96000000 -0.37872288E-05 -0.69224053E-05 -0.13713055E-03   863.99999965   -23319.18312000
    6490   12.98000000 -0.36479896E-05 -0.63879306E-05 -0.12963729E-03   863.99999965   -23319.18311344
    6500   13.00000000 -0.34731910E-05 -0.58166465E-05 -0.12093987E-03   863.99999965   -23319.18310778
    6510   13.02000000 -0.32638908E-05 -0.52137016E-05 -0.11121424E-03   863.99999965   -23319.18310289
    6520   13.04000000 -0.30215223E-05 -0.45843842E-05 -0.10064198E-03   863.99999965   -23319.18309862
    6530   13.06000000 -0.27478871E-05 -0.39340691E-05 -0.89407912E-04   863.99999965   -23319.18309482
    6540   13.08000000 -0.24451429E-05 -0.32681674E-05 -0.77697603E-04   863.99999965   -23319.18309133
    6550   13.10000000 -0.21157871E-05 -0.25920760E-05 -0.65695073E-04   863.99999965   -23319.18308798
    6560   13.12000000 -0.17626340E-05 -0.19111304E-05 -0.53580526E-04   863.99999965   -23319.18308464
    6570   13.14000000 -0.13887889E-05 -0.12305602E-05 -0.41528221E-04   863.99999965   -23319.18308115
    6580   13.16000000 -0.99761797E-06 -0.55544876E-06 -0.29704463E-04   863.99999964   -23319.18307742
    6590   13.18000000 -0.59271278E-06  0.10930520E-06 -0.18265749E-04   863.99999964   -23319.18307336
    6600   13.20000000 -0.17785200E-06  0.75901963E-06 -0.73570684E-05   863.99999964   -23319.18306892
    6610   13.22000000  0.24303898E-06  0.13892600E-05  0.28896183E-05   863.99999964   -23319.18306407
    6620   13.24000000  0.66593236E-06  0.19958649E-05  0.12356699E-04   863.99999964   -23319.18305883
    6630   13.26000000  0.10867406E-05  0.25749690E-05  0.20942020E-04   863.99999964   -23319.18305323
    6640   13.28000000  0.15013638E-05  0.31230230E-05  0.28559757E-04   863.99999964   -23319.18304733
    6650   13.30000000  0.19057342E-05  0.36368099E-05  0.35141043E-04   863.99999964   -23319.18304123
    6660   13.32000000  0.22958616E-05  0.41134593E-05  0.40634354E-04   863.99999964   -23319.18303503
    6670   13.34000000  0.26678783E-05  0.45504579E-05  0.45005641E-04   863.99999964   -23319.18302882
    6680   13.36000000  0.30180795E-05  0.49456585E-05  0.48238224E-04   863.99999964   -23319.18302274
    6690   13.38000000  0.33429650E-05  0.52972850E-05  0.50332461E-04   863.99999964   -23319.18301687
    6700   13.40000000  0.36392756E-05  0.56039357E-05  0.51305219E-04   863.99999964   -23319.18301133
    6710   13.42000000  0.39040283E-05  0.58645839E-05  0.51189145E-04   863.99999964   -23319.18300619
    6720   13.44000000  0.41345478E-05  0.60785765E-05  0.50031784E-04   863.99999963   -23319.18300153
    6730   13.46000000  0.43284947E-05  0.62456302E-05  0.47894538E-04   863.99999963   -23319.18299738
    6740   13.48000000  0.44838909E-05  0.63658245E-05  0.44851487E-04   863.99999963   -23319.18299377
    6750   13.50000000  0.45991413E-05  0.64395960E-05  0.40988097E-04   863.99999963   -23319.18299069
    6760   13.52000000  0.46730528E-05  0.64677285E-05  0.36399801E-04   863.99999963   -23319.18298814
    6770   13.54000000  0.47048489E-05  0.64513415E-05  0.31190491E-04   863.99999963   -23319.18298606
    6780   13.56000000  0.46941808E-05  0.63918784E-05  0.25470924E-04   863.99999963   -23319.18298439
    6790   13.58000000  0.46411352E-05  0.62910905E-05  0.19357056E-04   863.99999963   -23319.18298306
    6800   13.60000000  0.45462362E-05  0.61510197E-05  0.12968346E-04   863.99999963   -23319.18298198
    6810   13.62000000  0.44104441E-05  0.59739778E-05  0.64260299E-05   863.99999963   -23319.18298106
    6820   13.64000000  0.42351478E-05  0.57625213E-05 -0.14859289E-06   863.99999963   -23319.18298021
    6830   13.66000000  0.40221522E-05  0.55194257E-05 -0.66358405E-05   863.99999963   -23319.18297932
    6840   13.68000000  0.37736594E-05  0.52476501E-05 -0.12919272E-04   863.99999963   -23319.18297831
    6850   13.70000000  0.34922428E-05  0.49503033E-05 -0.18887235E-04   863.99999963   -23319.18297712
    6860   13.72000000  0.31808188E-05  0.46306040E-05 -0.24434317E-04   863.99999962   -23319.18297567
    6870   13.74000000  0.28426086E-05  0.42918369E-05 -0.29462700E-04   863.99999962   -23319.18297392
    6880   13.76000000  0.24810994E-05  0.39373082E-05 -0.33883387E-04   863.99999962   -23319.18297184
    6890   13.78000000  0.20999992E-05  0.35703002E-05 -0.37617322E-04   863.99999962   -23319.18296943
    6900   13.80000000  0.17031915E-05  0.31940255E-05 -0.40596373E-04   863.99999962   -23319.18296669
    6910   13.82000000  0.12946867E-05  0.28115833E-05 -0.42764185E-04   863.99999962   -23319.18296364
    6920   13.84000000  0.87857351E-06  0.24259215E-05 -0.44076898E-04   863.99999962   -23319.18296034
    6930   13.86000000  0.45897111E-06  0.20398017E-05 -0.44503706E-04   863.99999962   -23319.18295683
    6940   13.88000000  0.39984410E-07  0.16557704E-05 -0.44027270E-04   863.99999962   -23319.18295319
    6950   13.90000000 -0.37434079E-06  0.12761388E-05 -0.42643947E-04   863.99999962   -23319.18294948
    6960   13.92000000 -0.78005958E-06  0.90296784E-06 -0.40363858E-04   863.99999962   -23319.18294580
    6970   13.94000000 -0.11733657E-05  0.53806208E-06 -0.37210755E-04   863.99999962   -23319.18294221
    6980   13.96000000 -0.15506292E-05  0.18297086E-06 -0.33221707E-04   863.99999962   -23319.18293879
    6990   13.98000000 -0.19084304E-05 -0.16100656E-06 -0.28446587E-04   863.99999961   -23319.18293560
    7000   14.00000000 -0.22435903E-05 -0.49280588E-06 -0.22947368E-04   863.99999961   -23319.18293268
    7010   14.02000000 -0.25531991E-05 -0.81158235E-06 -0.16797239E-04   863.99999961   -23319.18293009
    7020   14.04000000 -0.28346427E-05 -0.11166889E-05 -0.10079544E-04   863.99999961   -23319.18292782
    7030   14.06000000 -0.30856238E-05 -0.14076523E-05 -0.28865688E-05   863.99999961   -23319.18292589
    7040   14.08000000 -0.33041827E-05 -0.16841475E-05  0.46818138E-05   863.99999961   -23319.18292427
    7050   14.10000000 -0.34887104E-05 -0.19459711E-05  0.12519611E-04   863.99999961   -23319.18292292
    7060   14.12000000 -0.36379601E-05 -0.21930163E-05  0.20516273E-04   863.99999961   -23319.18292179
    7070   14.14000000 -0.37510546E-05 -0.24252471E-05  0.28558318E-04   863.99999961   -23319.18292082
    7080   14.16000000 -0.38274878E-05 -0.26426760E-05  0.36531004E-04   863.99999961   -23319.18291994
    7090   14.18000000 -0.38671250E-05 -0.28453433E-05  0.44320010E-04   863.99999961   -23319.18291906
    7100   14.20000000 -0.38701971E-05 -0.30333007E-05  0.51813107E-04   863.99999961   -23319.18291813
    7110   14.22000000 -0.38372918E-05 -0.32065986E-05  0.58901785E-04   863.99999961   -23319.18291707
    7120   14.24000000 -0.37693433E-05 -0.33652771E-05  0.65482819E-04   863.99999961   -23319.18291581
    7130   14.26000000 -0.36676169E-05 -0.35093592E-05  0.71459724E-04   863.99999960   -23319.18291432
    7140   14.28000000 -0.35336932E-05 -0.36388502E-05  0.76744104E-04   863.99999960   -23319.18291257
    7150   14.30000000 -0.33694491E-05 -0.37537362E-05  0.81256839E-04   863.99999960   -23319.18291054
    7160   14.32000000 -0.31770373E-05 -0.38539874E-05  0.84929109E-04   863.99999960   -23319.18290823
    7170   14.34000000 -0.29588624E-05 -0.39395622E-05  0.87703241E-04   863.99999960   -23319.18290566
    7180   14.36000000 -0.27175552E-05 -0.40104098E-05  0.89533360E-04   863.99999960   -23319.18290288
    7190   14.38000000 -0.24559453E-05 -0.40664759E-05  0.90385846E-04   863.99999960   -23319.18289991
    7200   14.40000000 -0.21770299E-05 -0.41077048E-05  0.90239610E-04   863.99999960   -23319.18289682
    7210   14.42000000 -0.18839408E-05 -0.41340429E-05  0.89086183E-04   863.99999960   -23319.18289366
    7220   14.44000000 -0.15799084E-05 -0.41454409E-05  0.86929651E-04   863.99999960   -23319.18289049
    7230   14.46000000 -0.12682250E-05 -0.41418556E-05  0.83786434E-04   863.99999960   -23319.18288737
    7240   14.48000000 -0.95220532E-06 -0.41232516E-05  0.79684942E-04   863.99999960   -23319.18288436
    7250   14.50000000 -0.63514641E-06 -0.40896028E-05  0.74665121E-04   863.99999960   -23319.18288151
    7260   14.52000000 -0.32028783E-06 -0.40408935E-05  0.68777894E-04   863.99999960   -23319.18287886
    7270   14.54000000 -0.10772167E-07 -0.39771196E-05  0.62084524E-04   863.99999959   -23319.18287645
    7280   14.56000000  0.29039185E-06 -0.38982917E-05  0.54655889E-04   863.99999959   -23319.18287430
    7290   14.58000000  0.58036626E-06 -0.38044362E-05  0.46571679E-04   863.99999959   -23319.18287244
    7300   14.60000000  0.85651430E-06 -0.36955977E-05  0.37919518E-04   863.99999959   -23319.18287085
    7310   14.62000000  0.11164306E-05 -0.35718425E-05  0.28793991E-04   863.99999959   -23319.18286953
    7320   14.64000000  0.13579660E-05 -0.34332585E-05  0.19295595E-04   863.99999959   -23319.18286845
    7330   14.66000000  0.15792480E-05 -0.32799598E-05  0.95295833E-05   863.99999959   -23319.18286757
    7340   14.68000000  0.17786999E-05 -0.31120874E-05 -0.39527019E-06   863.99999959   -23319.18286683
    7350   14.70000000  0.19550525E-05 -0.29298124E-05 -0.10368011E-04   863.99999959   -23319.18286618
    7360   14.72000000  0.21073558E-05 -0.27333398E-05 -0.20276923E-04   863.99999959   -23319.18286552
    7370   14.74000000  0.22349835E-05 -0.25229126E-05 -0.30011017E-04   863.99999959   -23319.18286479
    7380   14.76000000  0.23376359E-05 -0.22988180E-05 -0.39461576E-04   863.99999959   -23319.18286390
    7390   14.78000000  0.24153392E-05 -0.20613937E-05 -0.48523710E-04   863.99999959   -23319.18286278
    7400   14.80000000  0.24684378E-05 -0.18110389E-05 -0.57097906E-04   863.99999958   -23319.18286137
    7410   14.82000000  0.24975845E-05 -0.15482234E-05 -0.65091512E-04   863.99999958   -23319.18285962
    7420   14.84000000  0.25037240E-05 -0.12735035E-05 -0.72420113E-04   863.99999958   -23319.18285753
    7430   14.86000000  0.24880697E-05 -0.98753503E-06 -0.79008751E-04   863.99999958   -23319.18285508
    7440   14.88000000  0.24520756E-05 -0.69109057E-06 -0.84792934E-04   863.99999958   -23319.18285233
    7450   14.90000000  0.23974009E-05 -0.38507637E-06 -0.89719398E-04   863.99999958   -23319.18284932
    7460   14.92000000  0.23258703E-05 -0.70548606E-07 -0.93746573E-04   863.99999958   -23319.18284613
    7470   14.94000000  0.22394270E-05  0.25127031E-06 -0.96844739E-04   863.99999958   -23319.18284284
    7480   14.96000000  0.21400835E-05  0.57897929E-06 -0.98995873E-04   863.99999958   -23319.18283955
    7490   14.98000000  0.20298716E-05  0.91099053E-06 -0.10019317E-03   863.99999958   -23319.18283633
    7500   15.00000000  0.19107916E-05  0.12455259E-05 -0.10044030E-03   863.99999958   -23319.18283326
    7510   15.02000000  0.17847655E-05  0.15806209E-05 -0.99750415E-04   863.99999958   -23319.18283038
    7520   15.04000000  0.16535961E-05  0.19141347E-05 -0.98145022E-04   863.99999958   -23319.18282772
    7530   15.06000000  0.15189322E-05  0.22437702E-05 -0.95652711E-04   863.99999958   -23319.18282528
    7540   15.08000000  0.13822437E-05  0.25671005E-05 -0.92307897E-04   863.99999957   -23319.18282304
    7550   15.10000000  0.12448076E-05  0.28816032E-05 -0.88149623E-04   863.99999957   -23319.18282094
    7560   15.12000000  0.11077022E-05  0.31847001E-05 -0.83220482E-04   863.99999957   -23319.18281894
    7570   15.14000000  0.97181368E-06  0.34738008E-05 -0.77565747E-04   863.99999957   -23319.18281698
    7580   15.16000000  0.83784995E-06  0.37463496E-05 -0.71232730E-04   863.99999957   -23319.18281501
    7590   15.18000000  0.70636043E-06  0.39998694E-05 -0.64270414E-04   863.99999957   -23319.18281298
    7600   15.20000000  0.57776380E-06  0.42320062E-05 -0.56729340E-04   863.99999957   -23319.18281087
    7610   15.22000000  0.45237859E-06  0.44405668E-05 -0.48661752E-04   863.99999957   -23319.18280869
    7620   15.24000000  0.33045365E-06  0.46235520E-05 -0.40121955E-04   863.99999957   -23319.18280645
    7630   15.26000000  0.21220149E-06  0.47791809E-05 -0.31166833E-04   863.99999957   -23319.18280420
    7640   15.28000000  0.97826186E-07  0.49059093E-05 -0.21856488E-04   863.99999957   -23319.18280200
    7650   15.30000000 -0.12448594E-07  0.50024391E-05 -0.12254902E-04   863.99999957   -23319.18279990
    7660   15.32000000 -0.11835520E-06  0.50677213E-05 -0.24305893E-05   863.99999957   -23319.18279797
    7670   15.34000000 -0.21956430E-06  0.51009529E-05  0.75428489E-05   863.99999957   -23319.18279625
    7680   15.36000000 -0.31567088E-06  0.51015698E-05  0.17586311E-04   863.99999956   -23319.18279478
    7690   15.38000000 -0.40618701E-06  0.50692358E-05  0.27614982E-04   863.99999956   -23319.18279354
    7700   15.40000000 -0.49054123E-06  0.50038290E-05  0.37538360E-04   863.99999956   -23319.18279252
    7710   15.42000000 -0.56808653E-06  0.49054304E-05  0.47260556E-04   863.99999956   -23319.18279165
    7720   15.44000000 -0.63811216E-06  0.47743110E-05  0.56680886E-04   863.99999956   -23319.18279084
    7730   15.46000000 -0.69986634E-06  0.46109218E-05  0.65694780E-04   863.99999956   -23319.18278996
    7740   15.48000000 -0.75258447E-06  0.44158860E-05  0.74195003E-04   863.99999956   -23319.18278890
    7750   15.50000000 -0.79552316E-06  0.41899928E-05  0.82073184E-04   863.99999956   -23319.18278749
    7760   15.52000000 -0.82800157E-06  0.39341935E-05  0.89221642E-04   863.99999956   -23319.18278562
    7770   15.54000000 -0.84944224E-06  0.36495996E-05  0.95535472E-04   863.99999956   -23319.18278316
    7780   15.56000000 -0.85941563E-06  0.33374840E-05  0.10091485E-03   863.99999956   -23319.18278002
    7790   15.58000000 -0.85768321E-06  0.29992815E-05  0.10526752E-03   863.99999956   -23319.18277615
    7800   15.60000000 -0.84423472E-06  0.26365916E-05  0.10851132E-03   863.99999956   -23319.18277156
    7810   15.62000000 -0.81932193E-06  0.22511828E-05  0.11057677E-03   863.99999955   -23319.18276629
    7820   15.64000000 -0.78348143E-06  0.18449964E-05  0.11140956E-03   863.99999955   -23319.18276045
    7830   15.66000000 -0.73754757E-06  0.14201534E-05  0.11097276E-03   863.99999955   -23319.18275419
    7840   15.68000000 -0.68265543E-06  0.97896097E-06  0.10924886E-03   863.99999955   -23319.18274771
    7850   15.70000000 -0.62022739E-06  0.52391914E-06  0.10624130E-03   863.99999955   -23319.18274123
    7860   15.72000000 -0.55195040E-06  0.57729238E-07  0.10197551E-03   863.99999955   -23319.18273497
    7870   15.74000000 -0.47974026E-06 -0.41670037E-06  0.96499418E-04   863.99999955   -23319.18272915
    7880   15.76000000 -0.40569289E-06 -0.89625050E-06  0.89883295E-04   863.99999955   -23319.18272395
    7890   15.78000000 -0.33202926E-06 -0.13775905E-05  0.82218928E-04   863.99999955   -23319.18271950
    7900   15.80000000 -0.26103198E-06 -0.18571845E-05  0.73618157E-04   863.99999955   -23319.18271588
    7910   15.82000000 -0.19497609E-06 -0.23313055E-05  0.64210781E-04   863.99999955   -23319.18271309
    7920   15.84000000 -0.13606201E-06 -0.27960579E-05  0.54141882E-04   863.99999955   -23319.18271105
    7930   15.86000000 -0.86345205E-07 -0.32474105E-05  0.43568679E-04   863.99999955   -23319.18270962
    7940   15.88000000 -0.47670997E-07 -0.36812424E-05  0.32657001E-04   863.99999955   -23319.18270860
    7950   15.90000000 -0.21615548E-07 -0.40933967E-05  0.21577494E-04   863.99999954   -23319.18270777
    7960   15.92000000 -0.94324145E-08 -0.44797470E-05  0.10501713E-04   863.99999954   -23319.18270687
    7970   15.94000000 -0.12009464E-07 -0.48362691E-05 -0.40178634E-06   863.99999954   -23319.18270567
    7980   15.96000000 -0.29835155E-07 -0.51591206E-05 -0.10971219E-04   863.99999954   -23319.18270397
    7990   15.98000000 -0.62974185E-07 -0.54447182E-05 -0.21055075E-04   863.99999954   -23319.18270162
    8000   16.00000000 -0.11105761E-06 -0.56898180E-05 -0.30515262E-04   863.99999954   -23319.18269854
    8010   16.02000000 -0.17328178E-06 -0.58915874E-05 -0.39229768E-04   863.99999954   -23319.18269471
    8020   16.04000000 -0.24842058E-06 -0.60476685E-05 -0.47094802E-04   863.99999954   -23319.18269022
    8030   16.06000000 -0.33484988E-06 -0.61562326E-05 -0.54026334E-04   863.99999954   -23319.18268518
    8040   16.08000000 -0.43058190E-06 -0.62160165E-05 -0.59961024E-04   863.99999954   -23319.18267979
    8050   16.10000000 -0.53331050E-06 -0.62263486E-05 -0.64856544E-04   863.99999954   -23319.18267424
    8060   16.12000000 -0.64046594E-06 -0.61871566E-05 -0.68691297E-04   863.99999954   -23319.18266876
    8070   16.14000000 -0.74927654E-06 -0.60989598E-05 -0.71463606E-04   863.99999954   -23319.18266356
    8080   16.16000000 -0.85683719E-06 -0.59628493E-05 -0.73190410E-04   863.99999954   -23319.18265880
    8090   16.18000000 -0.96018175E-06 -0.57804540E-05 -0.73905573E-04   863.99999953   -23319.18265460
    8100   16.20000000 -0.10563545E-05 -0.55538953E-05 -0.73657874E-04   863.99999953   -23319.18265104
    8110   16.22000000 -0.11424856E-05 -0.52857358E-05 -0.72508782E-04   863.99999953   -23319.18264813
    8120   16.24000000 -0.12158590E-05 -0.49789202E-05 -0.70530107E-04   863.99999953   -23319.18264580
    8130   16.26000000 -0.12739788E-05 -0.46367129E-05 -0.67801619E-04   863.99999953   -23319.18264398
    8140   16.28000000 -0.13146286E-05 -0.42626333E-05 -0.64408705E-04   863.99999953   -23319.18264253
    8150   16.30000000 -0.13359224E-05 -0.38603930E-05 -0.60440141E-04   863.99999953   -23319.18264132
    8160   16.32000000 -0.13363470E-05 -0.34338337E-05 -0.55986036E-04   863.99999953   -23319.18264021
    8170   16.34000000 -0.13147940E-05 -0.29868690E-05 -0.51135985E-04   863.99999953   -23319.18263906
    8180   16.36000000 -0.12705817E-05 -0.25234300E-05 -0.45977468E-04   863.99999953   -23319.18263778
    8190   16.38000000 -0.12034666E-05 -0.20474183E-05 -0.40594505E-04   863.99999953   -23319.18263629
    8200   16.40000000 -0.11136437E-05 -0.15626615E-05 -0.35066587E-04   863.99999953   -23319.18263457
    8210   16.42000000 -0.10017372E-05 -0.10728775E-05 -0.29467869E-04   863.99999953   -23319.18263262
    8220   16.44000000 -0.86877994E-06 -0.58164622E-06 -0.23866619E-04   863.99999953   -23319.18263047
    8230   16.46000000 -0.71618627E-06 -0.92386095E-07 -0.18324898E-04   863.99999952   -23319.18262819
    8240   16.48000000 -0.54571611E-06  0.39166114E-06 -0.12898455E-04   863.99999952   -23319.18262585
    8250   16.50000000 -0.35943281E-06  0.86743965E-06 -0.76367895E-05   863.99999952   -23319.18262354
    8260   16.52000000 -0.15965564E-06  0.13320827E-05 -0.25833671E-05   863.99999952   -23319.18262132
    8270   16.54000000  0.51089454E-07  0.17829109E-05  0.22240708E-05   863.99999952   -23319.18261926
    8280   16.56000000  0.27012164E-06  0.22174258E-05  0.67531241E-05   863.99999952   -23319.18261741
    8290   16.58000000  0.49465812E-06  0.26333007E-05  0.10976321E-04   863.99999952   -23319.18261578
    8300   16.60000000  0.72186360E-06  0.30283695E-05  0.14870703E-04   863.99999952   -23319.18261438
    8310   16.62000000  0.94889728E-06  0.34006159E-05  0.18417444E-04   863.99999952   -23319.18261318
    8320   16.64000000  0.11729578E-05  0.37481618E-05  0.21601504E-04   863.99999952   -23319.18261216
    8330   16.66000000  0.13913208E-05  0.40692588E-05  0.24411355E-04   863.99999952   -23319.18261125
    8340   16.68000000  0.16013748E-05  0.43622813E-05  0.26838764E-04   863.99999952   -23319.18261040
    8350   16.70000000  0.18006481E-05  0.46257245E-05  0.28878642E-04   863.99999952   -23319.18260957
    8360   16.72000000  0.19868323E-05  0.48582059E-05  0.30528946E-04   863.99999951   -23319.18260870
    8370   16.74000000  0.21578011E-05  0.50584697E-05  0.31790626E-04   863.99999951   -23319.18260776
    8380   16.76000000  0.23116231E-05  0.52253978E-05  0.32667588E-04   863.99999951   -23319.18260673
    8390   16.78000000  0.24465725E-05  0.53580218E-05  0.33166672E-04   863.99999951   -23319.18260560
    8400   16.80000000  0.25611355E-05  0.54555387E-05  0.33297620E-04   863.99999951   -23319.18260439
    8410   16.82000000  0.26540140E-05  0.55173315E-05  0.33073023E-04   863.99999951   -23319.18260311
    8420   16.84000000  0.27241283E-05  0.55429859E-05  0.32508232E-04   863.99999951   -23319.18260179
    8430   16.86000000  0.27706167E-05  0.55323104E-05  0.31621245E-04   863.99999951   -23319.18260047
    8440   16.88000000  0.27928350E-05  0.54853521E-05  0.30432549E-04   863.99999951   -23319.18259920
    8450   16.90000000  0.27903565E-05  0.54024114E-05  0.28964936E-04   863.99999951   -23319.18259799
    8460   16.92000000  0.27629697E-05  0.52840534E-05  0.27243285E-04   863.99999951   -23319.18259689
    8470   16.94000000  0.27106781E-05  0.51311125E-05  0.25294337E-04   863.99999951   -23319.18259591
    8480   16.96000000  0.26336992E-05  0.49446946E-05  0.23146445E-04   863.99999951   -23319.18259506
    8490   16.98000000  0.25324629E-05  0.47261726E-05  0.20829335E-04   863.99999951   -23319.18259434
    8500   17.00000000  0.24076124E-05  0.44771775E-05  0.18373857E-04   863.99999950   -23319.18259374
    8510   17.02000000  0.22600027E-05  0.41995862E-05  0.15811749E-04   863.99999950   -23319.18259324
    8520   17.04000000  0.20906980E-05  0.38955046E-05  0.13175405E-04   863.99999950   -23319.18259281
    8530   17.06000000  0.19009708E-05  0.35672484E-05  0.10497656E-04   863.99999950   -23319.18259243
    8540   17.08000000  0.16922933E-05  0.32173219E-05  0.78115469E-05   863.99999950   -23319.18259206
    8550   17.10000000  0.14663304E-05  0.28483942E-05  0.51501143E-05   863.99999950   -23319.18259166
    8560   17.12000000  0.12249271E-05  0.24632751E-05  0.25461634E-05   863.99999950   -23319.18259122
    8570   17.14000000  0.97009202E-06  0.20648915E-05  0.32025357E-07   863.99999950   -23319.18259070
    8580   17.16000000  0.70397974E-06  0.16562604E-05 -0.23607035E-05   863.99999950   -23319.18259009
    8590   17.18000000  0.42886752E-06  0.12404625E-05 -0.46014440E-05   863.99999950   -23319.18258937
    8600   17.20000000  0.14713098E-06  0.82061360E-06 -0.66609465E-05   863.99999950   -23319.18258855
    8610   17.22000000 -0.13878015E-06  0.39983453E-06 -0.85116329E-05   863.99999950   -23319.18258763
    8620   17.24000000 -0.42636825E-06 -0.18777771E-07 -0.10127967E-04   863.99999950   -23319.18258661
    8630   17.26000000 -0.71311140E-06 -0.43218399E-06 -0.11486850E-04   863.99999950   -23319.18258551
    8640   17.28000000 -0.99648645E-06 -0.83743371E-06 -0.12568039E-04   863.99999949   -23319.18258435
    8650   17.30000000 -0.12739894E-05 -0.12316963E-05 -0.13354576E-04   863.99999949   -23319.18258316
    8660   17.32000000 -0.15431533E-05 -0.16122929E-05 -0.13833210E-04   863.99999949   -23319.18258194
    8670   17.34000000 -0.18015647E-05 -0.19767217E-05 -0.13994814E-04   863.99999949   -23319.18258072
    8680   17.36000000 -0.20468793E-05 -0.23226832E-05 -0.13834762E-04   863.99999949   -23319.18257952
    8690   17.38000000 -0.22768350E-05 -0.26480995E-05 -0.13353262E-04   863.99999949   -23319.18257837
    8700   17.40000000 -0.24892676E-05 -0.29511284E-05 -0.12555618E-04   863.99999949   -23319.18257727
    8710   17.42000000 -0.26821274E-05 -0.32301759E-05 -0.11452402E-04   863.99999949   -23319.18257624
    8720   17.44000000 -0.28534960E-05 -0.34838992E-05 -0.10059534E-04   863.99999949   -23319.18257530
    8730   17.46000000 -0.30016063E-05 -0.37112093E-05 -0.83982305E-05   863.99999949   -23319.18257445
    8740   17.48000000 -0.31248645E-05 -0.39112699E-05 -0.64948402E-05   863.99999949   -23319.18257369
    8750   17.50000000 -0.32218721E-05 -0.40834909E-05 -0.43805411E-05   863.99999949   -23319.18257302
    8760   17.52000000 -0.32914501E-05 -0.42275226E-05 -0.20909080E-05   863.99999949   -23319.18257244
    8770   17.54000000 -0.33326599E-05 -0.43432451E-05  0.33464279E-06   863.99999948   -23319.18257193
    8780   17.56000000 -0.33448241E-05 -0.44307573E-05  0.28535226E-05   863.99999948   -23319.18257150
    8790   17.58000000 -0.33275434E-05 -0.44903635E-05  0.54207370E-05   863.99999948   -23319.18257111
    8800   17.60000000 -0.32807074E-05 -0.45225551E-05  0.79897244E-05   863.99999948   -23319.18257075
    8810   17.62000000 -0.32045012E-05 -0.45279925E-05  0.10513248E-04   863.99999948   -23319.18257040
    8820   17.64000000 -0.30994053E-05 -0.45074822E-05  0.12944314E-04   863.99999948   -23319.18257004
    8830   17.66000000 -0.29661881E-05 -0.44619502E-05  0.15237078E-04   863.99999948   -23319.18256964
    8840   17.68000000 -0.28058939E-05 -0.43924138E-05  0.17347738E-04   863.99999948   -23319.18256919
    8850   17.70000000 -0.26198258E-05 -0.42999525E-05  0.19235358E-04   863.99999948   -23319.18256866
    8860   17.72000000 -0.24095227E-05 -0.41856770E-05  0.20862623E-04   863.99999948   -23319.18256806
    8870   17.74000000 -0.21767362E-05 -0.40507016E-05  0.22196505E-04   863.99999948   -23319.18256737
    8880   17.76000000 -0.19234050E-05 -0.38961186E-05  0.23208814E-04   863.99999948   -23319.18256659
    8890   17.78000000 -0.16516305E-05 -0.37229777E-05  0.23876642E-04   863.99999948   -23319.18256573
    8900   17.80000000 -0.13636545E-05 -0.35322747E-05  0.24182692E-04   863.99999948   -23319.18256480
    8910   17.82000000 -0.10618393E-05 -0.33249446E-05  0.24115489E-04   863.99999947   -23319.18256381
    8920   17.84000000 -0.74865196E-06 -0.31018666E-05  0.23669488E-04   863.99999947   -23319.18256278
    8930   17.86000000 -0.42664965E-06 -0.28638756E-05  0.22845088E-04   863.99999947   -23319.18256172
    8940   17.88000000 -0.98469121E-07 -0.26117828E-05  0.21648553E-04   863.99999947   -23319.18256065
    8950   17.90000000  0.23318175E-06 -0.23464000E-05  0.20091864E-04   863.99999947   -23319.18255958
    8960   17.92000000  0.56553405E-06 -0.20685699E-05  0.18192506E-04   863.99999947   -23319.18255855
    8970   17.94000000  0.89576744E-06 -0.17791961E-05  0.15973194E-04   863.99999947   -23319.18255756
    8980   17.96000000  0.12210218E-05 -0.14792730E-05  0.13461556E-04   863.99999947   -23319.18255662
    8990   17.98000000  0.15384150E-05 -0.11699106E-05  0.10689756E-04   863.99999947   -23319.18255575
    9000   18.00000000  0.18450604E-05 -0.85235315E-06  0.76940718E-05   863.99999947   -23319.18255495
    9010   18.02000000  0.21380939E-05 -0.52799080E-06  0.45144267E-05   863.99999947   -23319.18255423
    9020   18.04000000  0.24147013E-05 -0.19836149E-06  0.11938587E-05   863.99999947   -23319.18255358
    9030   18.06000000  0.26721510E-05  0.13485365E-06 -0.22220555E-05   863.99999947   -23319.18255300
    9040   18.08000000  0.29078305E-05  0.46984629E-06 -0.56858292E-05   863.99999947   -23319.18255248
    9050   18.10000000  0.31192817E-05  0.80470137E-06 -0.91487445E-05   863.99999946   -23319.18255200
    9060   18.12000000  0.33042393E-05  0.11374236E-05 -0.12561561E-04   863.99999946   -23319.18255156
    9070   18.14000000  0.34606662E-05  0.14659676E-05 -0.15875256E-04   863.99999946   -23319.18255114
    9080   18.16000000  0.35867870E-05  0.17882672E-05 -0.19041766E-04   863.99999946   -23319.18255072
    9090   18.18000000  0.36811177E-05  0.21022656E-05 -0.22014724E-04   863.99999946   -23319.18255028
    9100   18.20000000  0.37424918E-05  0.24059405E-05 -0.24750163E-04   863.99999946   -23319.18254982
    9110   18.22000000  0.37700808E-05  0.26973263E-05 -0.27207170E-04   863.99999946   -23319.18254931
    9120   18.24000000  0.37634104E-05  0.29745303E-05 -0.29348479E-04   863.99999946   -23319.18254875
    9130   18.26000000  0.37223707E-05  0.32357440E-05 -0.31140979E-04   863.99999946   -23319.18254814
    9140   18.28000000  0.36472223E-05  0.34792497E-05 -0.32556140E-04   863.99999946   -23319.18254746
    9150   18.30000000  0.35385967E-05  0.37034231E-05 -0.33570343E-04   863.99999946   -23319.18254672
    9160   18.32000000  0.33974939E-05  0.39067348E-05 -0.34165128E-04   863.99999946   -23319.18254593
    9170   18.34000000  0.32252739E-05  0.40877489E-05 -0.34327361E-04   863.99999946   -23319.18254508
    9180   18.36000000  0.30236456E-05  0.42451227E-05 -0.34049326E-04   863.99999945   -23319.18254420
    9190   18.38000000  0.27946516E-05  0.43776082E-05 -0.33328772E-04   863.99999945   -23319.18254328
    9200   18.40000000  0.25406500E-05  0.44840527E-05 -0.32168898E-04   863.99999945   -23319.18254234
    9210   18.42000000  0.22642913E-05  0.45634048E-05 -0.30578316E-04   863.99999945   -23319.18254140
    9220   18.44000000  0.19684929E-05  0.46147187E-05 -0.28570972E-04   863.99999945   -23319.18254047
    9230   18.46000000  0.16564082E-05  0.46371625E-05 -0.26166034E-04   863.99999945   -23319.18253956
    9240   18.48000000  0.13313906E-05  0.46300275E-05 -0.23387744E-04   863.99999945   -23319.18253869
    9250   18.50000000  0.99695422E-06  0.45927361E-05 -0.20265227E-04   863.99999945   -23319.18253786
    9260   18.52000000  0.65672996E-06  0.45248543E-05 -0.16832241E-04   863.99999945   -23319.18253709
    9270   18.54000000  0.31441571E-06  0.44261035E-05 -0.13126874E-04   863.99999945   -23319.18253638
    9280   18.56000000 -0.26275061E-07  0.42963733E-05 -0.91911639E-05   863.99999945   -23319.18253573
    9290   18.58000000 -0.36166843E-06  0.41357395E-05 -0.50706566E-05   863.99999945   -23319.18253514
    9300   18.60000000 -0.68818558E-06  0.39444803E-05 -0.81389397E-06   863.99999945   -23319.18253461
    9310   18.62000000 -0.10023983E-05  0.37230980E-05  0.35281644E-05   863.99999945   -23319.18253413
    9320   18.64000000 -0.13010822E-05  0.34723403E-05  0.79027728E-05   863.99999944   -23319.18253368
    9330   18.66000000 -0.15812652E-05  0.31932227E-05  0.12256081E-04   863.99999944   -23319.18253326
    9340   18.68000000 -0.18402709E-05  0.28870501E-05  0.16533853E-04   863.99999944   -23319.18253284
    9350   18.70000000 -0.20757545E-05  0.25554340E-05  0.20682215E-04   863.99999944   -23319.18253241
    9360   18.72000000 -0.22857282E-05  0.22003068E-05  0.24648416E-04   863.99999944   -23319.18253196
    9370   18.74000000 -0.24685815E-05  0.18239268E-05  0.28381600E-04   863.99999944   -23319.18253146
    9380   18.76000000 -0.26230876E-05  0.14288762E-05  0.31833559E-04   863.99999944   -23319.18253090
    9390   18.78000000 -0.27484040E-05  0.10180486E-05  0.34959470E-04   863.99999944   -23319.18253028
    9400   18.80000000 -0.28440639E-05  0.59462510E-06  0.37718585E-04   863.99999944   -23319.18252959
    9410   18.82000000 -0.29099598E-05  0.16204136E-06  0.40074862E-04   863.99999944   -23319.18252881
    9420   18.84000000 -0.29463224E-05 -0.27605450E-06  0.41997517E-04   863.99999944   -23319.18252797
    9430   18.86000000 -0.29536949E-05 -0.71585300E-06  0.43461482E-04   863.99999944   -23319.18252705
    9440   18.88000000 -0.29329051E-05 -0.11534378E-05  0.44447756E-04   863.99999944   -23319.18252607
    9450   18.90000000 -0.28850370E-05 -0.15848460E-05  0.44943642E-04   863.99999944   -23319.18252504
    9460   18.92000000 -0.28114019E-05 -0.20061264E-05  0.44942858E-04   863.99999943   -23319.18252398
    9470   18.94000000 -0.27135111E-05 -0.24133983E-05  0.44445543E-04   863.99999943   -23319.18252291
    9480   18.96000000 -0.25930515E-05 -0.28029069E-05  0.43458142E-04   863.99999943   -23319.18252184
    9490   18.98000000 -0.24518613E-05 -0.31710704E-05  0.41993201E-04   863.99999943   -23319.18252080
    9500   19.00000000 -0.22919090E-05 -0.35145254E-05  0.40069072E-04   863.99999943   -23319.18251981
    9510   19.02000000 -0.21152751E-05 -0.38301629E-05  0.37709550E-04   863.99999943   -23319.18251887
    9520   19.04000000 -0.19241315E-05 -0.41151575E-05  0.34943452E-04   863.99999943   -23319.18251801
    9530   19.06000000 -0.17207245E-05 -0.43669918E-05  0.31804149E-04   863.99999943   -23319.18251722
    9540   19.08000000 -0.15073559E-05 -0.45834737E-05  0.28329067E-04   863.99999943   -23319.18251652
    9550   19.10000000 -0.12863630E-05 -0.47627508E-05  0.24559173E-04   863.99999943   -23319.18251591
    9560   19.12000000 -0.10601002E-05 -0.49033179E-05  0.20538428E-04   863.99999943   -23319.18251537
    9570   19.14000000 -0.83091846E-06 -0.50040259E-05  0.16313253E-04   863.99999943   -23319.18251490
    9580   19.16000000 -0.60114286E-06 -0.50640849E-05  0.11931984E-04   863.99999943   -23319.18251449
    9590   19.18000000 -0.37305251E-06 -0.50830681E-05  0.74443331E-05   863.99999942   -23319.18251411
    9600   19.20000000 -0.14885925E-06 -0.50609148E-05  0.29008611E-05   863.99999942   -23319.18251375
    9610   19.22000000  0.69313286E-07 -0.49979302E-05 -0.16475327E-05   863.99999942   -23319.18251339
    9620   19.24000000  0.27944725E-06 -0.48947855E-05 -0.61501085E-05   863.99999942   -23319.18251300
    9630   19.26000000  0.47965022E-06 -0.47525131E-05 -0.10556767E-04   863.99999942   -23319.18251258
    9640   19.28000000  0.66817161E-06 -0.45725007E-05 -0.14818513E-04   863.99999942   -23319.18251210
    9650   19.30000000  0.84341800E-06 -0.43564803E-05 -0.18887912E-04   863.99999942   -23319.18251154
    9660   19.32000000  0.10039691E-05 -0.41065113E-05 -0.22719533E-04   863.99999942   -23319.18251090
    9670   19.34000000  0.11485893E-05 -0.38249609E-05 -0.26270394E-04   863.99999942   -23319.18251017
    9680   19.36000000  0.12762410E-05 -0.35144764E-05 -0.29500398E-04   863.99999942   -23319.18250935
    9690   19.38000000  0.13860949E-05 -0.31779568E-05 -0.32372783E-04   863.99999942   -23319.18250845
    9700   19.40000000  0.14775396E-05 -0.28185174E-05 -0.34854560E-04   863.99999942   -23319.18250747
    9710   19.42000000  0.15501904E-05 -0.24394554E-05 -0.36916954E-04   863.99999942   -23319.18250642
    9720   19.44000000  0.16038936E-05 -0.20442132E-05 -0.38535829E-04   863.99999942   -23319.18250533
    9730   19.46000000  0.16387310E-05 -0.16363400E-05 -0.39692096E-04   863.99999941   -23319.18250422
    9740   19.48000000  0.16550211E-05 -0.12194592E-05 -0.40372076E-04   863.99999941   -23319.18250310
    9750   19.50000000  0.16533182E-05 -0.79723344E-06 -0.40567821E-04   863.99999941   -23319.18250199
    9760   19.52000000  0.16344077E-05 -0.37333404E-06 -0.40277360E-04   863.99999941   -23319.18250093
    9770   19.54000000  0.15992990E-05  0.48588574E-07 -0.39504862E-04   863.99999941   -23319.18249992
    9780   19.56000000  0.15492158E-05  0.46493340E-06 -0.38260705E-04   863.99999941   -23319.18249899
    9790   19.58000000  0.14855806E-05  0.87217702E-06 -0.36561430E-04   863.99999941   -23319.18249813
    9800   19.60000000  0.14099967E-05  0.12669004E-05 -0.34429582E-04   863.99999941   -23319.18249735
    9810   19.62000000  0.13242265E-05  0.16458183E-05 -0.31893437E-04   863.99999941   -23319.18249666
    9820   19.64000000  0.12301642E-05  0.20058079E-05 -0.28986610E-04   863.99999941   -23319.18249604
    9830   19.66000000  0.11298039E-05  0.23439385E-05 -0.25747560E-04   863.99999941   -23319.18249548
    9840   19.68000000  0.10252047E-05  0.26575024E-05 -0.22219006E-04   863.99999941   -23319.18249497
    9850   19.70000000  0.91845156E-06  0.29440448E-05 -0.18447267E-04   863.99999941   -23319.18249448
    9860   19.72000000  0.81161266E-06  0.32013901E-05 -0.14481544E-04   863.99999941   -23319.18249400
    9870   19.74000000  0.70669556E-06  0.34276702E-05 -0.10373174E-04   863.99999940   -23319.18249351
    9880   19.76000000  0.60560256E-06  0.36213447E-05 -0.61748637E-05   863.99999940   -23319.18249299
    9890   19.78000000  0.51008844E-06  0.37812211E-05 -0.19399335E-05   863.99999940   -23319.18249244
    9900   19.80000000  0.42171865E-06  0.39064679E-05  0.22784260E-05   863.99999940   -23319.18249185
    9910   19.82000000  0.34183409E-06  0.39966201E-05  0.64278581E-05   863.99999940   -23319.18249122
    9920   19.84000000  0.27151997E-06  0.40515826E-05  0.10457507E-04   863.99999940   -23319.18249055
    9930   19.86000000  0.21158372E-06  0.40716242E-05  0.14318633E-04   863.99999940   -23319.18248985
    9940   19.88000000  0.16253885E-06  0.40573655E-05  0.17965177E-04   863.99999940   -23319.18248913
    9950   19.90000000  0.12460069E-06  0.40097625E-05  0.21354275E-04   863.99999940   -23319.18248840
    9960   19.92000000  0.97688945E-07  0.39300817E-05  0.24446707E-04   863.99999940   -23319.18248767
    9970   19.94000000  0.81439015E-07  0.38198709E-05  0.27207310E-04   863.99999940   -23319.18248695
    9980   19.96000000  0.75223876E-07  0.36809267E-05  0.29605316E-04   863.99999940   -23319.18248625
    9990   19.98000000  0.78179836E-07  0.35152566E-05  0.31614660E-04   863.99999940   -23319.18248556
   10000   20.00000000  0.89241675E-07  0.33250433E-05  0.33214212E-04   863.99999939   -23319.18248489
   10010   20.02000000  0.10718021E-06  0.31126040E-05  0.34387974E-04   863.99999939   -23319.18248422
   10020   20.04000000  0.13064165E-06  0.28803553E-05  0.35125213E-04   863.99999939   -23319.18248357
   10030   20.06000000  0.15819043E-06  0.26307783E-05  0.35420542E-04   863.99999939   -23319.18248292
   10040   20.08000000  0.18834630E-06  0.23663873E-05  0.35273947E-04   863.99999939   -23319.18248227
   10050   20.10000000  0.21962284E-06  0.20897039E-05  0.34690765E-04   863.99999939   -23319.18248162
   10060   20.12000000  0.25056044E-06  0.18032337E-05  0.33681602E-04   863.99999939   -23319.18248097
   10070   20.14000000  0.27975363E-06  0.15094502E-05  0.32262204E-04   863.99999939   -23319.18248032
   10080   20.16000000  0.30587485E-06  0.12107780E-05  0.30453278E-04   863.99999939   -23319.18247968
   10090   20.18000000  0.32769191E-06  0.90958531E-06  0.28280267E-04   863.99999939   -23319.18247905
   10100   20.20000000  0.34408189E-06  0.60817360E-06  0.25773076E-04   863.99999939   -23319.18247846
   10110   20.22000000  0.35403915E-06  0.30877221E-06  0.22965753E-04   863.99999939   -23319.18247790
   10120   20.24000000  0.35668359E-06  0.13534496E-07  0.19896136E-04   863.99999939   -23319.18247739
   10130   20.26000000  0.35126439E-06 -0.27546685E-06  0.16605452E-04   863.99999939   -23319.18247692
   10140   20.28000000  0.33716525E-06 -0.55624159E-06  0.13137880E-04   863.99999938   -23319.18247650
   10150   20.30000000  0.31390911E-06 -0.82688502E-06  0.95400790E-05   863.99999938   -23319.18247613
   10160   20.32000000  0.28116259E-06 -0.10855791E-05  0.58606718E-05   863.99999938   -23319.18247581
   10170   20.34000000  0.23874403E-06 -0.13305937E-05  0.21496987E-05   863.99999938   -23319.18247551
   10180   20.36000000  0.18663038E-06 -0.15602893E-05 -0.15419720E-05   863.99999938   -23319.18247524
   10190   20.38000000  0.12496416E-06 -0.17731183E-05 -0.51632709E-05   863.99999938   -23319.18247497
   10200   20.40000000  0.54061708E-07 -0.19676282E-05 -0.86635955E-05   863.99999938   -23319.18247470
   10210   20.42000000 -0.25581521E-07 -0.21424682E-05 -0.11993513E-04   863.99999938   -23319.18247440
   10220   20.44000000 -0.11328855E-06 -0.22963952E-05 -0.15105499E-04   863.99999938   -23319.18247407
   10230   20.46000000 -0.20819870E-06 -0.24282873E-05 -0.17954701E-04   863.99999938   -23319.18247369
   10240   20.48000000 -0.30927356E-06 -0.25371580E-05 -0.20499713E-04   863.99999938   -23319.18247327
   10250   20.50000000 -0.41530247E-06 -0.26221762E-05 -0.22703352E-04   863.99999938   -23319.18247279
   10260   20.52000000 -0.52491599E-06 -0.26826884E-05 -0.24533415E-04   863.99999938   -23319.18247227
   10270   20.54000000 -0.63660191E-06 -0.27182431E-05 -0.25963378E-04   863.99999938   -23319.18247169
   10280   20.56000000 -0.74872462E-06 -0.27286168E-05 -0.26973039E-04   863.99999937   -23319.18247109
   10290   20.58000000 -0.85954999E-06 -0.27138388E-05 -0.27549049E-04   863.99999937   -23319.18247046
   10300   20.60000000 -0.96727161E-06 -0.26742143E-05 -0.27685333E-04   863.99999937   -23319.18246982
   10310   20.62000000 -0.10700408E-05 -0.26103404E-05 -0.27383353E-04   863.99999937   -23319.18246919
   10320   20.64000000 -0.11659975E-05 -0.25231193E-05 -0.26652212E-04   863.99999937   -23319.18246857
   10330   20.66000000 -0.12533044E-05 -0.24137589E-05 -0.25508575E-04   863.99999937   -23319.18246800
   10340   20.68000000 -0.13301799E-05 -0.22837678E-05 -0.23976400E-04   863.99999937   -23319.18246746
   10350   20.70000000 -0.13949340E-05 -0.21349402E-05 -0.22086489E-04   863.99999937   -23319.18246698
   10360   20.72000000 -0.14460030E-05 -0.19693304E-05 -0.19875848E-04   863.99999937   -23319.18246654
   10370   20.74000000 -0.14819829E-05 -0.17892177E-05 -0.17386888E-04   863.99999937   -23319.18246616
   10380   20.76000000 -0.15016636E-05 -0.15970666E-05 -0.14666470E-04   863.99999937   -23319.18246581
   10390   20.78000000 -0.15040585E-05 -0.13954782E-05 -0.11764838E-04   863.99999937   -23319.18246550
   10400   20.80000000 -0.14884340E-05 -0.11871402E-05 -0.87344633E-05   863.99999937   -23319.18246522
   10410   20.82000000 -0.14543340E-05 -0.97477394E-06 -0.56288310E-05   863.99999937   -23319.18246494
   10420   20.84000000 -0.14015996E-05 -0.76108126E-06 -0.25012207E-05   863.99999936   -23319.18246467
   10430   20.86000000 -0.13303855E-05 -0.54869514E-06  0.59649108E-06   863.99999936   -23319.18246439
   10440   20.88000000 -0.12411661E-05 -0.34013262E-06  0.36149595E-05   863.99999936   -23319.18246410
   10450   20.90000000 -0.11347371E-05 -0.13775274E-06  0.65083977E-05   863.99999936   -23319.18246379
   10460   20.92000000 -0.10122076E-05  0.56278233E-07  0.92354638E-05   863.99999936   -23319.18246346
   10470   20.94000000 -0.87498346E-06  0.24001767E-06  0.11759982E-04   863.99999936   -23319.18246312
   10480   20.96000000 -0.72474138E-06  0.41177088E-06  0.14051479E-04   863.99999936   -23319.18246276
   10490   20.98000000 -0.56339527E-06  0.57010923E-06  0.16085514E-04   863.99999936   -23319.18246240
   10500   21.00000000 -0.39305382E-06  0.71388188E-06  0.17843811E-04   863.99999936   -23319.18246203
   10510   21.02000000 -0.21597249E-06  0.84222350E-06  0.19314185E-04   863.99999936   -23319.18246166
   10520   21.04000000 -0.34502458E-07  0.95455337E-06  0.20490296E-04   863.99999936   -23319.18246128
   10530   21.06000000  0.14896400E-06  0.10505703E-05  0.21371232E-04   863.99999936   -23319.18246091
   10540   21.08000000  0.33204469E-06  0.11302414E-05  0.21960966E-04   863.99999936   -23319.18246053
   10550   21.10000000  0.51241766E-06  0.11937827E-05  0.22267723E-04   863.99999935   -23319.18246014
   10560   21.12000000  0.68786488E-06  0.12416357E-05  0.22303281E-04   863.99999935   -23319.18245974
   10570   21.14000000  0.85630896E-06  0.12744380E-05  0.22082253E-04   863.99999935   -23319.18245932
   10580   21.16000000  0.10158421E-05  0.12929874E-05  0.21621384E-04   863.99999935   -23319.18245888
   10590   21.18000000  0.11647472E-05  0.12982071E-05  0.20938885E-04   863.99999935   -23319.18245842
   10600   21.20000000  0.13015097E-05  0.12911039E-05  0.20053844E-04   863.99999935   -23319.18245794
   10610   21.22000000  0.14248259E-05  0.12727302E-05  0.18985725E-04   863.99999935   -23319.18245746
   10620   21.24000000  0.15336022E-05  0.12441465E-05  0.17753959E-04   863.99999935   -23319.18245697
   10630   21.26000000  0.16269522E-05  0.12063874E-05  0.16377664E-04   863.99999935   -23319.18245650
   10640   21.28000000  0.17041926E-05  0.11604332E-05  0.14875453E-04   863.99999935   -23319.18245605
   10650   21.30000000  0.17648328E-05  0.11071873E-05  0.13265359E-04   863.99999935   -23319.18245562
   10660   21.32000000  0.18085714E-05  0.10474625E-05  0.11564839E-04   863.99999935   -23319.18245523
   10670   21.34000000  0.18352868E-05  0.98197318E-06  0.97908586E-05   863.99999935   -23319.18245488
   10680   21.36000000  0.18450301E-05  0.91133847E-06  0.79600160E-05   863.99999935   -23319.18245457
   10690   21.38000000  0.18380217E-05  0.83609269E-06  0.60886988E-05   863.99999934   -23319.18245430
   10700   21.40000000  0.18146416E-05  0.75670386E-06  0.41932361E-05   863.99999934   -23319.18245405
   10710   21.42000000  0.17754275E-05  0.67360007E-06  0.22900300E-05   863.99999934   -23319.18245383
   10720   21.44000000  0.17210667E-05  0.58719946E-06  0.39564041E-06   863.99999934   -23319.18245360
   10730   21.46000000  0.16523901E-05  0.49794449E-06 -0.14731861E-05   863.99999934   -23319.18245337
   10740   21.48000000  0.15703654E-05  0.40633923E-06 -0.32995552E-05   863.99999934   -23319.18245311
   10750   21.50000000  0.14760871E-05  0.31298040E-06 -0.50665338E-05   863.99999934   -23319.18245283
   10760   21.52000000  0.13707660E-05  0.21858851E-06 -0.67573180E-05   863.99999934   -23319.18245250
   10770   21.54000000  0.12557181E-05  0.12402848E-06 -0.83554579E-05   863.99999934   -23319.18245214
   10780   21.56000000  0.11323504E-05  0.30321979E-07 -0.98451146E-05   863.99999934   -23319.18245174
   10790   21.58000000  0.10021446E-05 -0.61351506E-07 -0.11211337E-04   863.99999934   -23319.18245130
   10800   21.60000000  0.86664140E-06 -0.14966660E-06 -0.12440339E-04   863.99999934   -23319.18245083
   10810   21.62000000  0.72742108E-06 -0.23317482E-06 -0.13519755E-04   863.99999934   -23319.18245034
   10820   21.64000000  0.58608399E-06 -0.31034134E-06 -0.14438872E-04   863.99999934   -23319.18244984
   10830   21.66000000  0.44423139E-06 -0.37958823E-06 -0.15188814E-04   863.99999933   -23319.18244935
   10840   21.68000000  0.30344399E-06 -0.43934737E-06 -0.15762687E-04   863.99999933   -23319.18244888
   10850   21.70000000  0.16526080E-06 -0.48811702E-06 -0.16155666E-04   863.99999933   -23319.18244842
   10860   21.72000000  0.31160146E-07 -0.52451771E-06 -0.16365050E-04   863.99999933   -23319.18244799
   10870   21.74000000 -0.97463925E-07 -0.54735055E-06 -0.16390256E-04   863.99999933   -23319.18244760
   10880   21.76000000 -0.21932041E-06 -0.55564562E-06 -0.16232792E-04   863.99999933   -23319.18244724
   10890   21.78000000 -0.33324151E-06 -0.54870646E-06 -0.15896189E-04   863.99999933   -23319.18244690
   10900   21.80000000 -0.43820133E-06 -0.52614486E-06 -0.15385902E-04   863.99999933   -23319.18244660
   10910   21.82000000 -0.53333282E-06 -0.48790425E-06 -0.14709198E-04   863.99999933   -23319.18244631
   10920   21.84000000 -0.61794297E-06 -0.43427345E-06 -0.13875012E-04   863.99999933   -23319.18244603
   10930   21.86000000 -0.69152432E-06 -0.36588809E-06 -0.12893798E-04   863.99999933   -23319.18244575
   10940   21.88000000 -0.75376232E-06 -0.28372318E-06 -0.11777359E-04   863.99999933   -23319.18244548
   10950   21.90000000 -0.80453978E-06 -0.18907152E-06 -0.10538674E-04   863.99999933   -23319.18244519
   10960   21.92000000 -0.84393520E-06 -0.83517355E-07 -0.91917205E-05   863.99999932   -23319.18244489
   10970   21.94000000 -0.87221643E-06  0.31099308E-07 -0.77513047E-05   863.99999932   -23319.18244456
   10980   21.96000000 -0.88982893E-06  0.15272641E-06 -0.62328933E-05   863.99999932   -23319.18244423
   10990   21.98000000 -0.89737966E-06  0.27914317E-06 -0.46524682E-05   863.99999932   -23319.18244387
   11000   22.00000000 -0.89561604E-06  0.40801186E-06 -0.30263996E-05   863.99999932   -23319.18244350
   11010   22.02000000 -0.88540172E-06  0.53692591E-06 -0.13713409E-05   863.99999932   -23319.18244312
   11020   22.04000000 -0.86768987E-06  0.66345781E-06  0.29585332E-06   863.99999932   -23319.18244273
   11030   22.06000000 -0.84349427E-06  0.78520695E-06  0.19581928E-05   863.99999932   -23319.18244234
   11040   22.08000000 -0.81386084E-06  0.89984070E-06  0.35986076E-05   863.99999932   -23319.18244196
   11050   22.10000000 -0.77983891E-06  0.10051338E-05  0.52000061E-05   863.99999932   -23319.18244159
   11060   22.12000000 -0.74245570E-06  0.10990002E-05  0.67453482E-05   863.99999932   -23319.18244124
   11070   22.14000000 -0.70269444E-06  0.11795218E-05  0.82177480E-05   863.99999932   -23319.18244090
   11080   22.16000000 -0.66147524E-06  0.12449707E-05  0.96006152E-05   863.99999932   -23319.18244058
   11090   22.18000000 -0.61964110E-06  0.12938279E-05  0.10877846E-04   863.99999932   -23319.18244027
   11100   22.20000000 -0.57794898E-06  0.13248001E-05  0.12034063E-04   863.99999931   -23319.18243999
   11110   22.22000000 -0.53706345E-06  0.13368326E-05  0.13054903E-04   863.99999931   -23319.18243971
   11120   22.24000000 -0.49755621E-06  0.13291231E-05  0.13927340E-04   863.99999931   -23319.18243944
   11130   22.26000000 -0.45990742E-06  0.13011354E-05  0.14640027E-04   863.99999931   -23319.18243918
   11140   22.28000000 -0.42450697E-06  0.12526142E-05  0.15183646E-04   863.99999931   -23319.18243891
   11150   22.30000000 -0.39165657E-06  0.11836028E-05  0.15551222E-04   863.99999931   -23319.18243864
   11160   22.32000000 -0.36156974E-06  0.10944599E-05  0.15738403E-04   863.99999931   -23319.18243836
   11170   22.34000000 -0.33437036E-06  0.98587749E-06  0.15743667E-04   863.99999931   -23319.18243807
   11180   22.36000000 -0.31008838E-06  0.85889637E-06  0.15568451E-04   863.99999931   -23319.18243777
   11190   22.38000000 -0.28865471E-06  0.71491616E-06  0.15217186E-04   863.99999931   -23319.18243746
   11200   22.40000000 -0.26989375E-06  0.55569820E-06  0.14697232E-04   863.99999931   -23319.18243713
   11210   22.42000000 -0.25351861E-06  0.38335837E-06  0.14018724E-04   863.99999931   -23319.18243679
   11220   22.44000000 -0.23912741E-06  0.20034761E-06  0.13194336E-04   863.99999931   -23319.18243645
   11230   22.46000000 -0.22620520E-06  0.94173299E-08  0.12238966E-04   863.99999931   -23319.18243610
   11240   22.48000000 -0.21413297E-06 -0.18642816E-06  0.11169380E-04   863.99999930   -23319.18243575
   11250   22.50000000 -0.20220055E-06 -0.38399383E-06  0.10003812E-04   863.99999930   -23319.18243540
   11260   22.52000000 -0.18962988E-06 -0.57996726E-06  0.87615610E-05   863.99999930   -23319.18243505
   11270   22.54000000 -0.17560181E-06 -0.77100032E-06  0.74625730E-05   863.99999930   -23319.18243471
   11280   22.56000000 -0.15928877E-06 -0.95379626E-06  0.61270511E-05   863.99999930   -23319.18243438
   11290   22.58000000 -0.13989086E-06 -0.11251978E-05  0.47750824E-05   863.99999930   -23319.18243405
   11300   22.60000000 -0.11666963E-06 -0.12822712E-05  0.34262940E-05   863.99999930   -23319.18243374
   11310   22.62000000 -0.88982244E-07 -0.14223835E-05  0.20995450E-05   863.99999930   -23319.18243343
   11320   22.64000000 -0.56308897E-07 -0.15432698E-05  0.81264918E-06   863.99999930   -23319.18243313
   11330   22.66000000 -0.18272906E-07 -0.16430866E-05 -0.41786893E-06   863.99999930   -23319.18243284
   11340   22.68000000  0.25343652E-07 -0.17204511E-05 -0.15769865E-05   863.99999930   -23319.18243256
   11350   22.70000000  0.74595779E-07 -0.17744648E-05 -0.26513621E-05   863.99999930   -23319.18243228
   11360   22.72000000  0.12937844E-06 -0.18047198E-05 -0.36294854E-05   863.99999930   -23319.18243201
   11370   22.74000000  0.18943343E-06 -0.18112910E-05 -0.45017931E-05   863.99999929   -23319.18243175
   11380   22.76000000  0.25436636E-06 -0.17947133E-05 -0.52607500E-05   863.99999929   -23319.18243149
   11390   22.78000000  0.32366139E-06 -0.17559461E-05 -0.59008946E-05   863.99999929   -23319.18243123
   11400   22.80000000  0.39670186E-06 -0.16963252E-05 -0.64188465E-05   863.99999929   -23319.18243097
   11410   22.82000000  0.47279020E-06 -0.16175060E-05 -0.68132790E-05   863.99999929   -23319.18243071
   11420   22.84000000  0.55116509E-06 -0.15213996E-05 -0.70848536E-05   863.99999929   -23319.18243045
   11430   22.86000000  0.63101811E-06 -0.14101040E-05 -0.72361206E-05   863.99999929   -23319.18243019
   11440   22.88000000  0.71150763E-06 -0.12858328E-05 -0.72713926E-05   863.99999929   -23319.18242993
   11450   22.90000000  0.79177216E-06 -0.11508453E-05 -0.71965908E-05   863.99999929   -23319.18242967
   11460   22.92000000  0.87093819E-06 -0.10073803E-05 -0.70190706E-05   863.99999929   -23319.18242940
   11470   22.94000000  0.94812969E-06 -0.85759615E-06 -0.67474327E-05   863.99999929   -23319.18242913
   11480   22.96000000  0.10224746E-05 -0.70351975E-06 -0.63913206E-05   863.99999929   -23319.18242887
   11490   22.98000000  0.10931111E-05 -0.54700725E-06 -0.59612117E-05   863.99999929   -23319.18242860
   11500   23.00000000  0.11591956E-05 -0.38971853E-06 -0.54682037E-05   863.99999929   -23319.18242833
   11510   23.02000000  0.12199073E-05 -0.23310222E-06 -0.49237992E-05   863.99999928   -23319.18242806
   11520   23.04000000  0.12744572E-05 -0.78396307E-07 -0.43396965E-05   863.99999928   -23319.18242778
   11530   23.06000000  0.13220951E-05  0.73359748E-07 -0.37275839E-05   863.99999928   -23319.18242751
   11540   23.08000000  0.13621161E-05  0.22130494E-06 -0.30989481E-05   863.99999928   -23319.18242724
   11550   23.10000000  0.13938699E-05  0.36472576E-06 -0.24648970E-05   863.99999928   -23319.18242697
   11560   23.12000000  0.14167671E-05  0.50302451E-06 -0.18360017E-05   863.99999928   -23319.18242670
   11570   23.14000000  0.14302875E-05  0.63568413E-06 -0.12221644E-05   863.99999928   -23319.18242644
   11580   23.16000000  0.14339857E-05  0.76223527E-06 -0.63250834E-06   863.99999928   -23319.18242617
   11590   23.18000000  0.14274968E-05  0.88222953E-06 -0.75295532E-07   863.99999928   -23319.18242590
   11600   23.20000000  0.14105400E-05  0.99521387E-06  0.44213028E-06   863.99999928   -23319.18242563
   11610   23.22000000  0.13829232E-05  0.11007164E-05  0.91337929E-06   863.99999928   -23319.18242537
   11620   23.24000000  0.13445451E-05  0.11982357E-05  0.13330300E-05   863.99999928   -23319.18242510
   11630   23.26000000  0.12953967E-05  0.12872386E-05  0.16966298E-05   863.99999928   -23319.18242484
   11640   23.28000000  0.12355670E-05  0.13671638E-05  0.20006827E-05   863.99999928   -23319.18242458
   11650   23.30000000  0.11652431E-05  0.14374289E-05  0.22426284E-05   863.99999927   -23319.18242432
   11660   23.32000000  0.10847161E-05  0.14974430E-05  0.24208201E-05   863.99999927   -23319.18242407
   11670   23.34000000  0.99438527E-06  0.15466183E-05  0.25344966E-05   863.99999927   -23319.18242381
   11680   23.36000000  0.89476182E-06  0.15843865E-05  0.25837561E-05   863.99999927   -23319.18242356
   11690   23.38000000  0.78647532E-06  0.16102149E-05  0.25695324E-05   863.99999927   -23319.18242332
   11700   23.40000000  0.67027382E-06  0.16236218E-05  0.24935723E-05   863.99999927   -23319.18242307
   11710   23.42000000  0.54702565E-06  0.16241941E-05  0.23584177E-05   863.99999927   -23319.18242283
   11720   23.44000000  0.41771465E-06  0.16116031E-05  0.21673921E-05   863.99999927   -23319.18242259
   11730   23.46000000  0.28343111E-06  0.15856214E-05  0.19245913E-05   863.99999927   -23319.18242235
   11740   23.48000000  0.14535892E-06  0.15461397E-05  0.16348759E-05   863.99999927   -23319.18242211
   11750   23.50000000  0.47560791E-08  0.14931833E-05  0.13038647E-05   863.99999927   -23319.18242187
   11760   23.52000000 -0.13706922E-06  0.14269268E-05  0.93792353E-06   863.99999927   -23319.18242164
   11770   23.54000000 -0.27878509E-06  0.13477083E-05  0.54414716E-06   863.99999927   -23319.18242140
   11780   23.56000000 -0.41906618E-06  0.12560379E-05  0.13032526E-06   863.99999926   -23319.18242116
   11790   23.58000000 -0.55662246E-06  0.11526081E-05 -0.29511104E-06   863.99999926   -23319.18242093
   11800   23.60000000 -0.69022561E-06  0.10382956E-05 -0.72317020E-06   863.99999926   -23319.18242069
   11810   23.62000000 -0.81873388E-06  0.91415997E-06 -0.11444099E-05   863.99999926   -23319.18242046
   11820   23.64000000 -0.94110751E-06  0.78143818E-06 -0.15490829E-05   863.99999926   -23319.18242022
   11830   23.66000000 -0.10564200E-05  0.64153197E-06 -0.19273178E-05   863.99999926   -23319.18241998
   11840   23.68000000 -0.11638607E-05  0.49599055E-06 -0.22693283E-05   863.99999926   -23319.18241973
   11850   23.70000000 -0.12627275E-05  0.34648801E-06 -0.25656516E-05   863.99999926   -23319.18241948
   11860   23.72000000 -0.13524167E-05  0.19479751E-06 -0.28074029E-05   863.99999926   -23319.18241923
   11870   23.74000000 -0.14324026E-05  0.42759988E-07 -0.29865356E-05   863.99999926   -23319.18241898
   11880   23.76000000 -0.15022145E-05 -0.10775056E-06 -0.30960944E-05   863.99999926   -23319.18241872
   11890   23.78000000 -0.15614123E-05 -0.25486300E-06 -0.31304490E-05   863.99999926   -23319.18241845
   11900   23.80000000 -0.16095604E-05 -0.39674497E-06 -0.30854920E-05   863.99999926   -23319.18241819
   11910   23.82000000 -0.16462065E-05 -0.53164111E-06 -0.29587901E-05   863.99999926   -23319.18241791
   11920   23.84000000 -0.16708642E-05 -0.65790679E-06 -0.27496797E-05   863.99999925   -23319.18241764
   11930   23.86000000 -0.16830037E-05 -0.77404191E-06 -0.24593011E-05   863.99999925   -23319.18241737
   11940   23.88000000 -0.16820499E-05 -0.87871747E-06 -0.20905693E-05   863.99999925   -23319.18241710
   11950   23.90000000 -0.16673903E-05 -0.97079961E-06 -0.16480838E-05   863.99999925   -23319.18241683
   11960   23.92000000 -0.16383937E-05 -0.10493665E-05 -0.11379853E-05   863.99999925   -23319.18241657
   11970   23.94000000 -0.15944354E-05 -0.11137180E-05 -0.56776743E-06   863.99999925   -23319.18241631
   11980   23.96000000 -0.15349326E-05 -0.11633793E-05  0.53941091E-07   863.99999925   -23319.18241606
   11990   23.98000000 -0.14593837E-05 -0.11980974E-05  0.71761346E-06   863.99999925   -23319.18241582
   12000   24.00000000 -0.13674114E-05 -0.12178323E-05  0.14130649E-05   863.99999925   -23319.18241558
   12010   24.02000000 -0.12588053E-05 -0.12227407E-05  0.21296862E-05   863.99999925   -23319.18241535
   12020   24.04000000 -0.11335627E-05 -0.12131567E-05  0.28566627E-05   863.99999925   -23319.18241513
   12030   24.06000000 -0.99192470E-06 -0.11895702E-05  0.35831681E-05   863.99999925   -23319.18241491
   12040   24.08000000 -0.83440399E-06 -0.11526013E-05  0.42985354E-05   863.99999925   -23319.18241469
   12050   24.10000000 -0.66180368E-06 -0.11029774E-05  0.49924019E-05   863.99999925   -23319.18241447
   12060   24.12000000 -0.47522551E-06 -0.10415086E-05  0.56548297E-05   863.99999924   -23319.18241425
   12070   24.14000000 -0.27606788E-06 -0.96906809E-06  0.62764093E-05   863.99999924   -23319.18241403
   12080   24.16000000 -0.66014197E-07 -0.88657438E-06  0.68483476E-05   863.99999924   -23319.18241380
   12090   24.18000000  0.15298911E-06 -0.79497846E-06  0.73625462E-05   863.99999924   -23319.18241357
   12100   24.20000000  0.37876247E-06 -0.69525475E-06  0.78116740E-05   863.99999924   -23319.18241333
   12110   24.22000000  0.60892734E-06 -0.58839763E-06  0.81892379E-05   863.99999924   -23319.18241308
   12120   24.24000000  0.84094902E-06 -0.47542272E-06  0.84896518E-05   863.99999924   -23319.18241284
   12130   24.26000000  0.10721784E-05 -0.35736989E-06  0.87083024E-05   863.99999924   -23319.18241258
   12140   24.28000000  0.12998964E-05 -0.23531235E-06  0.88416163E-05   863.99999924   -23319.18241232
   12150   24.30000000  0.15213587E-05 -0.11036672E-06  0.88871150E-05   863.99999924   -23319.18241206
   12160   24.32000000  0.17338376E-05  0.16298041E-07  0.88434645E-05   863.99999924   -23319.18241179
   12170   24.34000000  0.19346641E-05  0.14344999E-06  0.87105100E-05   863.99999924   -23319.18241153
   12180   24.36000000  0.21212655E-05  0.26978646E-06  0.84892908E-05   863.99999924   -23319.18241126
   12190   24.38000000  0.22912001E-05  0.39393042E-06  0.81820359E-05   863.99999924   -23319.18241099
   12200   24.40000000  0.24421917E-05  0.51442881E-06  0.77921341E-05   863.99999923   -23319.18241073
   12210   24.42000000  0.25721576E-05  0.62976140E-06  0.73240780E-05   863.99999923   -23319.18241047
   12220   24.44000000  0.26792360E-05  0.73835156E-06  0.67833837E-05   863.99999923   -23319.18241022
   12230   24.46000000  0.27618108E-05  0.83858635E-06  0.61764864E-05   863.99999923   -23319.18240997
   12240   24.48000000  0.28185317E-05  0.92884313E-06  0.55106154E-05   863.99999923   -23319.18240972
   12250   24.50000000  0.28483341E-05  0.10075204E-05  0.47936524E-05   863.99999923   -23319.18240948
   12260   24.52000000  0.28504540E-05  0.10730749E-05  0.40339798E-05   863.99999923   -23319.18240925
   12270   24.54000000  0.28244406E-05  0.11240616E-05  0.32403234E-05   863.99999923   -23319.18240902
   12280   24.56000000  0.27701671E-05  0.11591760E-05  0.24215951E-05   863.99999923   -23319.18240879
   12290   24.58000000  0.26878349E-05  0.11772947E-05  0.15867412E-05   863.99999923   -23319.18240857
   12300   24.60000000  0.25779774E-05  0.11775137E-05  0.74460236E-06   863.99999923   -23319.18240835
   12310   24.62000000  0.24414575E-05  0.11591843E-05 -0.96214550E-07   863.99999923   -23319.18240814
   12320   24.64000000  0.22794623E-05  0.11219416E-05 -0.92744909E-06   863.99999923   -23319.18240793
   12330   24.66000000  0.20934932E-05  0.10657290E-05 -0.17412797E-05   863.99999922   -23319.18240772
   12340   24.68000000  0.18853506E-05  0.99081361E-06 -0.25304001E-05   863.99999922   -23319.18240751
   12350   24.70000000  0.16571155E-05  0.89779594E-06 -0.32880774E-05   863.99999922   -23319.18240730
   12360   24.72000000  0.14111256E-05  0.78761120E-06 -0.40081895E-05   863.99999922   -23319.18240710
   12370   24.74000000  0.11499480E-05  0.66152242E-06 -0.46852481E-05   863.99999922   -23319.18240689
   12380   24.76000000  0.87634541E-06  0.52110788E-06 -0.53144007E-05   863.99999922   -23319.18240668
   12390   24.78000000  0.59324246E-06  0.36823995E-06 -0.58914160E-05   863.99999922   -23319.18240647
   12400   24.80000000  0.30368606E-06  0.20505889E-06 -0.64126517E-05   863.99999922   -23319.18240625
   12410   24.82000000  0.10805095E-07  0.33938877E-07 -0.68750077E-05   863.99999922   -23319.18240603
   12420   24.84000000 -0.28222920E-06 -0.14254990E-06 -0.72758655E-05   863.99999922   -23319.18240581
   12430   24.86000000 -0.57224465E-06 -0.32168349E-06 -0.76130206E-05   863.99999922   -23319.18240558
   12440   24.88000000 -0.85610633E-06 -0.50063030E-06 -0.78846090E-05   863.99999922   -23319.18240534
   12450   24.90000000 -0.11307530E-05 -0.67649837E-06 -0.80890400E-05   863.99999922   -23319.18240510
   12460   24.92000000 -0.13932305E-05 -0.84638490E-06 -0.82249388E-05   863.99999922   -23319.18240486
   12470   24.94000000 -0.16407207E-05 -0.10074240E-05 -0.82911057E-05   863.99999921   -23319.18240460
   12480   24.96000000 -0.18705680E-05 -0.11568361E-05 -0.82865012E-05   863.99999921   -23319.18240435
   12490   24.98000000 -0.20803048E-05 -0.12919728E-05 -0.82102580E-05   863.99999921   -23319.18240409
   12500   25.00000000 -0.22676723E-05 -0.14103592E-05 -0.80617235E-05   863.99999921   -23319.18240382
   12510   25.02000000 -0.24306432E-05 -0.15097350E-05 -0.78405307E-05   863.99999921   -23319.18240356
   12520   25.04000000 -0.25674417E-05 -0.15880893E-05 -0.75466949E-05   863.99999921   -23319.18240330
   12530   25.06000000 -0.26765632E-05 -0.16436925E-05 -0.71807296E-05   863.99999921   -23319.18240305
   12540   25.08000000 -0.27567957E-05 -0.16751228E-05 -0.67437735E-05   863.99999921   -23319.18240280
   12550   25.10000000 -0.28072380E-05 -0.16812901E-05 -0.62377172E-05   863.99999921   -23319.18240255
   12560   25.12000000 -0.28273165E-05 -0.16614532E-05 -0.56653237E-05   863.99999921   -23319.18240232
   12570   25.14000000 -0.28168006E-05 -0.16152344E-05 -0.50303312E-05   863.99999921   -23319.18240209
   12580   25.16000000 -0.27758094E-05 -0.15426280E-05 -0.43375268E-05   863.99999921   -23319.18240187
   12590   25.18000000 -0.27048158E-05 -0.14440057E-05 -0.35927901E-05   863.99999921   -23319.18240165
   12600   25.20000000 -0.26046423E-05 -0.13201169E-05 -0.28030941E-05   863.99999921   -23319.18240144
   12610   25.22000000 -0.24764475E-05 -0.11720855E-05 -0.19764661E-05   863.99999920   -23319.18240124
   12620   25.24000000 -0.23217087E-05 -0.10014029E-05 -0.11219031E-05   863.99999920   -23319.18240104
   12630   25.26000000 -0.21421956E-05 -0.80991716E-06 -0.24924077E-06   863.99999920   -23319.18240085
   12640   25.28000000 -0.19399373E-05 -0.59981595E-06  0.63101493E-06   863.99999920   -23319.18240065
   12650   25.30000000 -0.17171901E-05 -0.37360732E-06  0.15078978E-05   863.99999920   -23319.18240045
   12660   25.32000000 -0.14763971E-05 -0.13409345E-06  0.23702202E-05   863.99999920   -23319.18240024
   12670   25.34000000 -0.12201530E-05  0.11566069E-06  0.32068341E-05   863.99999920   -23319.18240004
   12680   25.36000000 -0.95116720E-06  0.37236468E-06  0.40069071E-05   863.99999920   -23319.18239982
   12690   25.38000000 -0.67222868E-06  0.63254716E-06  0.47601969E-05   863.99999920   -23319.18239960
   12700   25.40000000 -0.38617418E-06  0.89260760E-06  0.54573182E-05   863.99999920   -23319.18239938
   12710   25.42000000 -0.95857715E-07  0.11488759E-05  0.60899875E-05   863.99999920   -23319.18239915
   12720   25.44000000  0.19587676E-06  0.13976766E-05  0.66512331E-05   863.99999920   -23319.18239892
   12730   25.46000000  0.48622314E-06  0.16354002E-05  0.71355643E-05   863.99999920   -23319.18239868
   12740   25.48000000  0.77243836E-06  0.18585755E-05  0.75390880E-05   863.99999919   -23319.18239844
   12750   25.50000000  0.10518666E-05  0.20639430E-05  0.78595719E-05   863.99999919   -23319.18239820
   12760   25.52000000  0.13219649E-05  0.22485261E-05  0.80964473E-05   863.99999919   -23319.18239796
   12770   25.54000000  0.15803254E-05  0.24096955E-05  0.82507579E-05   863.99999919   -23319.18239773
   12780   25.56000000  0.18246971E-05  0.25452256E-05  0.83250529E-05   863.99999919   -23319.18239750
   12790   25.58000000  0.20530054E-05  0.26533372E-05  0.83232356E-05   863.99999919   -23319.18239727
   12800   25.60000000  0.22633682E-05  0.27327261E-05  0.82503725E-05   863.99999919   -23319.18239704
   12810   25.62000000  0.24541102E-05  0.27825765E-05  0.81124745E-05   863.99999919   -23319.18239681
   12820   25.64000000  0.26237715E-05  0.28025577E-05  0.79162587E-05   863.99999919   -23319.18239659
   12830   25.66000000  0.27711134E-05  0.27928051E-05  0.76689029E-05   863.99999919   -23319.18239637
   12840   25.68000000  0.28951211E-05  0.27538868E-05  0.73778003E-05   863.99999919   -23319.18239615
   12850   25.70000000  0.29950011E-05  0.26867597E-05  0.70503237E-05   863.99999919   -23319.18239593
   12860   25.72000000  0.30701778E-05  0.25927135E-05  0.66936103E-05   863.99999919   -23319.18239571
   12870   25.74000000  0.31202840E-05  0.24733128E-05  0.63143684E-05   863.99999919   -23319.18239549
   12880   25.76000000  0.31451521E-05  0.23303333E-05  0.59187166E-05   863.99999918   -23319.18239527
   12890   25.78000000  0.31448015E-05  0.21656991E-05  0.55120576E-05   863.99999918   -23319.18239506
   12900   25.80000000  0.31194237E-05  0.19814245E-05  0.50989881E-05   863.99999918   -23319.18239484
   12910   25.82000000  0.30693691E-05  0.17795577E-05  0.46832525E-05   863.99999918   -23319.18239462
   12920   25.84000000  0.29951319E-05  0.15621359E-05  0.42677326E-05   863.99999918   -23319.18239441
   12930   25.86000000  0.28973357E-05  0.13311467E-05  0.38544782E-05   863.99999918   -23319.18239420
   12940   25.88000000  0.27767219E-05  0.10885007E-05  0.34447713E-05   863.99999918   -23319.18239399
   12950   25.90000000  0.26341410E-05  0.83601465E-06  0.30392181E-05   863.99999918   -23319.18239379
   12960   25.92000000  0.24705470E-05  0.57540661E-06  0.26378636E-05   863.99999918   -23319.18239358
   12970   25.94000000  0.22869954E-05  0.30830208E-06  0.22403204E-05   863.99999918   -23319.18239338
   12980   25.96000000  0.20846458E-05  0.36248796E-07  0.18459033E-05   863.99999918   -23319.18239318
   12990   25.98000000  0.18647676E-05 -0.23925817E-06  0.14537612E-05   863.99999918   -23319.18239299
   13000   26.00000000  0.16287500E-05 -0.51674625E-06  0.10630013E-05   863.99999918   -23319.18239279
   13010   26.02000000  0.13781115E-05 -0.79473085E-06  0.67279987E-06   863.99999918   -23319.18239259
   13020   26.04000000  0.11145118E-05 -0.10716808E-05  0.28249575E-06   863.99999917   -23319.18239239
   13030   26.06000000  0.83976144E-06 -0.13459846E-05 -0.10833063E-06   863.99999917   -23319.18239219
   13040   26.08000000  0.55582777E-06 -0.16159237E-05 -0.49979766E-06   863.99999917   -23319.18239199
   13050   26.10000000  0.26483871E-06 -0.18796516E-05 -0.89167359E-06   863.99999917   -23319.18239178
   13060   26.12000000 -0.30920392E-07 -0.21351839E-05 -0.12833424E-05   863.99999917   -23319.18239157
   13070   26.14000000 -0.32901544E-06 -0.23803989E-05 -0.16737776E-05   863.99999917   -23319.18239136
   13080   26.16000000 -0.62687965E-06 -0.26130494E-05 -0.20615230E-05   863.99999917   -23319.18239114
   13090   26.18000000 -0.92183566E-06 -0.28307860E-05 -0.24446830E-05   863.99999917   -23319.18239092
   13100   26.20000000 -0.12111235E-05 -0.30311877E-05 -0.28209195E-05   863.99999917   -23319.18239071
   13110   26.22000000 -0.14919350E-05 -0.32118042E-05 -0.31874625E-05   863.99999917   -23319.18239049
   13120   26.24000000 -0.17614501E-05 -0.33702007E-05 -0.35411324E-05   863.99999917   -23319.18239026
   13130   26.26000000 -0.20168779E-05 -0.35040080E-05 -0.38783798E-05   863.99999917   -23319.18239005
   13140   26.28000000 -0.22554980E-05 -0.36109738E-05 -0.41953482E-05   863.99999917   -23319.18238983
   13150   26.30000000 -0.24747011E-05 -0.36890127E-05 -0.44879563E-05   863.99999916   -23319.18238961
   13160   26.32000000 -0.26720294E-05 -0.37362565E-05 -0.47520026E-05   863.99999916   -23319.18238939
   13170   26.34000000 -0.28452112E-05 -0.37510978E-05 -0.49832906E-05   863.99999916   -23319.18238918
   13180   26.36000000 -0.29921932E-05 -0.37322321E-05 -0.51777647E-05   863.99999916   -23319.18238896
   13190   26.38000000 -0.31111680E-05 -0.36786948E-05 -0.53316575E-05   863.99999916   -23319.18238875
   13200   26.40000000 -0.32005973E-05 -0.35898913E-05 -0.54416321E-05   863.99999916   -23319.18238854
   13210   26.42000000 -0.32592317E-05 -0.34656233E-05 -0.55049163E-05   863.99999916   -23319.18238832
   13220   26.44000000 -0.32861246E-05 -0.33061076E-05 -0.55194160E-05   863.99999916   -23319.18238811
   13230   26.46000000 -0.32806456E-05 -0.31119899E-05 -0.54838020E-05   863.99999916   -23319.18238790
   13240   26.48000000 -0.32424905E-05 -0.28843490E-05 -0.53975645E-05   863.99999916   -23319.18238769
   13250   26.50000000 -0.31716873E-05 -0.26246960E-05 -0.52610353E-05   863.99999916   -23319.18238749
   13260   26.52000000 -0.30686021E-05 -0.23349642E-05 -0.50753753E-05   863.99999916   -23319.18238728
   13270   26.54000000 -0.29339412E-05 -0.20174915E-05 -0.48425332E-05   863.99999916   -23319.18238707
   13280   26.56000000 -0.27687503E-05 -0.16749950E-05 -0.45651801E-05   863.99999916   -23319.18238687
   13290   26.58000000 -0.25744088E-05 -0.13105375E-05 -0.42466289E-05   863.99999915   -23319.18238666
   13300   26.60000000 -0.23526191E-05 -0.92749043E-06 -0.38907416E-05   863.99999915   -23319.18238646
   13310   26.62000000 -0.21053929E-05 -0.52948688E-06 -0.35018369E-05   863.99999915   -23319.18238625
   13320   26.64000000 -0.18350307E-05 -0.12037435E-06 -0.30846004E-05   863.99999915   -23319.18238605
   13330   26.66000000 -0.15440957E-05  0.29583590E-06 -0.26439978E-05   863.99999915   -23319.18238584
   13340   26.68000000 -0.12353852E-05  0.71502230E-06 -0.21851960E-05   863.99999915   -23319.18238563
   13350   26.70000000 -0.91189795E-06  0.11330039E-05 -0.17134892E-05   863.99999915   -23319.18238543
   13360   26.72000000 -0.57679923E-06  0.15455930E-05 -0.12342266E-05   863.99999915   -23319.18238521
   13370   26.74000000 -0.23338321E-06  0.19486438E-05 -0.75274189E-06   863.99999915   -23319.18238500
   13380   26.76000000  0.11496177E-06  0.23381015E-05 -0.27427824E-06   863.99999915   -23319.18238479
   13390   26.78000000  0.46479022E-06  0.27100455E-05  0.19609063E-06   863.99999915   -23319.18238457
   13400   26.80000000  0.81263424E-06  0.30607328E-05  0.65354400E-06   863.99999915   -23319.18238435
   13410   26.82000000  0.11550385E-05  0.33866375E-05  0.10936011E-05   863.99999915   -23319.18238413
   13420   26.84000000  0.14885925E-05  0.36844868E-05  0.15122047E-05   863.99999915   -23319.18238390
   13430   26.86000000  0.18099632E-05  0.39512952E-05  0.19058012E-05   863.99999914   -23319.18238368
   13440   26.88000000  0.21159286E-05  0.41843932E-05  0.22714089E-05   863.99999914   -23319.18238346
   13450   26.90000000  0.24034085E-05  0.43814519E-05  0.26066670E-05   863.99999914   -23319.18238324
   13460   26.92000000  0.26694988E-05  0.45405036E-05  0.29098685E-05   863.99999914   -23319.18238303
   13470   26.94000000  0.29115004E-05  0.46599548E-05  0.31799638E-05   863.99999914   -23319.18238281
   13480   26.96000000  0.31269539E-05  0.47385947E-05  0.34165428E-05   863.99999914   -23319.18238261
   13490   26.98000000  0.33136676E-05  0.47755971E-05  0.36197920E-05   863.99999914   -23319.18238240
   13500   27.00000000  0.34697465E-05  0.47705161E-05  0.37904307E-05   863.99999914   -23319.18238220
   13510   27.02000000  0.35936193E-05  0.47232764E-05  0.39296313E-05   863.99999914   -23319.18238200
   13520   27.04000000  0.36840572E-05  0.46341593E-05  0.40389301E-05   863.99999914   -23319.18238180
   13530   27.06000000  0.37401926E-05  0.45037867E-05  0.41201318E-05   863.99999914   -23319.18238160
   13540   27.08000000  0.37615288E-05  0.43331020E-05  0.41752176E-05   863.99999914   -23319.18238140
   13550   27.10000000  0.37479437E-05  0.41233540E-05  0.42062600E-05   863.99999914   -23319.18238120
   13560   27.12000000  0.36996894E-05  0.38760812E-05  0.42153501E-05   863.99999914   -23319.18238100
   13570   27.14000000  0.36173804E-05  0.35931001E-05  0.42045408E-05   863.99999913   -23319.18238079
   13580   27.16000000  0.35019804E-05  0.32764958E-05  0.41758075E-05   863.99999913   -23319.18238058
   13590   27.18000000  0.33547808E-05  0.29286183E-05  0.41310264E-05   863.99999913   -23319.18238036
   13600   27.20000000  0.31773756E-05  0.25520801E-05  0.40719682E-05   863.99999913   -23319.18238014
   13610   27.22000000  0.29716352E-05  0.21497553E-05  0.40003044E-05   863.99999913   -23319.18237991
   13620   27.24000000  0.27396770E-05  0.17247778E-05  0.39176211E-05   863.99999913   -23319.18237968
   13630   27.26000000  0.24838378E-05  0.12805362E-05  0.38254334E-05   863.99999913   -23319.18237945
   13640   27.28000000  0.22066461E-05  0.82066567E-06  0.37251957E-05   863.99999913   -23319.18237922
   13650   27.30000000  0.19107976E-05  0.34902887E-06  0.36183011E-05   863.99999913   -23319.18237898
   13660   27.32000000  0.15991318E-05 -0.13030733E-06  0.35060656E-05   863.99999913   -23319.18237874
   13670   27.34000000  0.12746104E-05 -0.61310620E-06  0.33896971E-05   863.99999913   -23319.18237851
   13680   27.36000000  0.94029582E-06 -0.10950032E-05  0.32702469E-05   863.99999913   -23319.18237827
   13690   27.38000000  0.59933060E-06 -0.15715557E-05  0.31485508E-05   863.99999913   -23319.18237804
   13700   27.40000000  0.25491538E-06 -0.20382982E-05  0.30251619E-05   863.99999912   -23319.18237781
   13710   27.42000000 -0.89716930E-07 -0.24908011E-05  0.29002850E-05   863.99999912   -23319.18237758
   13720   27.44000000 -0.43132841E-06 -0.29247284E-05  0.27737231E-05   863.99999912   -23319.18237736
   13730   27.46000000 -0.76670758E-06 -0.33358987E-05  0.26448396E-05   863.99999912   -23319.18237714
   13740   27.48000000 -0.10927031E-05 -0.37203375E-05  0.25125488E-05   863.99999912   -23319.18237692
   13750   27.50000000 -0.14062589E-05 -0.40743267E-05  0.23753342E-05   863.99999912   -23319.18237671
   13760   27.52000000 -0.17044515E-05 -0.43944492E-05  0.22313014E-05   863.99999912   -23319.18237650
   13770   27.54000000 -0.19845265E-05 -0.46776248E-05  0.20782605E-05   863.99999912   -23319.18237629
   13780   27.56000000 -0.22439320E-05 -0.49211389E-05  0.19138331E-05   863.99999912   -23319.18237608
   13790   27.58000000 -0.24803496E-05 -0.51226696E-05  0.17355815E-05   863.99999912   -23319.18237588
   13800   27.60000000 -0.26917228E-05 -0.52803046E-05  0.15411487E-05   863.99999912   -23319.18237567
   13810   27.62000000 -0.28762771E-05 -0.53925570E-05  0.13283967E-05   863.99999912   -23319.18237546
   13820   27.64000000 -0.30325377E-05 -0.54583765E-05  0.10955410E-05   863.99999912   -23319.18237525
   13830   27.66000000 -0.31593406E-05 -0.54771561E-05  0.84126793E-06   863.99999912   -23319.18237504
   13840   27.68000000 -0.32558383E-05 -0.54487377E-05  0.56483221E-06   863.99999911   -23319.18237482
   13850   27.70000000 -0.33215010E-05 -0.53734129E-05  0.26612648E-06   863.99999911   -23319.18237460
   13860   27.72000000 -0.33561125E-05 -0.52519207E-05 -0.54271777E-07   863.99999911   -23319.18237438
   13870   27.74000000 -0.33597641E-05 -0.50854402E-05 -0.39508232E-06   863.99999911   -23319.18237415
   13880   27.76000000 -0.33328442E-05 -0.48755792E-05 -0.75432755E-06   863.99999911   -23319.18237392
   13890   27.78000000 -0.32760244E-05 -0.46243562E-05 -0.11293591E-05   863.99999911   -23319.18237369
   13900   27.80000000 -0.31902443E-05 -0.43341785E-05 -0.15169015E-05   863.99999911   -23319.18237346
   13910   27.82000000 -0.30766939E-05 -0.40078132E-05 -0.19131107E-05   863.99999911   -23319.18237323
   13920   27.84000000 -0.29367940E-05 -0.36483534E-05 -0.23136443E-05   863.99999911   -23319.18237300
   13930   27.86000000 -0.27721764E-05 -0.32591795E-05 -0.27137397E-05   863.99999911   -23319.18237277
   13940   27.88000000 -0.25846627E-05 -0.28439170E-05 -0.31083023E-05   863.99999911   -23319.18237254
   13950   27.90000000 -0.23762410E-05 -0.24063917E-05 -0.34920009E-05   863.99999911   -23319.18237232
   13960   27.92000000 -0.21490440E-05 -0.19505834E-05 -0.38593711E-05   863.99999911   -23319.18237209
   13970   27.94000000 -0.19053269E-05 -0.14805810E-05 -0.42049261E-05   863.99999911   -23319.18237187
   13980   27.96000000 -0.16474434E-05 -0.10005384E-05 -0.45232716E-05   863.99999910   -23319.18237164
   13990   27.98000000 -0.13778246E-05 -0.51463117E-06 -0.48092272E-05   863.99999910   -23319.18237142
   14000   28.00000000 -0.10989562E-05 -0.27021140E-07 -0.50579458E-05   863.99999910   -23319.18237119
   14010   28.02000000 -0.81335776E-06  0.45817767E-06 -0.52650307E-05   863.99999910   -23319.18237096
   14020   28.04000000 -0.52356140E-06  0.93692867E-06 -0.54266430E-05   863.99999910   -23319.18237073
   14030   28.06000000 -0.23209299E-06  0.14052951E-05 -0.55395930E-05   863.99999910   -23319.18237051
   14040   28.08000000  0.58547030E-07  0.18594615E-05 -0.56014156E-05   863.99999910   -23319.18237027
   14050   28.10000000  0.34589934E-06  0.22957508E-05 -0.56104189E-05   863.99999910   -23319.18237004
   14060   28.12000000  0.62756190E-06  0.27106387E-05 -0.55657093E-05   863.99999910   -23319.18236981
   14070   28.14000000  0.90120455E-06  0.31007699E-05 -0.54671894E-05   863.99999910   -23319.18236958
   14080   28.16000000  0.11645799E-05  0.34629742E-05 -0.53155288E-05   863.99999910   -23319.18236935
   14090   28.18000000  0.14155374E-05  0.37942831E-05 -0.51121177E-05   863.99999910   -23319.18236912
   14100   28.20000000  0.16520332E-05  0.40919538E-05 -0.48589969E-05   863.99999910   -23319.18236890
   14110   28.22000000  0.18721418E-05  0.43534916E-05 -0.45587789E-05   863.99999909   -23319.18236867
   14120   28.24000000  0.20740682E-05  0.45766791E-05 -0.42145635E-05   863.99999909   -23319.18236844
   14130   28.26000000  0.22561593E-05  0.47596071E-05 -0.38298457E-05   863.99999909   -23319.18236822
   14140   28.28000000  0.24169195E-05  0.49007040E-05 -0.34084342E-05   863.99999909   -23319.18236799
   14150   28.30000000  0.25550253E-05  0.49987671E-05 -0.29543717E-05   863.99999909   -23319.18236777
   14160   28.32000000  0.26693422E-05  0.50529893E-05 -0.24718683E-05   863.99999909   -23319.18236754
   14170   28.34000000  0.27589432E-05  0.50629813E-05 -0.19652467E-05   863.99999909   -23319.18236732
   14180   28.36000000  0.28231263E-05  0.50287856E-05 -0.14388985E-05   863.99999909   -23319.18236709
   14190   28.38000000  0.28614326E-05  0.49508837E-05 -0.89725462E-06   863.99999909   -23319.18236687
   14200   28.40000000  0.28736629E-05  0.48301944E-05 -0.34476528E-06   863.99999909   -23319.18236664
   14210   28.42000000  0.28598921E-05  0.46680608E-05  0.21410988E-06   863.99999909   -23319.18236641
   14220   28.44000000  0.28204795E-05  0.44662321E-05  0.77490597E-06   863.99999909   -23319.18236618
   14230   28.46000000  0.27560752E-05  0.42268356E-05  0.13331540E-05   863.99999909   -23319.18236595
   14240   28.48000000  0.26676203E-05  0.39523441E-05  0.18843804E-05   863.99999909   -23319.18236572
   14250   28.50000000  0.25563408E-05  0.36455388E-05  0.24241148E-05   863.99999908   -23319.18236549
   14260   28.52000000  0.24237376E-05  0.33094684E-05  0.29479004E-05   863.99999908   -23319.18236526
   14270   28.54000000  0.22715670E-05  0.29474085E-05  0.34513158E-05   863.99999908   -23319.18236503
   14280   28.56000000  0.21018164E-05  0.25628207E-05  0.39300089E-05   863.99999908   -23319.18236480
   14290   28.58000000  0.19166753E-05  0.21593096E-05  0.43797400E-05   863.99999908   -23319.18236457
   14300   28.60000000  0.17184998E-05  0.17405854E-05  0.47964381E-05   863.99999908   -23319.18236435
   14310   28.62000000  0.15097753E-05  0.13104266E-05  0.51762630E-05   863.99999908   -23319.18236412
   14320   28.64000000  0.12930753E-05  0.87264319E-06  0.55156712E-05   863.99999908   -23319.18236389
   14330   28.66000000  0.10710204E-05  0.43104579E-06  0.58114830E-05   863.99999908   -23319.18236366
   14340   28.68000000  0.84623672E-06 -0.10586592E-07  0.60609403E-05   863.99999908   -23319.18236344
   14350   28.70000000  0.62131325E-06 -0.44853512E-06  0.62617560E-05   863.99999908   -23319.18236321
   14360   28.72000000  0.39876423E-06 -0.87916793E-06  0.64121478E-05   863.99999908   -23319.18236298
   14370   28.74000000  0.18098996E-06 -0.12989670E-05  0.65108512E-05   863.99999908   -23319.18236275
   14380   28.76000000 -0.29756116E-07 -0.17045520E-05  0.65571177E-05   863.99999908   -23319.18236251
   14390   28.78000000 -0.23139937E-06 -0.20927055E-05  0.65506925E-05   863.99999907   -23319.18236228
   14400   28.80000000 -0.42207202E-06 -0.24603966E-05  0.64917805E-05   863.99999907   -23319.18236204
   14410   28.82000000 -0.60013617E-06 -0.28048033E-05  0.63809996E-05   863.99999907   -23319.18236181
   14420   28.84000000 -0.76420114E-06 -0.31233351E-05  0.62193340E-05   863.99999907   -23319.18236157
   14430   28.86000000 -0.91313931E-06 -0.34136533E-05  0.60080886E-05   863.99999907   -23319.18236134
   14440   28.88000000 -0.10460931E-05 -0.36736916E-05  0.57488503E-05   863.99999907   -23319.18236110
   14450   28.90000000 -0.11624768E-05 -0.39016723E-05  0.54434637E-05   863.99999907   -23319.18236087
   14460   28.92000000 -0.12619746E-05 -0.40961209E-05  0.50940198E-05   863.99999907   -23319.18236064
   14470   28.94000000 -0.13445307E-05 -0.42558774E-05  0.47028611E-05   863.99999907   -23319.18236041
   14480   28.96000000 -0.14103358E-05 -0.43801025E-05  0.42725975E-05   863.99999907   -23319.18236018
   14490   28.98000000 -0.14598092E-05 -0.44682794E-05  0.38061321E-05   863.99999907   -23319.18235996
   14500   29.00000000 -0.14935758E-05 -0.45202134E-05  0.33066933E-05   863.99999907   -23319.18235974
   14510   29.02000000 -0.15124427E-05 -0.45360245E-05  0.27778632E-05   863.99999907   -23319.18235952
   14520   29.04000000 -0.15173717E-05 -0.45161376E-05  0.22235999E-05   863.99999906   -23319.18235931
   14530   29.06000000 -0.15094497E-05 -0.44612698E-05  0.16482487E-05   863.99999906   -23319.18235910
   14540   29.08000000 -0.14898606E-05 -0.43724151E-05  0.10565394E-05   863.99999906   -23319.18235889
   14550   29.10000000 -0.14598544E-05 -0.42508280E-05  0.45356626E-06   863.99999906   -23319.18235868
   14560   29.12000000 -0.14207165E-05 -0.40980079E-05 -0.15524964E-06   863.99999906   -23319.18235847
   14570   29.14000000 -0.13737364E-05 -0.39156816E-05 -0.76421394E-06   863.99999906   -23319.18235826
   14580   29.16000000 -0.13201761E-05 -0.37057894E-05 -0.13674277E-05   863.99999906   -23319.18235806
   14590   29.18000000 -0.12612404E-05 -0.34704681E-05 -0.19588693E-05   863.99999906   -23319.18235784
   14600   29.20000000 -0.11980471E-05 -0.32120370E-05 -0.25324846E-05   863.99999906   -23319.18235763
   14610   29.22000000 -0.11316009E-05 -0.29329817E-05 -0.30822839E-05   863.99999906   -23319.18235742
   14620   29.24000000 -0.10627714E-05 -0.26359349E-05 -0.36024412E-05   863.99999906   -23319.18235720
   14630   29.26000000 -0.99227600E-06 -0.23236582E-05 -0.40873937E-05   863.99999906   -23319.18235698
   14640   29.28000000 -0.92066982E-06 -0.19990178E-05 -0.45319373E-05   863.99999906   -23319.18235675
   14650   29.30000000 -0.84834498E-06 -0.16649590E-05 -0.49313151E-05   863.99999906   -23319.18235652
   14660   29.32000000 -0.77553703E-06 -0.13244768E-05 -0.52812978E-05   863.99999905   -23319.18235629
   14670   29.34000000 -0.70234183E-06 -0.98058401E-06 -0.55782495E-05   863.99999905   -23319.18235606
   14680   29.36000000 -0.62873964E-06 -0.63627755E-06 -0.58191834E-05   863.99999905   -23319.18235583
   14690   29.38000000 -0.55462577E-06 -0.29450268E-06 -0.60018000E-05   863.99999905   -23319.18235560
   14700   29.40000000 -0.47984602E-06  0.41881461E-07 -0.61245094E-05   863.99999905   -23319.18235536
   14710   29.42000000 -0.40423473E-06  0.37013542E-06 -0.61864402E-05   863.99999905   -23319.18235513
   14720   29.44000000 -0.32765199E-06  0.68766977E-06 -0.61874286E-05   863.99999905   -23319.18235490
   14730   29.46000000 -0.25001693E-06  0.99207377E-06 -0.61279961E-05   863.99999905   -23319.18235468
   14740   29.48000000 -0.17133654E-06  0.12811381E-05 -0.60093107E-05   863.99999905   -23319.18235446
   14750   29.50000000 -0.91725708E-07  0.15528709E-05 -0.58331367E-05   863.99999905   -23319.18235424
   14760   29.52000000 -0.11419746E-07  0.18055115E-05 -0.56017749E-05   863.99999905   -23319.18235402
   14770   29.54000000  0.69220427E-07  0.20375345E-05 -0.53179947E-05   863.99999905   -23319.18235381
   14780   29.56000000  0.14971521E-06  0.22476508E-05 -0.49849616E-05   863.99999905   -23319.18235360
   14790   29.58000000  0.22947829E-06  0.24348038E-05 -0.46061653E-05   863.99999905   -23319.18235340
   14800   29.60000000  0.30783729E-06  0.25981600E-05 -0.41853506E-05   863.99999904   -23319.18235320
   14810   29.62000000  0.38406010E-06  0.27371000E-05 -0.37264558E-05   863.99999904   -23319.18235300
   14820   29.64000000  0.45738367E-06  0.28512072E-05 -0.32335628E-05   863.99999904   -23319.18235280
   14830   29.66000000  0.52704566E-06  0.29402572E-05 -0.27108627E-05   863.99999904   -23319.18235261
   14840   29.68000000  0.59231522E-06  0.30042112E-05 -0.21626356E-05   863.99999904   -23319.18235241
   14850   29.70000000  0.65252377E-06  0.30432109E-05 -0.15932490E-05   863.99999904   -23319.18235222
   14860   29.72000000  0.70709196E-06  0.30575768E-05 -0.10071701E-05   863.99999904   -23319.18235202
   14870   29.74000000  0.75555079E-06  0.30478117E-05 -0.40899128E-06   863.99999904   -23319.18235183
   14880   29.76000000  0.79755886E-06  0.30146030E-05  0.19653614E-06   863.99999904   -23319.18235163
   14890   29.78000000  0.83291141E-06  0.29588271E-05  0.80446825E-06   863.99999904   -23319.18235143
   14900   29.80000000  0.86154471E-06  0.28815513E-05  0.14096357E-05   863.99999904   -23319.18235122
   14910   29.82000000  0.88353261E-06  0.27840314E-05  0.20066225E-05   863.99999904   -23319.18235102
   14920   29.84000000  0.89907927E-06  0.26677043E-05  0.25897602E-05   863.99999904   -23319.18235081
   14930   29.86000000  0.90850604E-06  0.25341709E-05  0.31531396E-05   863.99999903   -23319.18235060
   14940   29.88000000  0.91223552E-06  0.23851734E-05  0.36906465E-05   863.99999903   -23319.18235039
   14950   29.90000000  0.91077422E-06  0.22225626E-05  0.41960212E-05   863.99999903   -23319.18235018
   14960   29.92000000  0.90469387E-06  0.20482583E-05  0.46629400E-05   863.99999903   -23319.18234996
   14970   29.94000000  0.89461430E-06  0.18642071E-05  0.50851205E-05   863.99999903   -23319.18234974
   14980   29.96000000  0.88118595E-06  0.16723343E-05  0.54564438E-05   863.99999903   -23319.18234952
   14990   29.98000000  0.86507537E-06  0.14744994E-05  0.57710938E-05   863.99999903   -23319.18234930
 projection: already converged, E_kin(new)-E_kin(old)=  0.000000000000000E+000
   15000   30.00000000  0.84695150E-06  0.12724543E-05  0.60237056E-05   863.99999903   -23319.18234908
=== application breakdown [s] ===
total calculation time,7413.55302095
rt calculation                         min         max     average   std. dev.  difference    relative
rt initialization              0.53883E-04 0.12088E-02 0.17526E-03 0.66117E-04 0.11549E-02 0.22434E+02
reading lda data               0.82292E+01 0.82363E+01 0.82317E+01 0.75647E-03 0.71290E-02 0.10009E+01
reading rt data                0.22571E-02 0.44231E-02 0.27698E-02 0.32990E-03 0.21660E-02 0.19596E+01
prep. time prop.               0.73385E-03 0.43368E-02 0.10097E-02 0.15615E-03 0.36030E-02 0.59097E+01
rt iterations                  0.74042E+04 0.74042E+04 0.74042E+04 0.19736E-03 0.16308E-02 0.10000E+01
after writing rt data          0.19073E-05 0.97129E+00 0.11726E-03 0.10238E-01 0.97129E+00 0.50924E+06
in rt iterations                       min         max     average   std. dev.  difference    relative
Vbox                           0.13124E+01 0.15699E+01 0.14279E+01 0.37691E-01 0.25754E+00 0.11962E+01
time propagation               0.56157E+04 0.58457E+04 0.57548E+04 0.34621E+02 0.23004E+03 0.10410E+01
calculating rho                0.10382E+03 0.33355E+03 0.19626E+03 0.34582E+02 0.22973E+03 0.32128E+01
Hartree routine                0.39694E+02 0.49149E+02 0.45542E+02 0.15790E+01 0.94554E+01 0.12382E+01
Exc_Cor routine                0.64703E+01 0.93096E+01 0.79139E+01 0.43180E+00 0.28393E+01 0.14388E+01
calculating curr               0.11470E+04 0.11472E+04 0.11471E+04 0.34040E-01 0.18876E+00 0.10002E+01
calc. projection               0.16630E+02 0.16957E+02 0.16864E+02 0.38190E-01 0.32672E+00 0.10196E+01
writing energies               0.14983E+01 0.19885E+01 0.16094E+01 0.11979E+00 0.49028E+00 0.13272E+01
calc_eigen_energy              0.21064E+03 0.21147E+03 0.21089E+03 0.10997E+00 0.82722E+00 0.10039E+01
calc_total_energy_periodic     0.17667E+02 0.22263E+02 0.19096E+02 0.66286E+00 0.45964E+01 0.12602E+01
writing info etc.              0.95959E-02 0.40414E+00 0.11969E-01 0.42622E-02 0.39455E+00 0.42116E+02
total_energy module                    min         max     average   std. dev.  difference    relative
periodic calc.                 0.29531E+01 0.95207E+01 0.48398E+01 0.15041E+01 0.65676E+01 0.32240E+01
periodic comm. coll.           0.94349E+01 0.18859E+02 0.14240E+02 0.16978E+01 0.94237E+01 0.19988E+01
eigen_energy calc.             0.36407E+02 0.39127E+02 0.37987E+02 0.37541E+00 0.27202E+01 0.10747E+01
eigen_energy comm. coll.       0.41067E+01 0.10921E+02 0.73361E+01 0.82981E+00 0.68141E+01 0.26593E+01
eigen_energy hpsi              0.14816E+03 0.15339E+03 0.15032E+03 0.65543E+00 0.52261E+01 0.10353E+01
density_matrix module                  min         max     average   std. dev.  difference    relative
density calc.                  0.79322E+02 0.14359E+03 0.10831E+03 0.12442E+02 0.64269E+02 0.18102E+01
density comm. coll.            0.18334E+02 0.19464E+03 0.87706E+02 0.25233E+02 0.17630E+03 0.10616E+02
current calc.                  0.25231E+03 0.27839E+03 0.26152E+03 0.34515E+01 0.26080E+02 0.11034E+01
current rDivided uVpsi calc.   0.11452E+03 0.11749E+03 0.11571E+03 0.40100E+00 0.29684E+01 0.10259E+01
current comm. coll.            0.74739E+02 0.11739E+03 0.98307E+02 0.52512E+01 0.42655E+02 0.15707E+01
current comm. halo.            0.64038E+03 0.69770E+03 0.67145E+03 0.79574E+01 0.57314E+02 0.10895E+01
conjugate_gradient module              min         max     average   std. dev.  difference    relative
subspace_diag module                   min         max     average   std. dev.  difference    relative
subspace_diag so module                min         max     average   std. dev.  difference    relative
force module                           min         max     average   std. dev.  difference    relative
init_ps                                min         max     average   std. dev.  difference    relative
hamiltonian module                     min         max     average   std. dev.  difference    relative
total                          0.49394E+04 0.51485E+04 0.50349E+04 0.33692E+02 0.20906E+03 0.10423E+01
update overlap (comm.)         0.26366E+04 0.30439E+04 0.27815E+04 0.53832E+02 0.40726E+03 0.11545E+01
stencil                        0.10715E+04 0.13298E+04 0.11823E+04 0.25235E+02 0.25826E+03 0.12410E+01
subtraction                    0.26790E+02 0.30108E+02 0.28618E+02 0.43498E+00 0.33180E+01 0.11239E+01
pseudo-pt                      0.93853E+03 0.11096E+04 0.10247E+04 0.23550E+02 0.17102E+03 0.11822E+01
pseudo-pt (comm.)              0.39962E+02 0.26848E+03 0.13304E+03 0.31256E+02 0.22852E+03 0.67183E+01
hpsi-overlapped                        min         max     average   std. dev.  difference    relative
checkpoint/restart                     min         max     average   std. dev.  difference    relative
restart self                   0.28362E+01 0.30171E+01 0.28423E+01 0.10206E-01 0.18092E+00 0.10638E+01
restart sync                   0.30109E+01 0.30208E+01 0.30161E+01 0.14238E-02 0.98300E-02 0.10033E+01
=== performance [GFLOPS] ===
end SALMON
